geoid,scenario,band,language,nearest_school,dist_mi
41051003100,sq,6-8,Spanish,Beaumont,0.857
41051003501,sq,6-8,Spanish,Ockley Green,0.581
41051003803,sq,6-8,Spanish,Ockley Green,0.215
41051006601,sq,6-8,Spanish,West Sylvan,2.573
41051000801,sq,6-8,Spanish,Kellogg,0.953
41051002502,sq,6-8,Spanish,Beaumont,1.306
41051006701,sq,6-8,Spanish,West Sylvan,2.124
41051005702,sq,6-8,Spanish,Beaumont,3.764
41051010602,sq,6-8,Spanish,Ockley Green,3.291
41051003200,sq,6-8,Spanish,Beaumont,1.278
41051003402,sq,6-8,Spanish,Ockley Green,1.224
41051004200,sq,6-8,Spanish,George,1.188
41051006402,sq,6-8,Spanish,West Sylvan,5.018
41051007400,sq,6-8,Spanish,Beaumont,1.41
41051007500,sq,6-8,Spanish,Beaumont,0.791
41051008600,sq,6-8,Spanish,Kellogg,2.258
41051008902,sq,6-8,Spanish,Kellogg,2.608
41051000502,sq,6-8,Spanish,Kellogg,1.044
41051001202,sq,6-8,Spanish,Kellogg,2.546
41051002203,sq,6-8,Spanish,Ockley Green,1.779
41051002501,sq,6-8,Spanish,Beaumont,0.961
41051006002,sq,6-8,Spanish,West Sylvan,4.127
41051000201,sq,6-8,Spanish,Kellogg,3.299
41051005701,sq,6-8,Spanish,Beaumont,4.011
41051000202,sq,6-8,Spanish,Kellogg,2.823
41051005902,sq,6-8,Spanish,Kellogg,3.802
41051001704,sq,6-8,Spanish,Roseway Heights,1.465
41051001101,sq,6-8,Spanish,Beaumont,3.449
41051005500,sq,6-8,Spanish,West Sylvan,3.408
41051003502,sq,6-8,Spanish,Ockley Green,1.16
41051001500,sq,6-8,Spanish,Kellogg,1.083
41051002901,sq,6-8,Spanish,Roseway Heights,0.535
41051003603,sq,6-8,Spanish,Beaumont,1.185
41051001302,sq,6-8,Spanish,Kellogg,1.876
41051001204,sq,6-8,Spanish,Beaumont,2.397
41051004003,sq,6-8,Spanish,César Chávez,0.373
41051005202,sq,6-8,Spanish,Ockley Green,3.297
41051006602,sq,6-8,Spanish,West Sylvan,3.429
41051000601,sq,6-8,Spanish,Kellogg,1.589
41051002701,sq,6-8,Spanish,Beaumont,0.397
41051003302,sq,6-8,Spanish,Ockley Green,1.636
41051006100,sq,6-8,Spanish,West Sylvan,3.136
41051001000,sq,6-8,Spanish,Kellogg,2.814
41051000602,sq,6-8,Spanish,Kellogg,2.02
41051002002,sq,6-8,Spanish,Beaumont,1.945
41051002401,sq,6-8,Spanish,Beaumont,1.567
41051003602,sq,6-8,Spanish,Beaumont,1.725
41051004002,sq,6-8,Spanish,César Chávez,0.762
41051004700,sq,6-8,Spanish,Ockley Green,2.825
41051003702,sq,6-8,Spanish,Ockley Green,0.595
41051004500,sq,6-8,Spanish,Ockley Green,2.043
41051004800,sq,6-8,Spanish,Ockley Green,2.822
41051006502,sq,6-8,Spanish,West Sylvan,3.768
41051007600,sq,6-8,Spanish,Roseway Heights,1.203
41051008301,sq,6-8,Spanish,Kellogg,0.957
41051008700,sq,6-8,Spanish,Kellogg,1.994
41051006802,sq,6-8,Spanish,West Sylvan,2.195
41051006801,sq,6-8,Spanish,West Sylvan,1.478
41051000302,sq,6-8,Spanish,Kellogg,2.603
41051000501,sq,6-8,Spanish,Kellogg,1.136
41051001601,sq,6-8,Spanish,Kellogg,1.039
41051001702,sq,6-8,Spanish,Roseway Heights,1.394
41051001900,sq,6-8,Spanish,Beaumont,1.505
41051002702,sq,6-8,Spanish,Beaumont,1.075
41051000102,sq,6-8,Spanish,Kellogg,3.457
41051000101,sq,6-8,Spanish,Kellogg,4.076
41051002001,sq,6-8,Spanish,Beaumont,1.65
41051005102,sq,6-8,Spanish,Ockley Green,2.682
41051001400,sq,6-8,Spanish,Kellogg,1.554
41051001602,sq,6-8,Spanish,Kellogg,1.343
41051002303,sq,6-8,Spanish,Ockley Green,2.338
41051002402,sq,6-8,Spanish,Beaumont,1.811
41051002600,sq,6-8,Spanish,Beaumont,0.617
41051003802,sq,6-8,Spanish,Ockley Green,0.433
41051003902,sq,6-8,Spanish,Ockley Green,0.815
41051004602,sq,6-8,Spanish,West Sylvan,2.904
41051004601,sq,6-8,Spanish,West Sylvan,2.73
41051005800,sq,6-8,Spanish,West Sylvan,3.085
41051006001,sq,6-8,Spanish,West Sylvan,3.496
41051006501,sq,6-8,Spanish,West Sylvan,3.637
41051007201,sq,6-8,Spanish,George,2.608
41051007202,sq,6-8,Spanish,George,1.235
41051004300,sq,6-8,Spanish,George,2.176
41051006900,sq,6-8,Spanish,West Sylvan,1.435
41051000301,sq,6-8,Spanish,Kellogg,2.222
41051000401,sq,6-8,Spanish,Kellogg,1.517
41051000701,sq,6-8,Spanish,Kellogg,0.224
41051000802,sq,6-8,Spanish,Kellogg,1.023
41051001301,sq,6-8,Spanish,Kellogg,2.137
41051002802,sq,6-8,Spanish,Roseway Heights,1.159
41051003000,sq,6-8,Spanish,Beaumont,0.489
41051003401,sq,6-8,Spanish,Ockley Green,0.859
41051003601,sq,6-8,Spanish,Ockley Green,1.272
41051003701,sq,6-8,Spanish,Ockley Green,0.887
41051001102,sq,6-8,Spanish,Kellogg,3.208
41051005903,sq,6-8,Spanish,Kellogg,4.181
41051004901,sq,6-8,Spanish,Ockley Green,2.517
41051005002,sq,6-8,Spanish,Ockley Green,2.684
41051003903,sq,6-8,Spanish,César Chávez,0.524
41051005101,sq,6-8,Spanish,Ockley Green,2.275
41051002101,sq,6-8,Spanish,Beaumont,2.613
41051001703,sq,6-8,Spanish,Roseway Heights,0.905
41051005201,sq,6-8,Spanish,Ockley Green,3.319
41051002102,sq,6-8,Spanish,Beaumont,2.178
41051005001,sq,6-8,Spanish,Ockley Green,2.688
41051005602,sq,6-8,Spanish,West Sylvan,3.742
41051004103,sq,6-8,Spanish,George,0.567
41051003904,sq,6-8,Spanish,César Chávez,0.992
41051005103,sq,6-8,Spanish,Ockley Green,2.779
41051002902,sq,6-8,Spanish,Roseway Heights,0.239
41051004102,sq,6-8,Spanish,George,0.667
41051006200,sq,6-8,Spanish,West Sylvan,4.575
41051003301,sq,6-8,Spanish,Ockley Green,1.322
41051006404,sq,6-8,Spanish,West Sylvan,4.717
41051002801,sq,6-8,Spanish,Roseway Heights,0.863
41051000402,sq,6-8,Spanish,Kellogg,1.177
41051000702,sq,6-8,Spanish,Kellogg,0.283
41051003801,sq,6-8,Spanish,Ockley Green,0.933
41051006702,sq,6-8,Spanish,West Sylvan,2.833
41051007001,sq,6-8,Spanish,West Sylvan,2.555
41051001801,sq,6-8,Spanish,Roseway Heights,1.266
41051002903,sq,6-8,Spanish,Roseway Heights,0.834
41051005901,sq,6-8,Spanish,West Sylvan,4.087
41051004104,sq,6-8,Spanish,George,1.606
41051005601,sq,6-8,Spanish,Ockley Green,3.627
41051000902,sq,6-8,Spanish,Kellogg,1.93
41051001203,sq,6-8,Spanish,Beaumont,2.635
41051010601,sq,6-8,Spanish,Ockley Green,3.262
41051008800,sq,6-8,Spanish,Kellogg,2.291
41051007002,sq,6-8,Spanish,George,3.439
41051006403,sq,6-8,Spanish,West Sylvan,4.272
41051000901,sq,6-8,Spanish,Kellogg,1.913
41051001802,sq,6-8,Spanish,Kellogg,1.68
41051980000,sq,6-8,Spanish,Ockley Green,1.378
41051004902,sq,6-8,Spanish,Ockley Green,2.851
41051003100,sq,6-8,Mandarin,Harriet Tubman,1.971
41051003501,sq,6-8,Mandarin,Harriet Tubman,1.641
41051003803,sq,6-8,Mandarin,Harriet Tubman,2.036
41051006601,sq,6-8,Mandarin,Harriet Tubman,5.534
41051000801,sq,6-8,Mandarin,Harrison Park,1.803
41051002502,sq,6-8,Mandarin,Harriet Tubman,1.507
41051006701,sq,6-8,Mandarin,Harriet Tubman,5.093
41051005702,sq,6-8,Mandarin,Harriet Tubman,2.036
41051010602,sq,6-8,Mandarin,Harriet Tubman,1.371
41051003200,sq,6-8,Mandarin,Harriet Tubman,1.611
41051003402,sq,6-8,Mandarin,Harriet Tubman,0.856
41051004200,sq,6-8,Mandarin,Harriet Tubman,5.654
41051006402,sq,6-8,Mandarin,Harriet Tubman,6.575
41051007400,sq,6-8,Mandarin,Harriet Tubman,3.49
41051007500,sq,6-8,Mandarin,Harriet Tubman,3.183
41051008600,sq,6-8,Mandarin,Harrison Park,2.817
41051008902,sq,6-8,Mandarin,Harrison Park,2.77
41051000502,sq,6-8,Mandarin,Harrison Park,1.592
41051001202,sq,6-8,Mandarin,Harriet Tubman,2.474
41051002203,sq,6-8,Mandarin,Harriet Tubman,0.28
41051002501,sq,6-8,Mandarin,Harriet Tubman,1.484
41051006002,sq,6-8,Mandarin,Harriet Tubman,4.548
41051000201,sq,6-8,Mandarin,Harrison Park,4.285
41051005701,sq,6-8,Mandarin,Harriet Tubman,2.414
41051000202,sq,6-8,Mandarin,Harrison Park,3.8
41051005902,sq,6-8,Mandarin,Harriet Tubman,3.014
41051001704,sq,6-8,Mandarin,Harrison Park,1.249
41051001101,sq,6-8,Mandarin,Harriet Tubman,1.999
41051005500,sq,6-8,Mandarin,Harriet Tubman,2.063
41051003502,sq,6-8,Mandarin,Harriet Tubman,0.995
41051001500,sq,6-8,Mandarin,Harrison Park,1.57
41051002901,sq,6-8,Mandarin,Harrison Park,3.163
41051003603,sq,6-8,Mandarin,Harriet Tubman,2.797
41051001302,sq,6-8,Mandarin,Harrison Park,2.621
41051001204,sq,6-8,Mandarin,Harriet Tubman,1.981
41051004003,sq,6-8,Mandarin,Harriet Tubman,4.344
41051005202,sq,6-8,Mandarin,Harriet Tubman,1.791
41051006602,sq,6-8,Mandarin,Harriet Tubman,5.046
41051000601,sq,6-8,Mandarin,Harrison Park,1.656
41051002701,sq,6-8,Mandarin,Harriet Tubman,2.556
41051003302,sq,6-8,Mandarin,Harriet Tubman,1.027
41051006100,sq,6-8,Mandarin,Harriet Tubman,3.975
41051001000,sq,6-8,Mandarin,Harriet Tubman,3.131
41051000602,sq,6-8,Mandarin,Harrison Park,2.329
41051002002,sq,6-8,Mandarin,Harriet Tubman,1.676
41051002401,sq,6-8,Mandarin,Harriet Tubman,0.868
41051003602,sq,6-8,Mandarin,Harriet Tubman,2.533
41051004002,sq,6-8,Mandarin,Harriet Tubman,3.872
41051004700,sq,6-8,Mandarin,Harriet Tubman,1.693
41051003702,sq,6-8,Mandarin,Harriet Tubman,1.948
41051004500,sq,6-8,Mandarin,Harriet Tubman,1.343
41051004800,sq,6-8,Mandarin,Harriet Tubman,1.472
41051006502,sq,6-8,Mandarin,Harriet Tubman,5.765
41051007600,sq,6-8,Mandarin,Harrison Park,3.828
41051008301,sq,6-8,Mandarin,Harrison Park,0.659
41051008700,sq,6-8,Mandarin,Harrison Park,2.821
41051006802,sq,6-8,Mandarin,Harriet Tubman,4.061
41051006801,sq,6-8,Mandarin,Harriet Tubman,4.557
41051000302,sq,6-8,Mandarin,Harrison Park,3.572
41051000501,sq,6-8,Mandarin,Harrison Park,1.933
41051001601,sq,6-8,Mandarin,Harrison Park,0.901
41051001702,sq,6-8,Mandarin,Harrison Park,1.356
41051001900,sq,6-8,Mandarin,Harriet Tubman,2.37
41051002702,sq,6-8,Mandarin,Harriet Tubman,2.58
41051000102,sq,6-8,Mandarin,Harriet Tubman,3.899
41051000101,sq,6-8,Mandarin,Harrison Park,5.063
41051002001,sq,6-8,Mandarin,Harriet Tubman,1.881
41051005102,sq,6-8,Mandarin,Harriet Tubman,0.929
41051001400,sq,6-8,Mandarin,Harrison Park,2.114
41051001602,sq,6-8,Mandarin,Harrison Park,0.417
41051002303,sq,6-8,Mandarin,Harriet Tubman,0.325
41051002402,sq,6-8,Mandarin,Harriet Tubman,0.882
41051002600,sq,6-8,Mandarin,Harriet Tubman,2.053
41051003802,sq,6-8,Mandarin,Harriet Tubman,2.444
41051003902,sq,6-8,Mandarin,Harriet Tubman,2.555
41051004602,sq,6-8,Mandarin,Harriet Tubman,2.58
41051004601,sq,6-8,Mandarin,Harriet Tubman,2.346
41051005800,sq,6-8,Mandarin,Harriet Tubman,3.036
41051006001,sq,6-8,Mandarin,Harriet Tubman,3.419
41051006501,sq,6-8,Mandarin,Harriet Tubman,6.503
41051007201,sq,6-8,Mandarin,Harriet Tubman,6.905
41051007202,sq,6-8,Mandarin,Harriet Tubman,5.819
41051004300,sq,6-8,Mandarin,Harriet Tubman,5.758
41051006900,sq,6-8,Mandarin,Harriet Tubman,3.74
41051000301,sq,6-8,Mandarin,Harrison Park,3.214
41051000401,sq,6-8,Mandarin,Harrison Park,2.503
41051000701,sq,6-8,Mandarin,Harrison Park,0.788
41051000802,sq,6-8,Mandarin,Harrison Park,1.984
41051001301,sq,6-8,Mandarin,Harriet Tubman,2.541
41051002802,sq,6-8,Mandarin,Harrison Park,2.303
41051003000,sq,6-8,Mandarin,Harriet Tubman,2.456
41051003401,sq,6-8,Mandarin,Harriet Tubman,1.313
41051003601,sq,6-8,Mandarin,Harriet Tubman,2.45
41051003701,sq,6-8,Mandarin,Harriet Tubman,2.592
41051001102,sq,6-8,Mandarin,Harriet Tubman,2.193
41051005903,sq,6-8,Mandarin,Harriet Tubman,4.052
41051004901,sq,6-8,Mandarin,Harriet Tubman,1.458
41051005002,sq,6-8,Mandarin,Harriet Tubman,1.178
41051003903,sq,6-8,Mandarin,Harriet Tubman,3.735
41051005101,sq,6-8,Mandarin,Harriet Tubman,0.68
41051002101,sq,6-8,Mandarin,Harriet Tubman,1.184
41051001703,sq,6-8,Mandarin,Harrison Park,1.773
41051005201,sq,6-8,Mandarin,Harriet Tubman,1.654
41051002102,sq,6-8,Mandarin,Harriet Tubman,1.382
41051005001,sq,6-8,Mandarin,Harriet Tubman,1.078
41051005602,sq,6-8,Mandarin,Harriet Tubman,2.064
41051004103,sq,6-8,Mandarin,Harriet Tubman,5.662
41051003904,sq,6-8,Mandarin,Harriet Tubman,3.417
41051005103,sq,6-8,Mandarin,Harriet Tubman,0.842
41051002902,sq,6-8,Mandarin,Harrison Park,2.46
41051004102,sq,6-8,Mandarin,Harriet Tubman,4.917
41051006200,sq,6-8,Mandarin,Harriet Tubman,5.098
41051003301,sq,6-8,Mandarin,Harriet Tubman,1.534
41051006404,sq,6-8,Mandarin,Harriet Tubman,7.393
41051002801,sq,6-8,Mandarin,Harrison Park,2.866
41051000402,sq,6-8,Mandarin,Harrison Park,2.117
41051000702,sq,6-8,Mandarin,Harrison Park,1.121
41051003801,sq,6-8,Mandarin,Harriet Tubman,2.941
41051006702,sq,6-8,Mandarin,Harriet Tubman,4.593
41051007001,sq,6-8,Mandarin,Harriet Tubman,5.015
41051001801,sq,6-8,Mandarin,Harrison Park,1.943
41051002903,sq,6-8,Mandarin,Harrison Park,2.537
41051005901,sq,6-8,Mandarin,Harriet Tubman,3.661
41051004104,sq,6-8,Mandarin,Harriet Tubman,6.565
41051005601,sq,6-8,Mandarin,Harriet Tubman,1.821
41051000902,sq,6-8,Mandarin,Harrison Park,2.857
41051001203,sq,6-8,Mandarin,Harriet Tubman,2.185
41051010601,sq,6-8,Mandarin,Harriet Tubman,1.483
41051008800,sq,6-8,Mandarin,Harrison Park,3.093
41051007002,sq,6-8,Mandarin,Harriet Tubman,6.009
41051006403,sq,6-8,Mandarin,Harriet Tubman,6.677
41051000901,sq,6-8,Mandarin,Harrison Park,2.784
41051001802,sq,6-8,Mandarin,Harrison Park,1.834
41051980000,sq,6-8,Mandarin,Harriet Tubman,2.121
41051004902,sq,6-8,Mandarin,Harriet Tubman,1.363
41051003100,sq,6-8,Japanese,Mt Tabor,2.835
41051003501,sq,6-8,Japanese,Mt Tabor,4.794
41051003803,sq,6-8,Japanese,Mt Tabor,5.021
41051006601,sq,6-8,Japanese,Mt Tabor,7.12
41051000801,sq,6-8,Japanese,Mt Tabor,1.407
41051002502,sq,6-8,Japanese,Mt Tabor,1.93
41051006701,sq,6-8,Japanese,Mt Tabor,6.883
41051005702,sq,6-8,Japanese,Mt Tabor,3.555
41051010602,sq,6-8,Japanese,Mt Tabor,3.443
41051003200,sq,6-8,Japanese,Mt Tabor,3.119
41051003402,sq,6-8,Japanese,Mt Tabor,3.777
41051004200,sq,6-8,Japanese,Mt Tabor,8.952
41051006402,sq,6-8,Japanese,Mt Tabor,6.953
41051007400,sq,6-8,Japanese,Mt Tabor,3.223
41051007500,sq,6-8,Japanese,Mt Tabor,2.386
41051008600,sq,6-8,Japanese,Mt Tabor,3.885
41051008902,sq,6-8,Japanese,Mt Tabor,4.223
41051000502,sq,6-8,Japanese,Mt Tabor,2.689
41051001202,sq,6-8,Japanese,Mt Tabor,2.062
41051002203,sq,6-8,Japanese,Mt Tabor,3.441
41051002501,sq,6-8,Japanese,Mt Tabor,2.284
41051006002,sq,6-8,Japanese,Mt Tabor,5.189
41051000201,sq,6-8,Japanese,Mt Tabor,4.169
41051005701,sq,6-8,Japanese,Mt Tabor,3.603
41051000202,sq,6-8,Japanese,Mt Tabor,3.291
41051005902,sq,6-8,Japanese,Mt Tabor,3.667
41051001704,sq,6-8,Japanese,Mt Tabor,0.867
41051001101,sq,6-8,Japanese,Mt Tabor,3.114
41051005500,sq,6-8,Japanese,Mt Tabor,4.307
41051003502,sq,6-8,Japanese,Mt Tabor,4.291
41051001500,sq,6-8,Japanese,Mt Tabor,0.744
41051002901,sq,6-8,Japanese,Mt Tabor,2.097
41051003603,sq,6-8,Japanese,Mt Tabor,3.25
41051001302,sq,6-8,Japanese,Mt Tabor,1.564
41051001204,sq,6-8,Japanese,Mt Tabor,1.882
41051004003,sq,6-8,Japanese,Mt Tabor,7.461
41051005202,sq,6-8,Japanese,Mt Tabor,4.413
41051006602,sq,6-8,Japanese,Mt Tabor,6.134
41051000601,sq,6-8,Japanese,Mt Tabor,3.146
41051002701,sq,6-8,Japanese,Mt Tabor,1.69
41051003302,sq,6-8,Japanese,Mt Tabor,3.256
41051006100,sq,6-8,Japanese,Mt Tabor,5.334
41051001000,sq,6-8,Japanese,Mt Tabor,2.825
41051000602,sq,6-8,Japanese,Mt Tabor,3.658
41051002002,sq,6-8,Japanese,Mt Tabor,1.839
41051002401,sq,6-8,Japanese,Mt Tabor,2.829
41051003602,sq,6-8,Japanese,Mt Tabor,3.795
41051004002,sq,6-8,Japanese,Mt Tabor,7.165
41051004700,sq,6-8,Japanese,Mt Tabor,4.733
41051003702,sq,6-8,Japanese,Mt Tabor,4.462
41051004500,sq,6-8,Japanese,Mt Tabor,4.691
41051004800,sq,6-8,Japanese,Mt Tabor,4.423
41051006502,sq,6-8,Japanese,Mt Tabor,6.725
41051007600,sq,6-8,Japanese,Mt Tabor,2.919
41051008301,sq,6-8,Japanese,Mt Tabor,2.244
41051008700,sq,6-8,Japanese,Mt Tabor,3.46
41051006802,sq,6-8,Japanese,Mt Tabor,5.962
41051006801,sq,6-8,Japanese,Mt Tabor,6.704
41051000302,sq,6-8,Japanese,Mt Tabor,3.668
41051000501,sq,6-8,Japanese,Mt Tabor,2.706
41051001601,sq,6-8,Japanese,Mt Tabor,0.823
41051001702,sq,6-8,Japanese,Mt Tabor,1.499
41051001900,sq,6-8,Japanese,Mt Tabor,1.032
41051002702,sq,6-8,Japanese,Mt Tabor,1.055
41051000102,sq,6-8,Japanese,Mt Tabor,3.766
41051000101,sq,6-8,Japanese,Mt Tabor,4.892
41051002001,sq,6-8,Japanese,Mt Tabor,1.537
41051005102,sq,6-8,Japanese,Mt Tabor,3.754
41051001400,sq,6-8,Japanese,Mt Tabor,0.915
41051001602,sq,6-8,Japanese,Mt Tabor,1.644
41051002303,sq,6-8,Japanese,Mt Tabor,3.214
41051002402,sq,6-8,Japanese,Mt Tabor,2.519
41051002600,sq,6-8,Japanese,Mt Tabor,1.763
41051003802,sq,6-8,Japanese,Mt Tabor,5.274
41051003902,sq,6-8,Japanese,Mt Tabor,5.649
41051004602,sq,6-8,Japanese,Mt Tabor,4.81
41051004601,sq,6-8,Japanese,Mt Tabor,5.105
41051005800,sq,6-8,Japanese,Mt Tabor,4.788
41051006001,sq,6-8,Japanese,Mt Tabor,4.695
41051006501,sq,6-8,Japanese,Mt Tabor,7.693
41051007201,sq,6-8,Japanese,Mt Tabor,9.539
41051007202,sq,6-8,Japanese,Mt Tabor,8.709
41051004300,sq,6-8,Japanese,Mt Tabor,9.143
41051006900,sq,6-8,Japanese,Mt Tabor,6.276
41051000301,sq,6-8,Japanese,Mt Tabor,2.989
41051000401,sq,6-8,Japanese,Mt Tabor,2.623
41051000701,sq,6-8,Japanese,Mt Tabor,1.532
41051000802,sq,6-8,Japanese,Mt Tabor,1.819
41051001301,sq,6-8,Japanese,Mt Tabor,1.278
41051002802,sq,6-8,Japanese,Mt Tabor,0.796
41051003000,sq,6-8,Japanese,Mt Tabor,2.571
41051003401,sq,6-8,Japanese,Mt Tabor,4.036
41051003601,sq,6-8,Japanese,Mt Tabor,4.395
41051003701,sq,6-8,Japanese,Mt Tabor,4.939
41051001102,sq,6-8,Japanese,Mt Tabor,2.694
41051005903,sq,6-8,Japanese,Mt Tabor,4.408
41051004901,sq,6-8,Japanese,Mt Tabor,4.628
41051005002,sq,6-8,Japanese,Mt Tabor,4.131
41051003903,sq,6-8,Japanese,Mt Tabor,6.751
41051005101,sq,6-8,Japanese,Mt Tabor,3.863
41051002101,sq,6-8,Japanese,Mt Tabor,2.75
41051001703,sq,6-8,Japanese,Mt Tabor,1.085
41051005201,sq,6-8,Japanese,Mt Tabor,4.109
41051002102,sq,6-8,Japanese,Mt Tabor,2.233
41051005001,sq,6-8,Japanese,Mt Tabor,3.981
41051005602,sq,6-8,Japanese,Mt Tabor,3.972
41051004103,sq,6-8,Japanese,Mt Tabor,8.762
41051003904,sq,6-8,Japanese,Mt Tabor,6.328
41051005103,sq,6-8,Japanese,Mt Tabor,3.385
41051002902,sq,6-8,Japanese,Mt Tabor,1.543
41051004102,sq,6-8,Japanese,Mt Tabor,8.173
41051006200,sq,6-8,Japanese,Mt Tabor,5.461
41051003301,sq,6-8,Japanese,Mt Tabor,3.637
41051006404,sq,6-8,Japanese,Mt Tabor,8.222
41051002801,sq,6-8,Japanese,Mt Tabor,1.471
41051000402,sq,6-8,Japanese,Mt Tabor,2.549
41051000702,sq,6-8,Japanese,Mt Tabor,1.928
41051003801,sq,6-8,Japanese,Mt Tabor,5.631
41051006702,sq,6-8,Japanese,Mt Tabor,6.037
41051007001,sq,6-8,Japanese,Mt Tabor,8.295
41051001801,sq,6-8,Japanese,Mt Tabor,0.523
41051002903,sq,6-8,Japanese,Mt Tabor,2.238
41051005901,sq,6-8,Japanese,Mt Tabor,4.43
41051004104,sq,6-8,Japanese,Mt Tabor,9.796
41051005601,sq,6-8,Japanese,Mt Tabor,3.875
41051000902,sq,6-8,Japanese,Mt Tabor,2.236
41051001203,sq,6-8,Japanese,Mt Tabor,1.934
41051010601,sq,6-8,Japanese,Mt Tabor,3.837
41051008800,sq,6-8,Japanese,Mt Tabor,3.768
41051007002,sq,6-8,Japanese,Mt Tabor,9.399
41051006403,sq,6-8,Japanese,Mt Tabor,7.543
41051000901,sq,6-8,Japanese,Mt Tabor,1.99
41051001802,sq,6-8,Japanese,Mt Tabor,0.154
41051980000,sq,6-8,Japanese,Mt Tabor,5.483
41051004902,sq,6-8,Japanese,Mt Tabor,4.231
41051003100,sq,6-8,Russian,Brentwood,6.036
41051003501,sq,6-8,Russian,Brentwood,7.341
41051003803,sq,6-8,Russian,Brentwood,7.701
41051006601,sq,6-8,Russian,Brentwood,6.405
41051000801,sq,6-8,Russian,Brentwood,2.119
41051002502,sq,6-8,Russian,Brentwood,4.717
41051006701,sq,6-8,Russian,Brentwood,6.438
41051005702,sq,6-8,Russian,Brentwood,4.456
41051010602,sq,6-8,Russian,Brentwood,4.865
41051003200,sq,6-8,Russian,Brentwood,6.184
41051003402,sq,6-8,Russian,Brentwood,6.411
41051004200,sq,6-8,Russian,Brentwood,11.252
41051006402,sq,6-8,Russian,Brentwood,5.069
41051007400,sq,6-8,Russian,Brentwood,6.653
41051007500,sq,6-8,Russian,Brentwood,5.817
41051008600,sq,6-8,Russian,Brentwood,0.908
41051008902,sq,6-8,Russian,Brentwood,1.989
41051000502,sq,6-8,Russian,Brentwood,1.251
41051001202,sq,6-8,Russian,Brentwood,3.238
41051002203,sq,6-8,Russian,Brentwood,5.887
41051002501,sq,6-8,Russian,Brentwood,5.27
41051006002,sq,6-8,Russian,Brentwood,4.185
41051000201,sq,6-8,Russian,Brentwood,2.021
41051005701,sq,6-8,Russian,Brentwood,4.187
41051000202,sq,6-8,Russian,Brentwood,2.304
41051005902,sq,6-8,Russian,Brentwood,3.708
41051001704,sq,6-8,Russian,Brentwood,3.641
41051001101,sq,6-8,Russian,Brentwood,4.118
41051005500,sq,6-8,Russian,Brentwood,5.276
41051003502,sq,6-8,Russian,Brentwood,6.698
41051001500,sq,6-8,Russian,Brentwood,2.711
41051002901,sq,6-8,Russian,Brentwood,5.484
41051003603,sq,6-8,Russian,Brentwood,6.608
41051001302,sq,6-8,Russian,Brentwood,2.772
41051001204,sq,6-8,Russian,Brentwood,3.74
41051004003,sq,6-8,Russian,Brentwood,10.046
41051005202,sq,6-8,Russian,Brentwood,5.647
41051006602,sq,6-8,Russian,Brentwood,5.196
41051000601,sq,6-8,Russian,Brentwood,1.85
41051002701,sq,6-8,Russian,Brentwood,5.053
41051003302,sq,6-8,Russian,Brentwood,6.081
41051006100,sq,6-8,Russian,Brentwood,4.979
41051001000,sq,6-8,Russian,Brentwood,2.875
41051000602,sq,6-8,Russian,Brentwood,1.45
41051002002,sq,6-8,Russian,Brentwood,4.145
41051002401,sq,6-8,Russian,Brentwood,5.569
41051003602,sq,6-8,Russian,Brentwood,7.042
41051004002,sq,6-8,Russian,Brentwood,9.51
41051004700,sq,6-8,Russian,Brentwood,6.232
41051003702,sq,6-8,Russian,Brentwood,7.365
41051004500,sq,6-8,Russian,Brentwood,6.605
41051004800,sq,6-8,Russian,Brentwood,5.941
41051006502,sq,6-8,Russian,Brentwood,5.476
41051007600,sq,6-8,Russian,Brentwood,6.271
41051008301,sq,6-8,Russian,Brentwood,2.297
41051008700,sq,6-8,Russian,Brentwood,0.06
41051006802,sq,6-8,Russian,Brentwood,5.9
41051006801,sq,6-8,Russian,Brentwood,6.682
41051000302,sq,6-8,Russian,Brentwood,1.25
41051000501,sq,6-8,Russian,Brentwood,0.84
41051001601,sq,6-8,Russian,Brentwood,2.98
41051001702,sq,6-8,Russian,Brentwood,4.031
41051001900,sq,6-8,Russian,Brentwood,3.983
41051002702,sq,6-8,Russian,Brentwood,4.349
41051000102,sq,6-8,Russian,Brentwood,2.915
41051000101,sq,6-8,Russian,Brentwood,2.715
41051002001,sq,6-8,Russian,Brentwood,4.145
41051005102,sq,6-8,Russian,Brentwood,5.484
41051001400,sq,6-8,Russian,Brentwood,2.914
41051001602,sq,6-8,Russian,Brentwood,3.181
41051002303,sq,6-8,Russian,Brentwood,5.398
41051002402,sq,6-8,Russian,Brentwood,4.993
41051002600,sq,6-8,Russian,Brentwood,4.949
41051003802,sq,6-8,Russian,Brentwood,8.062
41051003902,sq,6-8,Russian,Brentwood,8.255
41051004602,sq,6-8,Russian,Brentwood,5.516
41051004601,sq,6-8,Russian,Brentwood,6.195
41051005800,sq,6-8,Russian,Brentwood,5.069
41051006001,sq,6-8,Russian,Brentwood,4.581
41051006501,sq,6-8,Russian,Brentwood,6.443
41051007201,sq,6-8,Russian,Brentwood,12.518
41051007202,sq,6-8,Russian,Brentwood,11.507
41051004300,sq,6-8,Russian,Brentwood,11.156
41051006900,sq,6-8,Russian,Brentwood,6.786
41051000301,sq,6-8,Russian,Brentwood,1.612
41051000401,sq,6-8,Russian,Brentwood,1.071
41051000701,sq,6-8,Russian,Brentwood,2.163
41051000802,sq,6-8,Russian,Brentwood,1.739
41051001301,sq,6-8,Russian,Brentwood,3.317
41051002802,sq,6-8,Russian,Brentwood,4.229
41051003000,sq,6-8,Russian,Brentwood,5.907
41051003401,sq,6-8,Russian,Brentwood,6.801
41051003601,sq,6-8,Russian,Brentwood,7.508
41051003701,sq,6-8,Russian,Brentwood,7.946
41051001102,sq,6-8,Russian,Brentwood,3.696
41051005903,sq,6-8,Russian,Brentwood,3.562
41051004901,sq,6-8,Russian,Brentwood,6.301
41051005002,sq,6-8,Russian,Brentwood,5.77
41051003903,sq,6-8,Russian,Brentwood,9.433
41051005101,sq,6-8,Russian,Brentwood,5.806
41051002101,sq,6-8,Russian,Brentwood,4.566
41051001703,sq,6-8,Russian,Brentwood,4.186
41051005201,sq,6-8,Russian,Brentwood,5.359
41051002102,sq,6-8,Russian,Brentwood,4.341
41051005001,sq,6-8,Russian,Brentwood,5.649
41051005602,sq,6-8,Russian,Brentwood,4.868
41051004103,sq,6-8,Russian,Brentwood,11.362
41051003904,sq,6-8,Russian,Brentwood,9.088
41051005103,sq,6-8,Russian,Brentwood,5.182
41051002902,sq,6-8,Russian,Brentwood,4.839
41051004102,sq,6-8,Russian,Brentwood,10.566
41051006200,sq,6-8,Russian,Brentwood,4.045
41051003301,sq,6-8,Russian,Brentwood,6.602
41051006404,sq,6-8,Russian,Brentwood,6.518
41051002801,sq,6-8,Russian,Brentwood,4.904
41051000402,sq,6-8,Russian,Brentwood,0.891
41051000702,sq,6-8,Russian,Brentwood,1.708
41051003801,sq,6-8,Russian,Brentwood,8.511
41051006702,sq,6-8,Russian,Brentwood,5.491
41051007001,sq,6-8,Russian,Brentwood,9.579
41051001801,sq,6-8,Russian,Brentwood,3.93
41051002903,sq,6-8,Russian,Brentwood,5.198
41051005901,sq,6-8,Russian,Brentwood,3.988
41051004104,sq,6-8,Russian,Brentwood,12.211
41051005601,sq,6-8,Russian,Brentwood,4.955
41051000902,sq,6-8,Russian,Brentwood,2.172
41051001203,sq,6-8,Russian,Brentwood,3.521
41051010601,sq,6-8,Russian,Brentwood,5.173
41051008800,sq,6-8,Russian,Brentwood,0.34
41051007002,sq,6-8,Russian,Brentwood,11.031
41051006403,sq,6-8,Russian,Brentwood,6.003
41051000901,sq,6-8,Russian,Brentwood,2.419
41051001802,sq,6-8,Russian,Brentwood,3.413
41051980000,sq,6-8,Russian,Brentwood,7.735
41051004902,sq,6-8,Russian,Brentwood,5.755
41051003100,sq,6-8,Vietnamese,Roseway Heights,2.47
41051003501,sq,6-8,Vietnamese,Roseway Heights,4.896
41051003803,sq,6-8,Vietnamese,Roseway Heights,4.961
41051006601,sq,6-8,Vietnamese,Roseway Heights,8.628
41051000801,sq,6-8,Vietnamese,Roseway Heights,3.171
41051002502,sq,6-8,Vietnamese,Roseway Heights,2.571
41051006701,sq,6-8,Vietnamese,Roseway Heights,8.328
41051005702,sq,6-8,Vietnamese,Roseway Heights,4.875
41051010602,sq,6-8,Vietnamese,Roseway Heights,4.561
41051003200,sq,6-8,Vietnamese,Roseway Heights,2.92
41051003402,sq,6-8,Vietnamese,Roseway Heights,3.965
41051004200,sq,6-8,Vietnamese,Roseway Heights,8.938
41051006402,sq,6-8,Vietnamese,Roseway Heights,8.681
41051007400,sq,6-8,Vietnamese,Roseway Heights,1.942
41051007500,sq,6-8,Vietnamese,Roseway Heights,1.259
41051008600,sq,6-8,Vietnamese,Roseway Heights,5.363
41051008902,sq,6-8,Vietnamese,Roseway Heights,5.425
41051000502,sq,6-8,Vietnamese,Roseway Heights,4.111
41051001202,sq,6-8,Vietnamese,Roseway Heights,3.626
41051002203,sq,6-8,Vietnamese,Roseway Heights,3.884
41051002501,sq,6-8,Vietnamese,Roseway Heights,2.501
41051006002,sq,6-8,Vietnamese,Roseway Heights,6.841
41051000201,sq,6-8,Vietnamese,Roseway Heights,5.95
41051005701,sq,6-8,Vietnamese,Roseway Heights,5.025
41051000202,sq,6-8,Vietnamese,Roseway Heights,5.047
41051005902,sq,6-8,Vietnamese,Roseway Heights,5.229
41051001704,sq,6-8,Vietnamese,Roseway Heights,1.465
41051001101,sq,6-8,Vietnamese,Roseway Heights,4.478
41051005500,sq,6-8,Vietnamese,Roseway Heights,5.484
41051003502,sq,6-8,Vietnamese,Roseway Heights,4.597
41051001500,sq,6-8,Vietnamese,Roseway Heights,2.505
41051002901,sq,6-8,Vietnamese,Roseway Heights,0.535
41051003603,sq,6-8,Vietnamese,Roseway Heights,2.366
41051001302,sq,6-8,Vietnamese,Roseway Heights,3.27
41051001204,sq,6-8,Vietnamese,Roseway Heights,3.235
41051004003,sq,6-8,Vietnamese,Roseway Heights,7.283
41051005202,sq,6-8,Vietnamese,Roseway Heights,5.456
41051006602,sq,6-8,Vietnamese,Roseway Heights,7.731
41051000601,sq,6-8,Vietnamese,Roseway Heights,4.311
41051002701,sq,6-8,Vietnamese,Roseway Heights,1.423
41051003302,sq,6-8,Vietnamese,Roseway Heights,3.354
41051006100,sq,6-8,Vietnamese,Roseway Heights,6.842
41051001000,sq,6-8,Vietnamese,Roseway Heights,4.498
41051000602,sq,6-8,Vietnamese,Roseway Heights,4.965
41051002002,sq,6-8,Vietnamese,Roseway Heights,2.946
41051002401,sq,6-8,Vietnamese,Roseway Heights,3.151
41051003602,sq,6-8,Vietnamese,Roseway Heights,3.111
41051004002,sq,6-8,Vietnamese,Roseway Heights,7.213
41051004700,sq,6-8,Vietnamese,Roseway Heights,5.597
41051003702,sq,6-8,Vietnamese,Roseway Heights,4.225
41051004500,sq,6-8,Vietnamese,Roseway Heights,5.309
41051004800,sq,6-8,Vietnamese,Roseway Heights,5.319
41051006502,sq,6-8,Vietnamese,Roseway Heights,8.361
41051007600,sq,6-8,Vietnamese,Roseway Heights,1.203
41051008301,sq,6-8,Vietnamese,Roseway Heights,3.314
41051008700,sq,6-8,Vietnamese,Roseway Heights,5.108
41051006802,sq,6-8,Vietnamese,Roseway Heights,7.347
41051006801,sq,6-8,Vietnamese,Roseway Heights,8.032
41051000302,sq,6-8,Vietnamese,Roseway Heights,5.435
41051000501,sq,6-8,Vietnamese,Roseway Heights,4.275
41051001601,sq,6-8,Vietnamese,Roseway Heights,2.101
41051001702,sq,6-8,Vietnamese,Roseway Heights,1.394
41051001900,sq,6-8,Vietnamese,Roseway Heights,2.104
41051002702,sq,6-8,Vietnamese,Roseway Heights,1.588
41051000102,sq,6-8,Vietnamese,Roseway Heights,5.478
41051000101,sq,6-8,Vietnamese,Roseway Heights,6.668
41051002001,sq,6-8,Vietnamese,Roseway Heights,2.573
41051005102,sq,6-8,Vietnamese,Roseway Heights,4.645
41051001400,sq,6-8,Vietnamese,Roseway Heights,2.656
41051001602,sq,6-8,Vietnamese,Roseway Heights,2.307
41051002303,sq,6-8,Vietnamese,Roseway Heights,3.926
41051002402,sq,6-8,Vietnamese,Roseway Heights,3.21
41051002600,sq,6-8,Vietnamese,Roseway Heights,1.923
41051003802,sq,6-8,Vietnamese,Roseway Heights,5.069
41051003902,sq,6-8,Vietnamese,Roseway Heights,5.591
41051004602,sq,6-8,Vietnamese,Roseway Heights,6.031
41051004601,sq,6-8,Vietnamese,Roseway Heights,6.129
41051005800,sq,6-8,Vietnamese,Roseway Heights,6.161
41051006001,sq,6-8,Vietnamese,Roseway Heights,6.191
41051006501,sq,6-8,Vietnamese,Roseway Heights,9.303
41051007201,sq,6-8,Vietnamese,Roseway Heights,8.867
41051007202,sq,6-8,Vietnamese,Roseway Heights,8.262
41051004300,sq,6-8,Vietnamese,Roseway Heights,9.332
41051006900,sq,6-8,Vietnamese,Roseway Heights,7.441
41051000301,sq,6-8,Vietnamese,Roseway Heights,4.769
41051000401,sq,6-8,Vietnamese,Roseway Heights,4.368
41051000701,sq,6-8,Vietnamese,Roseway Heights,2.951
41051000802,sq,6-8,Vietnamese,Roseway Heights,3.575
41051001301,sq,6-8,Vietnamese,Roseway Heights,2.824
41051002802,sq,6-8,Vietnamese,Roseway Heights,1.159
41051003000,sq,6-8,Vietnamese,Roseway Heights,1.942
41051003401,sq,6-8,Vietnamese,Roseway Heights,4.033
41051003601,sq,6-8,Vietnamese,Roseway Heights,3.871
41051003701,sq,6-8,Vietnamese,Roseway Heights,4.503
41051001102,sq,6-8,Vietnamese,Roseway Heights,4.15
41051005903,sq,6-8,Vietnamese,Roseway Heights,6.077
41051004901,sq,6-8,Vietnamese,Roseway Heights,5.407
41051005002,sq,6-8,Vietnamese,Roseway Heights,5.006
41051003903,sq,6-8,Vietnamese,Roseway Heights,6.525
41051005101,sq,6-8,Vietnamese,Roseway Heights,4.6
41051002101,sq,6-8,Vietnamese,Roseway Heights,3.828
41051001703,sq,6-8,Vietnamese,Roseway Heights,0.905
41051005201,sq,6-8,Vietnamese,Roseway Heights,5.19
41051002102,sq,6-8,Vietnamese,Roseway Heights,3.305
41051005001,sq,6-8,Vietnamese,Roseway Heights,4.866
41051005602,sq,6-8,Vietnamese,Roseway Heights,5.227
41051004103,sq,6-8,Vietnamese,Roseway Heights,8.502
41051003904,sq,6-8,Vietnamese,Roseway Heights,6.054
41051005103,sq,6-8,Vietnamese,Roseway Heights,4.313
41051002902,sq,6-8,Vietnamese,Roseway Heights,0.239
41051004102,sq,6-8,Vietnamese,Roseway Heights,8.121
41051006200,sq,6-8,Vietnamese,Roseway Heights,7.164
41051003301,sq,6-8,Vietnamese,Roseway Heights,3.463
41051006404,sq,6-8,Vietnamese,Roseway Heights,9.905
41051002801,sq,6-8,Vietnamese,Roseway Heights,0.863
41051000402,sq,6-8,Vietnamese,Roseway Heights,4.222
41051000702,sq,6-8,Vietnamese,Roseway Heights,3.411
41051003801,sq,6-8,Vietnamese,Roseway Heights,5.284
41051006702,sq,6-8,Vietnamese,Roseway Heights,7.551
41051007001,sq,6-8,Vietnamese,Roseway Heights,8.974
41051001801,sq,6-8,Vietnamese,Roseway Heights,1.266
41051002903,sq,6-8,Vietnamese,Roseway Heights,0.834
41051005901,sq,6-8,Vietnamese,Roseway Heights,6.024
41051004104,sq,6-8,Vietnamese,Roseway Heights,9.654
41051005601,sq,6-8,Vietnamese,Roseway Heights,5.07
41051000902,sq,6-8,Vietnamese,Roseway Heights,4.001
41051001203,sq,6-8,Vietnamese,Roseway Heights,3.391
41051010601,sq,6-8,Vietnamese,Roseway Heights,4.923
41051008800,sq,6-8,Vietnamese,Roseway Heights,5.412
41051007002,sq,6-8,Vietnamese,Roseway Heights,9.826
41051006403,sq,6-8,Vietnamese,Roseway Heights,9.21
41051000901,sq,6-8,Vietnamese,Roseway Heights,3.737
41051001802,sq,6-8,Vietnamese,Roseway Heights,1.876
41051980000,sq,6-8,Vietnamese,Roseway Heights,5.755
41051004902,sq,6-8,Vietnamese,Roseway Heights,5.154
41051003100,sq,9-12,Spanish,McDaniel,2.834
41051003501,sq,9-12,Spanish,Lincoln,2.815
41051003803,sq,9-12,Spanish,Roosevelt,3.035
41051006601,sq,9-12,Spanish,Lincoln,3.841
41051000801,sq,9-12,Spanish,Franklin,0.21
41051002502,sq,9-12,Spanish,Lincoln,2.668
41051006701,sq,9-12,Spanish,Lincoln,3.404
41051005702,sq,9-12,Spanish,Lincoln,0.91
41051010602,sq,9-12,Spanish,Lincoln,0.693
41051003200,sq,9-12,Spanish,McDaniel,3.282
41051003402,sq,9-12,Spanish,Lincoln,2.454
41051004200,sq,9-12,Spanish,Roosevelt,1.04
41051006402,sq,9-12,Spanish,Lincoln,5.042
41051007400,sq,9-12,Spanish,McDaniel,2.259
41051007500,sq,9-12,Spanish,McDaniel,1.615
41051008600,sq,9-12,Spanish,Franklin,2.693
41051008902,sq,9-12,Spanish,Franklin,3.252
41051000502,sq,9-12,Spanish,Franklin,1.636
41051001202,sq,9-12,Spanish,Franklin,1.777
41051002203,sq,9-12,Spanish,Lincoln,1.959
41051002501,sq,9-12,Spanish,McDaniel,2.834
41051006002,sq,9-12,Spanish,Lincoln,3.068
41051000201,sq,9-12,Spanish,Franklin,2.972
41051005701,sq,9-12,Spanish,Lincoln,1.242
41051000202,sq,9-12,Spanish,Franklin,2.279
41051005902,sq,9-12,Spanish,Lincoln,1.868
41051001704,sq,9-12,Spanish,McDaniel,1.341
41051001101,sq,9-12,Spanish,Lincoln,1.265
41051005500,sq,9-12,Spanish,Lincoln,0.377
41051003502,sq,9-12,Spanish,Lincoln,2.196
41051001500,sq,9-12,Spanish,Franklin,0.577
41051002901,sq,9-12,Spanish,McDaniel,0.867
41051003603,sq,9-12,Spanish,McDaniel,2.721
41051001302,sq,9-12,Spanish,Franklin,1.107
41051001204,sq,9-12,Spanish,Franklin,2.014
41051004003,sq,9-12,Spanish,Roosevelt,0.712
41051005202,sq,9-12,Spanish,Lincoln,0.299
41051006602,sq,9-12,Spanish,Lincoln,3.412
41051000601,sq,9-12,Spanish,Franklin,2.31
41051002701,sq,9-12,Spanish,McDaniel,1.761
41051003302,sq,9-12,Spanish,Lincoln,2.719
41051006100,sq,9-12,Spanish,Lincoln,2.336
41051001000,sq,9-12,Spanish,Franklin,2.118
41051000602,sq,9-12,Spanish,Franklin,2.628
41051002002,sq,9-12,Spanish,Franklin,2.279
41051002401,sq,9-12,Spanish,Lincoln,2.464
41051003602,sq,9-12,Spanish,McDaniel,3.471
41051004002,sq,9-12,Spanish,Roosevelt,1.024
41051004700,sq,9-12,Spanish,Lincoln,0.887
41051003702,sq,9-12,Spanish,Lincoln,3.487
41051004500,sq,9-12,Spanish,Lincoln,1.491
41051004800,sq,9-12,Spanish,Lincoln,0.647
41051006502,sq,9-12,Spanish,Lincoln,4.131
41051007600,sq,9-12,Spanish,McDaniel,1.382
41051008301,sq,9-12,Spanish,Franklin,1.718
41051008700,sq,9-12,Spanish,Franklin,2.161
41051006802,sq,9-12,Spanish,Lincoln,2.371
41051006801,sq,9-12,Spanish,Lincoln,2.91
41051000302,sq,9-12,Spanish,Franklin,2.393
41051000501,sq,9-12,Spanish,Franklin,1.487
41051001601,sq,9-12,Spanish,Franklin,1.137
41051001702,sq,9-12,Spanish,McDaniel,1.127
41051001900,sq,9-12,Spanish,Franklin,1.894
41051002702,sq,9-12,Spanish,McDaniel,1.837
41051000102,sq,9-12,Spanish,Lincoln,2.867
41051000101,sq,9-12,Spanish,Franklin,3.73
41051002001,sq,9-12,Spanish,Franklin,2.166
41051005102,sq,9-12,Spanish,Lincoln,0.764
41051001400,sq,9-12,Spanish,Franklin,0.861
41051001602,sq,9-12,Spanish,Franklin,1.831
41051002303,sq,9-12,Spanish,Lincoln,1.508
41051002402,sq,9-12,Spanish,Lincoln,2.081
41051002600,sq,9-12,Spanish,McDaniel,2.244
41051003802,sq,9-12,Spanish,Roosevelt,2.874
41051003902,sq,9-12,Spanish,Roosevelt,2.399
41051004602,sq,9-12,Spanish,Lincoln,0.894
41051004601,sq,9-12,Spanish,Lincoln,0.974
41051005800,sq,9-12,Spanish,Lincoln,1.375
41051006001,sq,9-12,Spanish,Lincoln,1.858
41051006501,sq,9-12,Spanish,Lincoln,4.825
41051007201,sq,9-12,Spanish,Roosevelt,3.079
41051007202,sq,9-12,Spanish,Roosevelt,1.703
41051004300,sq,9-12,Spanish,Roosevelt,1.872
41051006900,sq,9-12,Spanish,Lincoln,2.218
41051000301,sq,9-12,Spanish,Franklin,1.805
41051000401,sq,9-12,Spanish,Franklin,1.317
41051000701,sq,9-12,Spanish,Franklin,0.865
41051000802,sq,9-12,Spanish,Franklin,0.533
41051001301,sq,9-12,Spanish,Franklin,1.408
41051002802,sq,9-12,Spanish,McDaniel,1.341
41051003000,sq,9-12,Spanish,McDaniel,2.308
41051003401,sq,9-12,Spanish,Lincoln,2.884
41051003601,sq,9-12,Spanish,Lincoln,4.085
41051003701,sq,9-12,Spanish,Roosevelt,3.508
41051001102,sq,9-12,Spanish,Lincoln,1.735
41051005903,sq,9-12,Spanish,Lincoln,2.755
41051004901,sq,9-12,Spanish,Lincoln,1.044
41051005002,sq,9-12,Spanish,Lincoln,0.671
41051003903,sq,9-12,Spanish,Roosevelt,1.46
41051005101,sq,9-12,Spanish,Lincoln,1.117
41051002101,sq,9-12,Spanish,Lincoln,1.414
41051001703,sq,9-12,Spanish,McDaniel,0.808
41051005201,sq,9-12,Spanish,Lincoln,0.039
41051002102,sq,9-12,Spanish,Lincoln,1.95
41051005001,sq,9-12,Spanish,Lincoln,0.674
41051005602,sq,9-12,Spanish,Lincoln,0.578
41051004103,sq,9-12,Spanish,Roosevelt,0.989
41051003904,sq,9-12,Spanish,Roosevelt,1.943
41051005103,sq,9-12,Spanish,Lincoln,0.961
41051002902,sq,9-12,Spanish,McDaniel,0.423
41051004102,sq,9-12,Spanish,Roosevelt,0.267
41051006200,sq,9-12,Spanish,Lincoln,3.658
41051003301,sq,9-12,Spanish,Lincoln,3.216
41051006404,sq,9-12,Spanish,Lincoln,5.746
41051002801,sq,9-12,Spanish,McDaniel,1.188
41051000402,sq,9-12,Spanish,Franklin,1.248
41051000702,sq,9-12,Spanish,Franklin,0.948
41051003801,sq,9-12,Spanish,Roosevelt,2.72
41051006702,sq,9-12,Spanish,Lincoln,2.917
41051007001,sq,9-12,Spanish,Roosevelt,3.742
41051001801,sq,9-12,Spanish,McDaniel,1.353
41051002903,sq,9-12,Spanish,McDaniel,0.507
41051005901,sq,9-12,Spanish,Lincoln,2.261
41051004104,sq,9-12,Spanish,Roosevelt,1.754
41051005601,sq,9-12,Spanish,Lincoln,0.412
41051000902,sq,9-12,Spanish,Franklin,1.277
41051001203,sq,9-12,Spanish,Franklin,1.891
41051010601,sq,9-12,Spanish,Lincoln,0.303
41051008800,sq,9-12,Spanish,Franklin,2.468
41051007002,sq,9-12,Spanish,Roosevelt,3.07
41051006403,sq,9-12,Spanish,Lincoln,5.037
41051000901,sq,9-12,Spanish,Franklin,1.191
41051001802,sq,9-12,Spanish,Franklin,1.28
41051980000,sq,9-12,Spanish,Lincoln,2.725
41051004902,sq,9-12,Spanish,Lincoln,0.526
41051003100,sq,9-12,Mandarin,Jefferson,1.783
41051003501,sq,9-12,Mandarin,Jefferson,0.686
41051003803,sq,9-12,Mandarin,Jefferson,0.746
41051006601,sq,9-12,Mandarin,Cleveland,4.919
41051000801,sq,9-12,Mandarin,Cleveland,1.369
41051002502,sq,9-12,Mandarin,Jefferson,2.408
41051006701,sq,9-12,Mandarin,Cleveland,4.75
41051005702,sq,9-12,Mandarin,Cleveland,1.927
41051010602,sq,9-12,Mandarin,Cleveland,2.26
41051003200,sq,9-12,Mandarin,Jefferson,1.326
41051003402,sq,9-12,Mandarin,Jefferson,0.644
41051004200,sq,9-12,Mandarin,Jefferson,4.734
41051006402,sq,9-12,Mandarin,Cleveland,4.662
41051007400,sq,9-12,Mandarin,Jefferson,3.057
41051007500,sq,9-12,Mandarin,Jefferson,3.127
41051008600,sq,9-12,Mandarin,Cleveland,3.46
41051008902,sq,9-12,Mandarin,Cleveland,4.343
41051000502,sq,9-12,Mandarin,Cleveland,2.833
41051001202,sq,9-12,Mandarin,Cleveland,0.705
41051002203,sq,9-12,Mandarin,Jefferson,1.227
41051002501,sq,9-12,Mandarin,Jefferson,1.997
41051006002,sq,9-12,Mandarin,Cleveland,2.891
41051000201,sq,9-12,Mandarin,Cleveland,2.169
41051005701,sq,9-12,Mandarin,Cleveland,1.748
41051000202,sq,9-12,Mandarin,Cleveland,1.084
41051005902,sq,9-12,Mandarin,Cleveland,1.518
41051001704,sq,9-12,Mandarin,Cleveland,3.069
41051001101,sq,9-12,Mandarin,Cleveland,1.538
41051005500,sq,9-12,Mandarin,Cleveland,2.778
41051003502,sq,9-12,Mandarin,Jefferson,0.851
41051001500,sq,9-12,Mandarin,Cleveland,1.772
41051002901,sq,9-12,Mandarin,Jefferson,3.856
41051003603,sq,9-12,Mandarin,Jefferson,2.276
41051001302,sq,9-12,Mandarin,Cleveland,0.75
41051001204,sq,9-12,Mandarin,Cleveland,1.31
41051004003,sq,9-12,Mandarin,Jefferson,3.184
41051005202,sq,9-12,Mandarin,Jefferson,2.98
41051006602,sq,9-12,Mandarin,Cleveland,3.865
41051000601,sq,9-12,Mandarin,Cleveland,3.626
41051002701,sq,9-12,Mandarin,Jefferson,2.909
41051003302,sq,9-12,Mandarin,Jefferson,1.023
41051006100,sq,9-12,Mandarin,Cleveland,3.171
41051001000,sq,9-12,Mandarin,Cleveland,0.548
41051000602,sq,9-12,Mandarin,Cleveland,3.704
41051002002,sq,9-12,Mandarin,Cleveland,1.794
41051002401,sq,9-12,Mandarin,Jefferson,1.493
41051003602,sq,9-12,Mandarin,Jefferson,1.657
41051004002,sq,9-12,Mandarin,Jefferson,2.976
41051004700,sq,9-12,Mandarin,Jefferson,2.599
41051003702,sq,9-12,Mandarin,Jefferson,0.502
41051004500,sq,9-12,Mandarin,Jefferson,1.868
41051004800,sq,9-12,Mandarin,Jefferson,2.531
41051006502,sq,9-12,Mandarin,Cleveland,4.428
41051007600,sq,9-12,Mandarin,Jefferson,4.139
41051008301,sq,9-12,Mandarin,Cleveland,3.246
41051008700,sq,9-12,Mandarin,Cleveland,2.596
41051006802,sq,9-12,Mandarin,Cleveland,3.934
41051006801,sq,9-12,Mandarin,Cleveland,4.721
41051000302,sq,9-12,Mandarin,Cleveland,2.013
41051000501,sq,9-12,Mandarin,Cleveland,2.433
41051001601,sq,9-12,Mandarin,Cleveland,2.584
41051001702,sq,9-12,Mandarin,Cleveland,3.699
41051001900,sq,9-12,Mandarin,Cleveland,2.105
41051002702,sq,9-12,Mandarin,Cleveland,2.646
41051000102,sq,9-12,Mandarin,Cleveland,1.461
41051000101,sq,9-12,Mandarin,Cleveland,2.769
41051002001,sq,9-12,Mandarin,Cleveland,1.961
41051005102,sq,9-12,Mandarin,Jefferson,2.264
41051001400,sq,9-12,Mandarin,Cleveland,1.393
41051001602,sq,9-12,Mandarin,Cleveland,3.383
41051002303,sq,9-12,Mandarin,Jefferson,1.806
41051002402,sq,9-12,Mandarin,Jefferson,2.04
41051002600,sq,9-12,Mandarin,Jefferson,2.571
41051003802,sq,9-12,Mandarin,Jefferson,1.033
41051003902,sq,9-12,Mandarin,Jefferson,1.383
41051004602,sq,9-12,Mandarin,Cleveland,3.126
41051004601,sq,9-12,Mandarin,Jefferson,3.33
41051005800,sq,9-12,Mandarin,Cleveland,2.855
41051006001,sq,9-12,Mandarin,Cleveland,2.578
41051006501,sq,9-12,Mandarin,Cleveland,5.406
41051007201,sq,9-12,Mandarin,Jefferson,5.492
41051007202,sq,9-12,Mandarin,Jefferson,4.497
41051004300,sq,9-12,Mandarin,Jefferson,5.087
41051006900,sq,9-12,Mandarin,Cleveland,4.539
41051000301,sq,9-12,Mandarin,Cleveland,1.193
41051000401,sq,9-12,Mandarin,Cleveland,1.557
41051000701,sq,9-12,Mandarin,Cleveland,2.43
41051000802,sq,9-12,Mandarin,Cleveland,1.315
41051001301,sq,9-12,Mandarin,Cleveland,1.262
41051002802,sq,9-12,Mandarin,Cleveland,2.876
41051003000,sq,9-12,Mandarin,Jefferson,2.341
41051003401,sq,9-12,Mandarin,Jefferson,0.243
41051003601,sq,9-12,Mandarin,Jefferson,1.182
41051003701,sq,9-12,Mandarin,Jefferson,1.127
41051001102,sq,9-12,Mandarin,Cleveland,1.089
41051005903,sq,9-12,Mandarin,Cleveland,2.105
41051004901,sq,9-12,Mandarin,Jefferson,2.29
41051005002,sq,9-12,Mandarin,Jefferson,2.339
41051003903,sq,9-12,Mandarin,Jefferson,2.478
41051005101,sq,9-12,Mandarin,Jefferson,1.873
41051002101,sq,9-12,Mandarin,Cleveland,1.981
41051001703,sq,9-12,Mandarin,Cleveland,3.393
41051005201,sq,9-12,Mandarin,Cleveland,2.795
41051002102,sq,9-12,Mandarin,Cleveland,1.858
41051005001,sq,9-12,Mandarin,Jefferson,2.313
41051005602,sq,9-12,Mandarin,Cleveland,2.37
41051004103,sq,9-12,Mandarin,Jefferson,4.485
41051003904,sq,9-12,Mandarin,Jefferson,2.079
41051005103,sq,9-12,Mandarin,Jefferson,2.299
41051002902,sq,9-12,Mandarin,Cleveland,3.793
41051004102,sq,9-12,Mandarin,Jefferson,3.931
41051006200,sq,9-12,Mandarin,Cleveland,3.155
41051003301,sq,9-12,Mandarin,Jefferson,0.794
41051006404,sq,9-12,Mandarin,Cleveland,5.914
41051002801,sq,9-12,Mandarin,Cleveland,3.441
41051000402,sq,9-12,Mandarin,Cleveland,1.961
41051000702,sq,9-12,Mandarin,Cleveland,2.376
41051003801,sq,9-12,Mandarin,Jefferson,1.488
41051006702,sq,9-12,Mandarin,Cleveland,3.848
41051007001,sq,9-12,Mandarin,Jefferson,5.06
41051001801,sq,9-12,Mandarin,Cleveland,2.773
41051002903,sq,9-12,Mandarin,Cleveland,4.546
41051005901,sq,9-12,Mandarin,Cleveland,2.192
41051004104,sq,9-12,Mandarin,Jefferson,5.53
41051005601,sq,9-12,Mandarin,Cleveland,2.41
41051000902,sq,9-12,Mandarin,Cleveland,0.454
41051001203,sq,9-12,Mandarin,Cleveland,1.051
41051010601,sq,9-12,Mandarin,Cleveland,2.587
41051008800,sq,9-12,Mandarin,Cleveland,2.831
41051007002,sq,9-12,Mandarin,Jefferson,5.652
41051006403,sq,9-12,Mandarin,Cleveland,5.236
41051000901,sq,9-12,Mandarin,Cleveland,0.387
41051001802,sq,9-12,Mandarin,Cleveland,2.179
41051980000,sq,9-12,Mandarin,Jefferson,1.615
41051004902,sq,9-12,Mandarin,Jefferson,2.521
41051003100,sq,9-12,Japanese,Grant,1.203
41051003501,sq,9-12,Japanese,Grant,3.196
41051003803,sq,9-12,Japanese,Grant,3.378
41051006601,sq,9-12,Japanese,Grant,6.908
41051000801,sq,9-12,Japanese,Grant,2.723
41051002502,sq,9-12,Japanese,Grant,0.656
41051006701,sq,9-12,Japanese,Grant,6.559
41051005702,sq,9-12,Japanese,Grant,3.101
41051010602,sq,9-12,Japanese,Grant,2.687
41051003200,sq,9-12,Japanese,Grant,1.443
41051003402,sq,9-12,Japanese,Grant,2.192
41051004200,sq,9-12,Japanese,Grant,7.35
41051006402,sq,9-12,Japanese,Grant,7.324
41051007400,sq,9-12,Japanese,Grant,2.131
41051007500,sq,9-12,Japanese,Grant,1.46
41051008600,sq,9-12,Japanese,Grant,5.427
41051008902,sq,9-12,Japanese,Grant,5.873
41051000502,sq,9-12,Japanese,Grant,4.298
41051001202,sq,9-12,Japanese,Grant,2.246
41051002203,sq,9-12,Japanese,Grant,1.99
41051002501,sq,9-12,Japanese,Grant,0.646
41051006002,sq,9-12,Japanese,Grant,5.354
41051000201,sq,9-12,Japanese,Grant,5.024
41051005701,sq,9-12,Japanese,Grant,3.326
41051000202,sq,9-12,Japanese,Grant,3.943
41051005902,sq,9-12,Japanese,Grant,3.674
41051001704,sq,9-12,Japanese,Grant,2.271
41051001101,sq,9-12,Japanese,Grant,2.762
41051005500,sq,9-12,Japanese,Grant,3.609
41051003502,sq,9-12,Japanese,Grant,2.775
41051001500,sq,9-12,Japanese,Grant,2.211
41051002901,sq,9-12,Japanese,Grant,1.795
41051003603,sq,9-12,Japanese,Grant,1.826
41051001302,sq,9-12,Japanese,Grant,2.243
41051001204,sq,9-12,Japanese,Grant,1.677
41051004003,sq,9-12,Japanese,Grant,5.811
41051005202,sq,9-12,Japanese,Grant,3.538
41051006602,sq,9-12,Japanese,Grant,6.132
41051000601,sq,9-12,Japanese,Grant,4.814
41051002701,sq,9-12,Japanese,Grant,0.582
41051003302,sq,9-12,Japanese,Grant,1.622
41051006100,sq,9-12,Japanese,Grant,5.157
41051001000,sq,9-12,Japanese,Grant,3.191
41051000602,sq,9-12,Japanese,Grant,5.286
41051002002,sq,9-12,Japanese,Grant,1.233
41051002401,sq,9-12,Japanese,Grant,1.278
41051003602,sq,9-12,Japanese,Grant,2.205
41051004002,sq,9-12,Japanese,Grant,5.573
41051004700,sq,9-12,Japanese,Grant,3.655
41051003702,sq,9-12,Japanese,Grant,2.787
41051004500,sq,9-12,Japanese,Grant,3.389
41051004800,sq,9-12,Japanese,Grant,3.38
41051006502,sq,9-12,Japanese,Grant,6.809
41051007600,sq,9-12,Japanese,Grant,2.494
41051008301,sq,9-12,Japanese,Grant,3.922
41051008700,sq,9-12,Japanese,Grant,4.853
41051006802,sq,9-12,Japanese,Grant,5.547
41051006801,sq,9-12,Japanese,Grant,6.189
41051000302,sq,9-12,Japanese,Grant,4.735
41051000501,sq,9-12,Japanese,Grant,4.221
41051001601,sq,9-12,Japanese,Grant,2.491
41051001702,sq,9-12,Japanese,Grant,2.72
41051001900,sq,9-12,Japanese,Grant,0.858
41051002702,sq,9-12,Japanese,Grant,0.639
41051000102,sq,9-12,Japanese,Grant,4.187
41051000101,sq,9-12,Japanese,Grant,5.628
41051002001,sq,9-12,Japanese,Grant,0.929
41051005102,sq,9-12,Japanese,Grant,2.709
41051001400,sq,9-12,Japanese,Grant,1.926
41051001602,sq,9-12,Japanese,Grant,3.229
41051002303,sq,9-12,Japanese,Grant,1.984
41051002402,sq,9-12,Japanese,Grant,1.27
41051002600,sq,9-12,Japanese,Grant,0.114
41051003802,sq,9-12,Japanese,Grant,3.607
41051003902,sq,9-12,Japanese,Grant,4.013
41051004602,sq,9-12,Japanese,Grant,4.164
41051004601,sq,9-12,Japanese,Grant,4.201
41051005800,sq,9-12,Japanese,Grant,4.378
41051006001,sq,9-12,Japanese,Grant,4.512
41051006501,sq,9-12,Japanese,Grant,7.695
41051007201,sq,9-12,Japanese,Grant,7.871
41051007202,sq,9-12,Japanese,Grant,7.032
41051004300,sq,9-12,Japanese,Grant,7.617
41051006900,sq,9-12,Japanese,Grant,5.537
41051000301,sq,9-12,Japanese,Grant,3.936
41051000401,sq,9-12,Japanese,Grant,3.864
41051000701,sq,9-12,Japanese,Grant,3.186
41051000802,sq,9-12,Japanese,Grant,3.103
41051001301,sq,9-12,Japanese,Grant,1.643
41051002802,sq,9-12,Japanese,Grant,1.165
41051003000,sq,9-12,Japanese,Grant,1.131
41051003401,sq,9-12,Japanese,Grant,2.392
41051003601,sq,9-12,Japanese,Grant,2.737
41051003701,sq,9-12,Japanese,Grant,3.264
41051001102,sq,9-12,Japanese,Grant,2.553
41051005903,sq,9-12,Japanese,Grant,4.652
41051004901,sq,9-12,Japanese,Grant,3.467
41051005002,sq,9-12,Japanese,Grant,3.067
41051003903,sq,9-12,Japanese,Grant,5.089
41051005101,sq,9-12,Japanese,Grant,2.659
41051002101,sq,9-12,Japanese,Grant,1.973
41051001703,sq,9-12,Japanese,Grant,2.035
41051005201,sq,9-12,Japanese,Grant,3.286
41051002102,sq,9-12,Japanese,Grant,1.498
41051005001,sq,9-12,Japanese,Grant,2.928
41051005602,sq,9-12,Japanese,Grant,3.397
41051004103,sq,9-12,Japanese,Grant,7.102
41051003904,sq,9-12,Japanese,Grant,4.658
41051005103,sq,9-12,Japanese,Grant,2.388
41051002902,sq,9-12,Japanese,Grant,1.833
41051004102,sq,9-12,Japanese,Grant,6.556
41051006200,sq,9-12,Japanese,Grant,5.775
41051003301,sq,9-12,Japanese,Grant,1.961
41051006404,sq,9-12,Japanese,Grant,8.413
41051002801,sq,9-12,Japanese,Grant,1.08
41051000402,sq,9-12,Japanese,Grant,3.955
41051000702,sq,9-12,Japanese,Grant,3.539
41051003801,sq,9-12,Japanese,Grant,3.954
41051006702,sq,9-12,Japanese,Grant,5.855
41051007001,sq,9-12,Japanese,Grant,7.062
41051001801,sq,9-12,Japanese,Grant,1.483
41051002903,sq,9-12,Japanese,Grant,2.759
41051005901,sq,9-12,Japanese,Grant,4.473
41051004104,sq,9-12,Japanese,Grant,8.162
41051005601,sq,9-12,Japanese,Grant,3.214
41051000902,sq,9-12,Japanese,Grant,3.056
41051001203,sq,9-12,Japanese,Grant,1.914
41051010601,sq,9-12,Japanese,Grant,3.026
41051008800,sq,9-12,Japanese,Grant,5.153
41051007002,sq,9-12,Japanese,Grant,7.997
41051006403,sq,9-12,Japanese,Grant,7.699
41051000901,sq,9-12,Japanese,Grant,2.74
41051001802,sq,9-12,Japanese,Grant,1.603
41051980000,sq,9-12,Japanese,Grant,3.969
41051004902,sq,9-12,Japanese,Grant,3.217
41051003100,sq,9-12,Russian,Franklin,3.939
41051003501,sq,9-12,Russian,Franklin,5.522
41051003803,sq,9-12,Russian,Franklin,5.827
41051006601,sq,9-12,Russian,Franklin,6.47
41051000801,sq,9-12,Russian,Franklin,0.21
41051002502,sq,9-12,Russian,Franklin,2.718
41051006701,sq,9-12,Russian,Franklin,6.322
41051005702,sq,9-12,Russian,Franklin,3.364
41051010602,sq,9-12,Russian,Franklin,3.506
41051003200,sq,9-12,Russian,Franklin,4.132
41051003402,sq,9-12,Russian,Franklin,4.533
41051004200,sq,9-12,Russian,Franklin,9.604
41051006402,sq,9-12,Russian,Franklin,5.932
41051007400,sq,9-12,Russian,Franklin,4.521
41051007500,sq,9-12,Russian,Franklin,3.686
41051008600,sq,9-12,Russian,Franklin,2.693
41051008902,sq,9-12,Russian,Franklin,3.252
41051000502,sq,9-12,Russian,Franklin,1.636
41051001202,sq,9-12,Russian,Franklin,1.777
41051002203,sq,9-12,Russian,Franklin,4.075
41051002501,sq,9-12,Russian,Franklin,3.226
41051006002,sq,9-12,Russian,Franklin,4.363
41051000201,sq,9-12,Russian,Franklin,2.972
41051005701,sq,9-12,Russian,Franklin,3.266
41051000202,sq,9-12,Russian,Franklin,2.279
41051005902,sq,9-12,Russian,Franklin,3.096
41051001704,sq,9-12,Russian,Franklin,1.756
41051001101,sq,9-12,Russian,Franklin,2.926
41051005500,sq,9-12,Russian,Franklin,4.208
41051003502,sq,9-12,Russian,Franklin,4.929
41051001500,sq,9-12,Russian,Franklin,0.577
41051002901,sq,9-12,Russian,Franklin,3.408
41051003603,sq,9-12,Russian,Franklin,4.475
41051001302,sq,9-12,Russian,Franklin,1.107
41051001204,sq,9-12,Russian,Franklin,2.014
41051004003,sq,9-12,Russian,Franklin,8.244
41051005202,sq,9-12,Russian,Franklin,4.447
41051006602,sq,9-12,Russian,Franklin,5.374
41051000601,sq,9-12,Russian,Franklin,2.31
41051002701,sq,9-12,Russian,Franklin,2.915
41051003302,sq,9-12,Russian,Franklin,4.116
41051006100,sq,9-12,Russian,Franklin,4.742
41051001000,sq,9-12,Russian,Franklin,2.118
41051000602,sq,9-12,Russian,Franklin,2.628
41051002002,sq,9-12,Russian,Franklin,2.279
41051002401,sq,9-12,Russian,Franklin,3.622
41051003602,sq,9-12,Russian,Franklin,4.939
41051004002,sq,9-12,Russian,Franklin,7.822
41051004700,sq,9-12,Russian,Franklin,4.912
41051003702,sq,9-12,Russian,Franklin,5.39
41051004500,sq,9-12,Russian,Franklin,5.077
41051004800,sq,9-12,Russian,Franklin,4.597
41051006502,sq,9-12,Russian,Franklin,5.885
41051007600,sq,9-12,Russian,Franklin,4.222
41051008301,sq,9-12,Russian,Franklin,1.718
41051008700,sq,9-12,Russian,Franklin,2.161
41051006802,sq,9-12,Russian,Franklin,5.511
41051006801,sq,9-12,Russian,Franklin,6.296
41051000302,sq,9-12,Russian,Franklin,2.393
41051000501,sq,9-12,Russian,Franklin,1.487
41051001601,sq,9-12,Russian,Franklin,1.137
41051001702,sq,9-12,Russian,Franklin,2.319
41051001900,sq,9-12,Russian,Franklin,1.894
41051002702,sq,9-12,Russian,Franklin,2.215
41051000102,sq,9-12,Russian,Franklin,2.869
41051000101,sq,9-12,Russian,Franklin,3.73
41051002001,sq,9-12,Russian,Franklin,2.166
41051005102,sq,9-12,Russian,Franklin,4.002
41051001400,sq,9-12,Russian,Franklin,0.861
41051001602,sq,9-12,Russian,Franklin,1.831
41051002303,sq,9-12,Russian,Franklin,3.684
41051002402,sq,9-12,Russian,Franklin,3.127
41051002600,sq,9-12,Russian,Franklin,2.842
41051003802,sq,9-12,Russian,Franklin,6.145
41051003902,sq,9-12,Russian,Franklin,6.424
41051004602,sq,9-12,Russian,Franklin,4.621
41051004601,sq,9-12,Russian,Franklin,5.105
41051005800,sq,9-12,Russian,Franklin,4.415
41051006001,sq,9-12,Russian,Franklin,4.155
41051006501,sq,9-12,Russian,Franklin,6.878
41051007201,sq,9-12,Russian,Franklin,10.543
41051007202,sq,9-12,Russian,Franklin,9.612
41051004300,sq,9-12,Russian,Franklin,9.659
41051006900,sq,9-12,Russian,Franklin,6.067
41051000301,sq,9-12,Russian,Franklin,1.805
41051000401,sq,9-12,Russian,Franklin,1.317
41051000701,sq,9-12,Russian,Franklin,0.865
41051000802,sq,9-12,Russian,Franklin,0.533
41051001301,sq,9-12,Russian,Franklin,1.408
41051002802,sq,9-12,Russian,Franklin,2.105
41051003000,sq,9-12,Russian,Franklin,3.776
41051003401,sq,9-12,Russian,Franklin,4.875
41051003601,sq,9-12,Russian,Franklin,5.453
41051003701,sq,9-12,Russian,Franklin,5.935
41051001102,sq,9-12,Russian,Franklin,2.443
41051005903,sq,9-12,Russian,Franklin,3.579
41051004901,sq,9-12,Russian,Franklin,4.889
41051005002,sq,9-12,Russian,Franklin,4.352
41051003903,sq,9-12,Russian,Franklin,7.579
41051005101,sq,9-12,Russian,Franklin,4.231
41051002101,sq,9-12,Russian,Franklin,2.971
41051001703,sq,9-12,Russian,Franklin,2.229
41051005201,sq,9-12,Russian,Franklin,4.133
41051002102,sq,9-12,Russian,Franklin,2.582
41051005001,sq,9-12,Russian,Franklin,4.209
41051005602,sq,9-12,Russian,Franklin,3.815
41051004103,sq,9-12,Russian,Franklin,9.562
41051003904,sq,9-12,Russian,Franklin,7.194
41051005103,sq,9-12,Russian,Franklin,3.646
41051002902,sq,9-12,Russian,Franklin,2.813
41051004102,sq,9-12,Russian,Franklin,8.864
41051006200,sq,9-12,Russian,Franklin,4.521
41051003301,sq,9-12,Russian,Franklin,4.592
41051006404,sq,9-12,Russian,Franklin,7.278
41051002801,sq,9-12,Russian,Franklin,2.78
41051000402,sq,9-12,Russian,Franklin,1.248
41051000702,sq,9-12,Russian,Franklin,0.948
41051003801,sq,9-12,Russian,Franklin,6.558
41051006702,sq,9-12,Russian,Franklin,5.409
41051007001,sq,9-12,Russian,Franklin,8.467
41051001801,sq,9-12,Russian,Franklin,1.832
41051002903,sq,9-12,Russian,Franklin,3.356
41051005901,sq,9-12,Russian,Franklin,3.745
41051004104,sq,9-12,Russian,Franklin,10.51
41051005601,sq,9-12,Russian,Franklin,3.799
41051000902,sq,9-12,Russian,Franklin,1.277
41051001203,sq,9-12,Russian,Franklin,1.891
41051010601,sq,9-12,Russian,Franklin,3.886
41051008800,sq,9-12,Russian,Franklin,2.468
41051007002,sq,9-12,Russian,Franklin,9.742
41051006403,sq,9-12,Russian,Franklin,6.635
41051000901,sq,9-12,Russian,Franklin,1.191
41051001802,sq,9-12,Russian,Franklin,1.28
41051980000,sq,9-12,Russian,Franklin,6.066
41051004902,sq,9-12,Russian,Franklin,4.398
41051003100,sq,9-12,Vietnamese,McDaniel,2.834
41051003501,sq,9-12,Vietnamese,McDaniel,5.254
41051003803,sq,9-12,Vietnamese,McDaniel,5.324
41051006601,sq,9-12,Vietnamese,McDaniel,8.822
41051000801,sq,9-12,Vietnamese,McDaniel,3.173
41051002502,sq,9-12,Vietnamese,McDaniel,2.864
41051006701,sq,9-12,Vietnamese,McDaniel,8.54
41051005702,sq,9-12,Vietnamese,McDaniel,5.103
41051010602,sq,9-12,Vietnamese,McDaniel,4.822
41051003200,sq,9-12,Vietnamese,McDaniel,3.282
41051003402,sq,9-12,Vietnamese,McDaniel,4.316
41051004200,sq,9-12,Vietnamese,McDaniel,9.303
41051006402,sq,9-12,Vietnamese,McDaniel,8.781
41051007400,sq,9-12,Vietnamese,McDaniel,2.259
41051007500,sq,9-12,Vietnamese,McDaniel,1.615
41051008600,sq,9-12,Vietnamese,McDaniel,5.215
41051008902,sq,9-12,Vietnamese,McDaniel,5.209
41051000502,sq,9-12,Vietnamese,McDaniel,3.963
41051001202,sq,9-12,Vietnamese,McDaniel,3.785
41051002203,sq,9-12,Vietnamese,McDaniel,4.218
41051002501,sq,9-12,Vietnamese,McDaniel,2.834
41051006002,sq,9-12,Vietnamese,McDaniel,6.982
41051000201,sq,9-12,Vietnamese,McDaniel,5.978
41051005701,sq,9-12,Vietnamese,McDaniel,5.232
41051000202,sq,9-12,Vietnamese,McDaniel,5.123
41051005902,sq,9-12,Vietnamese,McDaniel,5.399
41051001704,sq,9-12,Vietnamese,McDaniel,1.341
41051001101,sq,9-12,Vietnamese,McDaniel,4.694
41051005500,sq,9-12,Vietnamese,McDaniel,5.742
41051003502,sq,9-12,Vietnamese,McDaniel,4.944
41051001500,sq,9-12,Vietnamese,McDaniel,2.517
41051002901,sq,9-12,Vietnamese,McDaniel,0.867
41051003603,sq,9-12,Vietnamese,McDaniel,2.721
41051001302,sq,9-12,Vietnamese,McDaniel,3.375
41051001204,sq,9-12,Vietnamese,McDaniel,3.438
41051004003,sq,9-12,Vietnamese,McDaniel,7.648
41051005202,sq,9-12,Vietnamese,McDaniel,5.735
41051006602,sq,9-12,Vietnamese,McDaniel,7.895
41051000601,sq,9-12,Vietnamese,McDaniel,4.101
41051002701,sq,9-12,Vietnamese,McDaniel,1.761
41051003302,sq,9-12,Vietnamese,McDaniel,3.706
41051006100,sq,9-12,Vietnamese,McDaniel,7.033
41051001000,sq,9-12,Vietnamese,McDaniel,4.624
41051000602,sq,9-12,Vietnamese,McDaniel,4.777
41051002002,sq,9-12,Vietnamese,McDaniel,3.187
41051002401,sq,9-12,Vietnamese,McDaniel,3.487
41051003602,sq,9-12,Vietnamese,McDaniel,3.471
41051004002,sq,9-12,Vietnamese,McDaniel,7.576
41051004700,sq,9-12,Vietnamese,McDaniel,5.9
41051003702,sq,9-12,Vietnamese,McDaniel,4.59
41051004500,sq,9-12,Vietnamese,McDaniel,5.636
41051004800,sq,9-12,Vietnamese,McDaniel,5.617
41051006502,sq,9-12,Vietnamese,McDaniel,8.511
41051007600,sq,9-12,Vietnamese,McDaniel,1.382
41051008301,sq,9-12,Vietnamese,McDaniel,3.108
41051008700,sq,9-12,Vietnamese,McDaniel,5.021
41051006802,sq,9-12,Vietnamese,McDaniel,7.571
41051006801,sq,9-12,Vietnamese,McDaniel,8.27
41051000302,sq,9-12,Vietnamese,McDaniel,5.427
41051000501,sq,9-12,Vietnamese,McDaniel,4.167
41051001601,sq,9-12,Vietnamese,McDaniel,2.004
41051001702,sq,9-12,Vietnamese,McDaniel,1.127
41051001900,sq,9-12,Vietnamese,McDaniel,2.317
41051002702,sq,9-12,Vietnamese,McDaniel,1.837
41051000102,sq,9-12,Vietnamese,McDaniel,5.586
41051000101,sq,9-12,Vietnamese,McDaniel,6.713
41051002001,sq,9-12,Vietnamese,McDaniel,2.814
41051005102,sq,9-12,Vietnamese,McDaniel,4.939
41051001400,sq,9-12,Vietnamese,McDaniel,2.739
41051001602,sq,9-12,Vietnamese,McDaniel,2.075
41051002303,sq,9-12,Vietnamese,McDaniel,4.234
41051002402,sq,9-12,Vietnamese,McDaniel,3.511
41051002600,sq,9-12,Vietnamese,McDaniel,2.244
41051003802,sq,9-12,Vietnamese,McDaniel,5.435
41051003902,sq,9-12,Vietnamese,McDaniel,5.956
41051004602,sq,9-12,Vietnamese,McDaniel,6.284
41051004601,sq,9-12,Vietnamese,McDaniel,6.414
41051005800,sq,9-12,Vietnamese,McDaniel,6.384
41051006001,sq,9-12,Vietnamese,McDaniel,6.383
41051006501,sq,9-12,Vietnamese,McDaniel,9.464
41051007201,sq,9-12,Vietnamese,McDaniel,9.213
41051007202,sq,9-12,Vietnamese,McDaniel,8.621
41051004300,sq,9-12,Vietnamese,McDaniel,9.693
41051006900,sq,9-12,Vietnamese,McDaniel,7.709
41051000301,sq,9-12,Vietnamese,McDaniel,4.797
41051000401,sq,9-12,Vietnamese,McDaniel,4.342
41051000701,sq,9-12,Vietnamese,McDaniel,2.831
41051000802,sq,9-12,Vietnamese,McDaniel,3.566
41051001301,sq,9-12,Vietnamese,McDaniel,2.976
41051002802,sq,9-12,Vietnamese,McDaniel,1.341
41051003000,sq,9-12,Vietnamese,McDaniel,2.308
41051003401,sq,9-12,Vietnamese,McDaniel,4.393
41051003601,sq,9-12,Vietnamese,McDaniel,4.234
41051003701,sq,9-12,Vietnamese,McDaniel,4.867
41051001102,sq,9-12,Vietnamese,McDaniel,4.342
41051005903,sq,9-12,Vietnamese,McDaniel,6.208
41051004901,sq,9-12,Vietnamese,McDaniel,5.719
41051005002,sq,9-12,Vietnamese,McDaniel,5.305
41051003903,sq,9-12,Vietnamese,McDaniel,6.891
41051005101,sq,9-12,Vietnamese,McDaniel,4.911
41051002101,sq,9-12,Vietnamese,McDaniel,4.088
41051001703,sq,9-12,Vietnamese,McDaniel,0.808
41051005201,sq,9-12,Vietnamese,McDaniel,5.461
41051002102,sq,9-12,Vietnamese,McDaniel,3.559
41051005001,sq,9-12,Vietnamese,McDaniel,5.162
41051005602,sq,9-12,Vietnamese,McDaniel,5.469
41051004103,sq,9-12,Vietnamese,McDaniel,8.867
41051003904,sq,9-12,Vietnamese,McDaniel,6.419
41051005103,sq,9-12,Vietnamese,McDaniel,4.6
41051002902,sq,9-12,Vietnamese,McDaniel,0.423
41051004102,sq,9-12,Vietnamese,McDaniel,8.486
41051006200,sq,9-12,Vietnamese,McDaniel,7.28
41051003301,sq,9-12,Vietnamese,McDaniel,3.826
41051006404,sq,9-12,Vietnamese,McDaniel,10.033
41051002801,sq,9-12,Vietnamese,McDaniel,1.188
41051000402,sq,9-12,Vietnamese,McDaniel,4.155
41051000702,sq,9-12,Vietnamese,McDaniel,3.293
41051003801,sq,9-12,Vietnamese,McDaniel,5.649
41051006702,sq,9-12,Vietnamese,McDaniel,7.742
41051007001,sq,9-12,Vietnamese,McDaniel,9.306
41051001801,sq,9-12,Vietnamese,McDaniel,1.353
41051002903,sq,9-12,Vietnamese,McDaniel,0.507
41051005901,sq,9-12,Vietnamese,McDaniel,6.186
41051004104,sq,9-12,Vietnamese,McDaniel,10.019
41051005601,sq,9-12,Vietnamese,McDaniel,5.322
41051000902,sq,9-12,Vietnamese,McDaniel,4.068
41051001203,sq,9-12,Vietnamese,McDaniel,3.575
41051010601,sq,9-12,Vietnamese,McDaniel,5.192
41051008800,sq,9-12,Vietnamese,McDaniel,5.322
41051007002,sq,9-12,Vietnamese,McDaniel,10.177
41051006403,sq,9-12,Vietnamese,McDaniel,9.346
41051000901,sq,9-12,Vietnamese,McDaniel,3.82
41051001802,sq,9-12,Vietnamese,McDaniel,1.949
41051980000,sq,9-12,Vietnamese,McDaniel,6.108
41051004902,sq,9-12,Vietnamese,McDaniel,5.447
41051003100,sq,K-5,Spanish,Rigler,1.37
41051003501,sq,K-5,Spanish,Beach,0.109
41051003803,sq,K-5,Spanish,Beach,0.57
41051006601,sq,K-5,Spanish,Ainsworth,3.04
41051000801,sq,K-5,Spanish,Atkinson,0.404
41051002502,sq,K-5,Spanish,Rigler,2.118
41051006701,sq,K-5,Spanish,Ainsworth,2.598
41051005702,sq,K-5,Spanish,Ainsworth,1.176
41051010602,sq,K-5,Spanish,Ainsworth,1.377
41051003200,sq,K-5,Spanish,Rigler,1.839
41051003402,sq,K-5,Spanish,Beach,0.932
41051004200,sq,K-5,Spanish,James John,0.376
41051006402,sq,K-5,Spanish,Ainsworth,4.393
41051007400,sq,K-5,Spanish,Rigler,0.801
41051007500,sq,K-5,Spanish,Rigler,0.039
41051008600,sq,K-5,Spanish,Lent,1.623
41051008902,sq,K-5,Spanish,Lent,1.218
41051000502,sq,K-5,Spanish,Lent,0.968
41051001202,sq,K-5,Spanish,Atkinson,1.848
41051002203,sq,K-5,Spanish,Beach,1.355
41051002501,sq,K-5,Spanish,Rigler,1.77
41051006002,sq,K-5,Spanish,Ainsworth,2.512
41051000201,sq,K-5,Spanish,Atkinson,3.2
41051005701,sq,K-5,Spanish,Ainsworth,1.295
41051000202,sq,K-5,Spanish,Atkinson,2.485
41051005902,sq,K-5,Spanish,Ainsworth,1.751
41051001704,sq,K-5,Spanish,Atkinson,1.529
41051001101,sq,K-5,Spanish,Ainsworth,1.624
41051005500,sq,K-5,Spanish,Ainsworth,0.458
41051003502,sq,K-5,Spanish,Beach,0.565
41051001500,sq,K-5,Spanish,Atkinson,0.389
41051002901,sq,K-5,Spanish,Scott,0.314
41051003603,sq,K-5,Spanish,Rigler,1.091
41051001302,sq,K-5,Spanish,Atkinson,1.177
41051001204,sq,K-5,Spanish,Atkinson,2.016
41051004003,sq,K-5,Spanish,César Chávez,0.373
41051005202,sq,K-5,Spanish,Ainsworth,0.762
41051006602,sq,K-5,Spanish,Ainsworth,2.691
41051000601,sq,K-5,Spanish,Lent,0.213
41051002701,sq,K-5,Spanish,Rigler,0.96
41051003302,sq,K-5,Spanish,Beach,1.508
41051006100,sq,K-5,Spanish,Ainsworth,1.632
41051001000,sq,K-5,Spanish,Atkinson,2.274
41051000602,sq,K-5,Spanish,Lent,0.923
41051002002,sq,K-5,Spanish,Atkinson,2.235
41051002401,sq,K-5,Spanish,Beach,1.878
41051003602,sq,K-5,Spanish,Rigler,1.846
41051004002,sq,K-5,Spanish,César Chávez,0.762
41051004700,sq,K-5,Spanish,Ainsworth,1.302
41051003702,sq,K-5,Spanish,Beach,1.04
41051004500,sq,K-5,Spanish,Beach,1.384
41051004800,sq,K-5,Spanish,Ainsworth,1.235
41051006502,sq,K-5,Spanish,Ainsworth,3.402
41051007600,sq,K-5,Spanish,Scott,0.573
41051008301,sq,K-5,Spanish,Lent,0.917
41051008700,sq,K-5,Spanish,Lent,2.117
41051006802,sq,K-5,Spanish,Ainsworth,1.565
41051006801,sq,K-5,Spanish,Ainsworth,2.129
41051000302,sq,K-5,Spanish,Atkinson,2.622
41051000501,sq,K-5,Spanish,Lent,1.482
41051001601,sq,K-5,Spanish,Atkinson,0.919
41051001702,sq,K-5,Spanish,Atkinson,2.098
41051001900,sq,K-5,Spanish,Atkinson,1.768
41051002702,sq,K-5,Spanish,Rigler,1.618
41051000102,sq,K-5,Spanish,Ainsworth,2.694
41051000101,sq,K-5,Spanish,Atkinson,3.956
41051002001,sq,K-5,Spanish,Atkinson,2.086
41051005102,sq,K-5,Spanish,Ainsworth,1.567
41051001400,sq,K-5,Spanish,Atkinson,0.796
41051001602,sq,K-5,Spanish,Atkinson,1.656
41051002303,sq,K-5,Spanish,Beach,1.851
41051002402,sq,K-5,Spanish,Beach,2.296
41051002600,sq,K-5,Spanish,Rigler,1.407
41051003802,sq,K-5,Spanish,Beach,1.024
41051003902,sq,K-5,Spanish,Beach,1.021
41051004602,sq,K-5,Spanish,Ainsworth,0.102
41051004601,sq,K-5,Spanish,Ainsworth,0.828
41051005800,sq,K-5,Spanish,Ainsworth,0.69
41051006001,sq,K-5,Spanish,Ainsworth,1.296
41051006501,sq,K-5,Spanish,Ainsworth,4.046
41051007201,sq,K-5,Spanish,Sitton,2.877
41051007202,sq,K-5,Spanish,Sitton,1.748
41051004300,sq,K-5,Spanish,James John,1.335
41051006900,sq,K-5,Spanish,Ainsworth,1.569
41051000301,sq,K-5,Spanish,Atkinson,2.03
41051000401,sq,K-5,Spanish,Atkinson,1.542
41051000701,sq,K-5,Spanish,Atkinson,0.793
41051000802,sq,K-5,Spanish,Atkinson,0.762
41051001301,sq,K-5,Spanish,Atkinson,1.38
41051002802,sq,K-5,Spanish,Rigler,1.627
41051003000,sq,K-5,Spanish,Rigler,0.805
41051003401,sq,K-5,Spanish,Beach,0.824
41051003601,sq,K-5,Spanish,Beach,1.772
41051003701,sq,K-5,Spanish,Beach,1.521
41051001102,sq,K-5,Spanish,Ainsworth,2.096
41051005903,sq,K-5,Spanish,Ainsworth,2.385
41051004901,sq,K-5,Spanish,Ainsworth,1.578
41051005002,sq,K-5,Spanish,Ainsworth,1.403
41051003903,sq,K-5,Spanish,César Chávez,0.524
41051005101,sq,K-5,Spanish,Beach,1.668
41051002101,sq,K-5,Spanish,Ainsworth,2.103
41051001703,sq,K-5,Spanish,Scott,1.701
41051005201,sq,K-5,Spanish,Ainsworth,0.845
41051002102,sq,K-5,Spanish,Atkinson,2.561
41051005001,sq,K-5,Spanish,Ainsworth,1.448
41051005602,sq,K-5,Spanish,Ainsworth,0.738
41051004103,sq,K-5,Spanish,Sitton,0.863
41051003904,sq,K-5,Spanish,César Chávez,0.992
41051005103,sq,K-5,Spanish,Ainsworth,1.754
41051002902,sq,K-5,Spanish,Scott,1.01
41051004102,sq,K-5,Spanish,James John,0.46
41051006200,sq,K-5,Spanish,Ainsworth,3.116
41051003301,sq,K-5,Spanish,Beach,1.438
41051006404,sq,K-5,Spanish,Ainsworth,4.997
41051002801,sq,K-5,Spanish,Rigler,0.954
41051000402,sq,K-5,Spanish,Atkinson,1.442
41051000702,sq,K-5,Spanish,Atkinson,0.989
41051003801,sq,K-5,Spanish,Beach,1.541
41051006702,sq,K-5,Spanish,Ainsworth,2.148
41051007001,sq,K-5,Spanish,James John,3.567
41051001801,sq,K-5,Spanish,Atkinson,1.618
41051002903,sq,K-5,Spanish,Scott,1.406
41051005901,sq,K-5,Spanish,Ainsworth,1.843
41051004104,sq,K-5,Spanish,Sitton,0.537
41051005601,sq,K-5,Spanish,Ainsworth,0.86
41051000902,sq,K-5,Spanish,Atkinson,1.463
41051001203,sq,K-5,Spanish,Atkinson,1.92
41051010601,sq,K-5,Spanish,Ainsworth,1.062
41051008800,sq,K-5,Spanish,Lent,2.276
41051007002,sq,K-5,Spanish,James John,2.628
41051006403,sq,K-5,Spanish,Ainsworth,4.296
41051000901,sq,K-5,Spanish,Atkinson,1.343
41051001802,sq,K-5,Spanish,Atkinson,1.085
41051980000,sq,K-5,Spanish,Beach,0.952
41051004902,sq,K-5,Spanish,Ainsworth,1.219
41051003100,sq,K-5,Mandarin,MLK Jr,1.139
41051003501,sq,K-5,Mandarin,MLK Jr,1.314
41051003803,sq,K-5,Mandarin,MLK Jr,1.372
41051006601,sq,K-5,Mandarin,Woodstock,5.941
41051000801,sq,K-5,Mandarin,Woodstock,1.329
41051002502,sq,K-5,Mandarin,MLK Jr,1.909
41051006701,sq,K-5,Mandarin,Woodstock,5.908
41051005702,sq,K-5,Mandarin,MLK Jr,3.431
41051010602,sq,K-5,Mandarin,MLK Jr,2.775
41051003200,sq,K-5,Mandarin,MLK Jr,0.681
41051003402,sq,K-5,Mandarin,MLK Jr,0.661
41051004200,sq,K-5,Mandarin,MLK Jr,5.366
41051006402,sq,K-5,Mandarin,Woodstock,4.931
41051007400,sq,K-5,Mandarin,MLK Jr,2.476
41051007500,sq,K-5,Mandarin,MLK Jr,2.489
41051008600,sq,K-5,Mandarin,Woodstock,1.72
41051008902,sq,K-5,Mandarin,Woodstock,2.661
41051000502,sq,K-5,Mandarin,Woodstock,1.359
41051001202,sq,K-5,Mandarin,Woodstock,2.349
41051002203,sq,K-5,Mandarin,MLK Jr,1.134
41051002501,sq,K-5,Mandarin,MLK Jr,1.427
41051006002,sq,K-5,Mandarin,Woodstock,3.719
41051000201,sq,K-5,Mandarin,Woodstock,1.819
41051005701,sq,K-5,Mandarin,Woodstock,3.386
41051000202,sq,K-5,Mandarin,Woodstock,1.649
41051005902,sq,K-5,Mandarin,Woodstock,2.965
41051001704,sq,K-5,Mandarin,Clark,1.021
41051001101,sq,K-5,Mandarin,Woodstock,3.267
41051005500,sq,K-5,Mandarin,MLK Jr,3.456
41051003502,sq,K-5,Mandarin,MLK Jr,1.237
41051001500,sq,K-5,Mandarin,Clark,1.804
41051002901,sq,K-5,Mandarin,Clark,2.8
41051003603,sq,K-5,Mandarin,MLK Jr,1.7
41051001302,sq,K-5,Mandarin,Woodstock,1.886
41051001204,sq,K-5,Mandarin,Woodstock,2.849
41051004003,sq,K-5,Mandarin,MLK Jr,3.78
41051005202,sq,K-5,Mandarin,MLK Jr,3.135
41051006602,sq,K-5,Mandarin,Woodstock,4.755
41051000601,sq,K-5,Mandarin,Clark,2.099
41051002701,sq,K-5,Mandarin,MLK Jr,2.275
41051003302,sq,K-5,Mandarin,MLK Jr,0.537
41051006100,sq,K-5,Mandarin,Woodstock,4.383
41051001000,sq,K-5,Mandarin,Woodstock,2.061
41051000602,sq,K-5,Mandarin,Woodstock,2.039
41051002002,sq,K-5,Mandarin,MLK Jr,2.479
41051002401,sq,K-5,Mandarin,MLK Jr,1.052
41051003602,sq,K-5,Mandarin,MLK Jr,1.201
41051004002,sq,K-5,Mandarin,MLK Jr,3.617
41051004700,sq,K-5,Mandarin,MLK Jr,2.873
41051003702,sq,K-5,Mandarin,MLK Jr,0.766
41051004500,sq,K-5,Mandarin,MLK Jr,2.23
41051004800,sq,K-5,Mandarin,MLK Jr,2.738
41051006502,sq,K-5,Mandarin,Woodstock,5.135
41051007600,sq,K-5,Mandarin,Clark,3.406
41051008301,sq,K-5,Mandarin,Clark,1.131
41051008700,sq,K-5,Mandarin,Woodstock,0.888
41051006802,sq,K-5,Mandarin,Woodstock,5.272
41051006801,sq,K-5,Mandarin,MLK Jr,5.867
41051000302,sq,K-5,Mandarin,Woodstock,1.094
41051000501,sq,K-5,Mandarin,Woodstock,0.846
41051001601,sq,K-5,Mandarin,Clark,1
41051001702,sq,K-5,Mandarin,Clark,0.9
41051001900,sq,K-5,Mandarin,Clark,2.757
41051002702,sq,K-5,Mandarin,Clark,2.648
41051000102,sq,K-5,Mandarin,Woodstock,2.305
41051000101,sq,K-5,Mandarin,Woodstock,2.594
41051002001,sq,K-5,Mandarin,MLK Jr,2.474
41051005102,sq,K-5,Mandarin,MLK Jr,2.319
41051001400,sq,K-5,Mandarin,Woodstock,2.087
41051001602,sq,K-5,Mandarin,Clark,0.142
41051002303,sq,K-5,Mandarin,MLK Jr,1.686
41051002402,sq,K-5,Mandarin,MLK Jr,1.68
41051002600,sq,K-5,Mandarin,MLK Jr,1.967
41051003802,sq,K-5,Mandarin,MLK Jr,1.57
41051003902,sq,K-5,Mandarin,MLK Jr,2.009
41051004602,sq,K-5,Mandarin,MLK Jr,3.951
41051004601,sq,K-5,Mandarin,MLK Jr,3.591
41051005800,sq,K-5,Mandarin,Woodstock,4.35
41051006001,sq,K-5,Mandarin,Woodstock,3.916
41051006501,sq,K-5,Mandarin,Woodstock,6.127
41051007201,sq,K-5,Mandarin,MLK Jr,5.921
41051007202,sq,K-5,Mandarin,MLK Jr,5.011
41051004300,sq,K-5,Mandarin,MLK Jr,5.732
41051006900,sq,K-5,Mandarin,MLK Jr,4.974
41051000301,sq,K-5,Mandarin,Woodstock,0.93
41051000401,sq,K-5,Mandarin,Woodstock,0.184
41051000701,sq,K-5,Mandarin,Clark,1.263
41051000802,sq,K-5,Mandarin,Woodstock,0.919
41051001301,sq,K-5,Mandarin,Woodstock,2.445
41051002802,sq,K-5,Mandarin,Clark,2.142
41051003000,sq,K-5,Mandarin,MLK Jr,1.699
41051003401,sq,K-5,Mandarin,MLK Jr,0.45
41051003601,sq,K-5,Mandarin,MLK Jr,1.05
41051003701,sq,K-5,Mandarin,MLK Jr,1.341
41051001102,sq,K-5,Mandarin,Woodstock,2.83
41051005903,sq,K-5,Mandarin,Woodstock,3.011
41051004901,sq,K-5,Mandarin,MLK Jr,2.577
41051005002,sq,K-5,Mandarin,MLK Jr,2.49
41051003903,sq,K-5,Mandarin,MLK Jr,3.052
41051005101,sq,K-5,Mandarin,MLK Jr,1.982
41051002101,sq,K-5,Mandarin,MLK Jr,2.432
41051001703,sq,K-5,Mandarin,Clark,1.45
41051005201,sq,K-5,Mandarin,MLK Jr,3.042
41051002102,sq,K-5,Mandarin,MLK Jr,2.376
41051005001,sq,K-5,Mandarin,MLK Jr,2.427
41051005602,sq,K-5,Mandarin,MLK Jr,3.476
41051004103,sq,K-5,Mandarin,MLK Jr,5.065
41051003904,sq,K-5,Mandarin,MLK Jr,2.622
41051005103,sq,K-5,Mandarin,MLK Jr,2.25
41051002902,sq,K-5,Mandarin,Clark,2.103
41051004102,sq,K-5,Mandarin,MLK Jr,4.558
41051006200,sq,K-5,Mandarin,Woodstock,3.701
41051003301,sq,K-5,Mandarin,MLK Jr,0.175
41051006404,sq,K-5,Mandarin,Woodstock,6.349
41051002801,sq,K-5,Mandarin,Clark,2.619
41051000402,sq,K-5,Mandarin,Woodstock,0.399
41051000702,sq,K-5,Mandarin,Woodstock,1.364
41051003801,sq,K-5,Mandarin,MLK Jr,1.938
41051006702,sq,K-5,Mandarin,Woodstock,4.958
41051007001,sq,K-5,Mandarin,MLK Jr,5.632
41051001801,sq,K-5,Mandarin,Clark,1.801
41051002903,sq,K-5,Mandarin,Clark,2.051
41051005901,sq,K-5,Mandarin,Woodstock,3.363
41051004104,sq,K-5,Mandarin,MLK Jr,6.141
41051005601,sq,K-5,Mandarin,MLK Jr,3.233
41051000902,sq,K-5,Mandarin,Woodstock,1.293
41051001203,sq,K-5,Mandarin,Woodstock,2.629
41051010601,sq,K-5,Mandarin,MLK Jr,2.891
41051008800,sq,K-5,Mandarin,Woodstock,1.165
41051007002,sq,K-5,Mandarin,MLK Jr,6.284
41051006403,sq,K-5,Mandarin,Woodstock,5.768
41051000901,sq,K-5,Mandarin,Woodstock,1.529
41051001802,sq,K-5,Mandarin,Clark,1.867
41051980000,sq,K-5,Mandarin,MLK Jr,2.224
41051004902,sq,K-5,Mandarin,MLK Jr,2.68
41051003100,sq,K-5,Japanese,Richmond,3.439
41051003501,sq,K-5,Japanese,Richmond,4.842
41051003803,sq,K-5,Japanese,Richmond,5.166
41051006601,sq,K-5,Japanese,Richmond,5.974
41051000801,sq,K-5,Japanese,Richmond,0.587
41051002502,sq,K-5,Japanese,Richmond,2.11
41051006701,sq,K-5,Japanese,Richmond,5.782
41051005702,sq,K-5,Japanese,Richmond,2.678
41051010602,sq,K-5,Japanese,Richmond,2.784
41051003200,sq,K-5,Japanese,Richmond,3.574
41051003402,sq,K-5,Japanese,Richmond,3.868
41051004200,sq,K-5,Japanese,Richmond,8.897
41051006402,sq,K-5,Japanese,Richmond,5.687
41051007400,sq,K-5,Japanese,Richmond,4.226
41051007500,sq,K-5,Japanese,Richmond,3.416
41051008600,sq,K-5,Japanese,Richmond,3.288
41051008902,sq,K-5,Japanese,Richmond,3.943
41051000502,sq,K-5,Japanese,Richmond,2.33
41051001202,sq,K-5,Japanese,Richmond,1.076
41051002203,sq,K-5,Japanese,Richmond,3.387
41051002501,sq,K-5,Japanese,Richmond,2.66
41051006002,sq,K-5,Japanese,Richmond,3.961
41051000201,sq,K-5,Japanese,Richmond,2.941
41051005701,sq,K-5,Japanese,Richmond,2.616
41051000202,sq,K-5,Japanese,Richmond,2.023
41051005902,sq,K-5,Japanese,Richmond,2.535
41051001704,sq,K-5,Japanese,Richmond,1.998
41051001101,sq,K-5,Japanese,Richmond,2.233
41051005500,sq,K-5,Japanese,Richmond,3.511
41051003502,sq,K-5,Japanese,Richmond,4.234
41051001500,sq,K-5,Japanese,Richmond,0.71
41051002901,sq,K-5,Japanese,Richmond,3.288
41051003603,sq,K-5,Japanese,Richmond,4.066
41051001302,sq,K-5,Japanese,Richmond,0.409
41051001204,sq,K-5,Japanese,Richmond,1.291
41051004003,sq,K-5,Japanese,Richmond,7.565
41051005202,sq,K-5,Japanese,Richmond,3.732
41051006602,sq,K-5,Japanese,Richmond,4.934
41051000601,sq,K-5,Japanese,Richmond,3.033
41051002701,sq,K-5,Japanese,Richmond,2.557
41051003302,sq,K-5,Japanese,Richmond,3.491
41051006100,sq,K-5,Japanese,Richmond,4.208
41051001000,sq,K-5,Japanese,Richmond,1.611
41051000602,sq,K-5,Japanese,Richmond,3.31
41051002002,sq,K-5,Japanese,Richmond,1.593
41051002401,sq,K-5,Japanese,Richmond,2.985
41051003602,sq,K-5,Japanese,Richmond,4.447
41051004002,sq,K-5,Japanese,Richmond,7.118
41051004700,sq,K-5,Japanese,Richmond,4.186
41051003702,sq,K-5,Japanese,Richmond,4.774
41051004500,sq,K-5,Japanese,Richmond,4.351
41051004800,sq,K-5,Japanese,Richmond,3.871
41051006502,sq,K-5,Japanese,Richmond,5.497
41051007600,sq,K-5,Japanese,Richmond,4.12
41051008301,sq,K-5,Japanese,Richmond,2.427
41051008700,sq,K-5,Japanese,Richmond,2.619
41051006802,sq,K-5,Japanese,Richmond,4.922
41051006801,sq,K-5,Japanese,Richmond,5.695
41051000302,sq,K-5,Japanese,Richmond,2.524
41051000501,sq,K-5,Japanese,Richmond,2.1
41051001601,sq,K-5,Japanese,Richmond,1.531
41051001702,sq,K-5,Japanese,Richmond,2.629
41051001900,sq,K-5,Japanese,Richmond,1.401
41051002702,sq,K-5,Japanese,Richmond,1.85
41051000102,sq,K-5,Japanese,Richmond,2.51
41051000101,sq,K-5,Japanese,Richmond,3.642
41051002001,sq,K-5,Japanese,Richmond,1.54
41051005102,sq,K-5,Japanese,Richmond,3.274
41051001400,sq,K-5,Japanese,Richmond,0.384
41051001602,sq,K-5,Japanese,Richmond,2.369
41051002303,sq,K-5,Japanese,Richmond,2.973
41051002402,sq,K-5,Japanese,Richmond,2.45
41051002600,sq,K-5,Japanese,Richmond,2.369
41051003802,sq,K-5,Japanese,Richmond,5.502
41051003902,sq,K-5,Japanese,Richmond,5.75
41051004602,sq,K-5,Japanese,Richmond,3.946
41051004601,sq,K-5,Japanese,Richmond,4.397
41051005800,sq,K-5,Japanese,Richmond,3.79
41051006001,sq,K-5,Japanese,Richmond,3.593
41051006501,sq,K-5,Japanese,Richmond,6.477
41051007201,sq,K-5,Japanese,Richmond,9.933
41051007202,sq,K-5,Japanese,Richmond,8.964
41051004300,sq,K-5,Japanese,Richmond,8.936
41051006900,sq,K-5,Japanese,Richmond,5.404
41051000301,sq,K-5,Japanese,Richmond,1.775
41051000401,sq,K-5,Japanese,Richmond,1.608
41051000701,sq,K-5,Japanese,Richmond,1.56
41051000802,sq,K-5,Japanese,Richmond,0.879
41051001301,sq,K-5,Japanese,Richmond,0.725
41051002802,sq,K-5,Japanese,Richmond,1.932
41051003000,sq,K-5,Japanese,Richmond,3.362
41051003401,sq,K-5,Japanese,Richmond,4.233
41051003601,sq,K-5,Japanese,Richmond,4.898
41051003701,sq,K-5,Japanese,Richmond,5.344
41051001102,sq,K-5,Japanese,Richmond,1.755
41051005903,sq,K-5,Japanese,Richmond,3.173
41051004901,sq,K-5,Japanese,Richmond,4.161
41051005002,sq,K-5,Japanese,Richmond,3.624
41051003903,sq,K-5,Japanese,Richmond,6.914
41051005101,sq,K-5,Japanese,Richmond,3.506
41051002101,sq,K-5,Japanese,Richmond,2.244
41051001703,sq,K-5,Japanese,Richmond,2.342
41051005201,sq,K-5,Japanese,Richmond,3.417
41051002102,sq,K-5,Japanese,Richmond,1.87
41051005001,sq,K-5,Japanese,Richmond,3.481
41051005602,sq,K-5,Japanese,Richmond,3.126
41051004103,sq,K-5,Japanese,Richmond,8.885
41051003904,sq,K-5,Japanese,Richmond,6.543
41051005103,sq,K-5,Japanese,Richmond,2.919
41051002902,sq,K-5,Japanese,Richmond,2.797
41051004102,sq,K-5,Japanese,Richmond,8.165
41051006200,sq,K-5,Japanese,Richmond,4.204
41051003301,sq,K-5,Japanese,Richmond,3.998
41051006404,sq,K-5,Japanese,Richmond,6.969
41051002801,sq,K-5,Japanese,Richmond,2.563
41051000402,sq,K-5,Japanese,Richmond,1.75
41051000702,sq,K-5,Japanese,Richmond,1.674
41051003801,sq,K-5,Japanese,Richmond,5.933
41051006702,sq,K-5,Japanese,Richmond,4.897
41051007001,sq,K-5,Japanese,Richmond,7.747
41051001801,sq,K-5,Japanese,Richmond,1.766
41051002903,sq,K-5,Japanese,Richmond,3.5
41051005901,sq,K-5,Japanese,Richmond,3.251
41051004104,sq,K-5,Japanese,Richmond,9.812
41051005601,sq,K-5,Japanese,Richmond,3.095
41051000902,sq,K-5,Japanese,Richmond,0.971
41051001203,sq,K-5,Japanese,Richmond,1.163
41051010601,sq,K-5,Japanese,Richmond,3.167
41051008800,sq,K-5,Japanese,Richmond,2.912
41051007002,sq,K-5,Japanese,Richmond,9.014
41051006403,sq,K-5,Japanese,Richmond,6.297
41051000901,sq,K-5,Japanese,Richmond,0.725
41051001802,sq,K-5,Japanese,Richmond,1.156
41051980000,sq,K-5,Japanese,Richmond,5.356
41051004902,sq,K-5,Japanese,Richmond,3.672
41051003100,sq,K-5,Russian,Kelly,6.537
41051003501,sq,K-5,Russian,Kelly,8.211
41051003803,sq,K-5,Russian,Kelly,8.52
41051006601,sq,K-5,Russian,Kelly,7.901
41051000801,sq,K-5,Russian,Kelly,2.79
41051002502,sq,K-5,Russian,Kelly,5.403
41051006701,sq,K-5,Russian,Kelly,7.923
41051005702,sq,K-5,Russian,Kelly,5.692
41051010602,sq,K-5,Russian,Kelly,6.001
41051003200,sq,K-5,Russian,Kelly,6.778
41051003402,sq,K-5,Russian,Kelly,7.225
41051004200,sq,K-5,Russian,Kelly,12.266
41051006402,sq,K-5,Russian,Kelly,6.518
41051007400,sq,K-5,Russian,Kelly,6.829
41051007500,sq,K-5,Russian,Kelly,6.005
41051008600,sq,K-5,Russian,Kelly,0.773
41051008902,sq,K-5,Russian,Kelly,0.576
41051000502,sq,K-5,Russian,Kelly,1.059
41051001202,sq,K-5,Russian,Kelly,4.272
41051002203,sq,K-5,Russian,Kelly,6.76
41051002501,sq,K-5,Russian,Kelly,5.888
41051006002,sq,K-5,Russian,Kelly,5.678
41051000201,sq,K-5,Russian,Kelly,3.517
41051005701,sq,K-5,Russian,Kelly,5.473
41051000202,sq,K-5,Russian,Kelly,3.72
41051005902,sq,K-5,Russian,Kelly,5.066
41051001704,sq,K-5,Russian,Kelly,3.562
41051001101,sq,K-5,Russian,Kelly,5.305
41051005500,sq,K-5,Russian,Kelly,6.538
41051003502,sq,K-5,Russian,Kelly,7.609
41051001500,sq,K-5,Russian,Kelly,3.146
41051002901,sq,K-5,Russian,Kelly,5.504
41051003603,sq,K-5,Russian,Kelly,6.954
41051001302,sq,K-5,Russian,Kelly,3.672
41051001204,sq,K-5,Russian,Kelly,4.651
41051004003,sq,K-5,Russian,Kelly,10.934
41051005202,sq,K-5,Russian,Kelly,6.865
41051006602,sq,K-5,Russian,Kelly,6.693
41051000601,sq,K-5,Russian,Kelly,0.763
41051002701,sq,K-5,Russian,Kelly,5.403
41051003302,sq,K-5,Russian,Kelly,6.801
41051006100,sq,K-5,Russian,Kelly,6.439
41051001000,sq,K-5,Russian,Kelly,4.149
41051000602,sq,K-5,Russian,Kelly,0.065
41051002002,sq,K-5,Russian,Kelly,4.963
41051002401,sq,K-5,Russian,Kelly,6.313
41051003602,sq,K-5,Russian,Kelly,7.51
41051004002,sq,K-5,Russian,Kelly,10.491
41051004700,sq,K-5,Russian,Kelly,7.406
41051003702,sq,K-5,Russian,Kelly,8.068
41051004500,sq,K-5,Russian,Kelly,7.677
41051004800,sq,K-5,Russian,Kelly,7.101
41051006502,sq,K-5,Russian,Kelly,6.972
41051007600,sq,K-5,Russian,Kelly,6.197
41051008301,sq,K-5,Russian,Kelly,1.719
41051008700,sq,K-5,Russian,Kelly,1.554
41051006802,sq,K-5,Russian,Kelly,7.347
41051006801,sq,K-5,Russian,Kelly,8.135
41051000302,sq,K-5,Russian,Kelly,2.749
41051000501,sq,K-5,Russian,Kelly,1.338
41051001601,sq,K-5,Russian,Kelly,3.005
41051001702,sq,K-5,Russian,Kelly,3.723
41051001900,sq,K-5,Russian,Kelly,4.545
41051002702,sq,K-5,Russian,Kelly,4.758
41051000102,sq,K-5,Russian,Kelly,4.359
41051000101,sq,K-5,Russian,Kelly,4.187
41051002001,sq,K-5,Russian,Kelly,4.857
41051005102,sq,K-5,Russian,Kelly,6.57
41051001400,sq,K-5,Russian,Kelly,3.552
41051001602,sq,K-5,Russian,Kelly,2.764
41051002303,sq,K-5,Russian,Kelly,6.342
41051002402,sq,K-5,Russian,Kelly,5.816
41051002600,sq,K-5,Russian,Kelly,5.445
41051003802,sq,K-5,Russian,Kelly,8.834
41051003902,sq,K-5,Russian,Kelly,9.115
41051004602,sq,K-5,Russian,Kelly,6.839
41051004601,sq,K-5,Russian,Kelly,7.463
41051005800,sq,K-5,Russian,Kelly,6.45
41051006001,sq,K-5,Russian,Kelly,6.003
41051006501,sq,K-5,Russian,Kelly,7.935
41051007201,sq,K-5,Russian,Kelly,13.208
41051007202,sq,K-5,Russian,Kelly,12.3
41051004300,sq,K-5,Russian,Kelly,12.268
41051006900,sq,K-5,Russian,Kelly,8.173
41051000301,sq,K-5,Russian,Kelly,3
41051000401,sq,K-5,Russian,Kelly,2.271
41051000701,sq,K-5,Russian,Kelly,2.185
41051000802,sq,K-5,Russian,Kelly,2.561
41051001301,sq,K-5,Russian,Kelly,4.09
41051002802,sq,K-5,Russian,Kelly,4.463
41051003000,sq,K-5,Russian,Kelly,6.284
41051003401,sq,K-5,Russian,Kelly,7.565
41051003601,sq,K-5,Russian,Kelly,8.084
41051003701,sq,K-5,Russian,Kelly,8.596
41051001102,sq,K-5,Russian,Kelly,4.843
41051005903,sq,K-5,Russian,Kelly,5.033
41051004901,sq,K-5,Russian,Kelly,7.432
41051005002,sq,K-5,Russian,Kelly,6.893
41051003903,sq,K-5,Russian,Kelly,10.271
41051005101,sq,K-5,Russian,Kelly,6.843
41051002101,sq,K-5,Russian,Kelly,5.574
41051001703,sq,K-5,Russian,Kelly,4.114
41051005201,sq,K-5,Russian,Kelly,6.562
41051002102,sq,K-5,Russian,Kelly,5.242
41051005001,sq,K-5,Russian,Kelly,6.758
41051005602,sq,K-5,Russian,Kelly,6.127
41051004103,sq,K-5,Russian,Kelly,12.253
41051003904,sq,K-5,Russian,Kelly,9.885
41051005103,sq,K-5,Russian,Kelly,6.234
41051002902,sq,K-5,Russian,Kelly,4.806
41051004102,sq,K-5,Russian,Kelly,11.539
41051006200,sq,K-5,Russian,Kelly,5.543
41051003301,sq,K-5,Russian,Kelly,7.261
41051006404,sq,K-5,Russian,Kelly,7.969
41051002801,sq,K-5,Russian,Kelly,5.102
41051000402,sq,K-5,Russian,Kelly,1.81
41051000702,sq,K-5,Russian,Kelly,1.808
41051003801,sq,K-5,Russian,Kelly,9.24
41051006702,sq,K-5,Russian,Kelly,6.973
41051007001,sq,K-5,Russian,Kelly,10.866
41051001801,sq,K-5,Russian,Kelly,4.112
41051002903,sq,K-5,Russian,Kelly,4.893
41051005901,sq,K-5,Russian,Kelly,5.431
41051004104,sq,K-5,Russian,Kelly,13.187
41051005601,sq,K-5,Russian,Kelly,6.178
41051000902,sq,K-5,Russian,Kelly,3.317
41051001203,sq,K-5,Russian,Kelly,4.482
41051010601,sq,K-5,Russian,Kelly,6.347
41051008800,sq,K-5,Russian,Kelly,1.603
41051007002,sq,K-5,Russian,Kelly,12.25
41051006403,sq,K-5,Russian,Kelly,7.478
41051000901,sq,K-5,Russian,Kelly,3.476
41051001802,sq,K-5,Russian,Kelly,3.759
41051980000,sq,K-5,Russian,Kelly,8.724
41051004902,sq,K-5,Russian,Kelly,6.907
41051003100,sq,K-5,Vietnamese,Rose City Park,1.903
41051003501,sq,K-5,Vietnamese,Rose City Park,4.218
41051003803,sq,K-5,Vietnamese,Rose City Park,4.34
41051006601,sq,K-5,Vietnamese,Rose City Park,7.784
41051000801,sq,K-5,Vietnamese,Rose City Park,2.647
41051002502,sq,K-5,Vietnamese,Rose City Park,1.717
41051006701,sq,K-5,Vietnamese,Rose City Park,7.475
41051005702,sq,K-5,Vietnamese,Rose City Park,4.017
41051010602,sq,K-5,Vietnamese,Rose City Park,3.696
41051003200,sq,K-5,Vietnamese,Rose City Park,2.301
41051003402,sq,K-5,Vietnamese,Rose City Park,3.243
41051004200,sq,K-5,Vietnamese,Rose City Park,8.334
41051006402,sq,K-5,Vietnamese,Rose City Park,7.931
41051007400,sq,K-5,Vietnamese,Rose City Park,1.968
41051007500,sq,K-5,Vietnamese,Rose City Park,1.131
41051008600,sq,K-5,Vietnamese,Rose City Park,5.119
41051008902,sq,K-5,Vietnamese,Rose City Park,5.361
41051000502,sq,K-5,Vietnamese,Rose City Park,3.897
41051001202,sq,K-5,Vietnamese,Rose City Park,2.829
41051002203,sq,K-5,Vietnamese,Rose City Park,3.094
41051002501,sq,K-5,Vietnamese,Rose City Park,1.719
41051006002,sq,K-5,Vietnamese,Rose City Park,6.048
41051000201,sq,K-5,Vietnamese,Rose City Park,5.322
41051005701,sq,K-5,Vietnamese,Rose City Park,4.178
41051000202,sq,K-5,Vietnamese,Rose City Park,4.35
41051005902,sq,K-5,Vietnamese,Rose City Park,4.412
41051001704,sq,K-5,Vietnamese,Rose City Park,1.424
41051001101,sq,K-5,Vietnamese,Rose City Park,3.626
41051005500,sq,K-5,Vietnamese,Rose City Park,4.619
41051003502,sq,K-5,Vietnamese,Rose City Park,3.853
41051001500,sq,K-5,Vietnamese,Rose City Park,1.998
41051002901,sq,K-5,Vietnamese,Rose City Park,0.924
41051003603,sq,K-5,Vietnamese,Rose City Park,2.093
41051001302,sq,K-5,Vietnamese,Rose City Park,2.555
41051001204,sq,K-5,Vietnamese,Rose City Park,2.397
41051004003,sq,K-5,Vietnamese,Rose City Park,6.732
41051005202,sq,K-5,Vietnamese,Rose City Park,4.595
41051006602,sq,K-5,Vietnamese,Rose City Park,6.913
41051000601,sq,K-5,Vietnamese,Rose City Park,4.254
41051002701,sq,K-5,Vietnamese,Rose City Park,0.694
41051003302,sq,K-5,Vietnamese,Rose City Park,2.643
41051006100,sq,K-5,Vietnamese,Rose City Park,6.002
41051001000,sq,K-5,Vietnamese,Rose City Park,3.734
41051000602,sq,K-5,Vietnamese,Rose City Park,4.833
41051002002,sq,K-5,Vietnamese,Rose City Park,2.085
41051002401,sq,K-5,Vietnamese,Rose City Park,2.371
41051003602,sq,K-5,Vietnamese,Rose City Park,2.738
41051004002,sq,K-5,Vietnamese,Rose City Park,6.577
41051004700,sq,K-5,Vietnamese,Rose City Park,4.753
41051003702,sq,K-5,Vietnamese,Rose City Park,3.661
41051004500,sq,K-5,Vietnamese,Rose City Park,4.501
41051004800,sq,K-5,Vietnamese,Rose City Park,4.47
41051006502,sq,K-5,Vietnamese,Rose City Park,7.556
41051007600,sq,K-5,Vietnamese,Rose City Park,1.751
41051008301,sq,K-5,Vietnamese,Rose City Park,3.283
41051008700,sq,K-5,Vietnamese,Rose City Park,4.723
41051006802,sq,K-5,Vietnamese,Rose City Park,6.488
41051006801,sq,K-5,Vietnamese,Rose City Park,7.169
41051000302,sq,K-5,Vietnamese,Rose City Park,4.881
41051000501,sq,K-5,Vietnamese,Rose City Park,3.957
41051001601,sq,K-5,Vietnamese,Rose City Park,1.883
41051001702,sq,K-5,Vietnamese,Rose City Park,1.713
41051001900,sq,K-5,Vietnamese,Rose City Park,1.269
41051002702,sq,K-5,Vietnamese,Rose City Park,0.73
41051000102,sq,K-5,Vietnamese,Rose City Park,4.73
41051000101,sq,K-5,Vietnamese,Rose City Park,6.009
41051002001,sq,K-5,Vietnamese,Rose City Park,1.713
41051005102,sq,K-5,Vietnamese,Rose City Park,3.792
41051001400,sq,K-5,Vietnamese,Rose City Park,1.999
41051001602,sq,K-5,Vietnamese,Rose City Park,2.409
41051002303,sq,K-5,Vietnamese,Rose City Park,3.088
41051002402,sq,K-5,Vietnamese,Rose City Park,2.364
41051002600,sq,K-5,Vietnamese,Rose City Park,1.114
41051003802,sq,K-5,Vietnamese,Rose City Park,4.507
41051003902,sq,K-5,Vietnamese,Rose City Park,4.978
41051004602,sq,K-5,Vietnamese,Rose City Park,5.165
41051004601,sq,K-5,Vietnamese,Rose City Park,5.271
41051005800,sq,K-5,Vietnamese,Rose City Park,5.303
41051006001,sq,K-5,Vietnamese,Rose City Park,5.351
41051006501,sq,K-5,Vietnamese,Rose City Park,8.485
41051007201,sq,K-5,Vietnamese,Rose City Park,8.551
41051007202,sq,K-5,Vietnamese,Rose City Park,7.832
41051004300,sq,K-5,Vietnamese,Rose City Park,8.66
41051006900,sq,K-5,Vietnamese,Rose City Park,6.577
41051000301,sq,K-5,Vietnamese,Rose City Park,4.156
41051000401,sq,K-5,Vietnamese,Rose City Park,3.867
41051000701,sq,K-5,Vietnamese,Rose City Park,2.716
41051000802,sq,K-5,Vietnamese,Rose City Park,3.061
41051001301,sq,K-5,Vietnamese,Rose City Park,2.048
41051002802,sq,K-5,Vietnamese,Rose City Park,0.469
41051003000,sq,K-5,Vietnamese,Rose City Park,1.481
41051003401,sq,K-5,Vietnamese,Rose City Park,3.375
41051003601,sq,K-5,Vietnamese,Rose City Park,3.432
41051003701,sq,K-5,Vietnamese,Rose City Park,4.033
41051001102,sq,K-5,Vietnamese,Rose City Park,3.316
41051005903,sq,K-5,Vietnamese,Rose City Park,5.296
41051004901,sq,K-5,Vietnamese,Rose City Park,4.573
41051005002,sq,K-5,Vietnamese,Rose City Park,4.157
41051003903,sq,K-5,Vietnamese,Rose City Park,5.987
41051005101,sq,K-5,Vietnamese,Rose City Park,3.766
41051002101,sq,K-5,Vietnamese,Rose City Park,2.963
41051001703,sq,K-5,Vietnamese,Rose City Park,1.02
41051005201,sq,K-5,Vietnamese,Rose City Park,4.326
41051002102,sq,K-5,Vietnamese,Rose City Park,2.441
41051005001,sq,K-5,Vietnamese,Rose City Park,4.015
41051005602,sq,K-5,Vietnamese,Rose City Park,4.363
41051004103,sq,K-5,Vietnamese,Rose City Park,7.992
41051003904,sq,K-5,Vietnamese,Rose City Park,5.532
41051005103,sq,K-5,Vietnamese,Rose City Park,3.456
41051002902,sq,K-5,Vietnamese,Rose City Park,0.725
41051004102,sq,K-5,Vietnamese,Rose City Park,7.527
41051006200,sq,K-5,Vietnamese,Rose City Park,6.399
41051003301,sq,K-5,Vietnamese,Rose City Park,2.854
41051006404,sq,K-5,Vietnamese,Rose City Park,9.119
41051002801,sq,K-5,Vietnamese,Rose City Park,0.215
41051000402,sq,K-5,Vietnamese,Rose City Park,3.811
41051000702,sq,K-5,Vietnamese,Rose City Park,3.146
41051003801,sq,K-5,Vietnamese,Rose City Park,4.785
41051006702,sq,K-5,Vietnamese,Rose City Park,6.71
41051007001,sq,K-5,Vietnamese,Rose City Park,8.173
41051001801,sq,K-5,Vietnamese,Rose City Park,0.782
41051002903,sq,K-5,Vietnamese,Rose City Park,1.655
41051005901,sq,K-5,Vietnamese,Rose City Park,5.212
41051004104,sq,K-5,Vietnamese,Rose City Park,9.101
41051005601,sq,K-5,Vietnamese,Rose City Park,4.205
41051000902,sq,K-5,Vietnamese,Rose City Park,3.335
41051001203,sq,K-5,Vietnamese,Rose City Park,2.57
41051010601,sq,K-5,Vietnamese,Rose City Park,4.058
41051008800,sq,K-5,Vietnamese,Rose City Park,5.03
41051007002,sq,K-5,Vietnamese,Rose City Park,9.087
41051006403,sq,K-5,Vietnamese,Rose City Park,8.418
41051000901,sq,K-5,Vietnamese,Rose City Park,3.046
41051001802,sq,K-5,Vietnamese,Rose City Park,1.298
41051980000,sq,K-5,Vietnamese,Rose City Park,5.036
41051004902,sq,K-5,Vietnamese,Rose City Park,4.301
41051003100,a,6-8,Spanish,Roseway Heights,2.47
41051003501,a,6-8,Spanish,George,3.503
41051003803,a,6-8,Spanish,George,3.229
41051006601,a,6-8,Spanish,West Sylvan,2.573
41051000801,a,6-8,Spanish,Kellogg,0.953
41051002502,a,6-8,Spanish,Roseway Heights,2.571
41051006701,a,6-8,Spanish,West Sylvan,2.124
41051005702,a,6-8,Spanish,Kellogg,4.127
41051010602,a,6-8,Spanish,Kellogg,4.275
41051003200,a,6-8,Spanish,Roseway Heights,2.92
41051003402,a,6-8,Spanish,Roseway Heights,3.965
41051004200,a,6-8,Spanish,George,1.188
41051006402,a,6-8,Spanish,West Sylvan,5.018
41051007400,a,6-8,Spanish,Roseway Heights,1.942
41051007500,a,6-8,Spanish,Roseway Heights,1.259
41051008600,a,6-8,Spanish,Kellogg,2.258
41051008902,a,6-8,Spanish,Kellogg,2.608
41051000502,a,6-8,Spanish,Kellogg,1.044
41051001202,a,6-8,Spanish,Kellogg,2.546
41051002203,a,6-8,Spanish,Roseway Heights,3.885
41051002501,a,6-8,Spanish,Roseway Heights,2.501
41051006002,a,6-8,Spanish,West Sylvan,4.127
41051000201,a,6-8,Spanish,Kellogg,3.299
41051005701,a,6-8,Spanish,Kellogg,4.014
41051000202,a,6-8,Spanish,Kellogg,2.823
41051005902,a,6-8,Spanish,Kellogg,3.802
41051001704,a,6-8,Spanish,Roseway Heights,1.465
41051001101,a,6-8,Spanish,Kellogg,3.691
41051005500,a,6-8,Spanish,West Sylvan,3.408
41051003502,a,6-8,Spanish,George,4.116
41051001500,a,6-8,Spanish,Kellogg,1.083
41051002901,a,6-8,Spanish,Roseway Heights,0.535
41051003603,a,6-8,Spanish,Roseway Heights,2.366
41051001302,a,6-8,Spanish,Kellogg,1.876
41051001204,a,6-8,Spanish,Kellogg,2.767
41051004003,a,6-8,Spanish,George,0.788
41051005202,a,6-8,Spanish,West Sylvan,3.391
41051006602,a,6-8,Spanish,West Sylvan,3.429
41051000601,a,6-8,Spanish,Kellogg,1.589
41051002701,a,6-8,Spanish,Roseway Heights,1.423
41051003302,a,6-8,Spanish,Roseway Heights,3.354
41051006100,a,6-8,Spanish,West Sylvan,3.136
41051001000,a,6-8,Spanish,Kellogg,2.814
41051000602,a,6-8,Spanish,Kellogg,2.02
41051002002,a,6-8,Spanish,Roseway Heights,2.946
41051002401,a,6-8,Spanish,Roseway Heights,3.151
41051003602,a,6-8,Spanish,Roseway Heights,3.111
41051004002,a,6-8,Spanish,George,1.432
41051004700,a,6-8,Spanish,West Sylvan,3.358
41051003702,a,6-8,Spanish,George,3.853
41051004500,a,6-8,Spanish,West Sylvan,3.945
41051004800,a,6-8,Spanish,West Sylvan,3.585
41051006502,a,6-8,Spanish,West Sylvan,3.768
41051007600,a,6-8,Spanish,Roseway Heights,1.203
41051008301,a,6-8,Spanish,Kellogg,0.957
41051008700,a,6-8,Spanish,Kellogg,1.994
41051006802,a,6-8,Spanish,West Sylvan,2.195
41051006801,a,6-8,Spanish,West Sylvan,1.478
41051000302,a,6-8,Spanish,Kellogg,2.603
41051000501,a,6-8,Spanish,Kellogg,1.136
41051001601,a,6-8,Spanish,Kellogg,1.039
41051001702,a,6-8,Spanish,Roseway Heights,1.394
41051001900,a,6-8,Spanish,Roseway Heights,2.104
41051002702,a,6-8,Spanish,Roseway Heights,1.588
41051000102,a,6-8,Spanish,Kellogg,3.457
41051000101,a,6-8,Spanish,Kellogg,4.076
41051002001,a,6-8,Spanish,Roseway Heights,2.573
41051005102,a,6-8,Spanish,West Sylvan,4.228
41051001400,a,6-8,Spanish,Kellogg,1.554
41051001602,a,6-8,Spanish,Kellogg,1.343
41051002303,a,6-8,Spanish,Roseway Heights,3.926
41051002402,a,6-8,Spanish,Roseway Heights,3.21
41051002600,a,6-8,Spanish,Roseway Heights,1.923
41051003802,a,6-8,Spanish,George,3.008
41051003902,a,6-8,Spanish,George,2.608
41051004602,a,6-8,Spanish,West Sylvan,2.904
41051004601,a,6-8,Spanish,West Sylvan,2.73
41051005800,a,6-8,Spanish,West Sylvan,3.085
41051006001,a,6-8,Spanish,West Sylvan,3.496
41051006501,a,6-8,Spanish,West Sylvan,3.637
41051007201,a,6-8,Spanish,George,2.608
41051007202,a,6-8,Spanish,George,1.235
41051004300,a,6-8,Spanish,George,2.176
41051006900,a,6-8,Spanish,West Sylvan,1.435
41051000301,a,6-8,Spanish,Kellogg,2.222
41051000401,a,6-8,Spanish,Kellogg,1.517
41051000701,a,6-8,Spanish,Kellogg,0.224
41051000802,a,6-8,Spanish,Kellogg,1.023
41051001301,a,6-8,Spanish,Kellogg,2.137
41051002802,a,6-8,Spanish,Roseway Heights,1.159
41051003000,a,6-8,Spanish,Roseway Heights,1.942
41051003401,a,6-8,Spanish,Roseway Heights,4.033
41051003601,a,6-8,Spanish,Roseway Heights,3.871
41051003701,a,6-8,Spanish,George,3.566
41051001102,a,6-8,Spanish,Kellogg,3.208
41051005903,a,6-8,Spanish,Kellogg,4.181
41051004901,a,6-8,Spanish,West Sylvan,3.624
41051005002,a,6-8,Spanish,West Sylvan,3.893
41051003903,a,6-8,Spanish,George,1.529
41051005101,a,6-8,Spanish,West Sylvan,4.369
41051002101,a,6-8,Spanish,Kellogg,3.728
41051001703,a,6-8,Spanish,Roseway Heights,0.905
41051005201,a,6-8,Spanish,West Sylvan,3.661
41051002102,a,6-8,Spanish,Roseway Heights,3.305
41051005001,a,6-8,Spanish,West Sylvan,4.02
41051005602,a,6-8,Spanish,West Sylvan,3.742
41051004103,a,6-8,Spanish,George,0.567
41051003904,a,6-8,Spanish,George,1.999
41051005103,a,6-8,Spanish,Roseway Heights,4.313
41051002902,a,6-8,Spanish,Roseway Heights,0.239
41051004102,a,6-8,Spanish,George,0.667
41051006200,a,6-8,Spanish,West Sylvan,4.575
41051003301,a,6-8,Spanish,Roseway Heights,3.463
41051006404,a,6-8,Spanish,West Sylvan,4.717
41051002801,a,6-8,Spanish,Roseway Heights,0.863
41051000402,a,6-8,Spanish,Kellogg,1.177
41051000702,a,6-8,Spanish,Kellogg,0.283
41051003801,a,6-8,Spanish,George,2.776
41051006702,a,6-8,Spanish,West Sylvan,2.833
41051007001,a,6-8,Spanish,West Sylvan,2.555
41051001801,a,6-8,Spanish,Roseway Heights,1.266
41051002903,a,6-8,Spanish,Roseway Heights,0.834
41051005901,a,6-8,Spanish,West Sylvan,4.087
41051004104,a,6-8,Spanish,George,1.606
41051005601,a,6-8,Spanish,West Sylvan,3.839
41051000902,a,6-8,Spanish,Kellogg,1.93
41051001203,a,6-8,Spanish,Kellogg,2.655
41051010601,a,6-8,Spanish,West Sylvan,3.931
41051008800,a,6-8,Spanish,Kellogg,2.291
41051007002,a,6-8,Spanish,George,3.439
41051006403,a,6-8,Spanish,West Sylvan,4.272
41051000901,a,6-8,Spanish,Kellogg,1.913
41051001802,a,6-8,Spanish,Kellogg,1.68
41051980000,a,6-8,Spanish,George,3.114
41051004902,a,6-8,Spanish,West Sylvan,3.725
41051003100,a,6-8,Mandarin,Harriet Tubman,1.971
41051003501,a,6-8,Mandarin,Harriet Tubman,1.641
41051003803,a,6-8,Mandarin,Harriet Tubman,2.036
41051006601,a,6-8,Mandarin,Harriet Tubman,5.534
41051000801,a,6-8,Mandarin,Harrison Park,1.803
41051002502,a,6-8,Mandarin,Harriet Tubman,1.507
41051006701,a,6-8,Mandarin,Harriet Tubman,5.093
41051005702,a,6-8,Mandarin,Harriet Tubman,2.036
41051010602,a,6-8,Mandarin,Harriet Tubman,1.371
41051003200,a,6-8,Mandarin,Harriet Tubman,1.611
41051003402,a,6-8,Mandarin,Harriet Tubman,0.856
41051004200,a,6-8,Mandarin,Harriet Tubman,5.655
41051006402,a,6-8,Mandarin,Harriet Tubman,6.575
41051007400,a,6-8,Mandarin,Harriet Tubman,3.49
41051007500,a,6-8,Mandarin,Harriet Tubman,3.183
41051008600,a,6-8,Mandarin,Harrison Park,2.817
41051008902,a,6-8,Mandarin,Harrison Park,2.77
41051000502,a,6-8,Mandarin,Harrison Park,1.592
41051001202,a,6-8,Mandarin,Harriet Tubman,2.474
41051002203,a,6-8,Mandarin,Harriet Tubman,0.28
41051002501,a,6-8,Mandarin,Harriet Tubman,1.484
41051006002,a,6-8,Mandarin,Harriet Tubman,4.548
41051000201,a,6-8,Mandarin,Harrison Park,4.285
41051005701,a,6-8,Mandarin,Harriet Tubman,2.414
41051000202,a,6-8,Mandarin,Harrison Park,3.8
41051005902,a,6-8,Mandarin,Harriet Tubman,3.014
41051001704,a,6-8,Mandarin,Harrison Park,1.249
41051001101,a,6-8,Mandarin,Harriet Tubman,1.999
41051005500,a,6-8,Mandarin,Harriet Tubman,2.063
41051003502,a,6-8,Mandarin,Harriet Tubman,0.995
41051001500,a,6-8,Mandarin,Harrison Park,1.57
41051002901,a,6-8,Mandarin,Harrison Park,3.163
41051003603,a,6-8,Mandarin,Harriet Tubman,2.797
41051001302,a,6-8,Mandarin,Harrison Park,2.621
41051001204,a,6-8,Mandarin,Harriet Tubman,1.981
41051004003,a,6-8,Mandarin,Harriet Tubman,4.344
41051005202,a,6-8,Mandarin,Harriet Tubman,1.791
41051006602,a,6-8,Mandarin,Harriet Tubman,5.046
41051000601,a,6-8,Mandarin,Harrison Park,1.656
41051002701,a,6-8,Mandarin,Harriet Tubman,2.556
41051003302,a,6-8,Mandarin,Harriet Tubman,1.027
41051006100,a,6-8,Mandarin,Harriet Tubman,3.975
41051001000,a,6-8,Mandarin,Harriet Tubman,3.131
41051000602,a,6-8,Mandarin,Harrison Park,2.329
41051002002,a,6-8,Mandarin,Harriet Tubman,1.676
41051002401,a,6-8,Mandarin,Harriet Tubman,0.868
41051003602,a,6-8,Mandarin,Harriet Tubman,2.533
41051004002,a,6-8,Mandarin,Harriet Tubman,3.872
41051004700,a,6-8,Mandarin,Harriet Tubman,1.693
41051003702,a,6-8,Mandarin,Harriet Tubman,1.948
41051004500,a,6-8,Mandarin,Harriet Tubman,1.343
41051004800,a,6-8,Mandarin,Harriet Tubman,1.472
41051006502,a,6-8,Mandarin,Harriet Tubman,5.765
41051007600,a,6-8,Mandarin,Harrison Park,3.828
41051008301,a,6-8,Mandarin,Harrison Park,0.659
41051008700,a,6-8,Mandarin,Harrison Park,2.821
41051006802,a,6-8,Mandarin,Harriet Tubman,4.061
41051006801,a,6-8,Mandarin,Harriet Tubman,4.557
41051000302,a,6-8,Mandarin,Harrison Park,3.572
41051000501,a,6-8,Mandarin,Harrison Park,1.933
41051001601,a,6-8,Mandarin,Harrison Park,0.901
41051001702,a,6-8,Mandarin,Harrison Park,1.356
41051001900,a,6-8,Mandarin,Harriet Tubman,2.37
41051002702,a,6-8,Mandarin,Harriet Tubman,2.58
41051000102,a,6-8,Mandarin,Harriet Tubman,3.899
41051000101,a,6-8,Mandarin,Harrison Park,5.063
41051002001,a,6-8,Mandarin,Harriet Tubman,1.881
41051005102,a,6-8,Mandarin,Harriet Tubman,0.93
41051001400,a,6-8,Mandarin,Harrison Park,2.114
41051001602,a,6-8,Mandarin,Harrison Park,0.417
41051002303,a,6-8,Mandarin,Harriet Tubman,0.325
41051002402,a,6-8,Mandarin,Harriet Tubman,0.882
41051002600,a,6-8,Mandarin,Harriet Tubman,2.053
41051003802,a,6-8,Mandarin,Harriet Tubman,2.444
41051003902,a,6-8,Mandarin,Harriet Tubman,2.555
41051004602,a,6-8,Mandarin,Harriet Tubman,2.581
41051004601,a,6-8,Mandarin,Harriet Tubman,2.346
41051005800,a,6-8,Mandarin,Harriet Tubman,3.036
41051006001,a,6-8,Mandarin,Harriet Tubman,3.419
41051006501,a,6-8,Mandarin,Harriet Tubman,6.503
41051007201,a,6-8,Mandarin,Harriet Tubman,6.905
41051007202,a,6-8,Mandarin,Harriet Tubman,5.819
41051004300,a,6-8,Mandarin,Harriet Tubman,5.758
41051006900,a,6-8,Mandarin,Harriet Tubman,3.74
41051000301,a,6-8,Mandarin,Harrison Park,3.214
41051000401,a,6-8,Mandarin,Harrison Park,2.503
41051000701,a,6-8,Mandarin,Harrison Park,0.788
41051000802,a,6-8,Mandarin,Harrison Park,1.984
41051001301,a,6-8,Mandarin,Harriet Tubman,2.541
41051002802,a,6-8,Mandarin,Harrison Park,2.303
41051003000,a,6-8,Mandarin,Harriet Tubman,2.456
41051003401,a,6-8,Mandarin,Harriet Tubman,1.313
41051003601,a,6-8,Mandarin,Harriet Tubman,2.45
41051003701,a,6-8,Mandarin,Harriet Tubman,2.592
41051001102,a,6-8,Mandarin,Harriet Tubman,2.193
41051005903,a,6-8,Mandarin,Harriet Tubman,4.052
41051004901,a,6-8,Mandarin,Harriet Tubman,1.458
41051005002,a,6-8,Mandarin,Harriet Tubman,1.178
41051003903,a,6-8,Mandarin,Harriet Tubman,3.735
41051005101,a,6-8,Mandarin,Harriet Tubman,0.68
41051002101,a,6-8,Mandarin,Harriet Tubman,1.184
41051001703,a,6-8,Mandarin,Harrison Park,1.773
41051005201,a,6-8,Mandarin,Harriet Tubman,1.654
41051002102,a,6-8,Mandarin,Harriet Tubman,1.382
41051005001,a,6-8,Mandarin,Harriet Tubman,1.078
41051005602,a,6-8,Mandarin,Harriet Tubman,2.064
41051004103,a,6-8,Mandarin,Harriet Tubman,5.662
41051003904,a,6-8,Mandarin,Harriet Tubman,3.417
41051005103,a,6-8,Mandarin,Harriet Tubman,0.842
41051002902,a,6-8,Mandarin,Harrison Park,2.46
41051004102,a,6-8,Mandarin,Harriet Tubman,4.917
41051006200,a,6-8,Mandarin,Harriet Tubman,5.098
41051003301,a,6-8,Mandarin,Harriet Tubman,1.534
41051006404,a,6-8,Mandarin,Harriet Tubman,7.393
41051002801,a,6-8,Mandarin,Harrison Park,2.866
41051000402,a,6-8,Mandarin,Harrison Park,2.117
41051000702,a,6-8,Mandarin,Harrison Park,1.121
41051003801,a,6-8,Mandarin,Harriet Tubman,2.941
41051006702,a,6-8,Mandarin,Harriet Tubman,4.593
41051007001,a,6-8,Mandarin,Harriet Tubman,5.016
41051001801,a,6-8,Mandarin,Harrison Park,1.943
41051002903,a,6-8,Mandarin,Harrison Park,2.537
41051005901,a,6-8,Mandarin,Harriet Tubman,3.661
41051004104,a,6-8,Mandarin,Harriet Tubman,6.565
41051005601,a,6-8,Mandarin,Harriet Tubman,1.821
41051000902,a,6-8,Mandarin,Harrison Park,2.857
41051001203,a,6-8,Mandarin,Harriet Tubman,2.185
41051010601,a,6-8,Mandarin,Harriet Tubman,1.483
41051008800,a,6-8,Mandarin,Harrison Park,3.093
41051007002,a,6-8,Mandarin,Harriet Tubman,6.009
41051006403,a,6-8,Mandarin,Harriet Tubman,6.677
41051000901,a,6-8,Mandarin,Harrison Park,2.784
41051001802,a,6-8,Mandarin,Harrison Park,1.834
41051980000,a,6-8,Mandarin,Harriet Tubman,2.121
41051004902,a,6-8,Mandarin,Harriet Tubman,1.363
41051003100,a,6-8,Japanese,Mt Tabor,2.835
41051003501,a,6-8,Japanese,Mt Tabor,4.794
41051003803,a,6-8,Japanese,Mt Tabor,5.021
41051006601,a,6-8,Japanese,Mt Tabor,7.12
41051000801,a,6-8,Japanese,Mt Tabor,1.407
41051002502,a,6-8,Japanese,Mt Tabor,1.93
41051006701,a,6-8,Japanese,Mt Tabor,6.883
41051005702,a,6-8,Japanese,Mt Tabor,3.555
41051010602,a,6-8,Japanese,Mt Tabor,3.443
41051003200,a,6-8,Japanese,Mt Tabor,3.119
41051003402,a,6-8,Japanese,Mt Tabor,3.777
41051004200,a,6-8,Japanese,Mt Tabor,8.952
41051006402,a,6-8,Japanese,Mt Tabor,6.953
41051007400,a,6-8,Japanese,Mt Tabor,3.223
41051007500,a,6-8,Japanese,Mt Tabor,2.386
41051008600,a,6-8,Japanese,Mt Tabor,3.885
41051008902,a,6-8,Japanese,Mt Tabor,4.223
41051000502,a,6-8,Japanese,Mt Tabor,2.689
41051001202,a,6-8,Japanese,Mt Tabor,2.062
41051002203,a,6-8,Japanese,Mt Tabor,3.441
41051002501,a,6-8,Japanese,Mt Tabor,2.284
41051006002,a,6-8,Japanese,Mt Tabor,5.189
41051000201,a,6-8,Japanese,Mt Tabor,4.169
41051005701,a,6-8,Japanese,Mt Tabor,3.603
41051000202,a,6-8,Japanese,Mt Tabor,3.291
41051005902,a,6-8,Japanese,Mt Tabor,3.667
41051001704,a,6-8,Japanese,Mt Tabor,0.867
41051001101,a,6-8,Japanese,Mt Tabor,3.114
41051005500,a,6-8,Japanese,Mt Tabor,4.307
41051003502,a,6-8,Japanese,Mt Tabor,4.291
41051001500,a,6-8,Japanese,Mt Tabor,0.744
41051002901,a,6-8,Japanese,Mt Tabor,2.097
41051003603,a,6-8,Japanese,Mt Tabor,3.25
41051001302,a,6-8,Japanese,Mt Tabor,1.564
41051001204,a,6-8,Japanese,Mt Tabor,1.882
41051004003,a,6-8,Japanese,Mt Tabor,7.461
41051005202,a,6-8,Japanese,Mt Tabor,4.413
41051006602,a,6-8,Japanese,Mt Tabor,6.134
41051000601,a,6-8,Japanese,Mt Tabor,3.146
41051002701,a,6-8,Japanese,Mt Tabor,1.69
41051003302,a,6-8,Japanese,Mt Tabor,3.256
41051006100,a,6-8,Japanese,Mt Tabor,5.334
41051001000,a,6-8,Japanese,Mt Tabor,2.825
41051000602,a,6-8,Japanese,Mt Tabor,3.658
41051002002,a,6-8,Japanese,Mt Tabor,1.839
41051002401,a,6-8,Japanese,Mt Tabor,2.829
41051003602,a,6-8,Japanese,Mt Tabor,3.795
41051004002,a,6-8,Japanese,Mt Tabor,7.165
41051004700,a,6-8,Japanese,Mt Tabor,4.733
41051003702,a,6-8,Japanese,Mt Tabor,4.462
41051004500,a,6-8,Japanese,Mt Tabor,4.691
41051004800,a,6-8,Japanese,Mt Tabor,4.423
41051006502,a,6-8,Japanese,Mt Tabor,6.725
41051007600,a,6-8,Japanese,Mt Tabor,2.919
41051008301,a,6-8,Japanese,Mt Tabor,2.244
41051008700,a,6-8,Japanese,Mt Tabor,3.46
41051006802,a,6-8,Japanese,Mt Tabor,5.962
41051006801,a,6-8,Japanese,Mt Tabor,6.704
41051000302,a,6-8,Japanese,Mt Tabor,3.668
41051000501,a,6-8,Japanese,Mt Tabor,2.706
41051001601,a,6-8,Japanese,Mt Tabor,0.823
41051001702,a,6-8,Japanese,Mt Tabor,1.499
41051001900,a,6-8,Japanese,Mt Tabor,1.032
41051002702,a,6-8,Japanese,Mt Tabor,1.055
41051000102,a,6-8,Japanese,Mt Tabor,3.766
41051000101,a,6-8,Japanese,Mt Tabor,4.892
41051002001,a,6-8,Japanese,Mt Tabor,1.537
41051005102,a,6-8,Japanese,Mt Tabor,3.754
41051001400,a,6-8,Japanese,Mt Tabor,0.915
41051001602,a,6-8,Japanese,Mt Tabor,1.644
41051002303,a,6-8,Japanese,Mt Tabor,3.214
41051002402,a,6-8,Japanese,Mt Tabor,2.519
41051002600,a,6-8,Japanese,Mt Tabor,1.763
41051003802,a,6-8,Japanese,Mt Tabor,5.274
41051003902,a,6-8,Japanese,Mt Tabor,5.649
41051004602,a,6-8,Japanese,Mt Tabor,4.81
41051004601,a,6-8,Japanese,Mt Tabor,5.105
41051005800,a,6-8,Japanese,Mt Tabor,4.788
41051006001,a,6-8,Japanese,Mt Tabor,4.695
41051006501,a,6-8,Japanese,Mt Tabor,7.693
41051007201,a,6-8,Japanese,Mt Tabor,9.539
41051007202,a,6-8,Japanese,Mt Tabor,8.709
41051004300,a,6-8,Japanese,Mt Tabor,9.143
41051006900,a,6-8,Japanese,Mt Tabor,6.276
41051000301,a,6-8,Japanese,Mt Tabor,2.989
41051000401,a,6-8,Japanese,Mt Tabor,2.623
41051000701,a,6-8,Japanese,Mt Tabor,1.532
41051000802,a,6-8,Japanese,Mt Tabor,1.819
41051001301,a,6-8,Japanese,Mt Tabor,1.278
41051002802,a,6-8,Japanese,Mt Tabor,0.796
41051003000,a,6-8,Japanese,Mt Tabor,2.571
41051003401,a,6-8,Japanese,Mt Tabor,4.036
41051003601,a,6-8,Japanese,Mt Tabor,4.395
41051003701,a,6-8,Japanese,Mt Tabor,4.939
41051001102,a,6-8,Japanese,Mt Tabor,2.694
41051005903,a,6-8,Japanese,Mt Tabor,4.408
41051004901,a,6-8,Japanese,Mt Tabor,4.628
41051005002,a,6-8,Japanese,Mt Tabor,4.131
41051003903,a,6-8,Japanese,Mt Tabor,6.751
41051005101,a,6-8,Japanese,Mt Tabor,3.863
41051002101,a,6-8,Japanese,Mt Tabor,2.75
41051001703,a,6-8,Japanese,Mt Tabor,1.085
41051005201,a,6-8,Japanese,Mt Tabor,4.109
41051002102,a,6-8,Japanese,Mt Tabor,2.233
41051005001,a,6-8,Japanese,Mt Tabor,3.981
41051005602,a,6-8,Japanese,Mt Tabor,3.972
41051004103,a,6-8,Japanese,Mt Tabor,8.762
41051003904,a,6-8,Japanese,Mt Tabor,6.328
41051005103,a,6-8,Japanese,Mt Tabor,3.385
41051002902,a,6-8,Japanese,Mt Tabor,1.543
41051004102,a,6-8,Japanese,Mt Tabor,8.173
41051006200,a,6-8,Japanese,Mt Tabor,5.461
41051003301,a,6-8,Japanese,Mt Tabor,3.637
41051006404,a,6-8,Japanese,Mt Tabor,8.222
41051002801,a,6-8,Japanese,Mt Tabor,1.471
41051000402,a,6-8,Japanese,Mt Tabor,2.549
41051000702,a,6-8,Japanese,Mt Tabor,1.928
41051003801,a,6-8,Japanese,Mt Tabor,5.631
41051006702,a,6-8,Japanese,Mt Tabor,6.037
41051007001,a,6-8,Japanese,Mt Tabor,8.295
41051001801,a,6-8,Japanese,Mt Tabor,0.523
41051002903,a,6-8,Japanese,Mt Tabor,2.238
41051005901,a,6-8,Japanese,Mt Tabor,4.43
41051004104,a,6-8,Japanese,Mt Tabor,9.796
41051005601,a,6-8,Japanese,Mt Tabor,3.875
41051000902,a,6-8,Japanese,Mt Tabor,2.236
41051001203,a,6-8,Japanese,Mt Tabor,1.934
41051010601,a,6-8,Japanese,Mt Tabor,3.837
41051008800,a,6-8,Japanese,Mt Tabor,3.768
41051007002,a,6-8,Japanese,Mt Tabor,9.399
41051006403,a,6-8,Japanese,Mt Tabor,7.543
41051000901,a,6-8,Japanese,Mt Tabor,1.99
41051001802,a,6-8,Japanese,Mt Tabor,0.154
41051980000,a,6-8,Japanese,Mt Tabor,5.483
41051004902,a,6-8,Japanese,Mt Tabor,4.231
41051003100,a,6-8,Russian,Brentwood,6.036
41051003501,a,6-8,Russian,Brentwood,7.341
41051003803,a,6-8,Russian,Brentwood,7.701
41051006601,a,6-8,Russian,Brentwood,6.405
41051000801,a,6-8,Russian,Brentwood,2.119
41051002502,a,6-8,Russian,Brentwood,4.717
41051006701,a,6-8,Russian,Brentwood,6.438
41051005702,a,6-8,Russian,Brentwood,4.456
41051010602,a,6-8,Russian,Brentwood,4.865
41051003200,a,6-8,Russian,Brentwood,6.184
41051003402,a,6-8,Russian,Brentwood,6.411
41051004200,a,6-8,Russian,Brentwood,11.252
41051006402,a,6-8,Russian,Brentwood,5.069
41051007400,a,6-8,Russian,Brentwood,6.653
41051007500,a,6-8,Russian,Brentwood,5.817
41051008600,a,6-8,Russian,Brentwood,0.908
41051008902,a,6-8,Russian,Brentwood,1.989
41051000502,a,6-8,Russian,Brentwood,1.251
41051001202,a,6-8,Russian,Brentwood,3.238
41051002203,a,6-8,Russian,Brentwood,5.887
41051002501,a,6-8,Russian,Brentwood,5.27
41051006002,a,6-8,Russian,Brentwood,4.185
41051000201,a,6-8,Russian,Brentwood,2.021
41051005701,a,6-8,Russian,Brentwood,4.187
41051000202,a,6-8,Russian,Brentwood,2.304
41051005902,a,6-8,Russian,Brentwood,3.708
41051001704,a,6-8,Russian,Brentwood,3.641
41051001101,a,6-8,Russian,Brentwood,4.118
41051005500,a,6-8,Russian,Brentwood,5.276
41051003502,a,6-8,Russian,Brentwood,6.698
41051001500,a,6-8,Russian,Brentwood,2.711
41051002901,a,6-8,Russian,Brentwood,5.484
41051003603,a,6-8,Russian,Brentwood,6.608
41051001302,a,6-8,Russian,Brentwood,2.772
41051001204,a,6-8,Russian,Brentwood,3.74
41051004003,a,6-8,Russian,Brentwood,10.046
41051005202,a,6-8,Russian,Brentwood,5.647
41051006602,a,6-8,Russian,Brentwood,5.196
41051000601,a,6-8,Russian,Brentwood,1.85
41051002701,a,6-8,Russian,Brentwood,5.053
41051003302,a,6-8,Russian,Brentwood,6.081
41051006100,a,6-8,Russian,Brentwood,4.979
41051001000,a,6-8,Russian,Brentwood,2.875
41051000602,a,6-8,Russian,Brentwood,1.45
41051002002,a,6-8,Russian,Brentwood,4.145
41051002401,a,6-8,Russian,Brentwood,5.569
41051003602,a,6-8,Russian,Brentwood,7.043
41051004002,a,6-8,Russian,Brentwood,9.51
41051004700,a,6-8,Russian,Brentwood,6.232
41051003702,a,6-8,Russian,Brentwood,7.365
41051004500,a,6-8,Russian,Brentwood,6.605
41051004800,a,6-8,Russian,Brentwood,5.941
41051006502,a,6-8,Russian,Brentwood,5.476
41051007600,a,6-8,Russian,Brentwood,6.271
41051008301,a,6-8,Russian,Brentwood,2.297
41051008700,a,6-8,Russian,Brentwood,0.06
41051006802,a,6-8,Russian,Brentwood,5.901
41051006801,a,6-8,Russian,Brentwood,6.682
41051000302,a,6-8,Russian,Brentwood,1.25
41051000501,a,6-8,Russian,Brentwood,0.84
41051001601,a,6-8,Russian,Brentwood,2.98
41051001702,a,6-8,Russian,Brentwood,4.031
41051001900,a,6-8,Russian,Brentwood,3.983
41051002702,a,6-8,Russian,Brentwood,4.349
41051000102,a,6-8,Russian,Brentwood,2.915
41051000101,a,6-8,Russian,Brentwood,2.715
41051002001,a,6-8,Russian,Brentwood,4.145
41051005102,a,6-8,Russian,Brentwood,5.484
41051001400,a,6-8,Russian,Brentwood,2.914
41051001602,a,6-8,Russian,Brentwood,3.181
41051002303,a,6-8,Russian,Brentwood,5.398
41051002402,a,6-8,Russian,Brentwood,4.993
41051002600,a,6-8,Russian,Brentwood,4.949
41051003802,a,6-8,Russian,Brentwood,8.062
41051003902,a,6-8,Russian,Brentwood,8.255
41051004602,a,6-8,Russian,Brentwood,5.516
41051004601,a,6-8,Russian,Brentwood,6.195
41051005800,a,6-8,Russian,Brentwood,5.069
41051006001,a,6-8,Russian,Brentwood,4.581
41051006501,a,6-8,Russian,Brentwood,6.443
41051007201,a,6-8,Russian,Brentwood,12.518
41051007202,a,6-8,Russian,Brentwood,11.507
41051004300,a,6-8,Russian,Brentwood,11.156
41051006900,a,6-8,Russian,Brentwood,6.786
41051000301,a,6-8,Russian,Brentwood,1.612
41051000401,a,6-8,Russian,Brentwood,1.071
41051000701,a,6-8,Russian,Brentwood,2.163
41051000802,a,6-8,Russian,Brentwood,1.739
41051001301,a,6-8,Russian,Brentwood,3.317
41051002802,a,6-8,Russian,Brentwood,4.229
41051003000,a,6-8,Russian,Brentwood,5.907
41051003401,a,6-8,Russian,Brentwood,6.801
41051003601,a,6-8,Russian,Brentwood,7.508
41051003701,a,6-8,Russian,Brentwood,7.946
41051001102,a,6-8,Russian,Brentwood,3.696
41051005903,a,6-8,Russian,Brentwood,3.562
41051004901,a,6-8,Russian,Brentwood,6.301
41051005002,a,6-8,Russian,Brentwood,5.771
41051003903,a,6-8,Russian,Brentwood,9.433
41051005101,a,6-8,Russian,Brentwood,5.806
41051002101,a,6-8,Russian,Brentwood,4.566
41051001703,a,6-8,Russian,Brentwood,4.186
41051005201,a,6-8,Russian,Brentwood,5.359
41051002102,a,6-8,Russian,Brentwood,4.341
41051005001,a,6-8,Russian,Brentwood,5.649
41051005602,a,6-8,Russian,Brentwood,4.868
41051004103,a,6-8,Russian,Brentwood,11.362
41051003904,a,6-8,Russian,Brentwood,9.088
41051005103,a,6-8,Russian,Brentwood,5.182
41051002902,a,6-8,Russian,Brentwood,4.839
41051004102,a,6-8,Russian,Brentwood,10.566
41051006200,a,6-8,Russian,Brentwood,4.045
41051003301,a,6-8,Russian,Brentwood,6.602
41051006404,a,6-8,Russian,Brentwood,6.518
41051002801,a,6-8,Russian,Brentwood,4.904
41051000402,a,6-8,Russian,Brentwood,0.891
41051000702,a,6-8,Russian,Brentwood,1.708
41051003801,a,6-8,Russian,Brentwood,8.511
41051006702,a,6-8,Russian,Brentwood,5.491
41051007001,a,6-8,Russian,Brentwood,9.579
41051001801,a,6-8,Russian,Brentwood,3.93
41051002903,a,6-8,Russian,Brentwood,5.198
41051005901,a,6-8,Russian,Brentwood,3.988
41051004104,a,6-8,Russian,Brentwood,12.211
41051005601,a,6-8,Russian,Brentwood,4.955
41051000902,a,6-8,Russian,Brentwood,2.172
41051001203,a,6-8,Russian,Brentwood,3.521
41051010601,a,6-8,Russian,Brentwood,5.173
41051008800,a,6-8,Russian,Brentwood,0.34
41051007002,a,6-8,Russian,Brentwood,11.031
41051006403,a,6-8,Russian,Brentwood,6.003
41051000901,a,6-8,Russian,Brentwood,2.419
41051001802,a,6-8,Russian,Brentwood,3.413
41051980000,a,6-8,Russian,Brentwood,7.735
41051004902,a,6-8,Russian,Brentwood,5.755
41051003100,a,6-8,Vietnamese,Roseway Heights,2.47
41051003501,a,6-8,Vietnamese,Roseway Heights,4.896
41051003803,a,6-8,Vietnamese,Roseway Heights,4.961
41051006601,a,6-8,Vietnamese,Roseway Heights,8.628
41051000801,a,6-8,Vietnamese,Roseway Heights,3.171
41051002502,a,6-8,Vietnamese,Roseway Heights,2.571
41051006701,a,6-8,Vietnamese,Roseway Heights,8.329
41051005702,a,6-8,Vietnamese,Roseway Heights,4.875
41051010602,a,6-8,Vietnamese,Roseway Heights,4.561
41051003200,a,6-8,Vietnamese,Roseway Heights,2.92
41051003402,a,6-8,Vietnamese,Roseway Heights,3.965
41051004200,a,6-8,Vietnamese,Roseway Heights,8.938
41051006402,a,6-8,Vietnamese,Roseway Heights,8.681
41051007400,a,6-8,Vietnamese,Roseway Heights,1.942
41051007500,a,6-8,Vietnamese,Roseway Heights,1.259
41051008600,a,6-8,Vietnamese,Roseway Heights,5.363
41051008902,a,6-8,Vietnamese,Roseway Heights,5.425
41051000502,a,6-8,Vietnamese,Roseway Heights,4.111
41051001202,a,6-8,Vietnamese,Roseway Heights,3.626
41051002203,a,6-8,Vietnamese,Roseway Heights,3.885
41051002501,a,6-8,Vietnamese,Roseway Heights,2.501
41051006002,a,6-8,Vietnamese,Roseway Heights,6.841
41051000201,a,6-8,Vietnamese,Roseway Heights,5.95
41051005701,a,6-8,Vietnamese,Roseway Heights,5.025
41051000202,a,6-8,Vietnamese,Roseway Heights,5.047
41051005902,a,6-8,Vietnamese,Roseway Heights,5.229
41051001704,a,6-8,Vietnamese,Roseway Heights,1.465
41051001101,a,6-8,Vietnamese,Roseway Heights,4.478
41051005500,a,6-8,Vietnamese,Roseway Heights,5.484
41051003502,a,6-8,Vietnamese,Roseway Heights,4.597
41051001500,a,6-8,Vietnamese,Roseway Heights,2.505
41051002901,a,6-8,Vietnamese,Roseway Heights,0.535
41051003603,a,6-8,Vietnamese,Roseway Heights,2.366
41051001302,a,6-8,Vietnamese,Roseway Heights,3.27
41051001204,a,6-8,Vietnamese,Roseway Heights,3.235
41051004003,a,6-8,Vietnamese,Roseway Heights,7.283
41051005202,a,6-8,Vietnamese,Roseway Heights,5.457
41051006602,a,6-8,Vietnamese,Roseway Heights,7.731
41051000601,a,6-8,Vietnamese,Roseway Heights,4.311
41051002701,a,6-8,Vietnamese,Roseway Heights,1.423
41051003302,a,6-8,Vietnamese,Roseway Heights,3.354
41051006100,a,6-8,Vietnamese,Roseway Heights,6.842
41051001000,a,6-8,Vietnamese,Roseway Heights,4.498
41051000602,a,6-8,Vietnamese,Roseway Heights,4.965
41051002002,a,6-8,Vietnamese,Roseway Heights,2.946
41051002401,a,6-8,Vietnamese,Roseway Heights,3.151
41051003602,a,6-8,Vietnamese,Roseway Heights,3.111
41051004002,a,6-8,Vietnamese,Roseway Heights,7.213
41051004700,a,6-8,Vietnamese,Roseway Heights,5.597
41051003702,a,6-8,Vietnamese,Roseway Heights,4.225
41051004500,a,6-8,Vietnamese,Roseway Heights,5.309
41051004800,a,6-8,Vietnamese,Roseway Heights,5.319
41051006502,a,6-8,Vietnamese,Roseway Heights,8.361
41051007600,a,6-8,Vietnamese,Roseway Heights,1.203
41051008301,a,6-8,Vietnamese,Roseway Heights,3.314
41051008700,a,6-8,Vietnamese,Roseway Heights,5.108
41051006802,a,6-8,Vietnamese,Roseway Heights,7.347
41051006801,a,6-8,Vietnamese,Roseway Heights,8.032
41051000302,a,6-8,Vietnamese,Roseway Heights,5.436
41051000501,a,6-8,Vietnamese,Roseway Heights,4.275
41051001601,a,6-8,Vietnamese,Roseway Heights,2.101
41051001702,a,6-8,Vietnamese,Roseway Heights,1.394
41051001900,a,6-8,Vietnamese,Roseway Heights,2.104
41051002702,a,6-8,Vietnamese,Roseway Heights,1.588
41051000102,a,6-8,Vietnamese,Roseway Heights,5.478
41051000101,a,6-8,Vietnamese,Roseway Heights,6.668
41051002001,a,6-8,Vietnamese,Roseway Heights,2.573
41051005102,a,6-8,Vietnamese,Roseway Heights,4.645
41051001400,a,6-8,Vietnamese,Roseway Heights,2.656
41051001602,a,6-8,Vietnamese,Roseway Heights,2.307
41051002303,a,6-8,Vietnamese,Roseway Heights,3.926
41051002402,a,6-8,Vietnamese,Roseway Heights,3.21
41051002600,a,6-8,Vietnamese,Roseway Heights,1.923
41051003802,a,6-8,Vietnamese,Roseway Heights,5.069
41051003902,a,6-8,Vietnamese,Roseway Heights,5.591
41051004602,a,6-8,Vietnamese,Roseway Heights,6.031
41051004601,a,6-8,Vietnamese,Roseway Heights,6.129
41051005800,a,6-8,Vietnamese,Roseway Heights,6.161
41051006001,a,6-8,Vietnamese,Roseway Heights,6.191
41051006501,a,6-8,Vietnamese,Roseway Heights,9.303
41051007201,a,6-8,Vietnamese,Roseway Heights,8.867
41051007202,a,6-8,Vietnamese,Roseway Heights,8.262
41051004300,a,6-8,Vietnamese,Roseway Heights,9.332
41051006900,a,6-8,Vietnamese,Roseway Heights,7.442
41051000301,a,6-8,Vietnamese,Roseway Heights,4.769
41051000401,a,6-8,Vietnamese,Roseway Heights,4.368
41051000701,a,6-8,Vietnamese,Roseway Heights,2.951
41051000802,a,6-8,Vietnamese,Roseway Heights,3.575
41051001301,a,6-8,Vietnamese,Roseway Heights,2.824
41051002802,a,6-8,Vietnamese,Roseway Heights,1.159
41051003000,a,6-8,Vietnamese,Roseway Heights,1.942
41051003401,a,6-8,Vietnamese,Roseway Heights,4.033
41051003601,a,6-8,Vietnamese,Roseway Heights,3.871
41051003701,a,6-8,Vietnamese,Roseway Heights,4.503
41051001102,a,6-8,Vietnamese,Roseway Heights,4.15
41051005903,a,6-8,Vietnamese,Roseway Heights,6.077
41051004901,a,6-8,Vietnamese,Roseway Heights,5.407
41051005002,a,6-8,Vietnamese,Roseway Heights,5.006
41051003903,a,6-8,Vietnamese,Roseway Heights,6.525
41051005101,a,6-8,Vietnamese,Roseway Heights,4.6
41051002101,a,6-8,Vietnamese,Roseway Heights,3.828
41051001703,a,6-8,Vietnamese,Roseway Heights,0.905
41051005201,a,6-8,Vietnamese,Roseway Heights,5.19
41051002102,a,6-8,Vietnamese,Roseway Heights,3.305
41051005001,a,6-8,Vietnamese,Roseway Heights,4.866
41051005602,a,6-8,Vietnamese,Roseway Heights,5.227
41051004103,a,6-8,Vietnamese,Roseway Heights,8.503
41051003904,a,6-8,Vietnamese,Roseway Heights,6.054
41051005103,a,6-8,Vietnamese,Roseway Heights,4.313
41051002902,a,6-8,Vietnamese,Roseway Heights,0.239
41051004102,a,6-8,Vietnamese,Roseway Heights,8.121
41051006200,a,6-8,Vietnamese,Roseway Heights,7.164
41051003301,a,6-8,Vietnamese,Roseway Heights,3.463
41051006404,a,6-8,Vietnamese,Roseway Heights,9.905
41051002801,a,6-8,Vietnamese,Roseway Heights,0.863
41051000402,a,6-8,Vietnamese,Roseway Heights,4.222
41051000702,a,6-8,Vietnamese,Roseway Heights,3.411
41051003801,a,6-8,Vietnamese,Roseway Heights,5.284
41051006702,a,6-8,Vietnamese,Roseway Heights,7.551
41051007001,a,6-8,Vietnamese,Roseway Heights,8.974
41051001801,a,6-8,Vietnamese,Roseway Heights,1.266
41051002903,a,6-8,Vietnamese,Roseway Heights,0.834
41051005901,a,6-8,Vietnamese,Roseway Heights,6.024
41051004104,a,6-8,Vietnamese,Roseway Heights,9.654
41051005601,a,6-8,Vietnamese,Roseway Heights,5.07
41051000902,a,6-8,Vietnamese,Roseway Heights,4.001
41051001203,a,6-8,Vietnamese,Roseway Heights,3.391
41051010601,a,6-8,Vietnamese,Roseway Heights,4.923
41051008800,a,6-8,Vietnamese,Roseway Heights,5.412
41051007002,a,6-8,Vietnamese,Roseway Heights,9.826
41051006403,a,6-8,Vietnamese,Roseway Heights,9.211
41051000901,a,6-8,Vietnamese,Roseway Heights,3.737
41051001802,a,6-8,Vietnamese,Roseway Heights,1.876
41051980000,a,6-8,Vietnamese,Roseway Heights,5.755
41051004902,a,6-8,Vietnamese,Roseway Heights,5.154
41051003100,a,9-12,Spanish,McDaniel,2.834
41051003501,a,9-12,Spanish,Lincoln,2.815
41051003803,a,9-12,Spanish,Roosevelt,3.035
41051006601,a,9-12,Spanish,Lincoln,3.841
41051000801,a,9-12,Spanish,Franklin,0.21
41051002502,a,9-12,Spanish,Lincoln,2.668
41051006701,a,9-12,Spanish,Lincoln,3.404
41051005702,a,9-12,Spanish,Lincoln,0.91
41051010602,a,9-12,Spanish,Lincoln,0.693
41051003200,a,9-12,Spanish,McDaniel,3.282
41051003402,a,9-12,Spanish,Lincoln,2.454
41051004200,a,9-12,Spanish,Roosevelt,1.04
41051006402,a,9-12,Spanish,Lincoln,5.042
41051007400,a,9-12,Spanish,McDaniel,2.259
41051007500,a,9-12,Spanish,McDaniel,1.615
41051008600,a,9-12,Spanish,Franklin,2.693
41051008902,a,9-12,Spanish,Franklin,3.252
41051000502,a,9-12,Spanish,Franklin,1.636
41051001202,a,9-12,Spanish,Franklin,1.777
41051002203,a,9-12,Spanish,Lincoln,1.959
41051002501,a,9-12,Spanish,McDaniel,2.834
41051006002,a,9-12,Spanish,Lincoln,3.068
41051000201,a,9-12,Spanish,Franklin,2.972
41051005701,a,9-12,Spanish,Lincoln,1.242
41051000202,a,9-12,Spanish,Franklin,2.279
41051005902,a,9-12,Spanish,Lincoln,1.868
41051001704,a,9-12,Spanish,McDaniel,1.341
41051001101,a,9-12,Spanish,Lincoln,1.265
41051005500,a,9-12,Spanish,Lincoln,0.377
41051003502,a,9-12,Spanish,Lincoln,2.196
41051001500,a,9-12,Spanish,Franklin,0.577
41051002901,a,9-12,Spanish,McDaniel,0.867
41051003603,a,9-12,Spanish,McDaniel,2.721
41051001302,a,9-12,Spanish,Franklin,1.107
41051001204,a,9-12,Spanish,Franklin,2.014
41051004003,a,9-12,Spanish,Roosevelt,0.712
41051005202,a,9-12,Spanish,Lincoln,0.299
41051006602,a,9-12,Spanish,Lincoln,3.412
41051000601,a,9-12,Spanish,Franklin,2.31
41051002701,a,9-12,Spanish,McDaniel,1.761
41051003302,a,9-12,Spanish,Lincoln,2.719
41051006100,a,9-12,Spanish,Lincoln,2.336
41051001000,a,9-12,Spanish,Franklin,2.118
41051000602,a,9-12,Spanish,Franklin,2.628
41051002002,a,9-12,Spanish,Franklin,2.279
41051002401,a,9-12,Spanish,Lincoln,2.464
41051003602,a,9-12,Spanish,McDaniel,3.471
41051004002,a,9-12,Spanish,Roosevelt,1.024
41051004700,a,9-12,Spanish,Lincoln,0.887
41051003702,a,9-12,Spanish,Lincoln,3.487
41051004500,a,9-12,Spanish,Lincoln,1.491
41051004800,a,9-12,Spanish,Lincoln,0.647
41051006502,a,9-12,Spanish,Lincoln,4.131
41051007600,a,9-12,Spanish,McDaniel,1.382
41051008301,a,9-12,Spanish,Franklin,1.718
41051008700,a,9-12,Spanish,Franklin,2.161
41051006802,a,9-12,Spanish,Lincoln,2.371
41051006801,a,9-12,Spanish,Lincoln,2.91
41051000302,a,9-12,Spanish,Franklin,2.393
41051000501,a,9-12,Spanish,Franklin,1.487
41051001601,a,9-12,Spanish,Franklin,1.137
41051001702,a,9-12,Spanish,McDaniel,1.127
41051001900,a,9-12,Spanish,Franklin,1.894
41051002702,a,9-12,Spanish,McDaniel,1.837
41051000102,a,9-12,Spanish,Lincoln,2.867
41051000101,a,9-12,Spanish,Franklin,3.73
41051002001,a,9-12,Spanish,Franklin,2.166
41051005102,a,9-12,Spanish,Lincoln,0.764
41051001400,a,9-12,Spanish,Franklin,0.861
41051001602,a,9-12,Spanish,Franklin,1.831
41051002303,a,9-12,Spanish,Lincoln,1.508
41051002402,a,9-12,Spanish,Lincoln,2.081
41051002600,a,9-12,Spanish,McDaniel,2.244
41051003802,a,9-12,Spanish,Roosevelt,2.874
41051003902,a,9-12,Spanish,Roosevelt,2.399
41051004602,a,9-12,Spanish,Lincoln,0.894
41051004601,a,9-12,Spanish,Lincoln,0.974
41051005800,a,9-12,Spanish,Lincoln,1.375
41051006001,a,9-12,Spanish,Lincoln,1.858
41051006501,a,9-12,Spanish,Lincoln,4.825
41051007201,a,9-12,Spanish,Roosevelt,3.079
41051007202,a,9-12,Spanish,Roosevelt,1.703
41051004300,a,9-12,Spanish,Roosevelt,1.872
41051006900,a,9-12,Spanish,Lincoln,2.218
41051000301,a,9-12,Spanish,Franklin,1.805
41051000401,a,9-12,Spanish,Franklin,1.317
41051000701,a,9-12,Spanish,Franklin,0.865
41051000802,a,9-12,Spanish,Franklin,0.533
41051001301,a,9-12,Spanish,Franklin,1.408
41051002802,a,9-12,Spanish,McDaniel,1.341
41051003000,a,9-12,Spanish,McDaniel,2.308
41051003401,a,9-12,Spanish,Lincoln,2.884
41051003601,a,9-12,Spanish,Lincoln,4.085
41051003701,a,9-12,Spanish,Roosevelt,3.508
41051001102,a,9-12,Spanish,Lincoln,1.735
41051005903,a,9-12,Spanish,Lincoln,2.755
41051004901,a,9-12,Spanish,Lincoln,1.044
41051005002,a,9-12,Spanish,Lincoln,0.671
41051003903,a,9-12,Spanish,Roosevelt,1.46
41051005101,a,9-12,Spanish,Lincoln,1.117
41051002101,a,9-12,Spanish,Lincoln,1.414
41051001703,a,9-12,Spanish,McDaniel,0.808
41051005201,a,9-12,Spanish,Lincoln,0.039
41051002102,a,9-12,Spanish,Lincoln,1.95
41051005001,a,9-12,Spanish,Lincoln,0.674
41051005602,a,9-12,Spanish,Lincoln,0.578
41051004103,a,9-12,Spanish,Roosevelt,0.989
41051003904,a,9-12,Spanish,Roosevelt,1.943
41051005103,a,9-12,Spanish,Lincoln,0.961
41051002902,a,9-12,Spanish,McDaniel,0.423
41051004102,a,9-12,Spanish,Roosevelt,0.267
41051006200,a,9-12,Spanish,Lincoln,3.658
41051003301,a,9-12,Spanish,Lincoln,3.216
41051006404,a,9-12,Spanish,Lincoln,5.746
41051002801,a,9-12,Spanish,McDaniel,1.188
41051000402,a,9-12,Spanish,Franklin,1.248
41051000702,a,9-12,Spanish,Franklin,0.948
41051003801,a,9-12,Spanish,Roosevelt,2.72
41051006702,a,9-12,Spanish,Lincoln,2.917
41051007001,a,9-12,Spanish,Roosevelt,3.742
41051001801,a,9-12,Spanish,McDaniel,1.353
41051002903,a,9-12,Spanish,McDaniel,0.507
41051005901,a,9-12,Spanish,Lincoln,2.261
41051004104,a,9-12,Spanish,Roosevelt,1.754
41051005601,a,9-12,Spanish,Lincoln,0.412
41051000902,a,9-12,Spanish,Franklin,1.277
41051001203,a,9-12,Spanish,Franklin,1.891
41051010601,a,9-12,Spanish,Lincoln,0.303
41051008800,a,9-12,Spanish,Franklin,2.468
41051007002,a,9-12,Spanish,Roosevelt,3.07
41051006403,a,9-12,Spanish,Lincoln,5.037
41051000901,a,9-12,Spanish,Franklin,1.191
41051001802,a,9-12,Spanish,Franklin,1.28
41051980000,a,9-12,Spanish,Lincoln,2.725
41051004902,a,9-12,Spanish,Lincoln,0.526
41051003100,a,9-12,Mandarin,Jefferson,1.783
41051003501,a,9-12,Mandarin,Jefferson,0.686
41051003803,a,9-12,Mandarin,Jefferson,0.746
41051006601,a,9-12,Mandarin,Cleveland,4.919
41051000801,a,9-12,Mandarin,Cleveland,1.369
41051002502,a,9-12,Mandarin,Jefferson,2.408
41051006701,a,9-12,Mandarin,Cleveland,4.75
41051005702,a,9-12,Mandarin,Cleveland,1.927
41051010602,a,9-12,Mandarin,Cleveland,2.26
41051003200,a,9-12,Mandarin,Jefferson,1.326
41051003402,a,9-12,Mandarin,Jefferson,0.644
41051004200,a,9-12,Mandarin,Jefferson,4.734
41051006402,a,9-12,Mandarin,Cleveland,4.662
41051007400,a,9-12,Mandarin,Jefferson,3.057
41051007500,a,9-12,Mandarin,Jefferson,3.127
41051008600,a,9-12,Mandarin,Cleveland,3.46
41051008902,a,9-12,Mandarin,Cleveland,4.343
41051000502,a,9-12,Mandarin,Cleveland,2.833
41051001202,a,9-12,Mandarin,Cleveland,0.705
41051002203,a,9-12,Mandarin,Jefferson,1.227
41051002501,a,9-12,Mandarin,Jefferson,1.997
41051006002,a,9-12,Mandarin,Cleveland,2.891
41051000201,a,9-12,Mandarin,Cleveland,2.169
41051005701,a,9-12,Mandarin,Cleveland,1.748
41051000202,a,9-12,Mandarin,Cleveland,1.084
41051005902,a,9-12,Mandarin,Cleveland,1.518
41051001704,a,9-12,Mandarin,Cleveland,3.069
41051001101,a,9-12,Mandarin,Cleveland,1.538
41051005500,a,9-12,Mandarin,Cleveland,2.778
41051003502,a,9-12,Mandarin,Jefferson,0.851
41051001500,a,9-12,Mandarin,Cleveland,1.772
41051002901,a,9-12,Mandarin,Jefferson,3.856
41051003603,a,9-12,Mandarin,Jefferson,2.276
41051001302,a,9-12,Mandarin,Cleveland,0.75
41051001204,a,9-12,Mandarin,Cleveland,1.31
41051004003,a,9-12,Mandarin,Jefferson,3.184
41051005202,a,9-12,Mandarin,Jefferson,2.98
41051006602,a,9-12,Mandarin,Cleveland,3.865
41051000601,a,9-12,Mandarin,Cleveland,3.626
41051002701,a,9-12,Mandarin,Jefferson,2.909
41051003302,a,9-12,Mandarin,Jefferson,1.023
41051006100,a,9-12,Mandarin,Cleveland,3.171
41051001000,a,9-12,Mandarin,Cleveland,0.548
41051000602,a,9-12,Mandarin,Cleveland,3.704
41051002002,a,9-12,Mandarin,Cleveland,1.794
41051002401,a,9-12,Mandarin,Jefferson,1.493
41051003602,a,9-12,Mandarin,Jefferson,1.657
41051004002,a,9-12,Mandarin,Jefferson,2.976
41051004700,a,9-12,Mandarin,Jefferson,2.599
41051003702,a,9-12,Mandarin,Jefferson,0.502
41051004500,a,9-12,Mandarin,Jefferson,1.868
41051004800,a,9-12,Mandarin,Jefferson,2.531
41051006502,a,9-12,Mandarin,Cleveland,4.428
41051007600,a,9-12,Mandarin,Jefferson,4.139
41051008301,a,9-12,Mandarin,Cleveland,3.246
41051008700,a,9-12,Mandarin,Cleveland,2.596
41051006802,a,9-12,Mandarin,Cleveland,3.934
41051006801,a,9-12,Mandarin,Cleveland,4.721
41051000302,a,9-12,Mandarin,Cleveland,2.013
41051000501,a,9-12,Mandarin,Cleveland,2.433
41051001601,a,9-12,Mandarin,Cleveland,2.584
41051001702,a,9-12,Mandarin,Cleveland,3.699
41051001900,a,9-12,Mandarin,Cleveland,2.105
41051002702,a,9-12,Mandarin,Cleveland,2.646
41051000102,a,9-12,Mandarin,Cleveland,1.461
41051000101,a,9-12,Mandarin,Cleveland,2.769
41051002001,a,9-12,Mandarin,Cleveland,1.961
41051005102,a,9-12,Mandarin,Jefferson,2.264
41051001400,a,9-12,Mandarin,Cleveland,1.393
41051001602,a,9-12,Mandarin,Cleveland,3.383
41051002303,a,9-12,Mandarin,Jefferson,1.806
41051002402,a,9-12,Mandarin,Jefferson,2.04
41051002600,a,9-12,Mandarin,Jefferson,2.571
41051003802,a,9-12,Mandarin,Jefferson,1.033
41051003902,a,9-12,Mandarin,Jefferson,1.383
41051004602,a,9-12,Mandarin,Cleveland,3.126
41051004601,a,9-12,Mandarin,Jefferson,3.33
41051005800,a,9-12,Mandarin,Cleveland,2.855
41051006001,a,9-12,Mandarin,Cleveland,2.578
41051006501,a,9-12,Mandarin,Cleveland,5.406
41051007201,a,9-12,Mandarin,Jefferson,5.492
41051007202,a,9-12,Mandarin,Jefferson,4.497
41051004300,a,9-12,Mandarin,Jefferson,5.087
41051006900,a,9-12,Mandarin,Cleveland,4.539
41051000301,a,9-12,Mandarin,Cleveland,1.193
41051000401,a,9-12,Mandarin,Cleveland,1.557
41051000701,a,9-12,Mandarin,Cleveland,2.43
41051000802,a,9-12,Mandarin,Cleveland,1.315
41051001301,a,9-12,Mandarin,Cleveland,1.262
41051002802,a,9-12,Mandarin,Cleveland,2.876
41051003000,a,9-12,Mandarin,Jefferson,2.341
41051003401,a,9-12,Mandarin,Jefferson,0.243
41051003601,a,9-12,Mandarin,Jefferson,1.182
41051003701,a,9-12,Mandarin,Jefferson,1.127
41051001102,a,9-12,Mandarin,Cleveland,1.089
41051005903,a,9-12,Mandarin,Cleveland,2.105
41051004901,a,9-12,Mandarin,Jefferson,2.29
41051005002,a,9-12,Mandarin,Jefferson,2.339
41051003903,a,9-12,Mandarin,Jefferson,2.478
41051005101,a,9-12,Mandarin,Jefferson,1.873
41051002101,a,9-12,Mandarin,Cleveland,1.981
41051001703,a,9-12,Mandarin,Cleveland,3.393
41051005201,a,9-12,Mandarin,Cleveland,2.795
41051002102,a,9-12,Mandarin,Cleveland,1.858
41051005001,a,9-12,Mandarin,Jefferson,2.313
41051005602,a,9-12,Mandarin,Cleveland,2.37
41051004103,a,9-12,Mandarin,Jefferson,4.485
41051003904,a,9-12,Mandarin,Jefferson,2.079
41051005103,a,9-12,Mandarin,Jefferson,2.299
41051002902,a,9-12,Mandarin,Cleveland,3.793
41051004102,a,9-12,Mandarin,Jefferson,3.931
41051006200,a,9-12,Mandarin,Cleveland,3.155
41051003301,a,9-12,Mandarin,Jefferson,0.794
41051006404,a,9-12,Mandarin,Cleveland,5.914
41051002801,a,9-12,Mandarin,Cleveland,3.441
41051000402,a,9-12,Mandarin,Cleveland,1.961
41051000702,a,9-12,Mandarin,Cleveland,2.376
41051003801,a,9-12,Mandarin,Jefferson,1.488
41051006702,a,9-12,Mandarin,Cleveland,3.848
41051007001,a,9-12,Mandarin,Jefferson,5.06
41051001801,a,9-12,Mandarin,Cleveland,2.773
41051002903,a,9-12,Mandarin,Cleveland,4.546
41051005901,a,9-12,Mandarin,Cleveland,2.192
41051004104,a,9-12,Mandarin,Jefferson,5.53
41051005601,a,9-12,Mandarin,Cleveland,2.41
41051000902,a,9-12,Mandarin,Cleveland,0.454
41051001203,a,9-12,Mandarin,Cleveland,1.051
41051010601,a,9-12,Mandarin,Cleveland,2.587
41051008800,a,9-12,Mandarin,Cleveland,2.831
41051007002,a,9-12,Mandarin,Jefferson,5.652
41051006403,a,9-12,Mandarin,Cleveland,5.236
41051000901,a,9-12,Mandarin,Cleveland,0.387
41051001802,a,9-12,Mandarin,Cleveland,2.179
41051980000,a,9-12,Mandarin,Jefferson,1.615
41051004902,a,9-12,Mandarin,Jefferson,2.521
41051003100,a,9-12,Japanese,Grant,1.203
41051003501,a,9-12,Japanese,Grant,3.196
41051003803,a,9-12,Japanese,Grant,3.378
41051006601,a,9-12,Japanese,Grant,6.908
41051000801,a,9-12,Japanese,Grant,2.723
41051002502,a,9-12,Japanese,Grant,0.656
41051006701,a,9-12,Japanese,Grant,6.559
41051005702,a,9-12,Japanese,Grant,3.101
41051010602,a,9-12,Japanese,Grant,2.687
41051003200,a,9-12,Japanese,Grant,1.443
41051003402,a,9-12,Japanese,Grant,2.192
41051004200,a,9-12,Japanese,Grant,7.35
41051006402,a,9-12,Japanese,Grant,7.324
41051007400,a,9-12,Japanese,Grant,2.131
41051007500,a,9-12,Japanese,Grant,1.46
41051008600,a,9-12,Japanese,Grant,5.427
41051008902,a,9-12,Japanese,Grant,5.873
41051000502,a,9-12,Japanese,Grant,4.298
41051001202,a,9-12,Japanese,Grant,2.246
41051002203,a,9-12,Japanese,Grant,1.99
41051002501,a,9-12,Japanese,Grant,0.646
41051006002,a,9-12,Japanese,Grant,5.354
41051000201,a,9-12,Japanese,Grant,5.024
41051005701,a,9-12,Japanese,Grant,3.326
41051000202,a,9-12,Japanese,Grant,3.943
41051005902,a,9-12,Japanese,Grant,3.674
41051001704,a,9-12,Japanese,Grant,2.271
41051001101,a,9-12,Japanese,Grant,2.762
41051005500,a,9-12,Japanese,Grant,3.609
41051003502,a,9-12,Japanese,Grant,2.775
41051001500,a,9-12,Japanese,Grant,2.211
41051002901,a,9-12,Japanese,Grant,1.795
41051003603,a,9-12,Japanese,Grant,1.826
41051001302,a,9-12,Japanese,Grant,2.243
41051001204,a,9-12,Japanese,Grant,1.677
41051004003,a,9-12,Japanese,Grant,5.811
41051005202,a,9-12,Japanese,Grant,3.538
41051006602,a,9-12,Japanese,Grant,6.132
41051000601,a,9-12,Japanese,Grant,4.814
41051002701,a,9-12,Japanese,Grant,0.582
41051003302,a,9-12,Japanese,Grant,1.622
41051006100,a,9-12,Japanese,Grant,5.157
41051001000,a,9-12,Japanese,Grant,3.191
41051000602,a,9-12,Japanese,Grant,5.286
41051002002,a,9-12,Japanese,Grant,1.233
41051002401,a,9-12,Japanese,Grant,1.278
41051003602,a,9-12,Japanese,Grant,2.205
41051004002,a,9-12,Japanese,Grant,5.573
41051004700,a,9-12,Japanese,Grant,3.655
41051003702,a,9-12,Japanese,Grant,2.787
41051004500,a,9-12,Japanese,Grant,3.389
41051004800,a,9-12,Japanese,Grant,3.38
41051006502,a,9-12,Japanese,Grant,6.809
41051007600,a,9-12,Japanese,Grant,2.494
41051008301,a,9-12,Japanese,Grant,3.922
41051008700,a,9-12,Japanese,Grant,4.853
41051006802,a,9-12,Japanese,Grant,5.547
41051006801,a,9-12,Japanese,Grant,6.189
41051000302,a,9-12,Japanese,Grant,4.735
41051000501,a,9-12,Japanese,Grant,4.221
41051001601,a,9-12,Japanese,Grant,2.491
41051001702,a,9-12,Japanese,Grant,2.72
41051001900,a,9-12,Japanese,Grant,0.858
41051002702,a,9-12,Japanese,Grant,0.639
41051000102,a,9-12,Japanese,Grant,4.187
41051000101,a,9-12,Japanese,Grant,5.628
41051002001,a,9-12,Japanese,Grant,0.929
41051005102,a,9-12,Japanese,Grant,2.709
41051001400,a,9-12,Japanese,Grant,1.926
41051001602,a,9-12,Japanese,Grant,3.229
41051002303,a,9-12,Japanese,Grant,1.984
41051002402,a,9-12,Japanese,Grant,1.27
41051002600,a,9-12,Japanese,Grant,0.114
41051003802,a,9-12,Japanese,Grant,3.607
41051003902,a,9-12,Japanese,Grant,4.013
41051004602,a,9-12,Japanese,Grant,4.164
41051004601,a,9-12,Japanese,Grant,4.201
41051005800,a,9-12,Japanese,Grant,4.378
41051006001,a,9-12,Japanese,Grant,4.512
41051006501,a,9-12,Japanese,Grant,7.695
41051007201,a,9-12,Japanese,Grant,7.871
41051007202,a,9-12,Japanese,Grant,7.032
41051004300,a,9-12,Japanese,Grant,7.617
41051006900,a,9-12,Japanese,Grant,5.537
41051000301,a,9-12,Japanese,Grant,3.936
41051000401,a,9-12,Japanese,Grant,3.864
41051000701,a,9-12,Japanese,Grant,3.186
41051000802,a,9-12,Japanese,Grant,3.103
41051001301,a,9-12,Japanese,Grant,1.643
41051002802,a,9-12,Japanese,Grant,1.165
41051003000,a,9-12,Japanese,Grant,1.131
41051003401,a,9-12,Japanese,Grant,2.392
41051003601,a,9-12,Japanese,Grant,2.737
41051003701,a,9-12,Japanese,Grant,3.264
41051001102,a,9-12,Japanese,Grant,2.553
41051005903,a,9-12,Japanese,Grant,4.652
41051004901,a,9-12,Japanese,Grant,3.467
41051005002,a,9-12,Japanese,Grant,3.067
41051003903,a,9-12,Japanese,Grant,5.089
41051005101,a,9-12,Japanese,Grant,2.659
41051002101,a,9-12,Japanese,Grant,1.973
41051001703,a,9-12,Japanese,Grant,2.035
41051005201,a,9-12,Japanese,Grant,3.286
41051002102,a,9-12,Japanese,Grant,1.498
41051005001,a,9-12,Japanese,Grant,2.928
41051005602,a,9-12,Japanese,Grant,3.397
41051004103,a,9-12,Japanese,Grant,7.102
41051003904,a,9-12,Japanese,Grant,4.658
41051005103,a,9-12,Japanese,Grant,2.388
41051002902,a,9-12,Japanese,Grant,1.833
41051004102,a,9-12,Japanese,Grant,6.556
41051006200,a,9-12,Japanese,Grant,5.775
41051003301,a,9-12,Japanese,Grant,1.961
41051006404,a,9-12,Japanese,Grant,8.413
41051002801,a,9-12,Japanese,Grant,1.08
41051000402,a,9-12,Japanese,Grant,3.955
41051000702,a,9-12,Japanese,Grant,3.539
41051003801,a,9-12,Japanese,Grant,3.954
41051006702,a,9-12,Japanese,Grant,5.855
41051007001,a,9-12,Japanese,Grant,7.062
41051001801,a,9-12,Japanese,Grant,1.483
41051002903,a,9-12,Japanese,Grant,2.759
41051005901,a,9-12,Japanese,Grant,4.473
41051004104,a,9-12,Japanese,Grant,8.162
41051005601,a,9-12,Japanese,Grant,3.214
41051000902,a,9-12,Japanese,Grant,3.056
41051001203,a,9-12,Japanese,Grant,1.914
41051010601,a,9-12,Japanese,Grant,3.026
41051008800,a,9-12,Japanese,Grant,5.153
41051007002,a,9-12,Japanese,Grant,7.997
41051006403,a,9-12,Japanese,Grant,7.699
41051000901,a,9-12,Japanese,Grant,2.74
41051001802,a,9-12,Japanese,Grant,1.603
41051980000,a,9-12,Japanese,Grant,3.969
41051004902,a,9-12,Japanese,Grant,3.217
41051003100,a,9-12,Russian,Franklin,3.939
41051003501,a,9-12,Russian,Franklin,5.522
41051003803,a,9-12,Russian,Franklin,5.827
41051006601,a,9-12,Russian,Franklin,6.47
41051000801,a,9-12,Russian,Franklin,0.21
41051002502,a,9-12,Russian,Franklin,2.718
41051006701,a,9-12,Russian,Franklin,6.322
41051005702,a,9-12,Russian,Franklin,3.364
41051010602,a,9-12,Russian,Franklin,3.506
41051003200,a,9-12,Russian,Franklin,4.132
41051003402,a,9-12,Russian,Franklin,4.533
41051004200,a,9-12,Russian,Franklin,9.604
41051006402,a,9-12,Russian,Franklin,5.932
41051007400,a,9-12,Russian,Franklin,4.521
41051007500,a,9-12,Russian,Franklin,3.686
41051008600,a,9-12,Russian,Franklin,2.693
41051008902,a,9-12,Russian,Franklin,3.252
41051000502,a,9-12,Russian,Franklin,1.636
41051001202,a,9-12,Russian,Franklin,1.777
41051002203,a,9-12,Russian,Franklin,4.075
41051002501,a,9-12,Russian,Franklin,3.226
41051006002,a,9-12,Russian,Franklin,4.363
41051000201,a,9-12,Russian,Franklin,2.972
41051005701,a,9-12,Russian,Franklin,3.266
41051000202,a,9-12,Russian,Franklin,2.279
41051005902,a,9-12,Russian,Franklin,3.096
41051001704,a,9-12,Russian,Franklin,1.756
41051001101,a,9-12,Russian,Franklin,2.926
41051005500,a,9-12,Russian,Franklin,4.208
41051003502,a,9-12,Russian,Franklin,4.929
41051001500,a,9-12,Russian,Franklin,0.577
41051002901,a,9-12,Russian,Franklin,3.408
41051003603,a,9-12,Russian,Franklin,4.475
41051001302,a,9-12,Russian,Franklin,1.107
41051001204,a,9-12,Russian,Franklin,2.014
41051004003,a,9-12,Russian,Franklin,8.244
41051005202,a,9-12,Russian,Franklin,4.447
41051006602,a,9-12,Russian,Franklin,5.374
41051000601,a,9-12,Russian,Franklin,2.31
41051002701,a,9-12,Russian,Franklin,2.915
41051003302,a,9-12,Russian,Franklin,4.116
41051006100,a,9-12,Russian,Franklin,4.742
41051001000,a,9-12,Russian,Franklin,2.118
41051000602,a,9-12,Russian,Franklin,2.628
41051002002,a,9-12,Russian,Franklin,2.279
41051002401,a,9-12,Russian,Franklin,3.622
41051003602,a,9-12,Russian,Franklin,4.939
41051004002,a,9-12,Russian,Franklin,7.822
41051004700,a,9-12,Russian,Franklin,4.912
41051003702,a,9-12,Russian,Franklin,5.39
41051004500,a,9-12,Russian,Franklin,5.077
41051004800,a,9-12,Russian,Franklin,4.597
41051006502,a,9-12,Russian,Franklin,5.885
41051007600,a,9-12,Russian,Franklin,4.222
41051008301,a,9-12,Russian,Franklin,1.718
41051008700,a,9-12,Russian,Franklin,2.161
41051006802,a,9-12,Russian,Franklin,5.511
41051006801,a,9-12,Russian,Franklin,6.296
41051000302,a,9-12,Russian,Franklin,2.393
41051000501,a,9-12,Russian,Franklin,1.487
41051001601,a,9-12,Russian,Franklin,1.137
41051001702,a,9-12,Russian,Franklin,2.319
41051001900,a,9-12,Russian,Franklin,1.894
41051002702,a,9-12,Russian,Franklin,2.215
41051000102,a,9-12,Russian,Franklin,2.869
41051000101,a,9-12,Russian,Franklin,3.73
41051002001,a,9-12,Russian,Franklin,2.166
41051005102,a,9-12,Russian,Franklin,4.002
41051001400,a,9-12,Russian,Franklin,0.861
41051001602,a,9-12,Russian,Franklin,1.831
41051002303,a,9-12,Russian,Franklin,3.684
41051002402,a,9-12,Russian,Franklin,3.127
41051002600,a,9-12,Russian,Franklin,2.842
41051003802,a,9-12,Russian,Franklin,6.145
41051003902,a,9-12,Russian,Franklin,6.424
41051004602,a,9-12,Russian,Franklin,4.621
41051004601,a,9-12,Russian,Franklin,5.105
41051005800,a,9-12,Russian,Franklin,4.415
41051006001,a,9-12,Russian,Franklin,4.155
41051006501,a,9-12,Russian,Franklin,6.878
41051007201,a,9-12,Russian,Franklin,10.543
41051007202,a,9-12,Russian,Franklin,9.612
41051004300,a,9-12,Russian,Franklin,9.659
41051006900,a,9-12,Russian,Franklin,6.067
41051000301,a,9-12,Russian,Franklin,1.805
41051000401,a,9-12,Russian,Franklin,1.317
41051000701,a,9-12,Russian,Franklin,0.865
41051000802,a,9-12,Russian,Franklin,0.533
41051001301,a,9-12,Russian,Franklin,1.408
41051002802,a,9-12,Russian,Franklin,2.105
41051003000,a,9-12,Russian,Franklin,3.776
41051003401,a,9-12,Russian,Franklin,4.875
41051003601,a,9-12,Russian,Franklin,5.453
41051003701,a,9-12,Russian,Franklin,5.935
41051001102,a,9-12,Russian,Franklin,2.443
41051005903,a,9-12,Russian,Franklin,3.579
41051004901,a,9-12,Russian,Franklin,4.889
41051005002,a,9-12,Russian,Franklin,4.352
41051003903,a,9-12,Russian,Franklin,7.579
41051005101,a,9-12,Russian,Franklin,4.231
41051002101,a,9-12,Russian,Franklin,2.971
41051001703,a,9-12,Russian,Franklin,2.229
41051005201,a,9-12,Russian,Franklin,4.133
41051002102,a,9-12,Russian,Franklin,2.582
41051005001,a,9-12,Russian,Franklin,4.209
41051005602,a,9-12,Russian,Franklin,3.815
41051004103,a,9-12,Russian,Franklin,9.562
41051003904,a,9-12,Russian,Franklin,7.194
41051005103,a,9-12,Russian,Franklin,3.646
41051002902,a,9-12,Russian,Franklin,2.813
41051004102,a,9-12,Russian,Franklin,8.864
41051006200,a,9-12,Russian,Franklin,4.521
41051003301,a,9-12,Russian,Franklin,4.592
41051006404,a,9-12,Russian,Franklin,7.278
41051002801,a,9-12,Russian,Franklin,2.78
41051000402,a,9-12,Russian,Franklin,1.248
41051000702,a,9-12,Russian,Franklin,0.948
41051003801,a,9-12,Russian,Franklin,6.558
41051006702,a,9-12,Russian,Franklin,5.409
41051007001,a,9-12,Russian,Franklin,8.467
41051001801,a,9-12,Russian,Franklin,1.832
41051002903,a,9-12,Russian,Franklin,3.356
41051005901,a,9-12,Russian,Franklin,3.745
41051004104,a,9-12,Russian,Franklin,10.51
41051005601,a,9-12,Russian,Franklin,3.799
41051000902,a,9-12,Russian,Franklin,1.277
41051001203,a,9-12,Russian,Franklin,1.891
41051010601,a,9-12,Russian,Franklin,3.886
41051008800,a,9-12,Russian,Franklin,2.468
41051007002,a,9-12,Russian,Franklin,9.742
41051006403,a,9-12,Russian,Franklin,6.635
41051000901,a,9-12,Russian,Franklin,1.191
41051001802,a,9-12,Russian,Franklin,1.28
41051980000,a,9-12,Russian,Franklin,6.066
41051004902,a,9-12,Russian,Franklin,4.398
41051003100,a,9-12,Vietnamese,McDaniel,2.834
41051003501,a,9-12,Vietnamese,McDaniel,5.254
41051003803,a,9-12,Vietnamese,McDaniel,5.324
41051006601,a,9-12,Vietnamese,McDaniel,8.822
41051000801,a,9-12,Vietnamese,McDaniel,3.173
41051002502,a,9-12,Vietnamese,McDaniel,2.864
41051006701,a,9-12,Vietnamese,McDaniel,8.54
41051005702,a,9-12,Vietnamese,McDaniel,5.103
41051010602,a,9-12,Vietnamese,McDaniel,4.822
41051003200,a,9-12,Vietnamese,McDaniel,3.282
41051003402,a,9-12,Vietnamese,McDaniel,4.316
41051004200,a,9-12,Vietnamese,McDaniel,9.303
41051006402,a,9-12,Vietnamese,McDaniel,8.781
41051007400,a,9-12,Vietnamese,McDaniel,2.259
41051007500,a,9-12,Vietnamese,McDaniel,1.615
41051008600,a,9-12,Vietnamese,McDaniel,5.215
41051008902,a,9-12,Vietnamese,McDaniel,5.209
41051000502,a,9-12,Vietnamese,McDaniel,3.963
41051001202,a,9-12,Vietnamese,McDaniel,3.785
41051002203,a,9-12,Vietnamese,McDaniel,4.218
41051002501,a,9-12,Vietnamese,McDaniel,2.834
41051006002,a,9-12,Vietnamese,McDaniel,6.982
41051000201,a,9-12,Vietnamese,McDaniel,5.978
41051005701,a,9-12,Vietnamese,McDaniel,5.232
41051000202,a,9-12,Vietnamese,McDaniel,5.123
41051005902,a,9-12,Vietnamese,McDaniel,5.399
41051001704,a,9-12,Vietnamese,McDaniel,1.341
41051001101,a,9-12,Vietnamese,McDaniel,4.694
41051005500,a,9-12,Vietnamese,McDaniel,5.742
41051003502,a,9-12,Vietnamese,McDaniel,4.944
41051001500,a,9-12,Vietnamese,McDaniel,2.517
41051002901,a,9-12,Vietnamese,McDaniel,0.867
41051003603,a,9-12,Vietnamese,McDaniel,2.721
41051001302,a,9-12,Vietnamese,McDaniel,3.375
41051001204,a,9-12,Vietnamese,McDaniel,3.438
41051004003,a,9-12,Vietnamese,McDaniel,7.648
41051005202,a,9-12,Vietnamese,McDaniel,5.735
41051006602,a,9-12,Vietnamese,McDaniel,7.895
41051000601,a,9-12,Vietnamese,McDaniel,4.101
41051002701,a,9-12,Vietnamese,McDaniel,1.761
41051003302,a,9-12,Vietnamese,McDaniel,3.706
41051006100,a,9-12,Vietnamese,McDaniel,7.033
41051001000,a,9-12,Vietnamese,McDaniel,4.624
41051000602,a,9-12,Vietnamese,McDaniel,4.777
41051002002,a,9-12,Vietnamese,McDaniel,3.187
41051002401,a,9-12,Vietnamese,McDaniel,3.487
41051003602,a,9-12,Vietnamese,McDaniel,3.471
41051004002,a,9-12,Vietnamese,McDaniel,7.576
41051004700,a,9-12,Vietnamese,McDaniel,5.9
41051003702,a,9-12,Vietnamese,McDaniel,4.59
41051004500,a,9-12,Vietnamese,McDaniel,5.636
41051004800,a,9-12,Vietnamese,McDaniel,5.617
41051006502,a,9-12,Vietnamese,McDaniel,8.511
41051007600,a,9-12,Vietnamese,McDaniel,1.382
41051008301,a,9-12,Vietnamese,McDaniel,3.108
41051008700,a,9-12,Vietnamese,McDaniel,5.021
41051006802,a,9-12,Vietnamese,McDaniel,7.571
41051006801,a,9-12,Vietnamese,McDaniel,8.27
41051000302,a,9-12,Vietnamese,McDaniel,5.427
41051000501,a,9-12,Vietnamese,McDaniel,4.167
41051001601,a,9-12,Vietnamese,McDaniel,2.004
41051001702,a,9-12,Vietnamese,McDaniel,1.127
41051001900,a,9-12,Vietnamese,McDaniel,2.317
41051002702,a,9-12,Vietnamese,McDaniel,1.837
41051000102,a,9-12,Vietnamese,McDaniel,5.586
41051000101,a,9-12,Vietnamese,McDaniel,6.713
41051002001,a,9-12,Vietnamese,McDaniel,2.814
41051005102,a,9-12,Vietnamese,McDaniel,4.939
41051001400,a,9-12,Vietnamese,McDaniel,2.739
41051001602,a,9-12,Vietnamese,McDaniel,2.075
41051002303,a,9-12,Vietnamese,McDaniel,4.234
41051002402,a,9-12,Vietnamese,McDaniel,3.511
41051002600,a,9-12,Vietnamese,McDaniel,2.244
41051003802,a,9-12,Vietnamese,McDaniel,5.435
41051003902,a,9-12,Vietnamese,McDaniel,5.956
41051004602,a,9-12,Vietnamese,McDaniel,6.284
41051004601,a,9-12,Vietnamese,McDaniel,6.414
41051005800,a,9-12,Vietnamese,McDaniel,6.384
41051006001,a,9-12,Vietnamese,McDaniel,6.383
41051006501,a,9-12,Vietnamese,McDaniel,9.464
41051007201,a,9-12,Vietnamese,McDaniel,9.213
41051007202,a,9-12,Vietnamese,McDaniel,8.621
41051004300,a,9-12,Vietnamese,McDaniel,9.693
41051006900,a,9-12,Vietnamese,McDaniel,7.709
41051000301,a,9-12,Vietnamese,McDaniel,4.797
41051000401,a,9-12,Vietnamese,McDaniel,4.342
41051000701,a,9-12,Vietnamese,McDaniel,2.831
41051000802,a,9-12,Vietnamese,McDaniel,3.566
41051001301,a,9-12,Vietnamese,McDaniel,2.976
41051002802,a,9-12,Vietnamese,McDaniel,1.341
41051003000,a,9-12,Vietnamese,McDaniel,2.308
41051003401,a,9-12,Vietnamese,McDaniel,4.393
41051003601,a,9-12,Vietnamese,McDaniel,4.234
41051003701,a,9-12,Vietnamese,McDaniel,4.867
41051001102,a,9-12,Vietnamese,McDaniel,4.342
41051005903,a,9-12,Vietnamese,McDaniel,6.208
41051004901,a,9-12,Vietnamese,McDaniel,5.719
41051005002,a,9-12,Vietnamese,McDaniel,5.305
41051003903,a,9-12,Vietnamese,McDaniel,6.891
41051005101,a,9-12,Vietnamese,McDaniel,4.911
41051002101,a,9-12,Vietnamese,McDaniel,4.088
41051001703,a,9-12,Vietnamese,McDaniel,0.808
41051005201,a,9-12,Vietnamese,McDaniel,5.461
41051002102,a,9-12,Vietnamese,McDaniel,3.559
41051005001,a,9-12,Vietnamese,McDaniel,5.162
41051005602,a,9-12,Vietnamese,McDaniel,5.469
41051004103,a,9-12,Vietnamese,McDaniel,8.867
41051003904,a,9-12,Vietnamese,McDaniel,6.419
41051005103,a,9-12,Vietnamese,McDaniel,4.6
41051002902,a,9-12,Vietnamese,McDaniel,0.423
41051004102,a,9-12,Vietnamese,McDaniel,8.486
41051006200,a,9-12,Vietnamese,McDaniel,7.28
41051003301,a,9-12,Vietnamese,McDaniel,3.826
41051006404,a,9-12,Vietnamese,McDaniel,10.033
41051002801,a,9-12,Vietnamese,McDaniel,1.188
41051000402,a,9-12,Vietnamese,McDaniel,4.155
41051000702,a,9-12,Vietnamese,McDaniel,3.293
41051003801,a,9-12,Vietnamese,McDaniel,5.649
41051006702,a,9-12,Vietnamese,McDaniel,7.742
41051007001,a,9-12,Vietnamese,McDaniel,9.306
41051001801,a,9-12,Vietnamese,McDaniel,1.353
41051002903,a,9-12,Vietnamese,McDaniel,0.507
41051005901,a,9-12,Vietnamese,McDaniel,6.186
41051004104,a,9-12,Vietnamese,McDaniel,10.019
41051005601,a,9-12,Vietnamese,McDaniel,5.322
41051000902,a,9-12,Vietnamese,McDaniel,4.068
41051001203,a,9-12,Vietnamese,McDaniel,3.575
41051010601,a,9-12,Vietnamese,McDaniel,5.192
41051008800,a,9-12,Vietnamese,McDaniel,5.322
41051007002,a,9-12,Vietnamese,McDaniel,10.177
41051006403,a,9-12,Vietnamese,McDaniel,9.346
41051000901,a,9-12,Vietnamese,McDaniel,3.82
41051001802,a,9-12,Vietnamese,McDaniel,1.949
41051980000,a,9-12,Vietnamese,McDaniel,6.108
41051004902,a,9-12,Vietnamese,McDaniel,5.447
41051003100,a,K-5,Spanish,Rigler,1.37
41051003501,a,K-5,Spanish,César Chávez,2.356
41051003803,a,K-5,Spanish,César Chávez,2.088
41051006601,a,K-5,Spanish,Ainsworth,3.04
41051000801,a,K-5,Spanish,Lent,2.529
41051002502,a,K-5,Spanish,Rigler,2.118
41051006701,a,K-5,Spanish,Ainsworth,2.598
41051005702,a,K-5,Spanish,Ainsworth,1.176
41051010602,a,K-5,Spanish,Ainsworth,1.377
41051003200,a,K-5,Spanish,Rigler,1.839
41051003402,a,K-5,Spanish,Rigler,2.975
41051004200,a,K-5,Spanish,César Chávez,1.998
41051006402,a,K-5,Spanish,Ainsworth,4.393
41051007400,a,K-5,Spanish,Rigler,0.801
41051007500,a,K-5,Spanish,Rigler,0.039
41051008600,a,K-5,Spanish,Lent,1.623
41051008902,a,K-5,Spanish,Lent,1.218
41051000502,a,K-5,Spanish,Lent,0.968
41051001202,a,K-5,Spanish,Ainsworth,2.777
41051002203,a,K-5,Spanish,Ainsworth,2.76
41051002501,a,K-5,Spanish,Rigler,1.77
41051006002,a,K-5,Spanish,Ainsworth,2.512
41051000201,a,K-5,Spanish,Lent,4.017
41051005701,a,K-5,Spanish,Ainsworth,1.295
41051000202,a,K-5,Spanish,Ainsworth,3.178
41051005902,a,K-5,Spanish,Ainsworth,1.751
41051001704,a,K-5,Spanish,Rigler,2.511
41051001101,a,K-5,Spanish,Ainsworth,1.624
41051005500,a,K-5,Spanish,Ainsworth,0.458
41051003502,a,K-5,Spanish,Ainsworth,2.919
41051001500,a,K-5,Spanish,Lent,2.695
41051002901,a,K-5,Spanish,Rigler,0.775
41051003603,a,K-5,Spanish,Rigler,1.091
41051001302,a,K-5,Spanish,Ainsworth,3.443
41051001204,a,K-5,Spanish,Ainsworth,2.829
41051004003,a,K-5,Spanish,César Chávez,0.373
41051005202,a,K-5,Spanish,Ainsworth,0.762
41051006602,a,K-5,Spanish,Ainsworth,2.691
41051000601,a,K-5,Spanish,Lent,0.213
41051002701,a,K-5,Spanish,Rigler,0.96
41051003302,a,K-5,Spanish,Rigler,2.376
41051006100,a,K-5,Spanish,Ainsworth,1.632
41051001000,a,K-5,Spanish,Ainsworth,2.613
41051000602,a,K-5,Spanish,Lent,0.923
41051002002,a,K-5,Spanish,Rigler,2.727
41051002401,a,K-5,Spanish,Rigler,2.337
41051003602,a,K-5,Spanish,Rigler,1.846
41051004002,a,K-5,Spanish,César Chávez,0.762
41051004700,a,K-5,Spanish,Ainsworth,1.302
41051003702,a,K-5,Spanish,César Chávez,2.748
41051004500,a,K-5,Spanish,Ainsworth,2.069
41051004800,a,K-5,Spanish,Ainsworth,1.235
41051006502,a,K-5,Spanish,Ainsworth,3.402
41051007600,a,K-5,Spanish,Rigler,1.089
41051008301,a,K-5,Spanish,Lent,0.917
41051008700,a,K-5,Spanish,Lent,2.117
41051006802,a,K-5,Spanish,Ainsworth,1.565
41051006801,a,K-5,Spanish,Ainsworth,2.129
41051000302,a,K-5,Spanish,Lent,3.23
41051000501,a,K-5,Spanish,Lent,1.482
41051001601,a,K-5,Spanish,Lent,2.341
41051001702,a,K-5,Spanish,Rigler,2.622
41051001900,a,K-5,Spanish,Rigler,2.147
41051002702,a,K-5,Spanish,Rigler,1.618
41051000102,a,K-5,Spanish,Ainsworth,2.694
41051000101,a,K-5,Spanish,Ainsworth,4.054
41051002001,a,K-5,Spanish,Rigler,2.403
41051005102,a,K-5,Spanish,Ainsworth,1.567
41051001400,a,K-5,Spanish,Rigler,3.078
41051001602,a,K-5,Spanish,Lent,1.918
41051002303,a,K-5,Spanish,Ainsworth,2.312
41051002402,a,K-5,Spanish,Rigler,2.631
41051002600,a,K-5,Spanish,Rigler,1.407
41051003802,a,K-5,Spanish,César Chávez,1.901
41051003902,a,K-5,Spanish,César Chávez,1.462
41051004602,a,K-5,Spanish,Ainsworth,0.102
41051004601,a,K-5,Spanish,Ainsworth,0.828
41051005800,a,K-5,Spanish,Ainsworth,0.69
41051006001,a,K-5,Spanish,Ainsworth,1.296
41051006501,a,K-5,Spanish,Ainsworth,4.046
41051007201,a,K-5,Spanish,César Chávez,3.298
41051007202,a,K-5,Spanish,César Chávez,1.991
41051004300,a,K-5,Spanish,César Chávez,2.665
41051006900,a,K-5,Spanish,Ainsworth,1.569
41051000301,a,K-5,Spanish,Lent,3.251
41051000401,a,K-5,Spanish,Lent,2.454
41051000701,a,K-5,Spanish,Lent,1.642
41051000802,a,K-5,Spanish,Lent,2.436
41051001301,a,K-5,Spanish,Rigler,2.99
41051002802,a,K-5,Spanish,Rigler,1.627
41051003000,a,K-5,Spanish,Rigler,0.805
41051003401,a,K-5,Spanish,Rigler,2.945
41051003601,a,K-5,Spanish,Rigler,2.618
41051003701,a,K-5,Spanish,César Chávez,2.539
41051001102,a,K-5,Spanish,Ainsworth,2.096
41051005903,a,K-5,Spanish,Ainsworth,2.385
41051004901,a,K-5,Spanish,Ainsworth,1.578
41051005002,a,K-5,Spanish,Ainsworth,1.403
41051003903,a,K-5,Spanish,César Chávez,0.524
41051005101,a,K-5,Spanish,Ainsworth,1.895
41051002101,a,K-5,Spanish,Ainsworth,2.103
41051001703,a,K-5,Spanish,Rigler,2.005
41051005201,a,K-5,Spanish,Ainsworth,0.845
41051002102,a,K-5,Spanish,Ainsworth,2.625
41051005001,a,K-5,Spanish,Ainsworth,1.448
41051005602,a,K-5,Spanish,Ainsworth,0.738
41051004103,a,K-5,Spanish,César Chávez,1.69
41051003904,a,K-5,Spanish,César Chávez,0.992
41051005103,a,K-5,Spanish,Ainsworth,1.754
41051002902,a,K-5,Spanish,Rigler,1.375
41051004102,a,K-5,Spanish,César Chávez,1.177
41051006200,a,K-5,Spanish,Ainsworth,3.116
41051003301,a,K-5,Spanish,Rigler,2.339
41051006404,a,K-5,Spanish,Ainsworth,4.997
41051002801,a,K-5,Spanish,Rigler,0.954
41051000402,a,K-5,Spanish,Lent,1.943
41051000702,a,K-5,Spanish,Lent,1.428
41051003801,a,K-5,Spanish,César Chávez,1.756
41051006702,a,K-5,Spanish,Ainsworth,2.148
41051007001,a,K-5,Spanish,César Chávez,3.967
41051001801,a,K-5,Spanish,Rigler,1.949
41051002903,a,K-5,Spanish,Rigler,2.008
41051005901,a,K-5,Spanish,Ainsworth,1.843
41051004104,a,K-5,Spanish,César Chávez,2.702
41051005601,a,K-5,Spanish,Ainsworth,0.86
41051000902,a,K-5,Spanish,Lent,3.319
41051001203,a,K-5,Spanish,Ainsworth,2.793
41051010601,a,K-5,Spanish,Ainsworth,1.062
41051008800,a,K-5,Spanish,Lent,2.276
41051007002,a,K-5,Spanish,César Chávez,3.685
41051006403,a,K-5,Spanish,Ainsworth,4.296
41051000901,a,K-5,Spanish,Ainsworth,3.394
41051001802,a,K-5,Spanish,Rigler,2.444
41051980000,a,K-5,Spanish,César Chávez,2.04
41051004902,a,K-5,Spanish,Ainsworth,1.219
41051003100,a,K-5,Mandarin,Boise-Eliot/Humboldt,1.867
41051003501,a,K-5,Mandarin,Boise-Eliot/Humboldt,1.038
41051003803,a,K-5,Mandarin,Boise-Eliot/Humboldt,1.409
41051006601,a,K-5,Mandarin,Woodstock,5.941
41051000801,a,K-5,Mandarin,Woodstock,1.329
41051002502,a,K-5,Mandarin,Boise-Eliot/Humboldt,1.89
41051006701,a,K-5,Mandarin,Boise-Eliot/Humboldt,5.485
41051005702,a,K-5,Mandarin,Boise-Eliot/Humboldt,2.622
41051010602,a,K-5,Mandarin,Boise-Eliot/Humboldt,1.951
41051003200,a,K-5,Mandarin,Boise-Eliot/Humboldt,1.424
41051003402,a,K-5,Mandarin,Boise-Eliot/Humboldt,0.322
41051004200,a,K-5,Mandarin,Boise-Eliot/Humboldt,5.146
41051006402,a,K-5,Mandarin,Woodstock,4.931
41051007400,a,K-5,Mandarin,Boise-Eliot/Humboldt,3.35
41051007500,a,K-5,Mandarin,Boise-Eliot/Humboldt,3.195
41051008600,a,K-5,Mandarin,Woodstock,1.72
41051008902,a,K-5,Mandarin,Woodstock,2.661
41051000502,a,K-5,Mandarin,Woodstock,1.359
41051001202,a,K-5,Mandarin,Woodstock,2.349
41051002203,a,K-5,Mandarin,Boise-Eliot/Humboldt,0.42
41051002501,a,K-5,Mandarin,Boise-Eliot/Humboldt,1.669
41051006002,a,K-5,Mandarin,Woodstock,3.719
41051000201,a,K-5,Mandarin,Woodstock,1.819
41051005701,a,K-5,Mandarin,Boise-Eliot/Humboldt,3.008
41051000202,a,K-5,Mandarin,Woodstock,1.649
41051005902,a,K-5,Mandarin,Woodstock,2.965
41051001704,a,K-5,Mandarin,Woodstock,3.086
41051001101,a,K-5,Mandarin,Boise-Eliot/Humboldt,2.619
41051005500,a,K-5,Mandarin,Boise-Eliot/Humboldt,2.522
41051003502,a,K-5,Mandarin,Boise-Eliot/Humboldt,0.474
41051001500,a,K-5,Mandarin,Woodstock,1.976
41051002901,a,K-5,Mandarin,Boise-Eliot/Humboldt,3.842
41051003603,a,K-5,Mandarin,Boise-Eliot/Humboldt,2.599
41051001302,a,K-5,Mandarin,Woodstock,1.886
41051001204,a,K-5,Mandarin,Boise-Eliot/Humboldt,2.568
41051004003,a,K-5,Mandarin,Boise-Eliot/Humboldt,3.761
41051005202,a,K-5,Mandarin,Boise-Eliot/Humboldt,2.172
41051006602,a,K-5,Mandarin,Woodstock,4.755
41051000601,a,K-5,Mandarin,Woodstock,2.155
41051002701,a,K-5,Mandarin,Boise-Eliot/Humboldt,2.727
41051003302,a,K-5,Mandarin,Boise-Eliot/Humboldt,0.838
41051006100,a,K-5,Mandarin,Woodstock,4.383
41051001000,a,K-5,Mandarin,Woodstock,2.061
41051000602,a,K-5,Mandarin,Woodstock,2.039
41051002002,a,K-5,Mandarin,Boise-Eliot/Humboldt,2.214
41051002401,a,K-5,Mandarin,Boise-Eliot/Humboldt,1.025
41051003602,a,K-5,Mandarin,Boise-Eliot/Humboldt,2.179
41051004002,a,K-5,Mandarin,Boise-Eliot/Humboldt,3.356
41051004700,a,K-5,Mandarin,Boise-Eliot/Humboldt,1.892
41051003702,a,K-5,Mandarin,Boise-Eliot/Humboldt,1.36
41051004500,a,K-5,Mandarin,Boise-Eliot/Humboldt,1.289
41051004800,a,K-5,Mandarin,Boise-Eliot/Humboldt,1.759
41051006502,a,K-5,Mandarin,Woodstock,5.135
41051007600,a,K-5,Mandarin,Boise-Eliot/Humboldt,4.287
41051008301,a,K-5,Mandarin,Woodstock,2.199
41051008700,a,K-5,Mandarin,Woodstock,0.888
41051006802,a,K-5,Mandarin,Boise-Eliot/Humboldt,4.466
41051006801,a,K-5,Mandarin,Boise-Eliot/Humboldt,4.888
41051000302,a,K-5,Mandarin,Woodstock,1.094
41051000501,a,K-5,Mandarin,Woodstock,0.846
41051001601,a,K-5,Mandarin,Woodstock,2.425
41051001702,a,K-5,Mandarin,Woodstock,3.572
41051001900,a,K-5,Mandarin,Boise-Eliot/Humboldt,2.795
41051002702,a,K-5,Mandarin,Boise-Eliot/Humboldt,2.903
41051000102,a,K-5,Mandarin,Woodstock,2.305
41051000101,a,K-5,Mandarin,Woodstock,2.594
41051002001,a,K-5,Mandarin,Boise-Eliot/Humboldt,2.358
41051005102,a,K-5,Mandarin,Boise-Eliot/Humboldt,1.403
41051001400,a,K-5,Mandarin,Woodstock,2.087
41051001602,a,K-5,Mandarin,Woodstock,2.85
41051002303,a,K-5,Mandarin,Boise-Eliot/Humboldt,0.957
41051002402,a,K-5,Mandarin,Boise-Eliot/Humboldt,1.364
41051002600,a,K-5,Mandarin,Boise-Eliot/Humboldt,2.279
41051003802,a,K-5,Mandarin,Boise-Eliot/Humboldt,1.813
41051003902,a,K-5,Mandarin,Boise-Eliot/Humboldt,1.951
41051004602,a,K-5,Mandarin,Boise-Eliot/Humboldt,2.995
41051004601,a,K-5,Mandarin,Boise-Eliot/Humboldt,2.61
41051005800,a,K-5,Mandarin,Boise-Eliot/Humboldt,3.519
41051006001,a,K-5,Mandarin,Woodstock,3.916
41051006501,a,K-5,Mandarin,Woodstock,6.127
41051007201,a,K-5,Mandarin,Boise-Eliot/Humboldt,6.276
41051007202,a,K-5,Mandarin,Boise-Eliot/Humboldt,5.204
41051004300,a,K-5,Mandarin,Boise-Eliot/Humboldt,5.332
41051006900,a,K-5,Mandarin,Boise-Eliot/Humboldt,3.993
41051000301,a,K-5,Mandarin,Woodstock,0.93
41051000401,a,K-5,Mandarin,Woodstock,0.184
41051000701,a,K-5,Mandarin,Woodstock,1.733
41051000802,a,K-5,Mandarin,Woodstock,0.919
41051001301,a,K-5,Mandarin,Woodstock,2.445
41051002802,a,K-5,Mandarin,Boise-Eliot/Humboldt,3.461
41051003000,a,K-5,Mandarin,Boise-Eliot/Humboldt,2.415
41051003401,a,K-5,Mandarin,Boise-Eliot/Humboldt,0.74
41051003601,a,K-5,Mandarin,Boise-Eliot/Humboldt,1.942
41051003701,a,K-5,Mandarin,Boise-Eliot/Humboldt,1.999
41051001102,a,K-5,Mandarin,Boise-Eliot/Humboldt,2.824
41051005903,a,K-5,Mandarin,Woodstock,3.011
41051004901,a,K-5,Mandarin,Boise-Eliot/Humboldt,1.599
41051005002,a,K-5,Mandarin,Boise-Eliot/Humboldt,1.525
41051003903,a,K-5,Mandarin,Boise-Eliot/Humboldt,3.127
41051005101,a,K-5,Mandarin,Boise-Eliot/Humboldt,1.029
41051002101,a,K-5,Mandarin,Boise-Eliot/Humboldt,1.814
41051001703,a,K-5,Mandarin,Woodstock,3.597
41051005201,a,K-5,Mandarin,Boise-Eliot/Humboldt,2.108
41051002102,a,K-5,Mandarin,Boise-Eliot/Humboldt,1.966
41051005001,a,K-5,Mandarin,Boise-Eliot/Humboldt,1.476
41051005602,a,K-5,Mandarin,Boise-Eliot/Humboldt,2.593
41051004103,a,K-5,Mandarin,Boise-Eliot/Humboldt,5.08
41051003904,a,K-5,Mandarin,Boise-Eliot/Humboldt,2.795
41051005103,a,K-5,Mandarin,Boise-Eliot/Humboldt,1.425
41051002902,a,K-5,Mandarin,Boise-Eliot/Humboldt,4.082
41051004102,a,K-5,Mandarin,Boise-Eliot/Humboldt,4.385
41051006200,a,K-5,Mandarin,Woodstock,3.701
41051003301,a,K-5,Mandarin,Boise-Eliot/Humboldt,1.142
41051006404,a,K-5,Mandarin,Woodstock,6.349
41051002801,a,K-5,Mandarin,Boise-Eliot/Humboldt,3.303
41051000402,a,K-5,Mandarin,Woodstock,0.399
41051000702,a,K-5,Mandarin,Woodstock,1.364
41051003801,a,K-5,Mandarin,Boise-Eliot/Humboldt,2.31
41051006702,a,K-5,Mandarin,Woodstock,4.958
41051007001,a,K-5,Mandarin,Boise-Eliot/Humboldt,4.859
41051001801,a,K-5,Mandarin,Woodstock,3.236
41051002903,a,K-5,Mandarin,Woodstock,4.687
41051005901,a,K-5,Mandarin,Woodstock,3.363
41051004104,a,K-5,Mandarin,Boise-Eliot/Humboldt,6.026
41051005601,a,K-5,Mandarin,Boise-Eliot/Humboldt,2.348
41051000902,a,K-5,Mandarin,Woodstock,1.293
41051001203,a,K-5,Mandarin,Woodstock,2.629
41051010601,a,K-5,Mandarin,Boise-Eliot/Humboldt,1.991
41051008800,a,K-5,Mandarin,Woodstock,1.165
41051007002,a,K-5,Mandarin,Boise-Eliot/Humboldt,5.699
41051006403,a,K-5,Mandarin,Woodstock,5.768
41051000901,a,K-5,Mandarin,Woodstock,1.529
41051001802,a,K-5,Mandarin,Woodstock,2.674
41051980000,a,K-5,Mandarin,Boise-Eliot/Humboldt,1.672
41051004902,a,K-5,Mandarin,Boise-Eliot/Humboldt,1.714
41051003100,a,K-5,Japanese,Richmond,3.439
41051003501,a,K-5,Japanese,Richmond,4.842
41051003803,a,K-5,Japanese,Richmond,5.166
41051006601,a,K-5,Japanese,Richmond,5.974
41051000801,a,K-5,Japanese,Richmond,0.587
41051002502,a,K-5,Japanese,Richmond,2.11
41051006701,a,K-5,Japanese,Richmond,5.782
41051005702,a,K-5,Japanese,Richmond,2.678
41051010602,a,K-5,Japanese,Richmond,2.784
41051003200,a,K-5,Japanese,Richmond,3.574
41051003402,a,K-5,Japanese,Richmond,3.868
41051004200,a,K-5,Japanese,Richmond,8.897
41051006402,a,K-5,Japanese,Richmond,5.687
41051007400,a,K-5,Japanese,Richmond,4.226
41051007500,a,K-5,Japanese,Richmond,3.416
41051008600,a,K-5,Japanese,Richmond,3.288
41051008902,a,K-5,Japanese,Richmond,3.943
41051000502,a,K-5,Japanese,Richmond,2.33
41051001202,a,K-5,Japanese,Richmond,1.076
41051002203,a,K-5,Japanese,Richmond,3.387
41051002501,a,K-5,Japanese,Richmond,2.66
41051006002,a,K-5,Japanese,Richmond,3.961
41051000201,a,K-5,Japanese,Richmond,2.941
41051005701,a,K-5,Japanese,Richmond,2.616
41051000202,a,K-5,Japanese,Richmond,2.023
41051005902,a,K-5,Japanese,Richmond,2.535
41051001704,a,K-5,Japanese,Richmond,1.998
41051001101,a,K-5,Japanese,Richmond,2.233
41051005500,a,K-5,Japanese,Richmond,3.511
41051003502,a,K-5,Japanese,Richmond,4.234
41051001500,a,K-5,Japanese,Richmond,0.71
41051002901,a,K-5,Japanese,Richmond,3.288
41051003603,a,K-5,Japanese,Richmond,4.066
41051001302,a,K-5,Japanese,Richmond,0.409
41051001204,a,K-5,Japanese,Richmond,1.291
41051004003,a,K-5,Japanese,Richmond,7.565
41051005202,a,K-5,Japanese,Richmond,3.732
41051006602,a,K-5,Japanese,Richmond,4.934
41051000601,a,K-5,Japanese,Richmond,3.033
41051002701,a,K-5,Japanese,Richmond,2.557
41051003302,a,K-5,Japanese,Richmond,3.491
41051006100,a,K-5,Japanese,Richmond,4.208
41051001000,a,K-5,Japanese,Richmond,1.611
41051000602,a,K-5,Japanese,Richmond,3.31
41051002002,a,K-5,Japanese,Richmond,1.593
41051002401,a,K-5,Japanese,Richmond,2.985
41051003602,a,K-5,Japanese,Richmond,4.447
41051004002,a,K-5,Japanese,Richmond,7.118
41051004700,a,K-5,Japanese,Richmond,4.186
41051003702,a,K-5,Japanese,Richmond,4.774
41051004500,a,K-5,Japanese,Richmond,4.351
41051004800,a,K-5,Japanese,Richmond,3.871
41051006502,a,K-5,Japanese,Richmond,5.497
41051007600,a,K-5,Japanese,Richmond,4.12
41051008301,a,K-5,Japanese,Richmond,2.427
41051008700,a,K-5,Japanese,Richmond,2.619
41051006802,a,K-5,Japanese,Richmond,4.922
41051006801,a,K-5,Japanese,Richmond,5.695
41051000302,a,K-5,Japanese,Richmond,2.524
41051000501,a,K-5,Japanese,Richmond,2.1
41051001601,a,K-5,Japanese,Richmond,1.531
41051001702,a,K-5,Japanese,Richmond,2.629
41051001900,a,K-5,Japanese,Richmond,1.401
41051002702,a,K-5,Japanese,Richmond,1.85
41051000102,a,K-5,Japanese,Richmond,2.51
41051000101,a,K-5,Japanese,Richmond,3.642
41051002001,a,K-5,Japanese,Richmond,1.54
41051005102,a,K-5,Japanese,Richmond,3.274
41051001400,a,K-5,Japanese,Richmond,0.384
41051001602,a,K-5,Japanese,Richmond,2.369
41051002303,a,K-5,Japanese,Richmond,2.973
41051002402,a,K-5,Japanese,Richmond,2.45
41051002600,a,K-5,Japanese,Richmond,2.369
41051003802,a,K-5,Japanese,Richmond,5.502
41051003902,a,K-5,Japanese,Richmond,5.75
41051004602,a,K-5,Japanese,Richmond,3.946
41051004601,a,K-5,Japanese,Richmond,4.397
41051005800,a,K-5,Japanese,Richmond,3.79
41051006001,a,K-5,Japanese,Richmond,3.593
41051006501,a,K-5,Japanese,Richmond,6.477
41051007201,a,K-5,Japanese,Richmond,9.933
41051007202,a,K-5,Japanese,Richmond,8.964
41051004300,a,K-5,Japanese,Richmond,8.936
41051006900,a,K-5,Japanese,Richmond,5.404
41051000301,a,K-5,Japanese,Richmond,1.775
41051000401,a,K-5,Japanese,Richmond,1.608
41051000701,a,K-5,Japanese,Richmond,1.56
41051000802,a,K-5,Japanese,Richmond,0.879
41051001301,a,K-5,Japanese,Richmond,0.725
41051002802,a,K-5,Japanese,Richmond,1.932
41051003000,a,K-5,Japanese,Richmond,3.362
41051003401,a,K-5,Japanese,Richmond,4.233
41051003601,a,K-5,Japanese,Richmond,4.898
41051003701,a,K-5,Japanese,Richmond,5.344
41051001102,a,K-5,Japanese,Richmond,1.755
41051005903,a,K-5,Japanese,Richmond,3.173
41051004901,a,K-5,Japanese,Richmond,4.161
41051005002,a,K-5,Japanese,Richmond,3.624
41051003903,a,K-5,Japanese,Richmond,6.914
41051005101,a,K-5,Japanese,Richmond,3.506
41051002101,a,K-5,Japanese,Richmond,2.244
41051001703,a,K-5,Japanese,Richmond,2.342
41051005201,a,K-5,Japanese,Richmond,3.417
41051002102,a,K-5,Japanese,Richmond,1.87
41051005001,a,K-5,Japanese,Richmond,3.481
41051005602,a,K-5,Japanese,Richmond,3.126
41051004103,a,K-5,Japanese,Richmond,8.885
41051003904,a,K-5,Japanese,Richmond,6.543
41051005103,a,K-5,Japanese,Richmond,2.919
41051002902,a,K-5,Japanese,Richmond,2.797
41051004102,a,K-5,Japanese,Richmond,8.165
41051006200,a,K-5,Japanese,Richmond,4.204
41051003301,a,K-5,Japanese,Richmond,3.998
41051006404,a,K-5,Japanese,Richmond,6.969
41051002801,a,K-5,Japanese,Richmond,2.563
41051000402,a,K-5,Japanese,Richmond,1.75
41051000702,a,K-5,Japanese,Richmond,1.674
41051003801,a,K-5,Japanese,Richmond,5.933
41051006702,a,K-5,Japanese,Richmond,4.897
41051007001,a,K-5,Japanese,Richmond,7.747
41051001801,a,K-5,Japanese,Richmond,1.766
41051002903,a,K-5,Japanese,Richmond,3.5
41051005901,a,K-5,Japanese,Richmond,3.251
41051004104,a,K-5,Japanese,Richmond,9.812
41051005601,a,K-5,Japanese,Richmond,3.095
41051000902,a,K-5,Japanese,Richmond,0.971
41051001203,a,K-5,Japanese,Richmond,1.163
41051010601,a,K-5,Japanese,Richmond,3.167
41051008800,a,K-5,Japanese,Richmond,2.912
41051007002,a,K-5,Japanese,Richmond,9.014
41051006403,a,K-5,Japanese,Richmond,6.297
41051000901,a,K-5,Japanese,Richmond,0.725
41051001802,a,K-5,Japanese,Richmond,1.156
41051980000,a,K-5,Japanese,Richmond,5.356
41051004902,a,K-5,Japanese,Richmond,3.672
41051003100,a,K-5,Russian,Kelly,6.537
41051003501,a,K-5,Russian,Kelly,8.211
41051003803,a,K-5,Russian,Kelly,8.52
41051006601,a,K-5,Russian,Kelly,7.901
41051000801,a,K-5,Russian,Kelly,2.79
41051002502,a,K-5,Russian,Kelly,5.403
41051006701,a,K-5,Russian,Kelly,7.923
41051005702,a,K-5,Russian,Kelly,5.692
41051010602,a,K-5,Russian,Kelly,6.001
41051003200,a,K-5,Russian,Kelly,6.778
41051003402,a,K-5,Russian,Kelly,7.225
41051004200,a,K-5,Russian,Kelly,12.266
41051006402,a,K-5,Russian,Kelly,6.518
41051007400,a,K-5,Russian,Kelly,6.829
41051007500,a,K-5,Russian,Kelly,6.005
41051008600,a,K-5,Russian,Kelly,0.773
41051008902,a,K-5,Russian,Kelly,0.576
41051000502,a,K-5,Russian,Kelly,1.059
41051001202,a,K-5,Russian,Kelly,4.272
41051002203,a,K-5,Russian,Kelly,6.76
41051002501,a,K-5,Russian,Kelly,5.888
41051006002,a,K-5,Russian,Kelly,5.678
41051000201,a,K-5,Russian,Kelly,3.517
41051005701,a,K-5,Russian,Kelly,5.473
41051000202,a,K-5,Russian,Kelly,3.72
41051005902,a,K-5,Russian,Kelly,5.066
41051001704,a,K-5,Russian,Kelly,3.562
41051001101,a,K-5,Russian,Kelly,5.305
41051005500,a,K-5,Russian,Kelly,6.538
41051003502,a,K-5,Russian,Kelly,7.609
41051001500,a,K-5,Russian,Kelly,3.147
41051002901,a,K-5,Russian,Kelly,5.504
41051003603,a,K-5,Russian,Kelly,6.954
41051001302,a,K-5,Russian,Kelly,3.672
41051001204,a,K-5,Russian,Kelly,4.651
41051004003,a,K-5,Russian,Kelly,10.934
41051005202,a,K-5,Russian,Kelly,6.865
41051006602,a,K-5,Russian,Kelly,6.693
41051000601,a,K-5,Russian,Kelly,0.763
41051002701,a,K-5,Russian,Kelly,5.403
41051003302,a,K-5,Russian,Kelly,6.801
41051006100,a,K-5,Russian,Kelly,6.439
41051001000,a,K-5,Russian,Kelly,4.149
41051000602,a,K-5,Russian,Kelly,0.066
41051002002,a,K-5,Russian,Kelly,4.963
41051002401,a,K-5,Russian,Kelly,6.313
41051003602,a,K-5,Russian,Kelly,7.51
41051004002,a,K-5,Russian,Kelly,10.491
41051004700,a,K-5,Russian,Kelly,7.406
41051003702,a,K-5,Russian,Kelly,8.068
41051004500,a,K-5,Russian,Kelly,7.677
41051004800,a,K-5,Russian,Kelly,7.101
41051006502,a,K-5,Russian,Kelly,6.972
41051007600,a,K-5,Russian,Kelly,6.197
41051008301,a,K-5,Russian,Kelly,1.719
41051008700,a,K-5,Russian,Kelly,1.554
41051006802,a,K-5,Russian,Kelly,7.347
41051006801,a,K-5,Russian,Kelly,8.135
41051000302,a,K-5,Russian,Kelly,2.749
41051000501,a,K-5,Russian,Kelly,1.338
41051001601,a,K-5,Russian,Kelly,3.005
41051001702,a,K-5,Russian,Kelly,3.723
41051001900,a,K-5,Russian,Kelly,4.545
41051002702,a,K-5,Russian,Kelly,4.758
41051000102,a,K-5,Russian,Kelly,4.359
41051000101,a,K-5,Russian,Kelly,4.187
41051002001,a,K-5,Russian,Kelly,4.857
41051005102,a,K-5,Russian,Kelly,6.57
41051001400,a,K-5,Russian,Kelly,3.552
41051001602,a,K-5,Russian,Kelly,2.764
41051002303,a,K-5,Russian,Kelly,6.343
41051002402,a,K-5,Russian,Kelly,5.816
41051002600,a,K-5,Russian,Kelly,5.445
41051003802,a,K-5,Russian,Kelly,8.835
41051003902,a,K-5,Russian,Kelly,9.115
41051004602,a,K-5,Russian,Kelly,6.839
41051004601,a,K-5,Russian,Kelly,7.463
41051005800,a,K-5,Russian,Kelly,6.45
41051006001,a,K-5,Russian,Kelly,6.003
41051006501,a,K-5,Russian,Kelly,7.935
41051007201,a,K-5,Russian,Kelly,13.208
41051007202,a,K-5,Russian,Kelly,12.3
41051004300,a,K-5,Russian,Kelly,12.268
41051006900,a,K-5,Russian,Kelly,8.173
41051000301,a,K-5,Russian,Kelly,3
41051000401,a,K-5,Russian,Kelly,2.271
41051000701,a,K-5,Russian,Kelly,2.186
41051000802,a,K-5,Russian,Kelly,2.561
41051001301,a,K-5,Russian,Kelly,4.09
41051002802,a,K-5,Russian,Kelly,4.463
41051003000,a,K-5,Russian,Kelly,6.284
41051003401,a,K-5,Russian,Kelly,7.565
41051003601,a,K-5,Russian,Kelly,8.084
41051003701,a,K-5,Russian,Kelly,8.596
41051001102,a,K-5,Russian,Kelly,4.843
41051005903,a,K-5,Russian,Kelly,5.033
41051004901,a,K-5,Russian,Kelly,7.432
41051005002,a,K-5,Russian,Kelly,6.893
41051003903,a,K-5,Russian,Kelly,10.271
41051005101,a,K-5,Russian,Kelly,6.843
41051002101,a,K-5,Russian,Kelly,5.575
41051001703,a,K-5,Russian,Kelly,4.114
41051005201,a,K-5,Russian,Kelly,6.562
41051002102,a,K-5,Russian,Kelly,5.242
41051005001,a,K-5,Russian,Kelly,6.758
41051005602,a,K-5,Russian,Kelly,6.127
41051004103,a,K-5,Russian,Kelly,12.253
41051003904,a,K-5,Russian,Kelly,9.885
41051005103,a,K-5,Russian,Kelly,6.234
41051002902,a,K-5,Russian,Kelly,4.806
41051004102,a,K-5,Russian,Kelly,11.539
41051006200,a,K-5,Russian,Kelly,5.543
41051003301,a,K-5,Russian,Kelly,7.261
41051006404,a,K-5,Russian,Kelly,7.969
41051002801,a,K-5,Russian,Kelly,5.102
41051000402,a,K-5,Russian,Kelly,1.81
41051000702,a,K-5,Russian,Kelly,1.808
41051003801,a,K-5,Russian,Kelly,9.24
41051006702,a,K-5,Russian,Kelly,6.973
41051007001,a,K-5,Russian,Kelly,10.866
41051001801,a,K-5,Russian,Kelly,4.112
41051002903,a,K-5,Russian,Kelly,4.893
41051005901,a,K-5,Russian,Kelly,5.431
41051004104,a,K-5,Russian,Kelly,13.187
41051005601,a,K-5,Russian,Kelly,6.178
41051000902,a,K-5,Russian,Kelly,3.317
41051001203,a,K-5,Russian,Kelly,4.482
41051010601,a,K-5,Russian,Kelly,6.347
41051008800,a,K-5,Russian,Kelly,1.603
41051007002,a,K-5,Russian,Kelly,12.25
41051006403,a,K-5,Russian,Kelly,7.478
41051000901,a,K-5,Russian,Kelly,3.477
41051001802,a,K-5,Russian,Kelly,3.759
41051980000,a,K-5,Russian,Kelly,8.725
41051004902,a,K-5,Russian,Kelly,6.907
41051003100,a,K-5,Vietnamese,Vestal,3.465
41051003501,a,K-5,Vietnamese,Vestal,5.705
41051003803,a,K-5,Vietnamese,Vestal,5.866
41051006601,a,K-5,Vietnamese,Vestal,8.283
41051000801,a,K-5,Vietnamese,Vestal,2.217
41051002502,a,K-5,Vietnamese,Vestal,2.953
41051006701,a,K-5,Vietnamese,Vestal,8.063
41051005702,a,K-5,Vietnamese,Vestal,4.759
41051010602,a,K-5,Vietnamese,Vestal,4.634
41051003200,a,K-5,Vietnamese,Vestal,3.848
41051003402,a,K-5,Vietnamese,Vestal,4.702
41051004200,a,K-5,Vietnamese,Vestal,9.853
41051006402,a,K-5,Vietnamese,Vestal,7.954
41051007400,a,K-5,Vietnamese,Vestal,3.311
41051007500,a,K-5,Vietnamese,Vestal,2.54
41051008600,a,K-5,Vietnamese,Vestal,4.014
41051008902,a,K-5,Vietnamese,Vestal,4.018
41051000502,a,K-5,Vietnamese,Vestal,2.763
41051001202,a,K-5,Vietnamese,Vestal,3.245
41051002203,a,K-5,Vietnamese,Vestal,4.456
41051002501,a,K-5,Vietnamese,Vestal,3.157
41051006002,a,K-5,Vietnamese,Vestal,6.288
41051000201,a,K-5,Vietnamese,Vestal,5.009
41051005701,a,K-5,Vietnamese,Vestal,4.8
41051000202,a,K-5,Vietnamese,Vestal,4.281
41051005902,a,K-5,Vietnamese,Vestal,4.829
41051001704,a,K-5,Vietnamese,Vestal,0.34
41051001101,a,K-5,Vietnamese,Vestal,4.317
41051005500,a,K-5,Vietnamese,Vestal,5.507
41051003502,a,K-5,Vietnamese,Vestal,5.274
41051001500,a,K-5,Vietnamese,Vestal,1.637
41051002901,a,K-5,Vietnamese,Vestal,1.925
41051003603,a,K-5,Vietnamese,Vestal,3.608
41051001302,a,K-5,Vietnamese,Vestal,2.688
41051001204,a,K-5,Vietnamese,Vestal,3.084
41051004003,a,K-5,Vietnamese,Vestal,8.279
41051005202,a,K-5,Vietnamese,Vestal,5.599
41051006602,a,K-5,Vietnamese,Vestal,7.262
41051000601,a,K-5,Vietnamese,Vestal,2.906
41051002701,a,K-5,Vietnamese,Vestal,2.245
41051003302,a,K-5,Vietnamese,Vestal,4.127
41051006100,a,K-5,Vietnamese,Vestal,6.503
41051001000,a,K-5,Vietnamese,Vestal,3.938
41051000602,a,K-5,Vietnamese,Vestal,3.572
41051002002,a,K-5,Vietnamese,Vestal,3.003
41051002401,a,K-5,Vietnamese,Vestal,3.777
41051003602,a,K-5,Vietnamese,Vestal,4.292
41051004002,a,K-5,Vietnamese,Vestal,8.08
41051004700,a,K-5,Vietnamese,Vestal,5.89
41051003702,a,K-5,Vietnamese,Vestal,5.214
41051004500,a,K-5,Vietnamese,Vestal,5.785
41051004800,a,K-5,Vietnamese,Vestal,5.584
41051006502,a,K-5,Vietnamese,Vestal,7.824
41051007600,a,K-5,Vietnamese,Vestal,2.579
41051008301,a,K-5,Vietnamese,Vestal,1.909
41051008700,a,K-5,Vietnamese,Vestal,3.868
41051006802,a,K-5,Vietnamese,Vestal,7.156
41051006801,a,K-5,Vietnamese,Vestal,7.903
41051000302,a,K-5,Vietnamese,Vestal,4.39
41051000501,a,K-5,Vietnamese,Vestal,2.997
41051001601,a,K-5,Vietnamese,Vestal,0.91
41051001702,a,K-5,Vietnamese,Vestal,0.302
41051001900,a,K-5,Vietnamese,Vestal,2.133
41051002702,a,K-5,Vietnamese,Vestal,1.898
41051000102,a,K-5,Vietnamese,Vestal,4.822
41051000101,a,K-5,Vietnamese,Vestal,5.77
41051002001,a,K-5,Vietnamese,Vestal,2.669
41051005102,a,K-5,Vietnamese,Vestal,4.908
41051001400,a,K-5,Vietnamese,Vestal,2.042
41051001602,a,K-5,Vietnamese,Vestal,0.903
41051002303,a,K-5,Vietnamese,Vestal,4.312
41051002402,a,K-5,Vietnamese,Vestal,3.59
41051002600,a,K-5,Vietnamese,Vestal,2.557
41051003802,a,K-5,Vietnamese,Vestal,6.056
41051003902,a,K-5,Vietnamese,Vestal,6.504
41051004602,a,K-5,Vietnamese,Vestal,6.013
41051004601,a,K-5,Vietnamese,Vestal,6.292
41051005800,a,K-5,Vietnamese,Vestal,5.986
41051006001,a,K-5,Vietnamese,Vestal,5.871
41051006501,a,K-5,Vietnamese,Vestal,8.805
41051007201,a,K-5,Vietnamese,Vestal,10.104
41051007202,a,K-5,Vietnamese,Vestal,9.398
41051004300,a,K-5,Vietnamese,Vestal,10.126
41051006900,a,K-5,Vietnamese,Vestal,7.478
41051000301,a,K-5,Vietnamese,Vestal,3.845
41051000401,a,K-5,Vietnamese,Vestal,3.288
41051000701,a,K-5,Vietnamese,Vestal,1.663
41051000802,a,K-5,Vietnamese,Vestal,2.565
41051001301,a,K-5,Vietnamese,Vestal,2.478
41051002802,a,K-5,Vietnamese,Vestal,1.346
41051003000,a,K-5,Vietnamese,Vestal,3.04
41051003401,a,K-5,Vietnamese,Vestal,4.887
41051003601,a,K-5,Vietnamese,Vestal,4.997
41051003701,a,K-5,Vietnamese,Vestal,5.599
41051001102,a,K-5,Vietnamese,Vestal,3.891
41051005903,a,K-5,Vietnamese,Vestal,5.5
41051004901,a,K-5,Vietnamese,Vestal,5.765
41051005002,a,K-5,Vietnamese,Vestal,5.285
41051003903,a,K-5,Vietnamese,Vestal,7.54
41051005101,a,K-5,Vietnamese,Vestal,4.98
41051002101,a,K-5,Vietnamese,Vestal,3.928
41051001703,a,K-5,Vietnamese,Vestal,0.565
41051005201,a,K-5,Vietnamese,Vestal,5.299
41051002102,a,K-5,Vietnamese,Vestal,3.4
41051005001,a,K-5,Vietnamese,Vestal,5.136
41051005602,a,K-5,Vietnamese,Vestal,5.175
41051004103,a,K-5,Vietnamese,Vestal,9.548
41051003904,a,K-5,Vietnamese,Vestal,7.089
41051005103,a,K-5,Vietnamese,Vestal,4.542
41051002902,a,K-5,Vietnamese,Vestal,1.223
41051004102,a,K-5,Vietnamese,Vestal,9.052
41051006200,a,K-5,Vietnamese,Vestal,6.508
41051003301,a,K-5,Vietnamese,Vestal,4.398
41051006404,a,K-5,Vietnamese,Vestal,9.274
41051002801,a,K-5,Vietnamese,Vestal,1.748
41051000402,a,K-5,Vietnamese,Vestal,3.036
41051000702,a,K-5,Vietnamese,Vestal,2.12
41051003801,a,K-5,Vietnamese,Vestal,6.348
41051006702,a,K-5,Vietnamese,Vestal,7.201
41051007001,a,K-5,Vietnamese,Vestal,9.428
41051001801,a,K-5,Vietnamese,Vestal,1.052
41051002903,a,K-5,Vietnamese,Vestal,1.374
41051005901,a,K-5,Vietnamese,Vestal,5.571
41051004104,a,K-5,Vietnamese,Vestal,10.643
41051005601,a,K-5,Vietnamese,Vestal,5.075
41051000902,a,K-5,Vietnamese,Vestal,3.232
41051001203,a,K-5,Vietnamese,Vestal,3.136
41051010601,a,K-5,Vietnamese,Vestal,5.026
41051008800,a,K-5,Vietnamese,Vestal,4.163
41051007002,a,K-5,Vietnamese,Vestal,10.466
41051006403,a,K-5,Vietnamese,Vestal,8.613
41051000901,a,K-5,Vietnamese,Vestal,3.042
41051001802,a,K-5,Vietnamese,Vestal,1.357
41051980000,a,K-5,Vietnamese,Vestal,6.471
41051004902,a,K-5,Vietnamese,Vestal,5.395
41051003100,b,6-8,Spanish,Roseway Heights,2.47
41051003501,b,6-8,Spanish,George,3.503
41051003803,b,6-8,Spanish,George,3.229
41051006601,b,6-8,Spanish,West Sylvan,2.573
41051000801,b,6-8,Spanish,Kellogg,0.953
41051002502,b,6-8,Spanish,Roseway Heights,2.571
41051006701,b,6-8,Spanish,West Sylvan,2.124
41051005702,b,6-8,Spanish,Kellogg,4.127
41051010602,b,6-8,Spanish,Kellogg,4.275
41051003200,b,6-8,Spanish,Roseway Heights,2.92
41051003402,b,6-8,Spanish,Roseway Heights,3.965
41051004200,b,6-8,Spanish,George,1.188
41051006402,b,6-8,Spanish,West Sylvan,5.018
41051007400,b,6-8,Spanish,Roseway Heights,1.942
41051007500,b,6-8,Spanish,Roseway Heights,1.259
41051008600,b,6-8,Spanish,Kellogg,2.258
41051008902,b,6-8,Spanish,Kellogg,2.608
41051000502,b,6-8,Spanish,Kellogg,1.044
41051001202,b,6-8,Spanish,Kellogg,2.546
41051002203,b,6-8,Spanish,Roseway Heights,3.885
41051002501,b,6-8,Spanish,Roseway Heights,2.501
41051006002,b,6-8,Spanish,West Sylvan,4.127
41051000201,b,6-8,Spanish,Kellogg,3.299
41051005701,b,6-8,Spanish,Kellogg,4.014
41051000202,b,6-8,Spanish,Kellogg,2.823
41051005902,b,6-8,Spanish,Kellogg,3.802
41051001704,b,6-8,Spanish,Roseway Heights,1.465
41051001101,b,6-8,Spanish,Kellogg,3.691
41051005500,b,6-8,Spanish,West Sylvan,3.408
41051003502,b,6-8,Spanish,George,4.116
41051001500,b,6-8,Spanish,Kellogg,1.083
41051002901,b,6-8,Spanish,Roseway Heights,0.535
41051003603,b,6-8,Spanish,Roseway Heights,2.366
41051001302,b,6-8,Spanish,Kellogg,1.876
41051001204,b,6-8,Spanish,Kellogg,2.767
41051004003,b,6-8,Spanish,George,0.788
41051005202,b,6-8,Spanish,West Sylvan,3.391
41051006602,b,6-8,Spanish,West Sylvan,3.429
41051000601,b,6-8,Spanish,Kellogg,1.589
41051002701,b,6-8,Spanish,Roseway Heights,1.423
41051003302,b,6-8,Spanish,Roseway Heights,3.354
41051006100,b,6-8,Spanish,West Sylvan,3.136
41051001000,b,6-8,Spanish,Kellogg,2.814
41051000602,b,6-8,Spanish,Kellogg,2.02
41051002002,b,6-8,Spanish,Roseway Heights,2.946
41051002401,b,6-8,Spanish,Roseway Heights,3.151
41051003602,b,6-8,Spanish,Roseway Heights,3.111
41051004002,b,6-8,Spanish,George,1.432
41051004700,b,6-8,Spanish,West Sylvan,3.358
41051003702,b,6-8,Spanish,George,3.853
41051004500,b,6-8,Spanish,West Sylvan,3.945
41051004800,b,6-8,Spanish,West Sylvan,3.585
41051006502,b,6-8,Spanish,West Sylvan,3.768
41051007600,b,6-8,Spanish,Roseway Heights,1.203
41051008301,b,6-8,Spanish,Kellogg,0.957
41051008700,b,6-8,Spanish,Kellogg,1.994
41051006802,b,6-8,Spanish,West Sylvan,2.195
41051006801,b,6-8,Spanish,West Sylvan,1.478
41051000302,b,6-8,Spanish,Kellogg,2.603
41051000501,b,6-8,Spanish,Kellogg,1.136
41051001601,b,6-8,Spanish,Kellogg,1.039
41051001702,b,6-8,Spanish,Roseway Heights,1.394
41051001900,b,6-8,Spanish,Roseway Heights,2.104
41051002702,b,6-8,Spanish,Roseway Heights,1.588
41051000102,b,6-8,Spanish,Kellogg,3.457
41051000101,b,6-8,Spanish,Kellogg,4.076
41051002001,b,6-8,Spanish,Roseway Heights,2.573
41051005102,b,6-8,Spanish,West Sylvan,4.228
41051001400,b,6-8,Spanish,Kellogg,1.554
41051001602,b,6-8,Spanish,Kellogg,1.343
41051002303,b,6-8,Spanish,Roseway Heights,3.926
41051002402,b,6-8,Spanish,Roseway Heights,3.21
41051002600,b,6-8,Spanish,Roseway Heights,1.923
41051003802,b,6-8,Spanish,George,3.008
41051003902,b,6-8,Spanish,George,2.608
41051004602,b,6-8,Spanish,West Sylvan,2.904
41051004601,b,6-8,Spanish,West Sylvan,2.73
41051005800,b,6-8,Spanish,West Sylvan,3.085
41051006001,b,6-8,Spanish,West Sylvan,3.496
41051006501,b,6-8,Spanish,West Sylvan,3.637
41051007201,b,6-8,Spanish,George,2.608
41051007202,b,6-8,Spanish,George,1.235
41051004300,b,6-8,Spanish,George,2.176
41051006900,b,6-8,Spanish,West Sylvan,1.435
41051000301,b,6-8,Spanish,Kellogg,2.222
41051000401,b,6-8,Spanish,Kellogg,1.517
41051000701,b,6-8,Spanish,Kellogg,0.224
41051000802,b,6-8,Spanish,Kellogg,1.023
41051001301,b,6-8,Spanish,Kellogg,2.137
41051002802,b,6-8,Spanish,Roseway Heights,1.159
41051003000,b,6-8,Spanish,Roseway Heights,1.942
41051003401,b,6-8,Spanish,Roseway Heights,4.033
41051003601,b,6-8,Spanish,Roseway Heights,3.871
41051003701,b,6-8,Spanish,George,3.566
41051001102,b,6-8,Spanish,Kellogg,3.208
41051005903,b,6-8,Spanish,Kellogg,4.181
41051004901,b,6-8,Spanish,West Sylvan,3.624
41051005002,b,6-8,Spanish,West Sylvan,3.893
41051003903,b,6-8,Spanish,George,1.529
41051005101,b,6-8,Spanish,West Sylvan,4.369
41051002101,b,6-8,Spanish,Kellogg,3.728
41051001703,b,6-8,Spanish,Roseway Heights,0.905
41051005201,b,6-8,Spanish,West Sylvan,3.661
41051002102,b,6-8,Spanish,Roseway Heights,3.305
41051005001,b,6-8,Spanish,West Sylvan,4.02
41051005602,b,6-8,Spanish,West Sylvan,3.742
41051004103,b,6-8,Spanish,George,0.567
41051003904,b,6-8,Spanish,George,1.999
41051005103,b,6-8,Spanish,Roseway Heights,4.313
41051002902,b,6-8,Spanish,Roseway Heights,0.239
41051004102,b,6-8,Spanish,George,0.667
41051006200,b,6-8,Spanish,West Sylvan,4.575
41051003301,b,6-8,Spanish,Roseway Heights,3.463
41051006404,b,6-8,Spanish,West Sylvan,4.717
41051002801,b,6-8,Spanish,Roseway Heights,0.863
41051000402,b,6-8,Spanish,Kellogg,1.177
41051000702,b,6-8,Spanish,Kellogg,0.283
41051003801,b,6-8,Spanish,George,2.776
41051006702,b,6-8,Spanish,West Sylvan,2.833
41051007001,b,6-8,Spanish,West Sylvan,2.555
41051001801,b,6-8,Spanish,Roseway Heights,1.266
41051002903,b,6-8,Spanish,Roseway Heights,0.834
41051005901,b,6-8,Spanish,West Sylvan,4.087
41051004104,b,6-8,Spanish,George,1.606
41051005601,b,6-8,Spanish,West Sylvan,3.839
41051000902,b,6-8,Spanish,Kellogg,1.93
41051001203,b,6-8,Spanish,Kellogg,2.655
41051010601,b,6-8,Spanish,West Sylvan,3.931
41051008800,b,6-8,Spanish,Kellogg,2.291
41051007002,b,6-8,Spanish,George,3.439
41051006403,b,6-8,Spanish,West Sylvan,4.272
41051000901,b,6-8,Spanish,Kellogg,1.913
41051001802,b,6-8,Spanish,Kellogg,1.68
41051980000,b,6-8,Spanish,George,3.114
41051004902,b,6-8,Spanish,West Sylvan,3.725
41051003100,b,6-8,Mandarin,Harriet Tubman,1.971
41051003501,b,6-8,Mandarin,Harriet Tubman,1.641
41051003803,b,6-8,Mandarin,Harriet Tubman,2.036
41051006601,b,6-8,Mandarin,Harriet Tubman,5.534
41051000801,b,6-8,Mandarin,Harrison Park,1.803
41051002502,b,6-8,Mandarin,Harriet Tubman,1.507
41051006701,b,6-8,Mandarin,Harriet Tubman,5.093
41051005702,b,6-8,Mandarin,Harriet Tubman,2.036
41051010602,b,6-8,Mandarin,Harriet Tubman,1.371
41051003200,b,6-8,Mandarin,Harriet Tubman,1.611
41051003402,b,6-8,Mandarin,Harriet Tubman,0.856
41051004200,b,6-8,Mandarin,Harriet Tubman,5.655
41051006402,b,6-8,Mandarin,Harriet Tubman,6.575
41051007400,b,6-8,Mandarin,Harriet Tubman,3.49
41051007500,b,6-8,Mandarin,Harriet Tubman,3.183
41051008600,b,6-8,Mandarin,Harrison Park,2.817
41051008902,b,6-8,Mandarin,Harrison Park,2.77
41051000502,b,6-8,Mandarin,Harrison Park,1.592
41051001202,b,6-8,Mandarin,Harriet Tubman,2.474
41051002203,b,6-8,Mandarin,Harriet Tubman,0.28
41051002501,b,6-8,Mandarin,Harriet Tubman,1.484
41051006002,b,6-8,Mandarin,Harriet Tubman,4.548
41051000201,b,6-8,Mandarin,Harrison Park,4.285
41051005701,b,6-8,Mandarin,Harriet Tubman,2.414
41051000202,b,6-8,Mandarin,Harrison Park,3.8
41051005902,b,6-8,Mandarin,Harriet Tubman,3.014
41051001704,b,6-8,Mandarin,Harrison Park,1.249
41051001101,b,6-8,Mandarin,Harriet Tubman,1.999
41051005500,b,6-8,Mandarin,Harriet Tubman,2.063
41051003502,b,6-8,Mandarin,Harriet Tubman,0.995
41051001500,b,6-8,Mandarin,Harrison Park,1.57
41051002901,b,6-8,Mandarin,Harrison Park,3.163
41051003603,b,6-8,Mandarin,Harriet Tubman,2.797
41051001302,b,6-8,Mandarin,Harrison Park,2.621
41051001204,b,6-8,Mandarin,Harriet Tubman,1.981
41051004003,b,6-8,Mandarin,Harriet Tubman,4.344
41051005202,b,6-8,Mandarin,Harriet Tubman,1.791
41051006602,b,6-8,Mandarin,Harriet Tubman,5.046
41051000601,b,6-8,Mandarin,Harrison Park,1.656
41051002701,b,6-8,Mandarin,Harriet Tubman,2.556
41051003302,b,6-8,Mandarin,Harriet Tubman,1.027
41051006100,b,6-8,Mandarin,Harriet Tubman,3.975
41051001000,b,6-8,Mandarin,Harriet Tubman,3.131
41051000602,b,6-8,Mandarin,Harrison Park,2.329
41051002002,b,6-8,Mandarin,Harriet Tubman,1.676
41051002401,b,6-8,Mandarin,Harriet Tubman,0.868
41051003602,b,6-8,Mandarin,Harriet Tubman,2.533
41051004002,b,6-8,Mandarin,Harriet Tubman,3.872
41051004700,b,6-8,Mandarin,Harriet Tubman,1.693
41051003702,b,6-8,Mandarin,Harriet Tubman,1.948
41051004500,b,6-8,Mandarin,Harriet Tubman,1.343
41051004800,b,6-8,Mandarin,Harriet Tubman,1.472
41051006502,b,6-8,Mandarin,Harriet Tubman,5.765
41051007600,b,6-8,Mandarin,Harrison Park,3.828
41051008301,b,6-8,Mandarin,Harrison Park,0.659
41051008700,b,6-8,Mandarin,Harrison Park,2.821
41051006802,b,6-8,Mandarin,Harriet Tubman,4.061
41051006801,b,6-8,Mandarin,Harriet Tubman,4.557
41051000302,b,6-8,Mandarin,Harrison Park,3.572
41051000501,b,6-8,Mandarin,Harrison Park,1.933
41051001601,b,6-8,Mandarin,Harrison Park,0.901
41051001702,b,6-8,Mandarin,Harrison Park,1.356
41051001900,b,6-8,Mandarin,Harriet Tubman,2.37
41051002702,b,6-8,Mandarin,Harriet Tubman,2.58
41051000102,b,6-8,Mandarin,Harriet Tubman,3.899
41051000101,b,6-8,Mandarin,Harrison Park,5.063
41051002001,b,6-8,Mandarin,Harriet Tubman,1.881
41051005102,b,6-8,Mandarin,Harriet Tubman,0.93
41051001400,b,6-8,Mandarin,Harrison Park,2.114
41051001602,b,6-8,Mandarin,Harrison Park,0.417
41051002303,b,6-8,Mandarin,Harriet Tubman,0.325
41051002402,b,6-8,Mandarin,Harriet Tubman,0.882
41051002600,b,6-8,Mandarin,Harriet Tubman,2.053
41051003802,b,6-8,Mandarin,Harriet Tubman,2.444
41051003902,b,6-8,Mandarin,Harriet Tubman,2.555
41051004602,b,6-8,Mandarin,Harriet Tubman,2.581
41051004601,b,6-8,Mandarin,Harriet Tubman,2.346
41051005800,b,6-8,Mandarin,Harriet Tubman,3.036
41051006001,b,6-8,Mandarin,Harriet Tubman,3.419
41051006501,b,6-8,Mandarin,Harriet Tubman,6.503
41051007201,b,6-8,Mandarin,Harriet Tubman,6.905
41051007202,b,6-8,Mandarin,Harriet Tubman,5.819
41051004300,b,6-8,Mandarin,Harriet Tubman,5.758
41051006900,b,6-8,Mandarin,Harriet Tubman,3.74
41051000301,b,6-8,Mandarin,Harrison Park,3.214
41051000401,b,6-8,Mandarin,Harrison Park,2.503
41051000701,b,6-8,Mandarin,Harrison Park,0.788
41051000802,b,6-8,Mandarin,Harrison Park,1.984
41051001301,b,6-8,Mandarin,Harriet Tubman,2.541
41051002802,b,6-8,Mandarin,Harrison Park,2.303
41051003000,b,6-8,Mandarin,Harriet Tubman,2.456
41051003401,b,6-8,Mandarin,Harriet Tubman,1.313
41051003601,b,6-8,Mandarin,Harriet Tubman,2.45
41051003701,b,6-8,Mandarin,Harriet Tubman,2.592
41051001102,b,6-8,Mandarin,Harriet Tubman,2.193
41051005903,b,6-8,Mandarin,Harriet Tubman,4.052
41051004901,b,6-8,Mandarin,Harriet Tubman,1.458
41051005002,b,6-8,Mandarin,Harriet Tubman,1.178
41051003903,b,6-8,Mandarin,Harriet Tubman,3.735
41051005101,b,6-8,Mandarin,Harriet Tubman,0.68
41051002101,b,6-8,Mandarin,Harriet Tubman,1.184
41051001703,b,6-8,Mandarin,Harrison Park,1.773
41051005201,b,6-8,Mandarin,Harriet Tubman,1.654
41051002102,b,6-8,Mandarin,Harriet Tubman,1.382
41051005001,b,6-8,Mandarin,Harriet Tubman,1.078
41051005602,b,6-8,Mandarin,Harriet Tubman,2.064
41051004103,b,6-8,Mandarin,Harriet Tubman,5.662
41051003904,b,6-8,Mandarin,Harriet Tubman,3.417
41051005103,b,6-8,Mandarin,Harriet Tubman,0.842
41051002902,b,6-8,Mandarin,Harrison Park,2.46
41051004102,b,6-8,Mandarin,Harriet Tubman,4.917
41051006200,b,6-8,Mandarin,Harriet Tubman,5.098
41051003301,b,6-8,Mandarin,Harriet Tubman,1.534
41051006404,b,6-8,Mandarin,Harriet Tubman,7.393
41051002801,b,6-8,Mandarin,Harrison Park,2.866
41051000402,b,6-8,Mandarin,Harrison Park,2.117
41051000702,b,6-8,Mandarin,Harrison Park,1.121
41051003801,b,6-8,Mandarin,Harriet Tubman,2.941
41051006702,b,6-8,Mandarin,Harriet Tubman,4.593
41051007001,b,6-8,Mandarin,Harriet Tubman,5.016
41051001801,b,6-8,Mandarin,Harrison Park,1.943
41051002903,b,6-8,Mandarin,Harrison Park,2.537
41051005901,b,6-8,Mandarin,Harriet Tubman,3.661
41051004104,b,6-8,Mandarin,Harriet Tubman,6.565
41051005601,b,6-8,Mandarin,Harriet Tubman,1.821
41051000902,b,6-8,Mandarin,Harrison Park,2.857
41051001203,b,6-8,Mandarin,Harriet Tubman,2.185
41051010601,b,6-8,Mandarin,Harriet Tubman,1.483
41051008800,b,6-8,Mandarin,Harrison Park,3.093
41051007002,b,6-8,Mandarin,Harriet Tubman,6.009
41051006403,b,6-8,Mandarin,Harriet Tubman,6.677
41051000901,b,6-8,Mandarin,Harrison Park,2.784
41051001802,b,6-8,Mandarin,Harrison Park,1.834
41051980000,b,6-8,Mandarin,Harriet Tubman,2.121
41051004902,b,6-8,Mandarin,Harriet Tubman,1.363
41051003100,b,6-8,Japanese,Mt Tabor,2.835
41051003501,b,6-8,Japanese,Mt Tabor,4.794
41051003803,b,6-8,Japanese,Mt Tabor,5.021
41051006601,b,6-8,Japanese,Mt Tabor,7.12
41051000801,b,6-8,Japanese,Mt Tabor,1.407
41051002502,b,6-8,Japanese,Mt Tabor,1.93
41051006701,b,6-8,Japanese,Mt Tabor,6.883
41051005702,b,6-8,Japanese,Mt Tabor,3.555
41051010602,b,6-8,Japanese,Mt Tabor,3.443
41051003200,b,6-8,Japanese,Mt Tabor,3.119
41051003402,b,6-8,Japanese,Mt Tabor,3.777
41051004200,b,6-8,Japanese,Mt Tabor,8.952
41051006402,b,6-8,Japanese,Mt Tabor,6.953
41051007400,b,6-8,Japanese,Mt Tabor,3.223
41051007500,b,6-8,Japanese,Mt Tabor,2.386
41051008600,b,6-8,Japanese,Mt Tabor,3.885
41051008902,b,6-8,Japanese,Mt Tabor,4.223
41051000502,b,6-8,Japanese,Mt Tabor,2.689
41051001202,b,6-8,Japanese,Mt Tabor,2.062
41051002203,b,6-8,Japanese,Mt Tabor,3.441
41051002501,b,6-8,Japanese,Mt Tabor,2.284
41051006002,b,6-8,Japanese,Mt Tabor,5.189
41051000201,b,6-8,Japanese,Mt Tabor,4.169
41051005701,b,6-8,Japanese,Mt Tabor,3.603
41051000202,b,6-8,Japanese,Mt Tabor,3.291
41051005902,b,6-8,Japanese,Mt Tabor,3.667
41051001704,b,6-8,Japanese,Mt Tabor,0.867
41051001101,b,6-8,Japanese,Mt Tabor,3.114
41051005500,b,6-8,Japanese,Mt Tabor,4.307
41051003502,b,6-8,Japanese,Mt Tabor,4.291
41051001500,b,6-8,Japanese,Mt Tabor,0.744
41051002901,b,6-8,Japanese,Mt Tabor,2.097
41051003603,b,6-8,Japanese,Mt Tabor,3.25
41051001302,b,6-8,Japanese,Mt Tabor,1.564
41051001204,b,6-8,Japanese,Mt Tabor,1.882
41051004003,b,6-8,Japanese,Mt Tabor,7.461
41051005202,b,6-8,Japanese,Mt Tabor,4.413
41051006602,b,6-8,Japanese,Mt Tabor,6.134
41051000601,b,6-8,Japanese,Mt Tabor,3.146
41051002701,b,6-8,Japanese,Mt Tabor,1.69
41051003302,b,6-8,Japanese,Mt Tabor,3.256
41051006100,b,6-8,Japanese,Mt Tabor,5.334
41051001000,b,6-8,Japanese,Mt Tabor,2.825
41051000602,b,6-8,Japanese,Mt Tabor,3.658
41051002002,b,6-8,Japanese,Mt Tabor,1.839
41051002401,b,6-8,Japanese,Mt Tabor,2.829
41051003602,b,6-8,Japanese,Mt Tabor,3.795
41051004002,b,6-8,Japanese,Mt Tabor,7.165
41051004700,b,6-8,Japanese,Mt Tabor,4.733
41051003702,b,6-8,Japanese,Mt Tabor,4.462
41051004500,b,6-8,Japanese,Mt Tabor,4.691
41051004800,b,6-8,Japanese,Mt Tabor,4.423
41051006502,b,6-8,Japanese,Mt Tabor,6.725
41051007600,b,6-8,Japanese,Mt Tabor,2.919
41051008301,b,6-8,Japanese,Mt Tabor,2.244
41051008700,b,6-8,Japanese,Mt Tabor,3.46
41051006802,b,6-8,Japanese,Mt Tabor,5.962
41051006801,b,6-8,Japanese,Mt Tabor,6.704
41051000302,b,6-8,Japanese,Mt Tabor,3.668
41051000501,b,6-8,Japanese,Mt Tabor,2.706
41051001601,b,6-8,Japanese,Mt Tabor,0.823
41051001702,b,6-8,Japanese,Mt Tabor,1.499
41051001900,b,6-8,Japanese,Mt Tabor,1.032
41051002702,b,6-8,Japanese,Mt Tabor,1.055
41051000102,b,6-8,Japanese,Mt Tabor,3.766
41051000101,b,6-8,Japanese,Mt Tabor,4.892
41051002001,b,6-8,Japanese,Mt Tabor,1.537
41051005102,b,6-8,Japanese,Mt Tabor,3.754
41051001400,b,6-8,Japanese,Mt Tabor,0.915
41051001602,b,6-8,Japanese,Mt Tabor,1.644
41051002303,b,6-8,Japanese,Mt Tabor,3.214
41051002402,b,6-8,Japanese,Mt Tabor,2.519
41051002600,b,6-8,Japanese,Mt Tabor,1.763
41051003802,b,6-8,Japanese,Mt Tabor,5.274
41051003902,b,6-8,Japanese,Mt Tabor,5.649
41051004602,b,6-8,Japanese,Mt Tabor,4.81
41051004601,b,6-8,Japanese,Mt Tabor,5.105
41051005800,b,6-8,Japanese,Mt Tabor,4.788
41051006001,b,6-8,Japanese,Mt Tabor,4.695
41051006501,b,6-8,Japanese,Mt Tabor,7.693
41051007201,b,6-8,Japanese,Mt Tabor,9.539
41051007202,b,6-8,Japanese,Mt Tabor,8.709
41051004300,b,6-8,Japanese,Mt Tabor,9.143
41051006900,b,6-8,Japanese,Mt Tabor,6.276
41051000301,b,6-8,Japanese,Mt Tabor,2.989
41051000401,b,6-8,Japanese,Mt Tabor,2.623
41051000701,b,6-8,Japanese,Mt Tabor,1.532
41051000802,b,6-8,Japanese,Mt Tabor,1.819
41051001301,b,6-8,Japanese,Mt Tabor,1.278
41051002802,b,6-8,Japanese,Mt Tabor,0.796
41051003000,b,6-8,Japanese,Mt Tabor,2.571
41051003401,b,6-8,Japanese,Mt Tabor,4.036
41051003601,b,6-8,Japanese,Mt Tabor,4.395
41051003701,b,6-8,Japanese,Mt Tabor,4.939
41051001102,b,6-8,Japanese,Mt Tabor,2.694
41051005903,b,6-8,Japanese,Mt Tabor,4.408
41051004901,b,6-8,Japanese,Mt Tabor,4.628
41051005002,b,6-8,Japanese,Mt Tabor,4.131
41051003903,b,6-8,Japanese,Mt Tabor,6.751
41051005101,b,6-8,Japanese,Mt Tabor,3.863
41051002101,b,6-8,Japanese,Mt Tabor,2.75
41051001703,b,6-8,Japanese,Mt Tabor,1.085
41051005201,b,6-8,Japanese,Mt Tabor,4.109
41051002102,b,6-8,Japanese,Mt Tabor,2.233
41051005001,b,6-8,Japanese,Mt Tabor,3.981
41051005602,b,6-8,Japanese,Mt Tabor,3.972
41051004103,b,6-8,Japanese,Mt Tabor,8.762
41051003904,b,6-8,Japanese,Mt Tabor,6.328
41051005103,b,6-8,Japanese,Mt Tabor,3.385
41051002902,b,6-8,Japanese,Mt Tabor,1.543
41051004102,b,6-8,Japanese,Mt Tabor,8.173
41051006200,b,6-8,Japanese,Mt Tabor,5.461
41051003301,b,6-8,Japanese,Mt Tabor,3.637
41051006404,b,6-8,Japanese,Mt Tabor,8.222
41051002801,b,6-8,Japanese,Mt Tabor,1.471
41051000402,b,6-8,Japanese,Mt Tabor,2.549
41051000702,b,6-8,Japanese,Mt Tabor,1.928
41051003801,b,6-8,Japanese,Mt Tabor,5.631
41051006702,b,6-8,Japanese,Mt Tabor,6.037
41051007001,b,6-8,Japanese,Mt Tabor,8.295
41051001801,b,6-8,Japanese,Mt Tabor,0.523
41051002903,b,6-8,Japanese,Mt Tabor,2.238
41051005901,b,6-8,Japanese,Mt Tabor,4.43
41051004104,b,6-8,Japanese,Mt Tabor,9.796
41051005601,b,6-8,Japanese,Mt Tabor,3.875
41051000902,b,6-8,Japanese,Mt Tabor,2.236
41051001203,b,6-8,Japanese,Mt Tabor,1.934
41051010601,b,6-8,Japanese,Mt Tabor,3.837
41051008800,b,6-8,Japanese,Mt Tabor,3.768
41051007002,b,6-8,Japanese,Mt Tabor,9.399
41051006403,b,6-8,Japanese,Mt Tabor,7.543
41051000901,b,6-8,Japanese,Mt Tabor,1.99
41051001802,b,6-8,Japanese,Mt Tabor,0.154
41051980000,b,6-8,Japanese,Mt Tabor,5.483
41051004902,b,6-8,Japanese,Mt Tabor,4.231
41051003100,b,6-8,Russian,Brentwood,6.036
41051003501,b,6-8,Russian,Brentwood,7.341
41051003803,b,6-8,Russian,Brentwood,7.701
41051006601,b,6-8,Russian,Brentwood,6.405
41051000801,b,6-8,Russian,Brentwood,2.119
41051002502,b,6-8,Russian,Brentwood,4.717
41051006701,b,6-8,Russian,Brentwood,6.438
41051005702,b,6-8,Russian,Brentwood,4.456
41051010602,b,6-8,Russian,Brentwood,4.865
41051003200,b,6-8,Russian,Brentwood,6.184
41051003402,b,6-8,Russian,Brentwood,6.411
41051004200,b,6-8,Russian,Brentwood,11.252
41051006402,b,6-8,Russian,Brentwood,5.069
41051007400,b,6-8,Russian,Brentwood,6.653
41051007500,b,6-8,Russian,Brentwood,5.817
41051008600,b,6-8,Russian,Brentwood,0.908
41051008902,b,6-8,Russian,Brentwood,1.989
41051000502,b,6-8,Russian,Brentwood,1.251
41051001202,b,6-8,Russian,Brentwood,3.238
41051002203,b,6-8,Russian,Brentwood,5.887
41051002501,b,6-8,Russian,Brentwood,5.27
41051006002,b,6-8,Russian,Brentwood,4.185
41051000201,b,6-8,Russian,Brentwood,2.021
41051005701,b,6-8,Russian,Brentwood,4.187
41051000202,b,6-8,Russian,Brentwood,2.304
41051005902,b,6-8,Russian,Brentwood,3.708
41051001704,b,6-8,Russian,Brentwood,3.641
41051001101,b,6-8,Russian,Brentwood,4.118
41051005500,b,6-8,Russian,Brentwood,5.276
41051003502,b,6-8,Russian,Brentwood,6.698
41051001500,b,6-8,Russian,Brentwood,2.711
41051002901,b,6-8,Russian,Brentwood,5.484
41051003603,b,6-8,Russian,Brentwood,6.608
41051001302,b,6-8,Russian,Brentwood,2.772
41051001204,b,6-8,Russian,Brentwood,3.74
41051004003,b,6-8,Russian,Brentwood,10.046
41051005202,b,6-8,Russian,Brentwood,5.647
41051006602,b,6-8,Russian,Brentwood,5.196
41051000601,b,6-8,Russian,Brentwood,1.85
41051002701,b,6-8,Russian,Brentwood,5.053
41051003302,b,6-8,Russian,Brentwood,6.081
41051006100,b,6-8,Russian,Brentwood,4.979
41051001000,b,6-8,Russian,Brentwood,2.875
41051000602,b,6-8,Russian,Brentwood,1.45
41051002002,b,6-8,Russian,Brentwood,4.145
41051002401,b,6-8,Russian,Brentwood,5.569
41051003602,b,6-8,Russian,Brentwood,7.043
41051004002,b,6-8,Russian,Brentwood,9.51
41051004700,b,6-8,Russian,Brentwood,6.232
41051003702,b,6-8,Russian,Brentwood,7.365
41051004500,b,6-8,Russian,Brentwood,6.605
41051004800,b,6-8,Russian,Brentwood,5.941
41051006502,b,6-8,Russian,Brentwood,5.476
41051007600,b,6-8,Russian,Brentwood,6.271
41051008301,b,6-8,Russian,Brentwood,2.297
41051008700,b,6-8,Russian,Brentwood,0.06
41051006802,b,6-8,Russian,Brentwood,5.901
41051006801,b,6-8,Russian,Brentwood,6.682
41051000302,b,6-8,Russian,Brentwood,1.25
41051000501,b,6-8,Russian,Brentwood,0.84
41051001601,b,6-8,Russian,Brentwood,2.98
41051001702,b,6-8,Russian,Brentwood,4.031
41051001900,b,6-8,Russian,Brentwood,3.983
41051002702,b,6-8,Russian,Brentwood,4.349
41051000102,b,6-8,Russian,Brentwood,2.915
41051000101,b,6-8,Russian,Brentwood,2.715
41051002001,b,6-8,Russian,Brentwood,4.145
41051005102,b,6-8,Russian,Brentwood,5.484
41051001400,b,6-8,Russian,Brentwood,2.914
41051001602,b,6-8,Russian,Brentwood,3.181
41051002303,b,6-8,Russian,Brentwood,5.398
41051002402,b,6-8,Russian,Brentwood,4.993
41051002600,b,6-8,Russian,Brentwood,4.949
41051003802,b,6-8,Russian,Brentwood,8.062
41051003902,b,6-8,Russian,Brentwood,8.255
41051004602,b,6-8,Russian,Brentwood,5.516
41051004601,b,6-8,Russian,Brentwood,6.195
41051005800,b,6-8,Russian,Brentwood,5.069
41051006001,b,6-8,Russian,Brentwood,4.581
41051006501,b,6-8,Russian,Brentwood,6.443
41051007201,b,6-8,Russian,Brentwood,12.518
41051007202,b,6-8,Russian,Brentwood,11.507
41051004300,b,6-8,Russian,Brentwood,11.156
41051006900,b,6-8,Russian,Brentwood,6.786
41051000301,b,6-8,Russian,Brentwood,1.612
41051000401,b,6-8,Russian,Brentwood,1.071
41051000701,b,6-8,Russian,Brentwood,2.163
41051000802,b,6-8,Russian,Brentwood,1.739
41051001301,b,6-8,Russian,Brentwood,3.317
41051002802,b,6-8,Russian,Brentwood,4.229
41051003000,b,6-8,Russian,Brentwood,5.907
41051003401,b,6-8,Russian,Brentwood,6.801
41051003601,b,6-8,Russian,Brentwood,7.508
41051003701,b,6-8,Russian,Brentwood,7.946
41051001102,b,6-8,Russian,Brentwood,3.696
41051005903,b,6-8,Russian,Brentwood,3.562
41051004901,b,6-8,Russian,Brentwood,6.301
41051005002,b,6-8,Russian,Brentwood,5.771
41051003903,b,6-8,Russian,Brentwood,9.433
41051005101,b,6-8,Russian,Brentwood,5.806
41051002101,b,6-8,Russian,Brentwood,4.566
41051001703,b,6-8,Russian,Brentwood,4.186
41051005201,b,6-8,Russian,Brentwood,5.359
41051002102,b,6-8,Russian,Brentwood,4.341
41051005001,b,6-8,Russian,Brentwood,5.649
41051005602,b,6-8,Russian,Brentwood,4.868
41051004103,b,6-8,Russian,Brentwood,11.362
41051003904,b,6-8,Russian,Brentwood,9.088
41051005103,b,6-8,Russian,Brentwood,5.182
41051002902,b,6-8,Russian,Brentwood,4.839
41051004102,b,6-8,Russian,Brentwood,10.566
41051006200,b,6-8,Russian,Brentwood,4.045
41051003301,b,6-8,Russian,Brentwood,6.602
41051006404,b,6-8,Russian,Brentwood,6.518
41051002801,b,6-8,Russian,Brentwood,4.904
41051000402,b,6-8,Russian,Brentwood,0.891
41051000702,b,6-8,Russian,Brentwood,1.708
41051003801,b,6-8,Russian,Brentwood,8.511
41051006702,b,6-8,Russian,Brentwood,5.491
41051007001,b,6-8,Russian,Brentwood,9.579
41051001801,b,6-8,Russian,Brentwood,3.93
41051002903,b,6-8,Russian,Brentwood,5.198
41051005901,b,6-8,Russian,Brentwood,3.988
41051004104,b,6-8,Russian,Brentwood,12.211
41051005601,b,6-8,Russian,Brentwood,4.955
41051000902,b,6-8,Russian,Brentwood,2.172
41051001203,b,6-8,Russian,Brentwood,3.521
41051010601,b,6-8,Russian,Brentwood,5.173
41051008800,b,6-8,Russian,Brentwood,0.34
41051007002,b,6-8,Russian,Brentwood,11.031
41051006403,b,6-8,Russian,Brentwood,6.003
41051000901,b,6-8,Russian,Brentwood,2.419
41051001802,b,6-8,Russian,Brentwood,3.413
41051980000,b,6-8,Russian,Brentwood,7.735
41051004902,b,6-8,Russian,Brentwood,5.755
41051003100,b,6-8,Vietnamese,Roseway Heights,2.47
41051003501,b,6-8,Vietnamese,Roseway Heights,4.896
41051003803,b,6-8,Vietnamese,Roseway Heights,4.961
41051006601,b,6-8,Vietnamese,Roseway Heights,8.628
41051000801,b,6-8,Vietnamese,Roseway Heights,3.171
41051002502,b,6-8,Vietnamese,Roseway Heights,2.571
41051006701,b,6-8,Vietnamese,Roseway Heights,8.329
41051005702,b,6-8,Vietnamese,Roseway Heights,4.875
41051010602,b,6-8,Vietnamese,Roseway Heights,4.561
41051003200,b,6-8,Vietnamese,Roseway Heights,2.92
41051003402,b,6-8,Vietnamese,Roseway Heights,3.965
41051004200,b,6-8,Vietnamese,Roseway Heights,8.938
41051006402,b,6-8,Vietnamese,Roseway Heights,8.681
41051007400,b,6-8,Vietnamese,Roseway Heights,1.942
41051007500,b,6-8,Vietnamese,Roseway Heights,1.259
41051008600,b,6-8,Vietnamese,Roseway Heights,5.363
41051008902,b,6-8,Vietnamese,Roseway Heights,5.425
41051000502,b,6-8,Vietnamese,Roseway Heights,4.111
41051001202,b,6-8,Vietnamese,Roseway Heights,3.626
41051002203,b,6-8,Vietnamese,Roseway Heights,3.885
41051002501,b,6-8,Vietnamese,Roseway Heights,2.501
41051006002,b,6-8,Vietnamese,Roseway Heights,6.841
41051000201,b,6-8,Vietnamese,Roseway Heights,5.95
41051005701,b,6-8,Vietnamese,Roseway Heights,5.025
41051000202,b,6-8,Vietnamese,Roseway Heights,5.047
41051005902,b,6-8,Vietnamese,Roseway Heights,5.229
41051001704,b,6-8,Vietnamese,Roseway Heights,1.465
41051001101,b,6-8,Vietnamese,Roseway Heights,4.478
41051005500,b,6-8,Vietnamese,Roseway Heights,5.484
41051003502,b,6-8,Vietnamese,Roseway Heights,4.597
41051001500,b,6-8,Vietnamese,Roseway Heights,2.505
41051002901,b,6-8,Vietnamese,Roseway Heights,0.535
41051003603,b,6-8,Vietnamese,Roseway Heights,2.366
41051001302,b,6-8,Vietnamese,Roseway Heights,3.27
41051001204,b,6-8,Vietnamese,Roseway Heights,3.235
41051004003,b,6-8,Vietnamese,Roseway Heights,7.283
41051005202,b,6-8,Vietnamese,Roseway Heights,5.457
41051006602,b,6-8,Vietnamese,Roseway Heights,7.731
41051000601,b,6-8,Vietnamese,Roseway Heights,4.311
41051002701,b,6-8,Vietnamese,Roseway Heights,1.423
41051003302,b,6-8,Vietnamese,Roseway Heights,3.354
41051006100,b,6-8,Vietnamese,Roseway Heights,6.842
41051001000,b,6-8,Vietnamese,Roseway Heights,4.498
41051000602,b,6-8,Vietnamese,Roseway Heights,4.965
41051002002,b,6-8,Vietnamese,Roseway Heights,2.946
41051002401,b,6-8,Vietnamese,Roseway Heights,3.151
41051003602,b,6-8,Vietnamese,Roseway Heights,3.111
41051004002,b,6-8,Vietnamese,Roseway Heights,7.213
41051004700,b,6-8,Vietnamese,Roseway Heights,5.597
41051003702,b,6-8,Vietnamese,Roseway Heights,4.225
41051004500,b,6-8,Vietnamese,Roseway Heights,5.309
41051004800,b,6-8,Vietnamese,Roseway Heights,5.319
41051006502,b,6-8,Vietnamese,Roseway Heights,8.361
41051007600,b,6-8,Vietnamese,Roseway Heights,1.203
41051008301,b,6-8,Vietnamese,Roseway Heights,3.314
41051008700,b,6-8,Vietnamese,Roseway Heights,5.108
41051006802,b,6-8,Vietnamese,Roseway Heights,7.347
41051006801,b,6-8,Vietnamese,Roseway Heights,8.032
41051000302,b,6-8,Vietnamese,Roseway Heights,5.436
41051000501,b,6-8,Vietnamese,Roseway Heights,4.275
41051001601,b,6-8,Vietnamese,Roseway Heights,2.101
41051001702,b,6-8,Vietnamese,Roseway Heights,1.394
41051001900,b,6-8,Vietnamese,Roseway Heights,2.104
41051002702,b,6-8,Vietnamese,Roseway Heights,1.588
41051000102,b,6-8,Vietnamese,Roseway Heights,5.478
41051000101,b,6-8,Vietnamese,Roseway Heights,6.668
41051002001,b,6-8,Vietnamese,Roseway Heights,2.573
41051005102,b,6-8,Vietnamese,Roseway Heights,4.645
41051001400,b,6-8,Vietnamese,Roseway Heights,2.656
41051001602,b,6-8,Vietnamese,Roseway Heights,2.307
41051002303,b,6-8,Vietnamese,Roseway Heights,3.926
41051002402,b,6-8,Vietnamese,Roseway Heights,3.21
41051002600,b,6-8,Vietnamese,Roseway Heights,1.923
41051003802,b,6-8,Vietnamese,Roseway Heights,5.069
41051003902,b,6-8,Vietnamese,Roseway Heights,5.591
41051004602,b,6-8,Vietnamese,Roseway Heights,6.031
41051004601,b,6-8,Vietnamese,Roseway Heights,6.129
41051005800,b,6-8,Vietnamese,Roseway Heights,6.161
41051006001,b,6-8,Vietnamese,Roseway Heights,6.191
41051006501,b,6-8,Vietnamese,Roseway Heights,9.303
41051007201,b,6-8,Vietnamese,Roseway Heights,8.867
41051007202,b,6-8,Vietnamese,Roseway Heights,8.262
41051004300,b,6-8,Vietnamese,Roseway Heights,9.332
41051006900,b,6-8,Vietnamese,Roseway Heights,7.442
41051000301,b,6-8,Vietnamese,Roseway Heights,4.769
41051000401,b,6-8,Vietnamese,Roseway Heights,4.368
41051000701,b,6-8,Vietnamese,Roseway Heights,2.951
41051000802,b,6-8,Vietnamese,Roseway Heights,3.575
41051001301,b,6-8,Vietnamese,Roseway Heights,2.824
41051002802,b,6-8,Vietnamese,Roseway Heights,1.159
41051003000,b,6-8,Vietnamese,Roseway Heights,1.942
41051003401,b,6-8,Vietnamese,Roseway Heights,4.033
41051003601,b,6-8,Vietnamese,Roseway Heights,3.871
41051003701,b,6-8,Vietnamese,Roseway Heights,4.503
41051001102,b,6-8,Vietnamese,Roseway Heights,4.15
41051005903,b,6-8,Vietnamese,Roseway Heights,6.077
41051004901,b,6-8,Vietnamese,Roseway Heights,5.407
41051005002,b,6-8,Vietnamese,Roseway Heights,5.006
41051003903,b,6-8,Vietnamese,Roseway Heights,6.525
41051005101,b,6-8,Vietnamese,Roseway Heights,4.6
41051002101,b,6-8,Vietnamese,Roseway Heights,3.828
41051001703,b,6-8,Vietnamese,Roseway Heights,0.905
41051005201,b,6-8,Vietnamese,Roseway Heights,5.19
41051002102,b,6-8,Vietnamese,Roseway Heights,3.305
41051005001,b,6-8,Vietnamese,Roseway Heights,4.866
41051005602,b,6-8,Vietnamese,Roseway Heights,5.227
41051004103,b,6-8,Vietnamese,Roseway Heights,8.503
41051003904,b,6-8,Vietnamese,Roseway Heights,6.054
41051005103,b,6-8,Vietnamese,Roseway Heights,4.313
41051002902,b,6-8,Vietnamese,Roseway Heights,0.239
41051004102,b,6-8,Vietnamese,Roseway Heights,8.121
41051006200,b,6-8,Vietnamese,Roseway Heights,7.164
41051003301,b,6-8,Vietnamese,Roseway Heights,3.463
41051006404,b,6-8,Vietnamese,Roseway Heights,9.905
41051002801,b,6-8,Vietnamese,Roseway Heights,0.863
41051000402,b,6-8,Vietnamese,Roseway Heights,4.222
41051000702,b,6-8,Vietnamese,Roseway Heights,3.411
41051003801,b,6-8,Vietnamese,Roseway Heights,5.284
41051006702,b,6-8,Vietnamese,Roseway Heights,7.551
41051007001,b,6-8,Vietnamese,Roseway Heights,8.974
41051001801,b,6-8,Vietnamese,Roseway Heights,1.266
41051002903,b,6-8,Vietnamese,Roseway Heights,0.834
41051005901,b,6-8,Vietnamese,Roseway Heights,6.024
41051004104,b,6-8,Vietnamese,Roseway Heights,9.654
41051005601,b,6-8,Vietnamese,Roseway Heights,5.07
41051000902,b,6-8,Vietnamese,Roseway Heights,4.001
41051001203,b,6-8,Vietnamese,Roseway Heights,3.391
41051010601,b,6-8,Vietnamese,Roseway Heights,4.923
41051008800,b,6-8,Vietnamese,Roseway Heights,5.412
41051007002,b,6-8,Vietnamese,Roseway Heights,9.826
41051006403,b,6-8,Vietnamese,Roseway Heights,9.211
41051000901,b,6-8,Vietnamese,Roseway Heights,3.737
41051001802,b,6-8,Vietnamese,Roseway Heights,1.876
41051980000,b,6-8,Vietnamese,Roseway Heights,5.755
41051004902,b,6-8,Vietnamese,Roseway Heights,5.154
41051003100,b,9-12,Spanish,McDaniel,2.834
41051003501,b,9-12,Spanish,Lincoln,2.815
41051003803,b,9-12,Spanish,Roosevelt,3.035
41051006601,b,9-12,Spanish,Lincoln,3.841
41051000801,b,9-12,Spanish,Franklin,0.21
41051002502,b,9-12,Spanish,Lincoln,2.668
41051006701,b,9-12,Spanish,Lincoln,3.404
41051005702,b,9-12,Spanish,Lincoln,0.91
41051010602,b,9-12,Spanish,Lincoln,0.693
41051003200,b,9-12,Spanish,McDaniel,3.282
41051003402,b,9-12,Spanish,Lincoln,2.454
41051004200,b,9-12,Spanish,Roosevelt,1.04
41051006402,b,9-12,Spanish,Lincoln,5.042
41051007400,b,9-12,Spanish,McDaniel,2.259
41051007500,b,9-12,Spanish,McDaniel,1.615
41051008600,b,9-12,Spanish,Franklin,2.693
41051008902,b,9-12,Spanish,Franklin,3.252
41051000502,b,9-12,Spanish,Franklin,1.636
41051001202,b,9-12,Spanish,Franklin,1.777
41051002203,b,9-12,Spanish,Lincoln,1.959
41051002501,b,9-12,Spanish,McDaniel,2.834
41051006002,b,9-12,Spanish,Lincoln,3.068
41051000201,b,9-12,Spanish,Franklin,2.972
41051005701,b,9-12,Spanish,Lincoln,1.242
41051000202,b,9-12,Spanish,Franklin,2.279
41051005902,b,9-12,Spanish,Lincoln,1.868
41051001704,b,9-12,Spanish,McDaniel,1.341
41051001101,b,9-12,Spanish,Lincoln,1.265
41051005500,b,9-12,Spanish,Lincoln,0.377
41051003502,b,9-12,Spanish,Lincoln,2.196
41051001500,b,9-12,Spanish,Franklin,0.577
41051002901,b,9-12,Spanish,McDaniel,0.867
41051003603,b,9-12,Spanish,McDaniel,2.721
41051001302,b,9-12,Spanish,Franklin,1.107
41051001204,b,9-12,Spanish,Franklin,2.014
41051004003,b,9-12,Spanish,Roosevelt,0.712
41051005202,b,9-12,Spanish,Lincoln,0.299
41051006602,b,9-12,Spanish,Lincoln,3.412
41051000601,b,9-12,Spanish,Franklin,2.31
41051002701,b,9-12,Spanish,McDaniel,1.761
41051003302,b,9-12,Spanish,Lincoln,2.719
41051006100,b,9-12,Spanish,Lincoln,2.336
41051001000,b,9-12,Spanish,Franklin,2.118
41051000602,b,9-12,Spanish,Franklin,2.628
41051002002,b,9-12,Spanish,Franklin,2.279
41051002401,b,9-12,Spanish,Lincoln,2.464
41051003602,b,9-12,Spanish,McDaniel,3.471
41051004002,b,9-12,Spanish,Roosevelt,1.024
41051004700,b,9-12,Spanish,Lincoln,0.887
41051003702,b,9-12,Spanish,Lincoln,3.487
41051004500,b,9-12,Spanish,Lincoln,1.491
41051004800,b,9-12,Spanish,Lincoln,0.647
41051006502,b,9-12,Spanish,Lincoln,4.131
41051007600,b,9-12,Spanish,McDaniel,1.382
41051008301,b,9-12,Spanish,Franklin,1.718
41051008700,b,9-12,Spanish,Franklin,2.161
41051006802,b,9-12,Spanish,Lincoln,2.371
41051006801,b,9-12,Spanish,Lincoln,2.91
41051000302,b,9-12,Spanish,Franklin,2.393
41051000501,b,9-12,Spanish,Franklin,1.487
41051001601,b,9-12,Spanish,Franklin,1.137
41051001702,b,9-12,Spanish,McDaniel,1.127
41051001900,b,9-12,Spanish,Franklin,1.894
41051002702,b,9-12,Spanish,McDaniel,1.837
41051000102,b,9-12,Spanish,Lincoln,2.867
41051000101,b,9-12,Spanish,Franklin,3.73
41051002001,b,9-12,Spanish,Franklin,2.166
41051005102,b,9-12,Spanish,Lincoln,0.764
41051001400,b,9-12,Spanish,Franklin,0.861
41051001602,b,9-12,Spanish,Franklin,1.831
41051002303,b,9-12,Spanish,Lincoln,1.508
41051002402,b,9-12,Spanish,Lincoln,2.081
41051002600,b,9-12,Spanish,McDaniel,2.244
41051003802,b,9-12,Spanish,Roosevelt,2.874
41051003902,b,9-12,Spanish,Roosevelt,2.399
41051004602,b,9-12,Spanish,Lincoln,0.894
41051004601,b,9-12,Spanish,Lincoln,0.974
41051005800,b,9-12,Spanish,Lincoln,1.375
41051006001,b,9-12,Spanish,Lincoln,1.858
41051006501,b,9-12,Spanish,Lincoln,4.825
41051007201,b,9-12,Spanish,Roosevelt,3.079
41051007202,b,9-12,Spanish,Roosevelt,1.703
41051004300,b,9-12,Spanish,Roosevelt,1.872
41051006900,b,9-12,Spanish,Lincoln,2.218
41051000301,b,9-12,Spanish,Franklin,1.805
41051000401,b,9-12,Spanish,Franklin,1.317
41051000701,b,9-12,Spanish,Franklin,0.865
41051000802,b,9-12,Spanish,Franklin,0.533
41051001301,b,9-12,Spanish,Franklin,1.408
41051002802,b,9-12,Spanish,McDaniel,1.341
41051003000,b,9-12,Spanish,McDaniel,2.308
41051003401,b,9-12,Spanish,Lincoln,2.884
41051003601,b,9-12,Spanish,Lincoln,4.085
41051003701,b,9-12,Spanish,Roosevelt,3.508
41051001102,b,9-12,Spanish,Lincoln,1.735
41051005903,b,9-12,Spanish,Lincoln,2.755
41051004901,b,9-12,Spanish,Lincoln,1.044
41051005002,b,9-12,Spanish,Lincoln,0.671
41051003903,b,9-12,Spanish,Roosevelt,1.46
41051005101,b,9-12,Spanish,Lincoln,1.117
41051002101,b,9-12,Spanish,Lincoln,1.414
41051001703,b,9-12,Spanish,McDaniel,0.808
41051005201,b,9-12,Spanish,Lincoln,0.039
41051002102,b,9-12,Spanish,Lincoln,1.95
41051005001,b,9-12,Spanish,Lincoln,0.674
41051005602,b,9-12,Spanish,Lincoln,0.578
41051004103,b,9-12,Spanish,Roosevelt,0.989
41051003904,b,9-12,Spanish,Roosevelt,1.943
41051005103,b,9-12,Spanish,Lincoln,0.961
41051002902,b,9-12,Spanish,McDaniel,0.423
41051004102,b,9-12,Spanish,Roosevelt,0.267
41051006200,b,9-12,Spanish,Lincoln,3.658
41051003301,b,9-12,Spanish,Lincoln,3.216
41051006404,b,9-12,Spanish,Lincoln,5.746
41051002801,b,9-12,Spanish,McDaniel,1.188
41051000402,b,9-12,Spanish,Franklin,1.248
41051000702,b,9-12,Spanish,Franklin,0.948
41051003801,b,9-12,Spanish,Roosevelt,2.72
41051006702,b,9-12,Spanish,Lincoln,2.917
41051007001,b,9-12,Spanish,Roosevelt,3.742
41051001801,b,9-12,Spanish,McDaniel,1.353
41051002903,b,9-12,Spanish,McDaniel,0.507
41051005901,b,9-12,Spanish,Lincoln,2.261
41051004104,b,9-12,Spanish,Roosevelt,1.754
41051005601,b,9-12,Spanish,Lincoln,0.412
41051000902,b,9-12,Spanish,Franklin,1.277
41051001203,b,9-12,Spanish,Franklin,1.891
41051010601,b,9-12,Spanish,Lincoln,0.303
41051008800,b,9-12,Spanish,Franklin,2.468
41051007002,b,9-12,Spanish,Roosevelt,3.07
41051006403,b,9-12,Spanish,Lincoln,5.037
41051000901,b,9-12,Spanish,Franklin,1.191
41051001802,b,9-12,Spanish,Franklin,1.28
41051980000,b,9-12,Spanish,Lincoln,2.725
41051004902,b,9-12,Spanish,Lincoln,0.526
41051003100,b,9-12,Mandarin,Jefferson,1.783
41051003501,b,9-12,Mandarin,Jefferson,0.686
41051003803,b,9-12,Mandarin,Jefferson,0.746
41051006601,b,9-12,Mandarin,Cleveland,4.919
41051000801,b,9-12,Mandarin,Cleveland,1.369
41051002502,b,9-12,Mandarin,Jefferson,2.408
41051006701,b,9-12,Mandarin,Cleveland,4.75
41051005702,b,9-12,Mandarin,Cleveland,1.927
41051010602,b,9-12,Mandarin,Cleveland,2.26
41051003200,b,9-12,Mandarin,Jefferson,1.326
41051003402,b,9-12,Mandarin,Jefferson,0.644
41051004200,b,9-12,Mandarin,Jefferson,4.734
41051006402,b,9-12,Mandarin,Cleveland,4.662
41051007400,b,9-12,Mandarin,Jefferson,3.057
41051007500,b,9-12,Mandarin,Jefferson,3.127
41051008600,b,9-12,Mandarin,Cleveland,3.46
41051008902,b,9-12,Mandarin,Cleveland,4.343
41051000502,b,9-12,Mandarin,Cleveland,2.833
41051001202,b,9-12,Mandarin,Cleveland,0.705
41051002203,b,9-12,Mandarin,Jefferson,1.227
41051002501,b,9-12,Mandarin,Jefferson,1.997
41051006002,b,9-12,Mandarin,Cleveland,2.891
41051000201,b,9-12,Mandarin,Cleveland,2.169
41051005701,b,9-12,Mandarin,Cleveland,1.748
41051000202,b,9-12,Mandarin,Cleveland,1.084
41051005902,b,9-12,Mandarin,Cleveland,1.518
41051001704,b,9-12,Mandarin,Cleveland,3.069
41051001101,b,9-12,Mandarin,Cleveland,1.538
41051005500,b,9-12,Mandarin,Cleveland,2.778
41051003502,b,9-12,Mandarin,Jefferson,0.851
41051001500,b,9-12,Mandarin,Cleveland,1.772
41051002901,b,9-12,Mandarin,Jefferson,3.856
41051003603,b,9-12,Mandarin,Jefferson,2.276
41051001302,b,9-12,Mandarin,Cleveland,0.75
41051001204,b,9-12,Mandarin,Cleveland,1.31
41051004003,b,9-12,Mandarin,Jefferson,3.184
41051005202,b,9-12,Mandarin,Jefferson,2.98
41051006602,b,9-12,Mandarin,Cleveland,3.865
41051000601,b,9-12,Mandarin,Cleveland,3.626
41051002701,b,9-12,Mandarin,Jefferson,2.909
41051003302,b,9-12,Mandarin,Jefferson,1.023
41051006100,b,9-12,Mandarin,Cleveland,3.171
41051001000,b,9-12,Mandarin,Cleveland,0.548
41051000602,b,9-12,Mandarin,Cleveland,3.704
41051002002,b,9-12,Mandarin,Cleveland,1.794
41051002401,b,9-12,Mandarin,Jefferson,1.493
41051003602,b,9-12,Mandarin,Jefferson,1.657
41051004002,b,9-12,Mandarin,Jefferson,2.976
41051004700,b,9-12,Mandarin,Jefferson,2.599
41051003702,b,9-12,Mandarin,Jefferson,0.502
41051004500,b,9-12,Mandarin,Jefferson,1.868
41051004800,b,9-12,Mandarin,Jefferson,2.531
41051006502,b,9-12,Mandarin,Cleveland,4.428
41051007600,b,9-12,Mandarin,Jefferson,4.139
41051008301,b,9-12,Mandarin,Cleveland,3.246
41051008700,b,9-12,Mandarin,Cleveland,2.596
41051006802,b,9-12,Mandarin,Cleveland,3.934
41051006801,b,9-12,Mandarin,Cleveland,4.721
41051000302,b,9-12,Mandarin,Cleveland,2.013
41051000501,b,9-12,Mandarin,Cleveland,2.433
41051001601,b,9-12,Mandarin,Cleveland,2.584
41051001702,b,9-12,Mandarin,Cleveland,3.699
41051001900,b,9-12,Mandarin,Cleveland,2.105
41051002702,b,9-12,Mandarin,Cleveland,2.646
41051000102,b,9-12,Mandarin,Cleveland,1.461
41051000101,b,9-12,Mandarin,Cleveland,2.769
41051002001,b,9-12,Mandarin,Cleveland,1.961
41051005102,b,9-12,Mandarin,Jefferson,2.264
41051001400,b,9-12,Mandarin,Cleveland,1.393
41051001602,b,9-12,Mandarin,Cleveland,3.383
41051002303,b,9-12,Mandarin,Jefferson,1.806
41051002402,b,9-12,Mandarin,Jefferson,2.04
41051002600,b,9-12,Mandarin,Jefferson,2.571
41051003802,b,9-12,Mandarin,Jefferson,1.033
41051003902,b,9-12,Mandarin,Jefferson,1.383
41051004602,b,9-12,Mandarin,Cleveland,3.126
41051004601,b,9-12,Mandarin,Jefferson,3.33
41051005800,b,9-12,Mandarin,Cleveland,2.855
41051006001,b,9-12,Mandarin,Cleveland,2.578
41051006501,b,9-12,Mandarin,Cleveland,5.406
41051007201,b,9-12,Mandarin,Jefferson,5.492
41051007202,b,9-12,Mandarin,Jefferson,4.497
41051004300,b,9-12,Mandarin,Jefferson,5.087
41051006900,b,9-12,Mandarin,Cleveland,4.539
41051000301,b,9-12,Mandarin,Cleveland,1.193
41051000401,b,9-12,Mandarin,Cleveland,1.557
41051000701,b,9-12,Mandarin,Cleveland,2.43
41051000802,b,9-12,Mandarin,Cleveland,1.315
41051001301,b,9-12,Mandarin,Cleveland,1.262
41051002802,b,9-12,Mandarin,Cleveland,2.876
41051003000,b,9-12,Mandarin,Jefferson,2.341
41051003401,b,9-12,Mandarin,Jefferson,0.243
41051003601,b,9-12,Mandarin,Jefferson,1.182
41051003701,b,9-12,Mandarin,Jefferson,1.127
41051001102,b,9-12,Mandarin,Cleveland,1.089
41051005903,b,9-12,Mandarin,Cleveland,2.105
41051004901,b,9-12,Mandarin,Jefferson,2.29
41051005002,b,9-12,Mandarin,Jefferson,2.339
41051003903,b,9-12,Mandarin,Jefferson,2.478
41051005101,b,9-12,Mandarin,Jefferson,1.873
41051002101,b,9-12,Mandarin,Cleveland,1.981
41051001703,b,9-12,Mandarin,Cleveland,3.393
41051005201,b,9-12,Mandarin,Cleveland,2.795
41051002102,b,9-12,Mandarin,Cleveland,1.858
41051005001,b,9-12,Mandarin,Jefferson,2.313
41051005602,b,9-12,Mandarin,Cleveland,2.37
41051004103,b,9-12,Mandarin,Jefferson,4.485
41051003904,b,9-12,Mandarin,Jefferson,2.079
41051005103,b,9-12,Mandarin,Jefferson,2.299
41051002902,b,9-12,Mandarin,Cleveland,3.793
41051004102,b,9-12,Mandarin,Jefferson,3.931
41051006200,b,9-12,Mandarin,Cleveland,3.155
41051003301,b,9-12,Mandarin,Jefferson,0.794
41051006404,b,9-12,Mandarin,Cleveland,5.914
41051002801,b,9-12,Mandarin,Cleveland,3.441
41051000402,b,9-12,Mandarin,Cleveland,1.961
41051000702,b,9-12,Mandarin,Cleveland,2.376
41051003801,b,9-12,Mandarin,Jefferson,1.488
41051006702,b,9-12,Mandarin,Cleveland,3.848
41051007001,b,9-12,Mandarin,Jefferson,5.06
41051001801,b,9-12,Mandarin,Cleveland,2.773
41051002903,b,9-12,Mandarin,Cleveland,4.546
41051005901,b,9-12,Mandarin,Cleveland,2.192
41051004104,b,9-12,Mandarin,Jefferson,5.53
41051005601,b,9-12,Mandarin,Cleveland,2.41
41051000902,b,9-12,Mandarin,Cleveland,0.454
41051001203,b,9-12,Mandarin,Cleveland,1.051
41051010601,b,9-12,Mandarin,Cleveland,2.587
41051008800,b,9-12,Mandarin,Cleveland,2.831
41051007002,b,9-12,Mandarin,Jefferson,5.652
41051006403,b,9-12,Mandarin,Cleveland,5.236
41051000901,b,9-12,Mandarin,Cleveland,0.387
41051001802,b,9-12,Mandarin,Cleveland,2.179
41051980000,b,9-12,Mandarin,Jefferson,1.615
41051004902,b,9-12,Mandarin,Jefferson,2.521
41051003100,b,9-12,Japanese,Grant,1.203
41051003501,b,9-12,Japanese,Grant,3.196
41051003803,b,9-12,Japanese,Grant,3.378
41051006601,b,9-12,Japanese,Grant,6.908
41051000801,b,9-12,Japanese,Grant,2.723
41051002502,b,9-12,Japanese,Grant,0.656
41051006701,b,9-12,Japanese,Grant,6.559
41051005702,b,9-12,Japanese,Grant,3.101
41051010602,b,9-12,Japanese,Grant,2.687
41051003200,b,9-12,Japanese,Grant,1.443
41051003402,b,9-12,Japanese,Grant,2.192
41051004200,b,9-12,Japanese,Grant,7.35
41051006402,b,9-12,Japanese,Grant,7.324
41051007400,b,9-12,Japanese,Grant,2.131
41051007500,b,9-12,Japanese,Grant,1.46
41051008600,b,9-12,Japanese,Grant,5.427
41051008902,b,9-12,Japanese,Grant,5.873
41051000502,b,9-12,Japanese,Grant,4.298
41051001202,b,9-12,Japanese,Grant,2.246
41051002203,b,9-12,Japanese,Grant,1.99
41051002501,b,9-12,Japanese,Grant,0.646
41051006002,b,9-12,Japanese,Grant,5.354
41051000201,b,9-12,Japanese,Grant,5.024
41051005701,b,9-12,Japanese,Grant,3.326
41051000202,b,9-12,Japanese,Grant,3.943
41051005902,b,9-12,Japanese,Grant,3.674
41051001704,b,9-12,Japanese,Grant,2.271
41051001101,b,9-12,Japanese,Grant,2.762
41051005500,b,9-12,Japanese,Grant,3.609
41051003502,b,9-12,Japanese,Grant,2.775
41051001500,b,9-12,Japanese,Grant,2.211
41051002901,b,9-12,Japanese,Grant,1.795
41051003603,b,9-12,Japanese,Grant,1.826
41051001302,b,9-12,Japanese,Grant,2.243
41051001204,b,9-12,Japanese,Grant,1.677
41051004003,b,9-12,Japanese,Grant,5.811
41051005202,b,9-12,Japanese,Grant,3.538
41051006602,b,9-12,Japanese,Grant,6.132
41051000601,b,9-12,Japanese,Grant,4.814
41051002701,b,9-12,Japanese,Grant,0.582
41051003302,b,9-12,Japanese,Grant,1.622
41051006100,b,9-12,Japanese,Grant,5.157
41051001000,b,9-12,Japanese,Grant,3.191
41051000602,b,9-12,Japanese,Grant,5.286
41051002002,b,9-12,Japanese,Grant,1.233
41051002401,b,9-12,Japanese,Grant,1.278
41051003602,b,9-12,Japanese,Grant,2.205
41051004002,b,9-12,Japanese,Grant,5.573
41051004700,b,9-12,Japanese,Grant,3.655
41051003702,b,9-12,Japanese,Grant,2.787
41051004500,b,9-12,Japanese,Grant,3.389
41051004800,b,9-12,Japanese,Grant,3.38
41051006502,b,9-12,Japanese,Grant,6.809
41051007600,b,9-12,Japanese,Grant,2.494
41051008301,b,9-12,Japanese,Grant,3.922
41051008700,b,9-12,Japanese,Grant,4.853
41051006802,b,9-12,Japanese,Grant,5.547
41051006801,b,9-12,Japanese,Grant,6.189
41051000302,b,9-12,Japanese,Grant,4.735
41051000501,b,9-12,Japanese,Grant,4.221
41051001601,b,9-12,Japanese,Grant,2.491
41051001702,b,9-12,Japanese,Grant,2.72
41051001900,b,9-12,Japanese,Grant,0.858
41051002702,b,9-12,Japanese,Grant,0.639
41051000102,b,9-12,Japanese,Grant,4.187
41051000101,b,9-12,Japanese,Grant,5.628
41051002001,b,9-12,Japanese,Grant,0.929
41051005102,b,9-12,Japanese,Grant,2.709
41051001400,b,9-12,Japanese,Grant,1.926
41051001602,b,9-12,Japanese,Grant,3.229
41051002303,b,9-12,Japanese,Grant,1.984
41051002402,b,9-12,Japanese,Grant,1.27
41051002600,b,9-12,Japanese,Grant,0.114
41051003802,b,9-12,Japanese,Grant,3.607
41051003902,b,9-12,Japanese,Grant,4.013
41051004602,b,9-12,Japanese,Grant,4.164
41051004601,b,9-12,Japanese,Grant,4.201
41051005800,b,9-12,Japanese,Grant,4.378
41051006001,b,9-12,Japanese,Grant,4.512
41051006501,b,9-12,Japanese,Grant,7.695
41051007201,b,9-12,Japanese,Grant,7.871
41051007202,b,9-12,Japanese,Grant,7.032
41051004300,b,9-12,Japanese,Grant,7.617
41051006900,b,9-12,Japanese,Grant,5.537
41051000301,b,9-12,Japanese,Grant,3.936
41051000401,b,9-12,Japanese,Grant,3.864
41051000701,b,9-12,Japanese,Grant,3.186
41051000802,b,9-12,Japanese,Grant,3.103
41051001301,b,9-12,Japanese,Grant,1.643
41051002802,b,9-12,Japanese,Grant,1.165
41051003000,b,9-12,Japanese,Grant,1.131
41051003401,b,9-12,Japanese,Grant,2.392
41051003601,b,9-12,Japanese,Grant,2.737
41051003701,b,9-12,Japanese,Grant,3.264
41051001102,b,9-12,Japanese,Grant,2.553
41051005903,b,9-12,Japanese,Grant,4.652
41051004901,b,9-12,Japanese,Grant,3.467
41051005002,b,9-12,Japanese,Grant,3.067
41051003903,b,9-12,Japanese,Grant,5.089
41051005101,b,9-12,Japanese,Grant,2.659
41051002101,b,9-12,Japanese,Grant,1.973
41051001703,b,9-12,Japanese,Grant,2.035
41051005201,b,9-12,Japanese,Grant,3.286
41051002102,b,9-12,Japanese,Grant,1.498
41051005001,b,9-12,Japanese,Grant,2.928
41051005602,b,9-12,Japanese,Grant,3.397
41051004103,b,9-12,Japanese,Grant,7.102
41051003904,b,9-12,Japanese,Grant,4.658
41051005103,b,9-12,Japanese,Grant,2.388
41051002902,b,9-12,Japanese,Grant,1.833
41051004102,b,9-12,Japanese,Grant,6.556
41051006200,b,9-12,Japanese,Grant,5.775
41051003301,b,9-12,Japanese,Grant,1.961
41051006404,b,9-12,Japanese,Grant,8.413
41051002801,b,9-12,Japanese,Grant,1.08
41051000402,b,9-12,Japanese,Grant,3.955
41051000702,b,9-12,Japanese,Grant,3.539
41051003801,b,9-12,Japanese,Grant,3.954
41051006702,b,9-12,Japanese,Grant,5.855
41051007001,b,9-12,Japanese,Grant,7.062
41051001801,b,9-12,Japanese,Grant,1.483
41051002903,b,9-12,Japanese,Grant,2.759
41051005901,b,9-12,Japanese,Grant,4.473
41051004104,b,9-12,Japanese,Grant,8.162
41051005601,b,9-12,Japanese,Grant,3.214
41051000902,b,9-12,Japanese,Grant,3.056
41051001203,b,9-12,Japanese,Grant,1.914
41051010601,b,9-12,Japanese,Grant,3.026
41051008800,b,9-12,Japanese,Grant,5.153
41051007002,b,9-12,Japanese,Grant,7.997
41051006403,b,9-12,Japanese,Grant,7.699
41051000901,b,9-12,Japanese,Grant,2.74
41051001802,b,9-12,Japanese,Grant,1.603
41051980000,b,9-12,Japanese,Grant,3.969
41051004902,b,9-12,Japanese,Grant,3.217
41051003100,b,9-12,Russian,Franklin,3.939
41051003501,b,9-12,Russian,Franklin,5.522
41051003803,b,9-12,Russian,Franklin,5.827
41051006601,b,9-12,Russian,Franklin,6.47
41051000801,b,9-12,Russian,Franklin,0.21
41051002502,b,9-12,Russian,Franklin,2.718
41051006701,b,9-12,Russian,Franklin,6.322
41051005702,b,9-12,Russian,Franklin,3.364
41051010602,b,9-12,Russian,Franklin,3.506
41051003200,b,9-12,Russian,Franklin,4.132
41051003402,b,9-12,Russian,Franklin,4.533
41051004200,b,9-12,Russian,Franklin,9.604
41051006402,b,9-12,Russian,Franklin,5.932
41051007400,b,9-12,Russian,Franklin,4.521
41051007500,b,9-12,Russian,Franklin,3.686
41051008600,b,9-12,Russian,Franklin,2.693
41051008902,b,9-12,Russian,Franklin,3.252
41051000502,b,9-12,Russian,Franklin,1.636
41051001202,b,9-12,Russian,Franklin,1.777
41051002203,b,9-12,Russian,Franklin,4.075
41051002501,b,9-12,Russian,Franklin,3.226
41051006002,b,9-12,Russian,Franklin,4.363
41051000201,b,9-12,Russian,Franklin,2.972
41051005701,b,9-12,Russian,Franklin,3.266
41051000202,b,9-12,Russian,Franklin,2.279
41051005902,b,9-12,Russian,Franklin,3.096
41051001704,b,9-12,Russian,Franklin,1.756
41051001101,b,9-12,Russian,Franklin,2.926
41051005500,b,9-12,Russian,Franklin,4.208
41051003502,b,9-12,Russian,Franklin,4.929
41051001500,b,9-12,Russian,Franklin,0.577
41051002901,b,9-12,Russian,Franklin,3.408
41051003603,b,9-12,Russian,Franklin,4.475
41051001302,b,9-12,Russian,Franklin,1.107
41051001204,b,9-12,Russian,Franklin,2.014
41051004003,b,9-12,Russian,Franklin,8.244
41051005202,b,9-12,Russian,Franklin,4.447
41051006602,b,9-12,Russian,Franklin,5.374
41051000601,b,9-12,Russian,Franklin,2.31
41051002701,b,9-12,Russian,Franklin,2.915
41051003302,b,9-12,Russian,Franklin,4.116
41051006100,b,9-12,Russian,Franklin,4.742
41051001000,b,9-12,Russian,Franklin,2.118
41051000602,b,9-12,Russian,Franklin,2.628
41051002002,b,9-12,Russian,Franklin,2.279
41051002401,b,9-12,Russian,Franklin,3.622
41051003602,b,9-12,Russian,Franklin,4.939
41051004002,b,9-12,Russian,Franklin,7.822
41051004700,b,9-12,Russian,Franklin,4.912
41051003702,b,9-12,Russian,Franklin,5.39
41051004500,b,9-12,Russian,Franklin,5.077
41051004800,b,9-12,Russian,Franklin,4.597
41051006502,b,9-12,Russian,Franklin,5.885
41051007600,b,9-12,Russian,Franklin,4.222
41051008301,b,9-12,Russian,Franklin,1.718
41051008700,b,9-12,Russian,Franklin,2.161
41051006802,b,9-12,Russian,Franklin,5.511
41051006801,b,9-12,Russian,Franklin,6.296
41051000302,b,9-12,Russian,Franklin,2.393
41051000501,b,9-12,Russian,Franklin,1.487
41051001601,b,9-12,Russian,Franklin,1.137
41051001702,b,9-12,Russian,Franklin,2.319
41051001900,b,9-12,Russian,Franklin,1.894
41051002702,b,9-12,Russian,Franklin,2.215
41051000102,b,9-12,Russian,Franklin,2.869
41051000101,b,9-12,Russian,Franklin,3.73
41051002001,b,9-12,Russian,Franklin,2.166
41051005102,b,9-12,Russian,Franklin,4.002
41051001400,b,9-12,Russian,Franklin,0.861
41051001602,b,9-12,Russian,Franklin,1.831
41051002303,b,9-12,Russian,Franklin,3.684
41051002402,b,9-12,Russian,Franklin,3.127
41051002600,b,9-12,Russian,Franklin,2.842
41051003802,b,9-12,Russian,Franklin,6.145
41051003902,b,9-12,Russian,Franklin,6.424
41051004602,b,9-12,Russian,Franklin,4.621
41051004601,b,9-12,Russian,Franklin,5.105
41051005800,b,9-12,Russian,Franklin,4.415
41051006001,b,9-12,Russian,Franklin,4.155
41051006501,b,9-12,Russian,Franklin,6.878
41051007201,b,9-12,Russian,Franklin,10.543
41051007202,b,9-12,Russian,Franklin,9.612
41051004300,b,9-12,Russian,Franklin,9.659
41051006900,b,9-12,Russian,Franklin,6.067
41051000301,b,9-12,Russian,Franklin,1.805
41051000401,b,9-12,Russian,Franklin,1.317
41051000701,b,9-12,Russian,Franklin,0.865
41051000802,b,9-12,Russian,Franklin,0.533
41051001301,b,9-12,Russian,Franklin,1.408
41051002802,b,9-12,Russian,Franklin,2.105
41051003000,b,9-12,Russian,Franklin,3.776
41051003401,b,9-12,Russian,Franklin,4.875
41051003601,b,9-12,Russian,Franklin,5.453
41051003701,b,9-12,Russian,Franklin,5.935
41051001102,b,9-12,Russian,Franklin,2.443
41051005903,b,9-12,Russian,Franklin,3.579
41051004901,b,9-12,Russian,Franklin,4.889
41051005002,b,9-12,Russian,Franklin,4.352
41051003903,b,9-12,Russian,Franklin,7.579
41051005101,b,9-12,Russian,Franklin,4.231
41051002101,b,9-12,Russian,Franklin,2.971
41051001703,b,9-12,Russian,Franklin,2.229
41051005201,b,9-12,Russian,Franklin,4.133
41051002102,b,9-12,Russian,Franklin,2.582
41051005001,b,9-12,Russian,Franklin,4.209
41051005602,b,9-12,Russian,Franklin,3.815
41051004103,b,9-12,Russian,Franklin,9.562
41051003904,b,9-12,Russian,Franklin,7.194
41051005103,b,9-12,Russian,Franklin,3.646
41051002902,b,9-12,Russian,Franklin,2.813
41051004102,b,9-12,Russian,Franklin,8.864
41051006200,b,9-12,Russian,Franklin,4.521
41051003301,b,9-12,Russian,Franklin,4.592
41051006404,b,9-12,Russian,Franklin,7.278
41051002801,b,9-12,Russian,Franklin,2.78
41051000402,b,9-12,Russian,Franklin,1.248
41051000702,b,9-12,Russian,Franklin,0.948
41051003801,b,9-12,Russian,Franklin,6.558
41051006702,b,9-12,Russian,Franklin,5.409
41051007001,b,9-12,Russian,Franklin,8.467
41051001801,b,9-12,Russian,Franklin,1.832
41051002903,b,9-12,Russian,Franklin,3.356
41051005901,b,9-12,Russian,Franklin,3.745
41051004104,b,9-12,Russian,Franklin,10.51
41051005601,b,9-12,Russian,Franklin,3.799
41051000902,b,9-12,Russian,Franklin,1.277
41051001203,b,9-12,Russian,Franklin,1.891
41051010601,b,9-12,Russian,Franklin,3.886
41051008800,b,9-12,Russian,Franklin,2.468
41051007002,b,9-12,Russian,Franklin,9.742
41051006403,b,9-12,Russian,Franklin,6.635
41051000901,b,9-12,Russian,Franklin,1.191
41051001802,b,9-12,Russian,Franklin,1.28
41051980000,b,9-12,Russian,Franklin,6.066
41051004902,b,9-12,Russian,Franklin,4.398
41051003100,b,9-12,Vietnamese,McDaniel,2.834
41051003501,b,9-12,Vietnamese,McDaniel,5.254
41051003803,b,9-12,Vietnamese,McDaniel,5.324
41051006601,b,9-12,Vietnamese,McDaniel,8.822
41051000801,b,9-12,Vietnamese,McDaniel,3.173
41051002502,b,9-12,Vietnamese,McDaniel,2.864
41051006701,b,9-12,Vietnamese,McDaniel,8.54
41051005702,b,9-12,Vietnamese,McDaniel,5.103
41051010602,b,9-12,Vietnamese,McDaniel,4.822
41051003200,b,9-12,Vietnamese,McDaniel,3.282
41051003402,b,9-12,Vietnamese,McDaniel,4.316
41051004200,b,9-12,Vietnamese,McDaniel,9.303
41051006402,b,9-12,Vietnamese,McDaniel,8.781
41051007400,b,9-12,Vietnamese,McDaniel,2.259
41051007500,b,9-12,Vietnamese,McDaniel,1.615
41051008600,b,9-12,Vietnamese,McDaniel,5.215
41051008902,b,9-12,Vietnamese,McDaniel,5.209
41051000502,b,9-12,Vietnamese,McDaniel,3.963
41051001202,b,9-12,Vietnamese,McDaniel,3.785
41051002203,b,9-12,Vietnamese,McDaniel,4.218
41051002501,b,9-12,Vietnamese,McDaniel,2.834
41051006002,b,9-12,Vietnamese,McDaniel,6.982
41051000201,b,9-12,Vietnamese,McDaniel,5.978
41051005701,b,9-12,Vietnamese,McDaniel,5.232
41051000202,b,9-12,Vietnamese,McDaniel,5.123
41051005902,b,9-12,Vietnamese,McDaniel,5.399
41051001704,b,9-12,Vietnamese,McDaniel,1.341
41051001101,b,9-12,Vietnamese,McDaniel,4.694
41051005500,b,9-12,Vietnamese,McDaniel,5.742
41051003502,b,9-12,Vietnamese,McDaniel,4.944
41051001500,b,9-12,Vietnamese,McDaniel,2.517
41051002901,b,9-12,Vietnamese,McDaniel,0.867
41051003603,b,9-12,Vietnamese,McDaniel,2.721
41051001302,b,9-12,Vietnamese,McDaniel,3.375
41051001204,b,9-12,Vietnamese,McDaniel,3.438
41051004003,b,9-12,Vietnamese,McDaniel,7.648
41051005202,b,9-12,Vietnamese,McDaniel,5.735
41051006602,b,9-12,Vietnamese,McDaniel,7.895
41051000601,b,9-12,Vietnamese,McDaniel,4.101
41051002701,b,9-12,Vietnamese,McDaniel,1.761
41051003302,b,9-12,Vietnamese,McDaniel,3.706
41051006100,b,9-12,Vietnamese,McDaniel,7.033
41051001000,b,9-12,Vietnamese,McDaniel,4.624
41051000602,b,9-12,Vietnamese,McDaniel,4.777
41051002002,b,9-12,Vietnamese,McDaniel,3.187
41051002401,b,9-12,Vietnamese,McDaniel,3.487
41051003602,b,9-12,Vietnamese,McDaniel,3.471
41051004002,b,9-12,Vietnamese,McDaniel,7.576
41051004700,b,9-12,Vietnamese,McDaniel,5.9
41051003702,b,9-12,Vietnamese,McDaniel,4.59
41051004500,b,9-12,Vietnamese,McDaniel,5.636
41051004800,b,9-12,Vietnamese,McDaniel,5.617
41051006502,b,9-12,Vietnamese,McDaniel,8.511
41051007600,b,9-12,Vietnamese,McDaniel,1.382
41051008301,b,9-12,Vietnamese,McDaniel,3.108
41051008700,b,9-12,Vietnamese,McDaniel,5.021
41051006802,b,9-12,Vietnamese,McDaniel,7.571
41051006801,b,9-12,Vietnamese,McDaniel,8.27
41051000302,b,9-12,Vietnamese,McDaniel,5.427
41051000501,b,9-12,Vietnamese,McDaniel,4.167
41051001601,b,9-12,Vietnamese,McDaniel,2.004
41051001702,b,9-12,Vietnamese,McDaniel,1.127
41051001900,b,9-12,Vietnamese,McDaniel,2.317
41051002702,b,9-12,Vietnamese,McDaniel,1.837
41051000102,b,9-12,Vietnamese,McDaniel,5.586
41051000101,b,9-12,Vietnamese,McDaniel,6.713
41051002001,b,9-12,Vietnamese,McDaniel,2.814
41051005102,b,9-12,Vietnamese,McDaniel,4.939
41051001400,b,9-12,Vietnamese,McDaniel,2.739
41051001602,b,9-12,Vietnamese,McDaniel,2.075
41051002303,b,9-12,Vietnamese,McDaniel,4.234
41051002402,b,9-12,Vietnamese,McDaniel,3.511
41051002600,b,9-12,Vietnamese,McDaniel,2.244
41051003802,b,9-12,Vietnamese,McDaniel,5.435
41051003902,b,9-12,Vietnamese,McDaniel,5.956
41051004602,b,9-12,Vietnamese,McDaniel,6.284
41051004601,b,9-12,Vietnamese,McDaniel,6.414
41051005800,b,9-12,Vietnamese,McDaniel,6.384
41051006001,b,9-12,Vietnamese,McDaniel,6.383
41051006501,b,9-12,Vietnamese,McDaniel,9.464
41051007201,b,9-12,Vietnamese,McDaniel,9.213
41051007202,b,9-12,Vietnamese,McDaniel,8.621
41051004300,b,9-12,Vietnamese,McDaniel,9.693
41051006900,b,9-12,Vietnamese,McDaniel,7.709
41051000301,b,9-12,Vietnamese,McDaniel,4.797
41051000401,b,9-12,Vietnamese,McDaniel,4.342
41051000701,b,9-12,Vietnamese,McDaniel,2.831
41051000802,b,9-12,Vietnamese,McDaniel,3.566
41051001301,b,9-12,Vietnamese,McDaniel,2.976
41051002802,b,9-12,Vietnamese,McDaniel,1.341
41051003000,b,9-12,Vietnamese,McDaniel,2.308
41051003401,b,9-12,Vietnamese,McDaniel,4.393
41051003601,b,9-12,Vietnamese,McDaniel,4.234
41051003701,b,9-12,Vietnamese,McDaniel,4.867
41051001102,b,9-12,Vietnamese,McDaniel,4.342
41051005903,b,9-12,Vietnamese,McDaniel,6.208
41051004901,b,9-12,Vietnamese,McDaniel,5.719
41051005002,b,9-12,Vietnamese,McDaniel,5.305
41051003903,b,9-12,Vietnamese,McDaniel,6.891
41051005101,b,9-12,Vietnamese,McDaniel,4.911
41051002101,b,9-12,Vietnamese,McDaniel,4.088
41051001703,b,9-12,Vietnamese,McDaniel,0.808
41051005201,b,9-12,Vietnamese,McDaniel,5.461
41051002102,b,9-12,Vietnamese,McDaniel,3.559
41051005001,b,9-12,Vietnamese,McDaniel,5.162
41051005602,b,9-12,Vietnamese,McDaniel,5.469
41051004103,b,9-12,Vietnamese,McDaniel,8.867
41051003904,b,9-12,Vietnamese,McDaniel,6.419
41051005103,b,9-12,Vietnamese,McDaniel,4.6
41051002902,b,9-12,Vietnamese,McDaniel,0.423
41051004102,b,9-12,Vietnamese,McDaniel,8.486
41051006200,b,9-12,Vietnamese,McDaniel,7.28
41051003301,b,9-12,Vietnamese,McDaniel,3.826
41051006404,b,9-12,Vietnamese,McDaniel,10.033
41051002801,b,9-12,Vietnamese,McDaniel,1.188
41051000402,b,9-12,Vietnamese,McDaniel,4.155
41051000702,b,9-12,Vietnamese,McDaniel,3.293
41051003801,b,9-12,Vietnamese,McDaniel,5.649
41051006702,b,9-12,Vietnamese,McDaniel,7.742
41051007001,b,9-12,Vietnamese,McDaniel,9.306
41051001801,b,9-12,Vietnamese,McDaniel,1.353
41051002903,b,9-12,Vietnamese,McDaniel,0.507
41051005901,b,9-12,Vietnamese,McDaniel,6.186
41051004104,b,9-12,Vietnamese,McDaniel,10.019
41051005601,b,9-12,Vietnamese,McDaniel,5.322
41051000902,b,9-12,Vietnamese,McDaniel,4.068
41051001203,b,9-12,Vietnamese,McDaniel,3.575
41051010601,b,9-12,Vietnamese,McDaniel,5.192
41051008800,b,9-12,Vietnamese,McDaniel,5.322
41051007002,b,9-12,Vietnamese,McDaniel,10.177
41051006403,b,9-12,Vietnamese,McDaniel,9.346
41051000901,b,9-12,Vietnamese,McDaniel,3.82
41051001802,b,9-12,Vietnamese,McDaniel,1.949
41051980000,b,9-12,Vietnamese,McDaniel,6.108
41051004902,b,9-12,Vietnamese,McDaniel,5.447
41051003100,b,K-5,Spanish,Rigler,1.37
41051003501,b,K-5,Spanish,César Chávez,2.356
41051003803,b,K-5,Spanish,César Chávez,2.088
41051006601,b,K-5,Spanish,Ainsworth,3.04
41051000801,b,K-5,Spanish,Lent,2.529
41051002502,b,K-5,Spanish,Rigler,2.118
41051006701,b,K-5,Spanish,Ainsworth,2.598
41051005702,b,K-5,Spanish,Ainsworth,1.176
41051010602,b,K-5,Spanish,Ainsworth,1.377
41051003200,b,K-5,Spanish,Rigler,1.839
41051003402,b,K-5,Spanish,Rigler,2.975
41051004200,b,K-5,Spanish,César Chávez,1.998
41051006402,b,K-5,Spanish,Ainsworth,4.393
41051007400,b,K-5,Spanish,Rigler,0.801
41051007500,b,K-5,Spanish,Rigler,0.039
41051008600,b,K-5,Spanish,Lent,1.623
41051008902,b,K-5,Spanish,Lent,1.218
41051000502,b,K-5,Spanish,Lent,0.968
41051001202,b,K-5,Spanish,Ainsworth,2.777
41051002203,b,K-5,Spanish,Ainsworth,2.76
41051002501,b,K-5,Spanish,Rigler,1.77
41051006002,b,K-5,Spanish,Ainsworth,2.512
41051000201,b,K-5,Spanish,Lent,4.017
41051005701,b,K-5,Spanish,Ainsworth,1.295
41051000202,b,K-5,Spanish,Ainsworth,3.178
41051005902,b,K-5,Spanish,Ainsworth,1.751
41051001704,b,K-5,Spanish,Rigler,2.511
41051001101,b,K-5,Spanish,Ainsworth,1.624
41051005500,b,K-5,Spanish,Ainsworth,0.458
41051003502,b,K-5,Spanish,Ainsworth,2.919
41051001500,b,K-5,Spanish,Lent,2.695
41051002901,b,K-5,Spanish,Rigler,0.775
41051003603,b,K-5,Spanish,Rigler,1.091
41051001302,b,K-5,Spanish,Ainsworth,3.443
41051001204,b,K-5,Spanish,Ainsworth,2.829
41051004003,b,K-5,Spanish,César Chávez,0.373
41051005202,b,K-5,Spanish,Ainsworth,0.762
41051006602,b,K-5,Spanish,Ainsworth,2.691
41051000601,b,K-5,Spanish,Lent,0.213
41051002701,b,K-5,Spanish,Rigler,0.96
41051003302,b,K-5,Spanish,Rigler,2.376
41051006100,b,K-5,Spanish,Ainsworth,1.632
41051001000,b,K-5,Spanish,Ainsworth,2.613
41051000602,b,K-5,Spanish,Lent,0.923
41051002002,b,K-5,Spanish,Rigler,2.727
41051002401,b,K-5,Spanish,Rigler,2.337
41051003602,b,K-5,Spanish,Rigler,1.846
41051004002,b,K-5,Spanish,César Chávez,0.762
41051004700,b,K-5,Spanish,Ainsworth,1.302
41051003702,b,K-5,Spanish,César Chávez,2.748
41051004500,b,K-5,Spanish,Ainsworth,2.069
41051004800,b,K-5,Spanish,Ainsworth,1.235
41051006502,b,K-5,Spanish,Ainsworth,3.402
41051007600,b,K-5,Spanish,Rigler,1.089
41051008301,b,K-5,Spanish,Lent,0.917
41051008700,b,K-5,Spanish,Lent,2.117
41051006802,b,K-5,Spanish,Ainsworth,1.565
41051006801,b,K-5,Spanish,Ainsworth,2.129
41051000302,b,K-5,Spanish,Lent,3.23
41051000501,b,K-5,Spanish,Lent,1.482
41051001601,b,K-5,Spanish,Lent,2.341
41051001702,b,K-5,Spanish,Rigler,2.622
41051001900,b,K-5,Spanish,Rigler,2.147
41051002702,b,K-5,Spanish,Rigler,1.618
41051000102,b,K-5,Spanish,Ainsworth,2.694
41051000101,b,K-5,Spanish,Ainsworth,4.054
41051002001,b,K-5,Spanish,Rigler,2.403
41051005102,b,K-5,Spanish,Ainsworth,1.567
41051001400,b,K-5,Spanish,Rigler,3.078
41051001602,b,K-5,Spanish,Lent,1.918
41051002303,b,K-5,Spanish,Ainsworth,2.312
41051002402,b,K-5,Spanish,Rigler,2.631
41051002600,b,K-5,Spanish,Rigler,1.407
41051003802,b,K-5,Spanish,César Chávez,1.901
41051003902,b,K-5,Spanish,César Chávez,1.462
41051004602,b,K-5,Spanish,Ainsworth,0.102
41051004601,b,K-5,Spanish,Ainsworth,0.828
41051005800,b,K-5,Spanish,Ainsworth,0.69
41051006001,b,K-5,Spanish,Ainsworth,1.296
41051006501,b,K-5,Spanish,Ainsworth,4.046
41051007201,b,K-5,Spanish,César Chávez,3.298
41051007202,b,K-5,Spanish,César Chávez,1.991
41051004300,b,K-5,Spanish,César Chávez,2.665
41051006900,b,K-5,Spanish,Ainsworth,1.569
41051000301,b,K-5,Spanish,Lent,3.251
41051000401,b,K-5,Spanish,Lent,2.454
41051000701,b,K-5,Spanish,Lent,1.642
41051000802,b,K-5,Spanish,Lent,2.436
41051001301,b,K-5,Spanish,Rigler,2.99
41051002802,b,K-5,Spanish,Rigler,1.627
41051003000,b,K-5,Spanish,Rigler,0.805
41051003401,b,K-5,Spanish,Rigler,2.945
41051003601,b,K-5,Spanish,Rigler,2.618
41051003701,b,K-5,Spanish,César Chávez,2.539
41051001102,b,K-5,Spanish,Ainsworth,2.096
41051005903,b,K-5,Spanish,Ainsworth,2.385
41051004901,b,K-5,Spanish,Ainsworth,1.578
41051005002,b,K-5,Spanish,Ainsworth,1.403
41051003903,b,K-5,Spanish,César Chávez,0.524
41051005101,b,K-5,Spanish,Ainsworth,1.895
41051002101,b,K-5,Spanish,Ainsworth,2.103
41051001703,b,K-5,Spanish,Rigler,2.005
41051005201,b,K-5,Spanish,Ainsworth,0.845
41051002102,b,K-5,Spanish,Ainsworth,2.625
41051005001,b,K-5,Spanish,Ainsworth,1.448
41051005602,b,K-5,Spanish,Ainsworth,0.738
41051004103,b,K-5,Spanish,César Chávez,1.69
41051003904,b,K-5,Spanish,César Chávez,0.992
41051005103,b,K-5,Spanish,Ainsworth,1.754
41051002902,b,K-5,Spanish,Rigler,1.375
41051004102,b,K-5,Spanish,César Chávez,1.177
41051006200,b,K-5,Spanish,Ainsworth,3.116
41051003301,b,K-5,Spanish,Rigler,2.339
41051006404,b,K-5,Spanish,Ainsworth,4.997
41051002801,b,K-5,Spanish,Rigler,0.954
41051000402,b,K-5,Spanish,Lent,1.943
41051000702,b,K-5,Spanish,Lent,1.428
41051003801,b,K-5,Spanish,César Chávez,1.756
41051006702,b,K-5,Spanish,Ainsworth,2.148
41051007001,b,K-5,Spanish,César Chávez,3.967
41051001801,b,K-5,Spanish,Rigler,1.949
41051002903,b,K-5,Spanish,Rigler,2.008
41051005901,b,K-5,Spanish,Ainsworth,1.843
41051004104,b,K-5,Spanish,César Chávez,2.702
41051005601,b,K-5,Spanish,Ainsworth,0.86
41051000902,b,K-5,Spanish,Lent,3.319
41051001203,b,K-5,Spanish,Ainsworth,2.793
41051010601,b,K-5,Spanish,Ainsworth,1.062
41051008800,b,K-5,Spanish,Lent,2.276
41051007002,b,K-5,Spanish,César Chávez,3.685
41051006403,b,K-5,Spanish,Ainsworth,4.296
41051000901,b,K-5,Spanish,Ainsworth,3.394
41051001802,b,K-5,Spanish,Rigler,2.444
41051980000,b,K-5,Spanish,César Chávez,2.04
41051004902,b,K-5,Spanish,Ainsworth,1.219
41051003100,b,K-5,Mandarin,Boise-Eliot/Humboldt,1.867
41051003501,b,K-5,Mandarin,Boise-Eliot/Humboldt,1.038
41051003803,b,K-5,Mandarin,Boise-Eliot/Humboldt,1.409
41051006601,b,K-5,Mandarin,Woodstock,5.941
41051000801,b,K-5,Mandarin,Woodstock,1.329
41051002502,b,K-5,Mandarin,Boise-Eliot/Humboldt,1.89
41051006701,b,K-5,Mandarin,Boise-Eliot/Humboldt,5.485
41051005702,b,K-5,Mandarin,Boise-Eliot/Humboldt,2.622
41051010602,b,K-5,Mandarin,Boise-Eliot/Humboldt,1.951
41051003200,b,K-5,Mandarin,Boise-Eliot/Humboldt,1.424
41051003402,b,K-5,Mandarin,Boise-Eliot/Humboldt,0.322
41051004200,b,K-5,Mandarin,Boise-Eliot/Humboldt,5.146
41051006402,b,K-5,Mandarin,Woodstock,4.931
41051007400,b,K-5,Mandarin,Boise-Eliot/Humboldt,3.35
41051007500,b,K-5,Mandarin,Boise-Eliot/Humboldt,3.195
41051008600,b,K-5,Mandarin,Woodstock,1.72
41051008902,b,K-5,Mandarin,Woodstock,2.661
41051000502,b,K-5,Mandarin,Woodstock,1.359
41051001202,b,K-5,Mandarin,Woodstock,2.349
41051002203,b,K-5,Mandarin,Boise-Eliot/Humboldt,0.42
41051002501,b,K-5,Mandarin,Boise-Eliot/Humboldt,1.669
41051006002,b,K-5,Mandarin,Woodstock,3.719
41051000201,b,K-5,Mandarin,Woodstock,1.819
41051005701,b,K-5,Mandarin,Boise-Eliot/Humboldt,3.008
41051000202,b,K-5,Mandarin,Woodstock,1.649
41051005902,b,K-5,Mandarin,Woodstock,2.965
41051001704,b,K-5,Mandarin,Woodstock,3.086
41051001101,b,K-5,Mandarin,Boise-Eliot/Humboldt,2.619
41051005500,b,K-5,Mandarin,Boise-Eliot/Humboldt,2.522
41051003502,b,K-5,Mandarin,Boise-Eliot/Humboldt,0.474
41051001500,b,K-5,Mandarin,Woodstock,1.976
41051002901,b,K-5,Mandarin,Boise-Eliot/Humboldt,3.842
41051003603,b,K-5,Mandarin,Boise-Eliot/Humboldt,2.599
41051001302,b,K-5,Mandarin,Woodstock,1.886
41051001204,b,K-5,Mandarin,Boise-Eliot/Humboldt,2.568
41051004003,b,K-5,Mandarin,Boise-Eliot/Humboldt,3.761
41051005202,b,K-5,Mandarin,Boise-Eliot/Humboldt,2.172
41051006602,b,K-5,Mandarin,Woodstock,4.755
41051000601,b,K-5,Mandarin,Woodstock,2.155
41051002701,b,K-5,Mandarin,Boise-Eliot/Humboldt,2.727
41051003302,b,K-5,Mandarin,Boise-Eliot/Humboldt,0.838
41051006100,b,K-5,Mandarin,Woodstock,4.383
41051001000,b,K-5,Mandarin,Woodstock,2.061
41051000602,b,K-5,Mandarin,Woodstock,2.039
41051002002,b,K-5,Mandarin,Boise-Eliot/Humboldt,2.214
41051002401,b,K-5,Mandarin,Boise-Eliot/Humboldt,1.025
41051003602,b,K-5,Mandarin,Boise-Eliot/Humboldt,2.179
41051004002,b,K-5,Mandarin,Boise-Eliot/Humboldt,3.356
41051004700,b,K-5,Mandarin,Boise-Eliot/Humboldt,1.892
41051003702,b,K-5,Mandarin,Boise-Eliot/Humboldt,1.36
41051004500,b,K-5,Mandarin,Boise-Eliot/Humboldt,1.289
41051004800,b,K-5,Mandarin,Boise-Eliot/Humboldt,1.759
41051006502,b,K-5,Mandarin,Woodstock,5.135
41051007600,b,K-5,Mandarin,Boise-Eliot/Humboldt,4.287
41051008301,b,K-5,Mandarin,Woodstock,2.199
41051008700,b,K-5,Mandarin,Woodstock,0.888
41051006802,b,K-5,Mandarin,Boise-Eliot/Humboldt,4.466
41051006801,b,K-5,Mandarin,Boise-Eliot/Humboldt,4.888
41051000302,b,K-5,Mandarin,Woodstock,1.094
41051000501,b,K-5,Mandarin,Woodstock,0.846
41051001601,b,K-5,Mandarin,Woodstock,2.425
41051001702,b,K-5,Mandarin,Woodstock,3.572
41051001900,b,K-5,Mandarin,Boise-Eliot/Humboldt,2.795
41051002702,b,K-5,Mandarin,Boise-Eliot/Humboldt,2.903
41051000102,b,K-5,Mandarin,Woodstock,2.305
41051000101,b,K-5,Mandarin,Woodstock,2.594
41051002001,b,K-5,Mandarin,Boise-Eliot/Humboldt,2.358
41051005102,b,K-5,Mandarin,Boise-Eliot/Humboldt,1.403
41051001400,b,K-5,Mandarin,Woodstock,2.087
41051001602,b,K-5,Mandarin,Woodstock,2.85
41051002303,b,K-5,Mandarin,Boise-Eliot/Humboldt,0.957
41051002402,b,K-5,Mandarin,Boise-Eliot/Humboldt,1.364
41051002600,b,K-5,Mandarin,Boise-Eliot/Humboldt,2.279
41051003802,b,K-5,Mandarin,Boise-Eliot/Humboldt,1.813
41051003902,b,K-5,Mandarin,Boise-Eliot/Humboldt,1.951
41051004602,b,K-5,Mandarin,Boise-Eliot/Humboldt,2.995
41051004601,b,K-5,Mandarin,Boise-Eliot/Humboldt,2.61
41051005800,b,K-5,Mandarin,Boise-Eliot/Humboldt,3.519
41051006001,b,K-5,Mandarin,Woodstock,3.916
41051006501,b,K-5,Mandarin,Woodstock,6.127
41051007201,b,K-5,Mandarin,Boise-Eliot/Humboldt,6.276
41051007202,b,K-5,Mandarin,Boise-Eliot/Humboldt,5.204
41051004300,b,K-5,Mandarin,Boise-Eliot/Humboldt,5.332
41051006900,b,K-5,Mandarin,Boise-Eliot/Humboldt,3.993
41051000301,b,K-5,Mandarin,Woodstock,0.93
41051000401,b,K-5,Mandarin,Woodstock,0.184
41051000701,b,K-5,Mandarin,Woodstock,1.733
41051000802,b,K-5,Mandarin,Woodstock,0.919
41051001301,b,K-5,Mandarin,Woodstock,2.445
41051002802,b,K-5,Mandarin,Boise-Eliot/Humboldt,3.461
41051003000,b,K-5,Mandarin,Boise-Eliot/Humboldt,2.415
41051003401,b,K-5,Mandarin,Boise-Eliot/Humboldt,0.74
41051003601,b,K-5,Mandarin,Boise-Eliot/Humboldt,1.942
41051003701,b,K-5,Mandarin,Boise-Eliot/Humboldt,1.999
41051001102,b,K-5,Mandarin,Boise-Eliot/Humboldt,2.824
41051005903,b,K-5,Mandarin,Woodstock,3.011
41051004901,b,K-5,Mandarin,Boise-Eliot/Humboldt,1.599
41051005002,b,K-5,Mandarin,Boise-Eliot/Humboldt,1.525
41051003903,b,K-5,Mandarin,Boise-Eliot/Humboldt,3.127
41051005101,b,K-5,Mandarin,Boise-Eliot/Humboldt,1.029
41051002101,b,K-5,Mandarin,Boise-Eliot/Humboldt,1.814
41051001703,b,K-5,Mandarin,Woodstock,3.597
41051005201,b,K-5,Mandarin,Boise-Eliot/Humboldt,2.108
41051002102,b,K-5,Mandarin,Boise-Eliot/Humboldt,1.966
41051005001,b,K-5,Mandarin,Boise-Eliot/Humboldt,1.476
41051005602,b,K-5,Mandarin,Boise-Eliot/Humboldt,2.593
41051004103,b,K-5,Mandarin,Boise-Eliot/Humboldt,5.08
41051003904,b,K-5,Mandarin,Boise-Eliot/Humboldt,2.795
41051005103,b,K-5,Mandarin,Boise-Eliot/Humboldt,1.425
41051002902,b,K-5,Mandarin,Boise-Eliot/Humboldt,4.082
41051004102,b,K-5,Mandarin,Boise-Eliot/Humboldt,4.385
41051006200,b,K-5,Mandarin,Woodstock,3.701
41051003301,b,K-5,Mandarin,Boise-Eliot/Humboldt,1.142
41051006404,b,K-5,Mandarin,Woodstock,6.349
41051002801,b,K-5,Mandarin,Boise-Eliot/Humboldt,3.303
41051000402,b,K-5,Mandarin,Woodstock,0.399
41051000702,b,K-5,Mandarin,Woodstock,1.364
41051003801,b,K-5,Mandarin,Boise-Eliot/Humboldt,2.31
41051006702,b,K-5,Mandarin,Woodstock,4.958
41051007001,b,K-5,Mandarin,Boise-Eliot/Humboldt,4.859
41051001801,b,K-5,Mandarin,Woodstock,3.236
41051002903,b,K-5,Mandarin,Woodstock,4.687
41051005901,b,K-5,Mandarin,Woodstock,3.363
41051004104,b,K-5,Mandarin,Boise-Eliot/Humboldt,6.026
41051005601,b,K-5,Mandarin,Boise-Eliot/Humboldt,2.348
41051000902,b,K-5,Mandarin,Woodstock,1.293
41051001203,b,K-5,Mandarin,Woodstock,2.629
41051010601,b,K-5,Mandarin,Boise-Eliot/Humboldt,1.991
41051008800,b,K-5,Mandarin,Woodstock,1.165
41051007002,b,K-5,Mandarin,Boise-Eliot/Humboldt,5.699
41051006403,b,K-5,Mandarin,Woodstock,5.768
41051000901,b,K-5,Mandarin,Woodstock,1.529
41051001802,b,K-5,Mandarin,Woodstock,2.674
41051980000,b,K-5,Mandarin,Boise-Eliot/Humboldt,1.672
41051004902,b,K-5,Mandarin,Boise-Eliot/Humboldt,1.714
41051003100,b,K-5,Japanese,Richmond,3.439
41051003501,b,K-5,Japanese,Richmond,4.842
41051003803,b,K-5,Japanese,Richmond,5.166
41051006601,b,K-5,Japanese,Richmond,5.974
41051000801,b,K-5,Japanese,Richmond,0.587
41051002502,b,K-5,Japanese,Richmond,2.11
41051006701,b,K-5,Japanese,Richmond,5.782
41051005702,b,K-5,Japanese,Richmond,2.678
41051010602,b,K-5,Japanese,Richmond,2.784
41051003200,b,K-5,Japanese,Richmond,3.574
41051003402,b,K-5,Japanese,Richmond,3.868
41051004200,b,K-5,Japanese,Richmond,8.897
41051006402,b,K-5,Japanese,Richmond,5.687
41051007400,b,K-5,Japanese,Richmond,4.226
41051007500,b,K-5,Japanese,Richmond,3.416
41051008600,b,K-5,Japanese,Richmond,3.288
41051008902,b,K-5,Japanese,Richmond,3.943
41051000502,b,K-5,Japanese,Richmond,2.33
41051001202,b,K-5,Japanese,Richmond,1.076
41051002203,b,K-5,Japanese,Richmond,3.387
41051002501,b,K-5,Japanese,Richmond,2.66
41051006002,b,K-5,Japanese,Richmond,3.961
41051000201,b,K-5,Japanese,Richmond,2.941
41051005701,b,K-5,Japanese,Richmond,2.616
41051000202,b,K-5,Japanese,Richmond,2.023
41051005902,b,K-5,Japanese,Richmond,2.535
41051001704,b,K-5,Japanese,Richmond,1.998
41051001101,b,K-5,Japanese,Richmond,2.233
41051005500,b,K-5,Japanese,Richmond,3.511
41051003502,b,K-5,Japanese,Richmond,4.234
41051001500,b,K-5,Japanese,Richmond,0.71
41051002901,b,K-5,Japanese,Richmond,3.288
41051003603,b,K-5,Japanese,Richmond,4.066
41051001302,b,K-5,Japanese,Richmond,0.409
41051001204,b,K-5,Japanese,Richmond,1.291
41051004003,b,K-5,Japanese,Richmond,7.565
41051005202,b,K-5,Japanese,Richmond,3.732
41051006602,b,K-5,Japanese,Richmond,4.934
41051000601,b,K-5,Japanese,Richmond,3.033
41051002701,b,K-5,Japanese,Richmond,2.557
41051003302,b,K-5,Japanese,Richmond,3.491
41051006100,b,K-5,Japanese,Richmond,4.208
41051001000,b,K-5,Japanese,Richmond,1.611
41051000602,b,K-5,Japanese,Richmond,3.31
41051002002,b,K-5,Japanese,Richmond,1.593
41051002401,b,K-5,Japanese,Richmond,2.985
41051003602,b,K-5,Japanese,Richmond,4.447
41051004002,b,K-5,Japanese,Richmond,7.118
41051004700,b,K-5,Japanese,Richmond,4.186
41051003702,b,K-5,Japanese,Richmond,4.774
41051004500,b,K-5,Japanese,Richmond,4.351
41051004800,b,K-5,Japanese,Richmond,3.871
41051006502,b,K-5,Japanese,Richmond,5.497
41051007600,b,K-5,Japanese,Richmond,4.12
41051008301,b,K-5,Japanese,Richmond,2.427
41051008700,b,K-5,Japanese,Richmond,2.619
41051006802,b,K-5,Japanese,Richmond,4.922
41051006801,b,K-5,Japanese,Richmond,5.695
41051000302,b,K-5,Japanese,Richmond,2.524
41051000501,b,K-5,Japanese,Richmond,2.1
41051001601,b,K-5,Japanese,Richmond,1.531
41051001702,b,K-5,Japanese,Richmond,2.629
41051001900,b,K-5,Japanese,Richmond,1.401
41051002702,b,K-5,Japanese,Richmond,1.85
41051000102,b,K-5,Japanese,Richmond,2.51
41051000101,b,K-5,Japanese,Richmond,3.642
41051002001,b,K-5,Japanese,Richmond,1.54
41051005102,b,K-5,Japanese,Richmond,3.274
41051001400,b,K-5,Japanese,Richmond,0.384
41051001602,b,K-5,Japanese,Richmond,2.369
41051002303,b,K-5,Japanese,Richmond,2.973
41051002402,b,K-5,Japanese,Richmond,2.45
41051002600,b,K-5,Japanese,Richmond,2.369
41051003802,b,K-5,Japanese,Richmond,5.502
41051003902,b,K-5,Japanese,Richmond,5.75
41051004602,b,K-5,Japanese,Richmond,3.946
41051004601,b,K-5,Japanese,Richmond,4.397
41051005800,b,K-5,Japanese,Richmond,3.79
41051006001,b,K-5,Japanese,Richmond,3.593
41051006501,b,K-5,Japanese,Richmond,6.477
41051007201,b,K-5,Japanese,Richmond,9.933
41051007202,b,K-5,Japanese,Richmond,8.964
41051004300,b,K-5,Japanese,Richmond,8.936
41051006900,b,K-5,Japanese,Richmond,5.404
41051000301,b,K-5,Japanese,Richmond,1.775
41051000401,b,K-5,Japanese,Richmond,1.608
41051000701,b,K-5,Japanese,Richmond,1.56
41051000802,b,K-5,Japanese,Richmond,0.879
41051001301,b,K-5,Japanese,Richmond,0.725
41051002802,b,K-5,Japanese,Richmond,1.932
41051003000,b,K-5,Japanese,Richmond,3.362
41051003401,b,K-5,Japanese,Richmond,4.233
41051003601,b,K-5,Japanese,Richmond,4.898
41051003701,b,K-5,Japanese,Richmond,5.344
41051001102,b,K-5,Japanese,Richmond,1.755
41051005903,b,K-5,Japanese,Richmond,3.173
41051004901,b,K-5,Japanese,Richmond,4.161
41051005002,b,K-5,Japanese,Richmond,3.624
41051003903,b,K-5,Japanese,Richmond,6.914
41051005101,b,K-5,Japanese,Richmond,3.506
41051002101,b,K-5,Japanese,Richmond,2.244
41051001703,b,K-5,Japanese,Richmond,2.342
41051005201,b,K-5,Japanese,Richmond,3.417
41051002102,b,K-5,Japanese,Richmond,1.87
41051005001,b,K-5,Japanese,Richmond,3.481
41051005602,b,K-5,Japanese,Richmond,3.126
41051004103,b,K-5,Japanese,Richmond,8.885
41051003904,b,K-5,Japanese,Richmond,6.543
41051005103,b,K-5,Japanese,Richmond,2.919
41051002902,b,K-5,Japanese,Richmond,2.797
41051004102,b,K-5,Japanese,Richmond,8.165
41051006200,b,K-5,Japanese,Richmond,4.204
41051003301,b,K-5,Japanese,Richmond,3.998
41051006404,b,K-5,Japanese,Richmond,6.969
41051002801,b,K-5,Japanese,Richmond,2.563
41051000402,b,K-5,Japanese,Richmond,1.75
41051000702,b,K-5,Japanese,Richmond,1.674
41051003801,b,K-5,Japanese,Richmond,5.933
41051006702,b,K-5,Japanese,Richmond,4.897
41051007001,b,K-5,Japanese,Richmond,7.747
41051001801,b,K-5,Japanese,Richmond,1.766
41051002903,b,K-5,Japanese,Richmond,3.5
41051005901,b,K-5,Japanese,Richmond,3.251
41051004104,b,K-5,Japanese,Richmond,9.812
41051005601,b,K-5,Japanese,Richmond,3.095
41051000902,b,K-5,Japanese,Richmond,0.971
41051001203,b,K-5,Japanese,Richmond,1.163
41051010601,b,K-5,Japanese,Richmond,3.167
41051008800,b,K-5,Japanese,Richmond,2.912
41051007002,b,K-5,Japanese,Richmond,9.014
41051006403,b,K-5,Japanese,Richmond,6.297
41051000901,b,K-5,Japanese,Richmond,0.725
41051001802,b,K-5,Japanese,Richmond,1.156
41051980000,b,K-5,Japanese,Richmond,5.356
41051004902,b,K-5,Japanese,Richmond,3.672
41051003100,b,K-5,Russian,Kelly,6.537
41051003501,b,K-5,Russian,Kelly,8.211
41051003803,b,K-5,Russian,Kelly,8.52
41051006601,b,K-5,Russian,Kelly,7.901
41051000801,b,K-5,Russian,Kelly,2.79
41051002502,b,K-5,Russian,Kelly,5.403
41051006701,b,K-5,Russian,Kelly,7.923
41051005702,b,K-5,Russian,Kelly,5.692
41051010602,b,K-5,Russian,Kelly,6.001
41051003200,b,K-5,Russian,Kelly,6.778
41051003402,b,K-5,Russian,Kelly,7.225
41051004200,b,K-5,Russian,Kelly,12.266
41051006402,b,K-5,Russian,Kelly,6.518
41051007400,b,K-5,Russian,Kelly,6.829
41051007500,b,K-5,Russian,Kelly,6.005
41051008600,b,K-5,Russian,Kelly,0.773
41051008902,b,K-5,Russian,Kelly,0.576
41051000502,b,K-5,Russian,Kelly,1.059
41051001202,b,K-5,Russian,Kelly,4.272
41051002203,b,K-5,Russian,Kelly,6.76
41051002501,b,K-5,Russian,Kelly,5.888
41051006002,b,K-5,Russian,Kelly,5.678
41051000201,b,K-5,Russian,Kelly,3.517
41051005701,b,K-5,Russian,Kelly,5.473
41051000202,b,K-5,Russian,Kelly,3.72
41051005902,b,K-5,Russian,Kelly,5.066
41051001704,b,K-5,Russian,Kelly,3.562
41051001101,b,K-5,Russian,Kelly,5.305
41051005500,b,K-5,Russian,Kelly,6.538
41051003502,b,K-5,Russian,Kelly,7.609
41051001500,b,K-5,Russian,Kelly,3.147
41051002901,b,K-5,Russian,Kelly,5.504
41051003603,b,K-5,Russian,Kelly,6.954
41051001302,b,K-5,Russian,Kelly,3.672
41051001204,b,K-5,Russian,Kelly,4.651
41051004003,b,K-5,Russian,Kelly,10.934
41051005202,b,K-5,Russian,Kelly,6.865
41051006602,b,K-5,Russian,Kelly,6.693
41051000601,b,K-5,Russian,Kelly,0.763
41051002701,b,K-5,Russian,Kelly,5.403
41051003302,b,K-5,Russian,Kelly,6.801
41051006100,b,K-5,Russian,Kelly,6.439
41051001000,b,K-5,Russian,Kelly,4.149
41051000602,b,K-5,Russian,Kelly,0.066
41051002002,b,K-5,Russian,Kelly,4.963
41051002401,b,K-5,Russian,Kelly,6.313
41051003602,b,K-5,Russian,Kelly,7.51
41051004002,b,K-5,Russian,Kelly,10.491
41051004700,b,K-5,Russian,Kelly,7.406
41051003702,b,K-5,Russian,Kelly,8.068
41051004500,b,K-5,Russian,Kelly,7.677
41051004800,b,K-5,Russian,Kelly,7.101
41051006502,b,K-5,Russian,Kelly,6.972
41051007600,b,K-5,Russian,Kelly,6.197
41051008301,b,K-5,Russian,Kelly,1.719
41051008700,b,K-5,Russian,Kelly,1.554
41051006802,b,K-5,Russian,Kelly,7.347
41051006801,b,K-5,Russian,Kelly,8.135
41051000302,b,K-5,Russian,Kelly,2.749
41051000501,b,K-5,Russian,Kelly,1.338
41051001601,b,K-5,Russian,Kelly,3.005
41051001702,b,K-5,Russian,Kelly,3.723
41051001900,b,K-5,Russian,Kelly,4.545
41051002702,b,K-5,Russian,Kelly,4.758
41051000102,b,K-5,Russian,Kelly,4.359
41051000101,b,K-5,Russian,Kelly,4.187
41051002001,b,K-5,Russian,Kelly,4.857
41051005102,b,K-5,Russian,Kelly,6.57
41051001400,b,K-5,Russian,Kelly,3.552
41051001602,b,K-5,Russian,Kelly,2.764
41051002303,b,K-5,Russian,Kelly,6.343
41051002402,b,K-5,Russian,Kelly,5.816
41051002600,b,K-5,Russian,Kelly,5.445
41051003802,b,K-5,Russian,Kelly,8.835
41051003902,b,K-5,Russian,Kelly,9.115
41051004602,b,K-5,Russian,Kelly,6.839
41051004601,b,K-5,Russian,Kelly,7.463
41051005800,b,K-5,Russian,Kelly,6.45
41051006001,b,K-5,Russian,Kelly,6.003
41051006501,b,K-5,Russian,Kelly,7.935
41051007201,b,K-5,Russian,Kelly,13.208
41051007202,b,K-5,Russian,Kelly,12.3
41051004300,b,K-5,Russian,Kelly,12.268
41051006900,b,K-5,Russian,Kelly,8.173
41051000301,b,K-5,Russian,Kelly,3
41051000401,b,K-5,Russian,Kelly,2.271
41051000701,b,K-5,Russian,Kelly,2.186
41051000802,b,K-5,Russian,Kelly,2.561
41051001301,b,K-5,Russian,Kelly,4.09
41051002802,b,K-5,Russian,Kelly,4.463
41051003000,b,K-5,Russian,Kelly,6.284
41051003401,b,K-5,Russian,Kelly,7.565
41051003601,b,K-5,Russian,Kelly,8.084
41051003701,b,K-5,Russian,Kelly,8.596
41051001102,b,K-5,Russian,Kelly,4.843
41051005903,b,K-5,Russian,Kelly,5.033
41051004901,b,K-5,Russian,Kelly,7.432
41051005002,b,K-5,Russian,Kelly,6.893
41051003903,b,K-5,Russian,Kelly,10.271
41051005101,b,K-5,Russian,Kelly,6.843
41051002101,b,K-5,Russian,Kelly,5.575
41051001703,b,K-5,Russian,Kelly,4.114
41051005201,b,K-5,Russian,Kelly,6.562
41051002102,b,K-5,Russian,Kelly,5.242
41051005001,b,K-5,Russian,Kelly,6.758
41051005602,b,K-5,Russian,Kelly,6.127
41051004103,b,K-5,Russian,Kelly,12.253
41051003904,b,K-5,Russian,Kelly,9.885
41051005103,b,K-5,Russian,Kelly,6.234
41051002902,b,K-5,Russian,Kelly,4.806
41051004102,b,K-5,Russian,Kelly,11.539
41051006200,b,K-5,Russian,Kelly,5.543
41051003301,b,K-5,Russian,Kelly,7.261
41051006404,b,K-5,Russian,Kelly,7.969
41051002801,b,K-5,Russian,Kelly,5.102
41051000402,b,K-5,Russian,Kelly,1.81
41051000702,b,K-5,Russian,Kelly,1.808
41051003801,b,K-5,Russian,Kelly,9.24
41051006702,b,K-5,Russian,Kelly,6.973
41051007001,b,K-5,Russian,Kelly,10.866
41051001801,b,K-5,Russian,Kelly,4.112
41051002903,b,K-5,Russian,Kelly,4.893
41051005901,b,K-5,Russian,Kelly,5.431
41051004104,b,K-5,Russian,Kelly,13.187
41051005601,b,K-5,Russian,Kelly,6.178
41051000902,b,K-5,Russian,Kelly,3.317
41051001203,b,K-5,Russian,Kelly,4.482
41051010601,b,K-5,Russian,Kelly,6.347
41051008800,b,K-5,Russian,Kelly,1.603
41051007002,b,K-5,Russian,Kelly,12.25
41051006403,b,K-5,Russian,Kelly,7.478
41051000901,b,K-5,Russian,Kelly,3.477
41051001802,b,K-5,Russian,Kelly,3.759
41051980000,b,K-5,Russian,Kelly,8.725
41051004902,b,K-5,Russian,Kelly,6.907
41051003100,b,K-5,Vietnamese,Rose City Park,1.903
41051003501,b,K-5,Vietnamese,Rose City Park,4.218
41051003803,b,K-5,Vietnamese,Rose City Park,4.34
41051006601,b,K-5,Vietnamese,Rose City Park,7.784
41051000801,b,K-5,Vietnamese,Rose City Park,2.647
41051002502,b,K-5,Vietnamese,Rose City Park,1.717
41051006701,b,K-5,Vietnamese,Rose City Park,7.475
41051005702,b,K-5,Vietnamese,Rose City Park,4.017
41051010602,b,K-5,Vietnamese,Rose City Park,3.696
41051003200,b,K-5,Vietnamese,Rose City Park,2.301
41051003402,b,K-5,Vietnamese,Rose City Park,3.243
41051004200,b,K-5,Vietnamese,Rose City Park,8.334
41051006402,b,K-5,Vietnamese,Rose City Park,7.931
41051007400,b,K-5,Vietnamese,Rose City Park,1.968
41051007500,b,K-5,Vietnamese,Rose City Park,1.131
41051008600,b,K-5,Vietnamese,Rose City Park,5.119
41051008902,b,K-5,Vietnamese,Rose City Park,5.361
41051000502,b,K-5,Vietnamese,Rose City Park,3.897
41051001202,b,K-5,Vietnamese,Rose City Park,2.829
41051002203,b,K-5,Vietnamese,Rose City Park,3.094
41051002501,b,K-5,Vietnamese,Rose City Park,1.719
41051006002,b,K-5,Vietnamese,Rose City Park,6.048
41051000201,b,K-5,Vietnamese,Rose City Park,5.322
41051005701,b,K-5,Vietnamese,Rose City Park,4.178
41051000202,b,K-5,Vietnamese,Rose City Park,4.35
41051005902,b,K-5,Vietnamese,Rose City Park,4.412
41051001704,b,K-5,Vietnamese,Rose City Park,1.424
41051001101,b,K-5,Vietnamese,Rose City Park,3.626
41051005500,b,K-5,Vietnamese,Rose City Park,4.619
41051003502,b,K-5,Vietnamese,Rose City Park,3.853
41051001500,b,K-5,Vietnamese,Rose City Park,1.998
41051002901,b,K-5,Vietnamese,Rose City Park,0.924
41051003603,b,K-5,Vietnamese,Rose City Park,2.093
41051001302,b,K-5,Vietnamese,Rose City Park,2.555
41051001204,b,K-5,Vietnamese,Rose City Park,2.397
41051004003,b,K-5,Vietnamese,Rose City Park,6.732
41051005202,b,K-5,Vietnamese,Rose City Park,4.595
41051006602,b,K-5,Vietnamese,Rose City Park,6.913
41051000601,b,K-5,Vietnamese,Rose City Park,4.254
41051002701,b,K-5,Vietnamese,Rose City Park,0.694
41051003302,b,K-5,Vietnamese,Rose City Park,2.643
41051006100,b,K-5,Vietnamese,Rose City Park,6.002
41051001000,b,K-5,Vietnamese,Rose City Park,3.734
41051000602,b,K-5,Vietnamese,Rose City Park,4.833
41051002002,b,K-5,Vietnamese,Rose City Park,2.085
41051002401,b,K-5,Vietnamese,Rose City Park,2.371
41051003602,b,K-5,Vietnamese,Rose City Park,2.738
41051004002,b,K-5,Vietnamese,Rose City Park,6.577
41051004700,b,K-5,Vietnamese,Rose City Park,4.753
41051003702,b,K-5,Vietnamese,Rose City Park,3.661
41051004500,b,K-5,Vietnamese,Rose City Park,4.501
41051004800,b,K-5,Vietnamese,Rose City Park,4.47
41051006502,b,K-5,Vietnamese,Rose City Park,7.556
41051007600,b,K-5,Vietnamese,Rose City Park,1.751
41051008301,b,K-5,Vietnamese,Rose City Park,3.283
41051008700,b,K-5,Vietnamese,Rose City Park,4.723
41051006802,b,K-5,Vietnamese,Rose City Park,6.488
41051006801,b,K-5,Vietnamese,Rose City Park,7.169
41051000302,b,K-5,Vietnamese,Rose City Park,4.881
41051000501,b,K-5,Vietnamese,Rose City Park,3.957
41051001601,b,K-5,Vietnamese,Rose City Park,1.883
41051001702,b,K-5,Vietnamese,Rose City Park,1.713
41051001900,b,K-5,Vietnamese,Rose City Park,1.269
41051002702,b,K-5,Vietnamese,Rose City Park,0.73
41051000102,b,K-5,Vietnamese,Rose City Park,4.73
41051000101,b,K-5,Vietnamese,Rose City Park,6.009
41051002001,b,K-5,Vietnamese,Rose City Park,1.713
41051005102,b,K-5,Vietnamese,Rose City Park,3.792
41051001400,b,K-5,Vietnamese,Rose City Park,1.999
41051001602,b,K-5,Vietnamese,Rose City Park,2.409
41051002303,b,K-5,Vietnamese,Rose City Park,3.088
41051002402,b,K-5,Vietnamese,Rose City Park,2.364
41051002600,b,K-5,Vietnamese,Rose City Park,1.114
41051003802,b,K-5,Vietnamese,Rose City Park,4.507
41051003902,b,K-5,Vietnamese,Rose City Park,4.978
41051004602,b,K-5,Vietnamese,Rose City Park,5.165
41051004601,b,K-5,Vietnamese,Rose City Park,5.271
41051005800,b,K-5,Vietnamese,Rose City Park,5.303
41051006001,b,K-5,Vietnamese,Rose City Park,5.351
41051006501,b,K-5,Vietnamese,Rose City Park,8.485
41051007201,b,K-5,Vietnamese,Rose City Park,8.551
41051007202,b,K-5,Vietnamese,Rose City Park,7.832
41051004300,b,K-5,Vietnamese,Rose City Park,8.66
41051006900,b,K-5,Vietnamese,Rose City Park,6.577
41051000301,b,K-5,Vietnamese,Rose City Park,4.156
41051000401,b,K-5,Vietnamese,Rose City Park,3.867
41051000701,b,K-5,Vietnamese,Rose City Park,2.716
41051000802,b,K-5,Vietnamese,Rose City Park,3.061
41051001301,b,K-5,Vietnamese,Rose City Park,2.048
41051002802,b,K-5,Vietnamese,Rose City Park,0.469
41051003000,b,K-5,Vietnamese,Rose City Park,1.481
41051003401,b,K-5,Vietnamese,Rose City Park,3.375
41051003601,b,K-5,Vietnamese,Rose City Park,3.432
41051003701,b,K-5,Vietnamese,Rose City Park,4.033
41051001102,b,K-5,Vietnamese,Rose City Park,3.316
41051005903,b,K-5,Vietnamese,Rose City Park,5.296
41051004901,b,K-5,Vietnamese,Rose City Park,4.573
41051005002,b,K-5,Vietnamese,Rose City Park,4.157
41051003903,b,K-5,Vietnamese,Rose City Park,5.987
41051005101,b,K-5,Vietnamese,Rose City Park,3.766
41051002101,b,K-5,Vietnamese,Rose City Park,2.963
41051001703,b,K-5,Vietnamese,Rose City Park,1.02
41051005201,b,K-5,Vietnamese,Rose City Park,4.326
41051002102,b,K-5,Vietnamese,Rose City Park,2.441
41051005001,b,K-5,Vietnamese,Rose City Park,4.015
41051005602,b,K-5,Vietnamese,Rose City Park,4.363
41051004103,b,K-5,Vietnamese,Rose City Park,7.992
41051003904,b,K-5,Vietnamese,Rose City Park,5.532
41051005103,b,K-5,Vietnamese,Rose City Park,3.456
41051002902,b,K-5,Vietnamese,Rose City Park,0.725
41051004102,b,K-5,Vietnamese,Rose City Park,7.527
41051006200,b,K-5,Vietnamese,Rose City Park,6.399
41051003301,b,K-5,Vietnamese,Rose City Park,2.854
41051006404,b,K-5,Vietnamese,Rose City Park,9.119
41051002801,b,K-5,Vietnamese,Rose City Park,0.215
41051000402,b,K-5,Vietnamese,Rose City Park,3.811
41051000702,b,K-5,Vietnamese,Rose City Park,3.146
41051003801,b,K-5,Vietnamese,Rose City Park,4.785
41051006702,b,K-5,Vietnamese,Rose City Park,6.71
41051007001,b,K-5,Vietnamese,Rose City Park,8.173
41051001801,b,K-5,Vietnamese,Rose City Park,0.782
41051002903,b,K-5,Vietnamese,Rose City Park,1.655
41051005901,b,K-5,Vietnamese,Rose City Park,5.212
41051004104,b,K-5,Vietnamese,Rose City Park,9.101
41051005601,b,K-5,Vietnamese,Rose City Park,4.205
41051000902,b,K-5,Vietnamese,Rose City Park,3.335
41051001203,b,K-5,Vietnamese,Rose City Park,2.57
41051010601,b,K-5,Vietnamese,Rose City Park,4.058
41051008800,b,K-5,Vietnamese,Rose City Park,5.03
41051007002,b,K-5,Vietnamese,Rose City Park,9.087
41051006403,b,K-5,Vietnamese,Rose City Park,8.418
41051000901,b,K-5,Vietnamese,Rose City Park,3.046
41051001802,b,K-5,Vietnamese,Rose City Park,1.298
41051980000,b,K-5,Vietnamese,Rose City Park,5.036
41051004902,b,K-5,Vietnamese,Rose City Park,4.301
