year,school,program,language,students,program_language
2024-25,Abernethy,All,English,280,
2024-25,Abernethy,All,Spanish,2,
2024-25,Abernethy,All,Vietnamese,0,
2024-25,Abernethy,All,Chinese,0,
2024-25,Abernethy,All,Russian,0,
2024-25,Abernethy,All,Somali/Maay-Maay,0,
2024-25,Abernethy,All,Japanese,0,
2024-25,Abernethy,All,Other,2,
2024-25,Ainsworth,Spanish Immersion,English,249,Spanish
2024-25,Ainsworth,Spanish Immersion,Spanish,43,Spanish
2024-25,Ainsworth,Spanish Immersion,Vietnamese,0,Spanish
2024-25,Ainsworth,Spanish Immersion,Chinese,0,Spanish
2024-25,Ainsworth,Spanish Immersion,Russian,0,Spanish
2024-25,Ainsworth,Spanish Immersion,Somali/Maay-Maay,0,Spanish
2024-25,Ainsworth,Spanish Immersion,Japanese,0,Spanish
2024-25,Ainsworth,Spanish Immersion,Other,3,Spanish
2024-25,Ainsworth,Neighborhood Program,English,261,
2024-25,Ainsworth,Neighborhood Program,Spanish,3,
2024-25,Ainsworth,Neighborhood Program,Vietnamese,0,
2024-25,Ainsworth,Neighborhood Program,Chinese,4,
2024-25,Ainsworth,Neighborhood Program,Russian,3,
2024-25,Ainsworth,Neighborhood Program,Somali/Maay-Maay,0,
2024-25,Ainsworth,Neighborhood Program,Japanese,2,
2024-25,Ainsworth,Neighborhood Program,Other,16,
2024-25,Alameda,All,English,489,
2024-25,Alameda,All,Spanish,5,
2024-25,Alameda,All,Vietnamese,0,
2024-25,Alameda,All,Chinese,0,
2024-25,Alameda,All,Russian,0,
2024-25,Alameda,All,Somali/Maay-Maay,0,
2024-25,Alameda,All,Japanese,0,
2024-25,Alameda,All,Other,2,
2024-25,Arleta,All,English,239,
2024-25,Arleta,All,Spanish,2,
2024-25,Arleta,All,Vietnamese,3,
2024-25,Arleta,All,Chinese,1,
2024-25,Arleta,All,Russian,1,
2024-25,Arleta,All,Somali/Maay-Maay,0,
2024-25,Arleta,All,Japanese,0,
2024-25,Arleta,All,Other,6,
2024-25,Astor,All,English,393,
2024-25,Astor,All,Spanish,7,
2024-25,Astor,All,Vietnamese,0,
2024-25,Astor,All,Chinese,0,
2024-25,Astor,All,Russian,0,
2024-25,Astor,All,Somali/Maay-Maay,0,
2024-25,Astor,All,Japanese,0,
2024-25,Astor,All,Other,8,
2024-25,Atkinson,Spanish Immersion,English,106,Spanish
2024-25,Atkinson,Spanish Immersion,Spanish,79,Spanish
2024-25,Atkinson,Spanish Immersion,Vietnamese,0,Spanish
2024-25,Atkinson,Spanish Immersion,Chinese,0,Spanish
2024-25,Atkinson,Spanish Immersion,Russian,0,Spanish
2024-25,Atkinson,Spanish Immersion,Somali/Maay-Maay,0,Spanish
2024-25,Atkinson,Spanish Immersion,Japanese,0,Spanish
2024-25,Atkinson,Spanish Immersion,Other,0,Spanish
2024-25,Atkinson,Neighborhood Program,English,185,
2024-25,Atkinson,Neighborhood Program,Spanish,1,
2024-25,Atkinson,Neighborhood Program,Vietnamese,0,
2024-25,Atkinson,Neighborhood Program,Chinese,0,
2024-25,Atkinson,Neighborhood Program,Russian,1,
2024-25,Atkinson,Neighborhood Program,Somali/Maay-Maay,0,
2024-25,Atkinson,Neighborhood Program,Japanese,0,
2024-25,Atkinson,Neighborhood Program,Other,1,
2024-25,Beach,Spanish Immersion,English,144,Spanish
2024-25,Beach,Spanish Immersion,Spanish,30,Spanish
2024-25,Beach,Spanish Immersion,Vietnamese,0,Spanish
2024-25,Beach,Spanish Immersion,Chinese,0,Spanish
2024-25,Beach,Spanish Immersion,Russian,0,Spanish
2024-25,Beach,Spanish Immersion,Somali/Maay-Maay,0,Spanish
2024-25,Beach,Spanish Immersion,Japanese,0,Spanish
2024-25,Beach,Spanish Immersion,Other,0,Spanish
2024-25,Beach,Neighborhood Program,English,111,
2024-25,Beach,Neighborhood Program,Spanish,1,
2024-25,Beach,Neighborhood Program,Vietnamese,0,
2024-25,Beach,Neighborhood Program,Chinese,0,
2024-25,Beach,Neighborhood Program,Russian,0,
2024-25,Beach,Neighborhood Program,Somali/Maay-Maay,0,
2024-25,Beach,Neighborhood Program,Japanese,0,
2024-25,Beach,Neighborhood Program,Other,9,
2024-25,Beverly Cleary,All,English,519,
2024-25,Beverly Cleary,All,Spanish,2,
2024-25,Beverly Cleary,All,Vietnamese,0,
2024-25,Beverly Cleary,All,Chinese,0,
2024-25,Beverly Cleary,All,Russian,0,
2024-25,Beverly Cleary,All,Somali/Maay-Maay,0,
2024-25,Beverly Cleary,All,Japanese,4,
2024-25,Beverly Cleary,All,Other,10,
2024-25,Boise-Eliot/Humboldt,All,English,309,
2024-25,Boise-Eliot/Humboldt,All,Spanish,3,
2024-25,Boise-Eliot/Humboldt,All,Vietnamese,0,
2024-25,Boise-Eliot/Humboldt,All,Chinese,0,
2024-25,Boise-Eliot/Humboldt,All,Russian,0,
2024-25,Boise-Eliot/Humboldt,All,Somali/Maay-Maay,0,
2024-25,Boise-Eliot/Humboldt,All,Japanese,0,
2024-25,Boise-Eliot/Humboldt,All,Other,3,
2024-25,Bridger Creative Science,All,English,448,
2024-25,Bridger Creative Science,All,Spanish,0,
2024-25,Bridger Creative Science,All,Vietnamese,8,
2024-25,Bridger Creative Science,All,Chinese,4,
2024-25,Bridger Creative Science,All,Russian,2,
2024-25,Bridger Creative Science,All,Somali/Maay-Maay,0,
2024-25,Bridger Creative Science,All,Japanese,2,
2024-25,Bridger Creative Science,All,Other,10,
2024-25,Bridlemile,All,English,402,
2024-25,Bridlemile,All,Spanish,6,
2024-25,Bridlemile,All,Vietnamese,1,
2024-25,Bridlemile,All,Chinese,2,
2024-25,Bridlemile,All,Russian,0,
2024-25,Bridlemile,All,Somali/Maay-Maay,0,
2024-25,Bridlemile,All,Japanese,0,
2024-25,Bridlemile,All,Other,8,
2024-25,Buckman,All,English,302,
2024-25,Buckman,All,Spanish,2,
2024-25,Buckman,All,Vietnamese,0,
2024-25,Buckman,All,Chinese,0,
2024-25,Buckman,All,Russian,0,
2024-25,Buckman,All,Somali/Maay-Maay,0,
2024-25,Buckman,All,Japanese,0,
2024-25,Buckman,All,Other,4,
2024-25,Capitol Hill,All,English,306,
2024-25,Capitol Hill,All,Spanish,0,
2024-25,Capitol Hill,All,Vietnamese,0,
2024-25,Capitol Hill,All,Chinese,0,
2024-25,Capitol Hill,All,Russian,1,
2024-25,Capitol Hill,All,Somali/Maay-Maay,0,
2024-25,Capitol Hill,All,Japanese,4,
2024-25,Capitol Hill,All,Other,7,
2024-25,César Chávez,Spanish Immersion,English,102,Spanish
2024-25,César Chávez,Spanish Immersion,Spanish,192,Spanish
2024-25,César Chávez,Spanish Immersion,Vietnamese,0,Spanish
2024-25,César Chávez,Spanish Immersion,Chinese,0,Spanish
2024-25,César Chávez,Spanish Immersion,Russian,0,Spanish
2024-25,César Chávez,Spanish Immersion,Somali/Maay-Maay,0,Spanish
2024-25,César Chávez,Spanish Immersion,Japanese,0,Spanish
2024-25,César Chávez,Spanish Immersion,Other,15,Spanish
2024-25,César Chávez,Neighborhood Program,English,118,
2024-25,César Chávez,Neighborhood Program,Spanish,17,
2024-25,César Chávez,Neighborhood Program,Vietnamese,1,
2024-25,César Chávez,Neighborhood Program,Chinese,0,
2024-25,César Chávez,Neighborhood Program,Russian,0,
2024-25,César Chávez,Neighborhood Program,Somali/Maay-Maay,1,
2024-25,César Chávez,Neighborhood Program,Japanese,0,
2024-25,César Chávez,Neighborhood Program,Other,8,
2024-25,Chapman,All,English,315,
2024-25,Chapman,All,Spanish,4,
2024-25,Chapman,All,Vietnamese,2,
2024-25,Chapman,All,Chinese,1,
2024-25,Chapman,All,Russian,7,
2024-25,Chapman,All,Somali/Maay-Maay,0,
2024-25,Chapman,All,Japanese,4,
2024-25,Chapman,All,Other,16,
2024-25,Chief Joseph,All,English,257,
2024-25,Chief Joseph,All,Spanish,12,
2024-25,Chief Joseph,All,Vietnamese,0,
2024-25,Chief Joseph,All,Chinese,0,
2024-25,Chief Joseph,All,Russian,0,
2024-25,Chief Joseph,All,Somali/Maay-Maay,0,
2024-25,Chief Joseph,All,Japanese,0,
2024-25,Chief Joseph,All,Other,6,
2024-25,Clark,Mandarin Immersion,English,26,Mandarin
2024-25,Clark,Mandarin Immersion,Spanish,2,Mandarin
2024-25,Clark,Mandarin Immersion,Vietnamese,2,Mandarin
2024-25,Clark,Mandarin Immersion,Chinese,42,Mandarin
2024-25,Clark,Mandarin Immersion,Russian,0,Mandarin
2024-25,Clark,Mandarin Immersion,Somali/Maay-Maay,0,Mandarin
2024-25,Clark,Mandarin Immersion,Japanese,0,Mandarin
2024-25,Clark,Mandarin Immersion,Other,0,Mandarin
2024-25,Clark,Neighborhood Program,English,193,
2024-25,Clark,Neighborhood Program,Spanish,9,
2024-25,Clark,Neighborhood Program,Vietnamese,10,
2024-25,Clark,Neighborhood Program,Chinese,4,
2024-25,Clark,Neighborhood Program,Russian,2,
2024-25,Clark,Neighborhood Program,Somali/Maay-Maay,10,
2024-25,Clark,Neighborhood Program,Japanese,0,
2024-25,Clark,Neighborhood Program,Other,31,
2024-25,Creston,All,English,212,
2024-25,Creston,All,Spanish,10,
2024-25,Creston,All,Vietnamese,4,
2024-25,Creston,All,Chinese,1,
2024-25,Creston,All,Russian,2,
2024-25,Creston,All,Somali/Maay-Maay,0,
2024-25,Creston,All,Japanese,0,
2024-25,Creston,All,Other,12,
2024-25,Duniway,All,English,378,
2024-25,Duniway,All,Spanish,0,
2024-25,Duniway,All,Vietnamese,0,
2024-25,Duniway,All,Chinese,0,
2024-25,Duniway,All,Russian,4,
2024-25,Duniway,All,Somali/Maay-Maay,0,
2024-25,Duniway,All,Japanese,0,
2024-25,Duniway,All,Other,5,
2024-25,Faubion,All,English,501,
2024-25,Faubion,All,Spanish,79,
2024-25,Faubion,All,Vietnamese,0,
2024-25,Faubion,All,Chinese,0,
2024-25,Faubion,All,Russian,0,
2024-25,Faubion,All,Somali/Maay-Maay,2,
2024-25,Faubion,All,Japanese,0,
2024-25,Faubion,All,Other,7,
2024-25,Forest Park,All,English,267,
2024-25,Forest Park,All,Spanish,9,
2024-25,Forest Park,All,Vietnamese,0,
2024-25,Forest Park,All,Chinese,13,
2024-25,Forest Park,All,Russian,4,
2024-25,Forest Park,All,Somali/Maay-Maay,0,
2024-25,Forest Park,All,Japanese,2,
2024-25,Forest Park,All,Other,8,
2024-25,Glencoe,All,English,346,
2024-25,Glencoe,All,Spanish,2,
2024-25,Glencoe,All,Vietnamese,0,
2024-25,Glencoe,All,Chinese,1,
2024-25,Glencoe,All,Russian,0,
2024-25,Glencoe,All,Somali/Maay-Maay,3,
2024-25,Glencoe,All,Japanese,0,
2024-25,Glencoe,All,Other,4,
2024-25,Grout,All,English,243,
2024-25,Grout,All,Spanish,20,
2024-25,Grout,All,Vietnamese,1,
2024-25,Grout,All,Chinese,0,
2024-25,Grout,All,Russian,0,
2024-25,Grout,All,Somali/Maay-Maay,0,
2024-25,Grout,All,Japanese,0,
2024-25,Grout,All,Other,30,
2024-25,Hayhurst,All,English,289,
2024-25,Hayhurst,All,Spanish,6,
2024-25,Hayhurst,All,Vietnamese,0,
2024-25,Hayhurst,All,Chinese,0,
2024-25,Hayhurst,All,Russian,3,
2024-25,Hayhurst,All,Somali/Maay-Maay,1,
2024-25,Hayhurst,All,Japanese,0,
2024-25,Hayhurst,All,Other,15,
2024-25,Irvington,All,English,238,
2024-25,Irvington,All,Spanish,8,
2024-25,Irvington,All,Vietnamese,0,
2024-25,Irvington,All,Chinese,0,
2024-25,Irvington,All,Russian,1,
2024-25,Irvington,All,Somali/Maay-Maay,0,
2024-25,Irvington,All,Japanese,0,
2024-25,Irvington,All,Other,2,
2024-25,James John,Spanish Immersion,English,59,Spanish
2024-25,James John,Spanish Immersion,Spanish,82,Spanish
2024-25,James John,Spanish Immersion,Vietnamese,0,Spanish
2024-25,James John,Spanish Immersion,Chinese,0,Spanish
2024-25,James John,Spanish Immersion,Russian,0,Spanish
2024-25,James John,Spanish Immersion,Somali/Maay-Maay,0,Spanish
2024-25,James John,Spanish Immersion,Japanese,0,Spanish
2024-25,James John,Spanish Immersion,Other,2,Spanish
2024-25,James John,Neighborhood Program,English,187,
2024-25,James John,Neighborhood Program,Spanish,23,
2024-25,James John,Neighborhood Program,Vietnamese,0,
2024-25,James John,Neighborhood Program,Chinese,0,
2024-25,James John,Neighborhood Program,Russian,2,
2024-25,James John,Neighborhood Program,Somali/Maay-Maay,0,
2024-25,James John,Neighborhood Program,Japanese,0,
2024-25,James John,Neighborhood Program,Other,12,
2024-25,Kelly,Russian Immersion,English,30,Russian
2024-25,Kelly,Russian Immersion,Spanish,2,Russian
2024-25,Kelly,Russian Immersion,Vietnamese,0,Russian
2024-25,Kelly,Russian Immersion,Chinese,0,Russian
2024-25,Kelly,Russian Immersion,Russian,92,Russian
2024-25,Kelly,Russian Immersion,Somali/Maay-Maay,0,Russian
2024-25,Kelly,Russian Immersion,Japanese,0,Russian
2024-25,Kelly,Russian Immersion,Other,15,Russian
2024-25,Kelly,Neighborhood Program,English,161,
2024-25,Kelly,Neighborhood Program,Spanish,33,
2024-25,Kelly,Neighborhood Program,Vietnamese,23,
2024-25,Kelly,Neighborhood Program,Chinese,3,
2024-25,Kelly,Neighborhood Program,Russian,1,
2024-25,Kelly,Neighborhood Program,Somali/Maay-Maay,7,
2024-25,Kelly,Neighborhood Program,Japanese,0,
2024-25,Kelly,Neighborhood Program,Other,18,
2024-25,Laurelhurst,All,English,647,
2024-25,Laurelhurst,All,Spanish,1,
2024-25,Laurelhurst,All,Vietnamese,0,
2024-25,Laurelhurst,All,Chinese,0,
2024-25,Laurelhurst,All,Russian,0,
2024-25,Laurelhurst,All,Somali/Maay-Maay,3,
2024-25,Laurelhurst,All,Japanese,0,
2024-25,Laurelhurst,All,Other,5,
2024-25,Lee,All,English,216,
2024-25,Lee,All,Spanish,14,
2024-25,Lee,All,Vietnamese,12,
2024-25,Lee,All,Chinese,0,
2024-25,Lee,All,Russian,1,
2024-25,Lee,All,Somali/Maay-Maay,3,
2024-25,Lee,All,Japanese,0,
2024-25,Lee,All,Other,11,
2024-25,Lent,All,English,136,Spanish
2024-25,Lent,All,Spanish,118,Spanish
2024-25,Lent,All,Vietnamese,0,Spanish
2024-25,Lent,All,Chinese,0,Spanish
2024-25,Lent,All,Russian,0,Spanish
2024-25,Lent,All,Somali/Maay-Maay,0,Spanish
2024-25,Lent,All,Japanese,0,Spanish
2024-25,Lent,All,Other,2,Spanish
2024-25,Lewis,All,English,252,
2024-25,Lewis,All,Spanish,4,
2024-25,Lewis,All,Vietnamese,2,
2024-25,Lewis,All,Chinese,1,
2024-25,Lewis,All,Russian,1,
2024-25,Lewis,All,Somali/Maay-Maay,2,
2024-25,Lewis,All,Japanese,0,
2024-25,Lewis,All,Other,2,
2024-25,Llewellyn,All,English,368,
2024-25,Llewellyn,All,Spanish,2,
2024-25,Llewellyn,All,Vietnamese,0,
2024-25,Llewellyn,All,Chinese,1,
2024-25,Llewellyn,All,Russian,0,
2024-25,Llewellyn,All,Somali/Maay-Maay,0,
2024-25,Llewellyn,All,Japanese,0,
2024-25,Llewellyn,All,Other,2,
2024-25,Maplewood,All,English,280,
2024-25,Maplewood,All,Spanish,5,
2024-25,Maplewood,All,Vietnamese,0,
2024-25,Maplewood,All,Chinese,0,
2024-25,Maplewood,All,Russian,0,
2024-25,Maplewood,All,Somali/Maay-Maay,0,
2024-25,Maplewood,All,Japanese,0,
2024-25,Maplewood,All,Other,10,
2024-25,Markham,All,English,292,
2024-25,Markham,All,Spanish,12,
2024-25,Markham,All,Vietnamese,0,
2024-25,Markham,All,Chinese,2,
2024-25,Markham,All,Russian,1,
2024-25,Markham,All,Somali/Maay-Maay,11,
2024-25,Markham,All,Japanese,1,
2024-25,Markham,All,Other,22,
2024-25,Marysville,All,English,280,
2024-25,Marysville,All,Spanish,10,
2024-25,Marysville,All,Vietnamese,8,
2024-25,Marysville,All,Chinese,3,
2024-25,Marysville,All,Russian,4,
2024-25,Marysville,All,Somali/Maay-Maay,1,
2024-25,Marysville,All,Japanese,0,
2024-25,Marysville,All,Other,14,
2024-25,MLK Jr,Mandarin Immersion,English,165,Mandarin
2024-25,MLK Jr,Mandarin Immersion,Spanish,5,Mandarin
2024-25,MLK Jr,Mandarin Immersion,Vietnamese,0,Mandarin
2024-25,MLK Jr,Mandarin Immersion,Chinese,2,Mandarin
2024-25,MLK Jr,Mandarin Immersion,Russian,0,Mandarin
2024-25,MLK Jr,Mandarin Immersion,Somali/Maay-Maay,0,Mandarin
2024-25,MLK Jr,Mandarin Immersion,Japanese,0,Mandarin
2024-25,MLK Jr,Mandarin Immersion,Other,7,Mandarin
2024-25,MLK Jr,Neighborhood Program,English,104,
2024-25,MLK Jr,Neighborhood Program,Spanish,23,
2024-25,MLK Jr,Neighborhood Program,Vietnamese,0,
2024-25,MLK Jr,Neighborhood Program,Chinese,1,
2024-25,MLK Jr,Neighborhood Program,Russian,0,
2024-25,MLK Jr,Neighborhood Program,Somali/Maay-Maay,0,
2024-25,MLK Jr,Neighborhood Program,Japanese,0,
2024-25,MLK Jr,Neighborhood Program,Other,5,
2024-25,Odyssey,All,English,207,
2024-25,Odyssey,All,Spanish,0,
2024-25,Odyssey,All,Vietnamese,0,
2024-25,Odyssey,All,Chinese,0,
2024-25,Odyssey,All,Russian,0,
2024-25,Odyssey,All,Somali/Maay-Maay,0,
2024-25,Odyssey,All,Japanese,0,
2024-25,Odyssey,All,Other,4,
2024-25,Peninsula,All,English,224,
2024-25,Peninsula,All,Spanish,9,
2024-25,Peninsula,All,Vietnamese,0,
2024-25,Peninsula,All,Chinese,0,
2024-25,Peninsula,All,Russian,0,
2024-25,Peninsula,All,Somali/Maay-Maay,1,
2024-25,Peninsula,All,Japanese,0,
2024-25,Peninsula,All,Other,1,
2024-25,Richmond,All,English,468,Japanese
2024-25,Richmond,All,Spanish,0,Japanese
2024-25,Richmond,All,Vietnamese,1,Japanese
2024-25,Richmond,All,Chinese,0,Japanese
2024-25,Richmond,All,Russian,2,Japanese
2024-25,Richmond,All,Somali/Maay-Maay,0,Japanese
2024-25,Richmond,All,Japanese,56,Japanese
2024-25,Richmond,All,Other,3,Japanese
2024-25,Rieke,All,English,267,
2024-25,Rieke,All,Spanish,4,
2024-25,Rieke,All,Vietnamese,0,
2024-25,Rieke,All,Chinese,0,
2024-25,Rieke,All,Russian,0,
2024-25,Rieke,All,Somali/Maay-Maay,0,
2024-25,Rieke,All,Japanese,0,
2024-25,Rieke,All,Other,7,
2024-25,Rigler,All,English,148,Spanish
2024-25,Rigler,All,Spanish,150,Spanish
2024-25,Rigler,All,Vietnamese,0,Spanish
2024-25,Rigler,All,Chinese,0,Spanish
2024-25,Rigler,All,Russian,0,Spanish
2024-25,Rigler,All,Somali/Maay-Maay,0,Spanish
2024-25,Rigler,All,Japanese,0,Spanish
2024-25,Rigler,All,Other,3,Spanish
2024-25,Rosa Parks,All,English,111,
2024-25,Rosa Parks,All,Spanish,28,
2024-25,Rosa Parks,All,Vietnamese,0,
2024-25,Rosa Parks,All,Chinese,0,
2024-25,Rosa Parks,All,Russian,2,
2024-25,Rosa Parks,All,Somali/Maay-Maay,11,
2024-25,Rosa Parks,All,Japanese,0,
2024-25,Rosa Parks,All,Other,20,
2024-25,Rose City Park,Vietnamese Immersion,English,115,Vietnamese
2024-25,Rose City Park,Vietnamese Immersion,Spanish,1,Vietnamese
2024-25,Rose City Park,Vietnamese Immersion,Vietnamese,87,Vietnamese
2024-25,Rose City Park,Vietnamese Immersion,Chinese,0,Vietnamese
2024-25,Rose City Park,Vietnamese Immersion,Russian,0,Vietnamese
2024-25,Rose City Park,Vietnamese Immersion,Somali/Maay-Maay,0,Vietnamese
2024-25,Rose City Park,Vietnamese Immersion,Japanese,0,Vietnamese
2024-25,Rose City Park,Vietnamese Immersion,Other,6,Vietnamese
2024-25,Rose City Park,Neighborhood Program,English,230,
2024-25,Rose City Park,Neighborhood Program,Spanish,1,
2024-25,Rose City Park,Neighborhood Program,Vietnamese,0,
2024-25,Rose City Park,Neighborhood Program,Chinese,0,
2024-25,Rose City Park,Neighborhood Program,Russian,0,
2024-25,Rose City Park,Neighborhood Program,Somali/Maay-Maay,0,
2024-25,Rose City Park,Neighborhood Program,Japanese,0,
2024-25,Rose City Park,Neighborhood Program,Other,6,
2024-25,Sabin,All,English,282,
2024-25,Sabin,All,Spanish,4,
2024-25,Sabin,All,Vietnamese,0,
2024-25,Sabin,All,Chinese,0,
2024-25,Sabin,All,Russian,1,
2024-25,Sabin,All,Somali/Maay-Maay,0,
2024-25,Sabin,All,Japanese,0,
2024-25,Sabin,All,Other,6,
2024-25,Scott,Spanish Immersion,English,136,Spanish
2024-25,Scott,Spanish Immersion,Spanish,96,Spanish
2024-25,Scott,Spanish Immersion,Vietnamese,0,Spanish
2024-25,Scott,Spanish Immersion,Chinese,0,Spanish
2024-25,Scott,Spanish Immersion,Russian,0,Spanish
2024-25,Scott,Spanish Immersion,Somali/Maay-Maay,2,Spanish
2024-25,Scott,Spanish Immersion,Japanese,0,Spanish
2024-25,Scott,Spanish Immersion,Other,8,Spanish
2024-25,Scott,Neighborhood Program,English,205,
2024-25,Scott,Neighborhood Program,Spanish,14,
2024-25,Scott,Neighborhood Program,Vietnamese,3,
2024-25,Scott,Neighborhood Program,Chinese,0,
2024-25,Scott,Neighborhood Program,Russian,0,
2024-25,Scott,Neighborhood Program,Somali/Maay-Maay,7,
2024-25,Scott,Neighborhood Program,Japanese,0,
2024-25,Scott,Neighborhood Program,Other,23,
2024-25,Sitton,Spanish Immersion,English,54,Spanish
2024-25,Sitton,Spanish Immersion,Spanish,78,Spanish
2024-25,Sitton,Spanish Immersion,Vietnamese,0,Spanish
2024-25,Sitton,Spanish Immersion,Chinese,0,Spanish
2024-25,Sitton,Spanish Immersion,Russian,0,Spanish
2024-25,Sitton,Spanish Immersion,Somali/Maay-Maay,0,Spanish
2024-25,Sitton,Spanish Immersion,Japanese,0,Spanish
2024-25,Sitton,Spanish Immersion,Other,1,Spanish
2024-25,Sitton,Neighborhood Program,English,173,
2024-25,Sitton,Neighborhood Program,Spanish,19,
2024-25,Sitton,Neighborhood Program,Vietnamese,1,
2024-25,Sitton,Neighborhood Program,Chinese,1,
2024-25,Sitton,Neighborhood Program,Russian,0,
2024-25,Sitton,Neighborhood Program,Somali/Maay-Maay,0,
2024-25,Sitton,Neighborhood Program,Japanese,0,
2024-25,Sitton,Neighborhood Program,Other,12,
2024-25,Skyline,All,English,221,
2024-25,Skyline,All,Spanish,3,
2024-25,Skyline,All,Vietnamese,0,
2024-25,Skyline,All,Chinese,0,
2024-25,Skyline,All,Russian,1,
2024-25,Skyline,All,Somali/Maay-Maay,0,
2024-25,Skyline,All,Japanese,0,
2024-25,Skyline,All,Other,1,
2024-25,Stephenson,All,English,273,
2024-25,Stephenson,All,Spanish,2,
2024-25,Stephenson,All,Vietnamese,0,
2024-25,Stephenson,All,Chinese,0,
2024-25,Stephenson,All,Russian,3,
2024-25,Stephenson,All,Somali/Maay-Maay,0,
2024-25,Stephenson,All,Japanese,1,
2024-25,Stephenson,All,Other,6,
2024-25,Sunnyside Environmental,All,English,444,
2024-25,Sunnyside Environmental,All,Spanish,6,
2024-25,Sunnyside Environmental,All,Vietnamese,0,
2024-25,Sunnyside Environmental,All,Chinese,0,
2024-25,Sunnyside Environmental,All,Russian,0,
2024-25,Sunnyside Environmental,All,Somali/Maay-Maay,0,
2024-25,Sunnyside Environmental,All,Japanese,0,
2024-25,Sunnyside Environmental,All,Other,11,
2024-25,Vernon,All,English,532,
2024-25,Vernon,All,Spanish,15,
2024-25,Vernon,All,Vietnamese,1,
2024-25,Vernon,All,Chinese,0,
2024-25,Vernon,All,Russian,1,
2024-25,Vernon,All,Somali/Maay-Maay,0,
2024-25,Vernon,All,Japanese,0,
2024-25,Vernon,All,Other,14,
2024-25,Vestal,All,English,224,
2024-25,Vestal,All,Spanish,14,
2024-25,Vestal,All,Vietnamese,6,
2024-25,Vestal,All,Chinese,0,
2024-25,Vestal,All,Russian,0,
2024-25,Vestal,All,Somali/Maay-Maay,0,
2024-25,Vestal,All,Japanese,0,
2024-25,Vestal,All,Other,13,
2024-25,Whitman,All,English,155,
2024-25,Whitman,All,Spanish,25,
2024-25,Whitman,All,Vietnamese,8,
2024-25,Whitman,All,Chinese,2,
2024-25,Whitman,All,Russian,0,
2024-25,Whitman,All,Somali/Maay-Maay,3,
2024-25,Whitman,All,Japanese,0,
2024-25,Whitman,All,Other,5,
2024-25,Winterhaven,All,English,308,
2024-25,Winterhaven,All,Spanish,1,
2024-25,Winterhaven,All,Vietnamese,0,
2024-25,Winterhaven,All,Chinese,3,
2024-25,Winterhaven,All,Russian,1,
2024-25,Winterhaven,All,Somali/Maay-Maay,0,
2024-25,Winterhaven,All,Japanese,1,
2024-25,Winterhaven,All,Other,8,
2024-25,Woodlawn,All,English,277,
2024-25,Woodlawn,All,Spanish,24,
2024-25,Woodlawn,All,Vietnamese,0,
2024-25,Woodlawn,All,Chinese,0,
2024-25,Woodlawn,All,Russian,0,
2024-25,Woodlawn,All,Somali/Maay-Maay,0,
2024-25,Woodlawn,All,Japanese,0,
2024-25,Woodlawn,All,Other,5,
2024-25,Woodmere,All,English,180,
2024-25,Woodmere,All,Spanish,23,
2024-25,Woodmere,All,Vietnamese,13,
2024-25,Woodmere,All,Chinese,2,
2024-25,Woodmere,All,Russian,0,
2024-25,Woodmere,All,Somali/Maay-Maay,7,
2024-25,Woodmere,All,Japanese,0,
2024-25,Woodmere,All,Other,17,
2024-25,Woodstock,Mandarin Immersion,English,132,Mandarin
2024-25,Woodstock,Mandarin Immersion,Spanish,0,Mandarin
2024-25,Woodstock,Mandarin Immersion,Vietnamese,0,Mandarin
2024-25,Woodstock,Mandarin Immersion,Chinese,70,Mandarin
2024-25,Woodstock,Mandarin Immersion,Russian,0,Mandarin
2024-25,Woodstock,Mandarin Immersion,Somali/Maay-Maay,0,Mandarin
2024-25,Woodstock,Mandarin Immersion,Japanese,1,Mandarin
2024-25,Woodstock,Mandarin Immersion,Other,3,Mandarin
2024-25,Woodstock,Neighborhood Program,English,180,
2024-25,Woodstock,Neighborhood Program,Spanish,2,
2024-25,Woodstock,Neighborhood Program,Vietnamese,1,
2024-25,Woodstock,Neighborhood Program,Chinese,0,
2024-25,Woodstock,Neighborhood Program,Russian,1,
2024-25,Woodstock,Neighborhood Program,Somali/Maay-Maay,0,
2024-25,Woodstock,Neighborhood Program,Japanese,0,
2024-25,Woodstock,Neighborhood Program,Other,4,
2024-25,Beaumont,Spanish Immersion,English,38,Spanish
2024-25,Beaumont,Spanish Immersion,Spanish,76,Spanish
2024-25,Beaumont,Spanish Immersion,Vietnamese,0,Spanish
2024-25,Beaumont,Spanish Immersion,Chinese,0,Spanish
2024-25,Beaumont,Spanish Immersion,Russian,0,Spanish
2024-25,Beaumont,Spanish Immersion,Somali/Maay-Maay,0,Spanish
2024-25,Beaumont,Spanish Immersion,Japanese,1,Spanish
2024-25,Beaumont,Spanish Immersion,Other,1,Spanish
2024-25,Beaumont,Neighborhood Program,English,315,
2024-25,Beaumont,Neighborhood Program,Spanish,3,
2024-25,Beaumont,Neighborhood Program,Vietnamese,0,
2024-25,Beaumont,Neighborhood Program,Chinese,0,
2024-25,Beaumont,Neighborhood Program,Russian,0,
2024-25,Beaumont,Neighborhood Program,Somali/Maay-Maay,0,
2024-25,Beaumont,Neighborhood Program,Japanese,0,
2024-25,Beaumont,Neighborhood Program,Other,1,
2024-25,da Vinci,All,English,420,
2024-25,da Vinci,All,Spanish,5,
2024-25,da Vinci,All,Vietnamese,0,
2024-25,da Vinci,All,Chinese,0,
2024-25,da Vinci,All,Russian,0,
2024-25,da Vinci,All,Somali/Maay-Maay,0,
2024-25,da Vinci,All,Japanese,0,
2024-25,da Vinci,All,Other,2,
2024-25,George,Spanish Immersion,English,36,Spanish
2024-25,George,Spanish Immersion,Spanish,75,Spanish
2024-25,George,Spanish Immersion,Vietnamese,0,Spanish
2024-25,George,Spanish Immersion,Chinese,0,Spanish
2024-25,George,Spanish Immersion,Russian,0,Spanish
2024-25,George,Spanish Immersion,Somali/Maay-Maay,0,Spanish
2024-25,George,Spanish Immersion,Japanese,0,Spanish
2024-25,George,Spanish Immersion,Other,2,Spanish
2024-25,George,Neighborhood Program,English,222,
2024-25,George,Neighborhood Program,Spanish,27,
2024-25,George,Neighborhood Program,Vietnamese,0,
2024-25,George,Neighborhood Program,Chinese,0,
2024-25,George,Neighborhood Program,Russian,2,
2024-25,George,Neighborhood Program,Somali/Maay-Maay,11,
2024-25,George,Neighborhood Program,Japanese,0,
2024-25,George,Neighborhood Program,Other,29,
2024-25,Gray,All,English,413,
2024-25,Gray,All,Spanish,7,
2024-25,Gray,All,Vietnamese,0,
2024-25,Gray,All,Chinese,1,
2024-25,Gray,All,Russian,2,
2024-25,Gray,All,Somali/Maay-Maay,2,
2024-25,Gray,All,Japanese,0,
2024-25,Gray,All,Other,13,
2024-25,Harriet Tubman,Mandarin Immersion,English,41,Mandarin
2024-25,Harriet Tubman,Mandarin Immersion,Spanish,0,Mandarin
2024-25,Harriet Tubman,Mandarin Immersion,Vietnamese,0,Mandarin
2024-25,Harriet Tubman,Mandarin Immersion,Chinese,1,Mandarin
2024-25,Harriet Tubman,Mandarin Immersion,Russian,0,Mandarin
2024-25,Harriet Tubman,Mandarin Immersion,Somali/Maay-Maay,0,Mandarin
2024-25,Harriet Tubman,Mandarin Immersion,Japanese,0,Mandarin
2024-25,Harriet Tubman,Mandarin Immersion,Other,1,Mandarin
2024-25,Harriet Tubman,Neighborhood Program,English,261,
2024-25,Harriet Tubman,Neighborhood Program,Spanish,17,
2024-25,Harriet Tubman,Neighborhood Program,Vietnamese,0,
2024-25,Harriet Tubman,Neighborhood Program,Chinese,0,
2024-25,Harriet Tubman,Neighborhood Program,Russian,0,
2024-25,Harriet Tubman,Neighborhood Program,Somali/Maay-Maay,0,
2024-25,Harriet Tubman,Neighborhood Program,Japanese,0,
2024-25,Harriet Tubman,Neighborhood Program,Other,7,
2024-25,Harrison Park,Mandarin Immersion,English,58,Mandarin
2024-25,Harrison Park,Mandarin Immersion,Spanish,0,Mandarin
2024-25,Harrison Park,Mandarin Immersion,Vietnamese,0,Mandarin
2024-25,Harrison Park,Mandarin Immersion,Chinese,36,Mandarin
2024-25,Harrison Park,Mandarin Immersion,Russian,0,Mandarin
2024-25,Harrison Park,Mandarin Immersion,Somali/Maay-Maay,0,Mandarin
2024-25,Harrison Park,Mandarin Immersion,Japanese,0,Mandarin
2024-25,Harrison Park,Mandarin Immersion,Other,0,Mandarin
2024-25,Harrison Park,Neighborhood Program,English,203,
2024-25,Harrison Park,Neighborhood Program,Spanish,18,
2024-25,Harrison Park,Neighborhood Program,Vietnamese,14,
2024-25,Harrison Park,Neighborhood Program,Chinese,7,
2024-25,Harrison Park,Neighborhood Program,Russian,3,
2024-25,Harrison Park,Neighborhood Program,Somali/Maay-Maay,11,
2024-25,Harrison Park,Neighborhood Program,Japanese,0,
2024-25,Harrison Park,Neighborhood Program,Other,22,
2024-25,Hosford,All,English,503,
2024-25,Hosford,All,Spanish,7,
2024-25,Hosford,All,Vietnamese,1,
2024-25,Hosford,All,Chinese,2,
2024-25,Hosford,All,Russian,2,
2024-25,Hosford,All,Somali/Maay-Maay,1,
2024-25,Hosford,All,Japanese,1,
2024-25,Hosford,All,Other,20,
2024-25,Jackson,All,English,660,
2024-25,Jackson,All,Spanish,11,
2024-25,Jackson,All,Vietnamese,0,
2024-25,Jackson,All,Chinese,0,
2024-25,Jackson,All,Russian,1,
2024-25,Jackson,All,Somali/Maay-Maay,11,
2024-25,Jackson,All,Japanese,0,
2024-25,Jackson,All,Other,32,
2024-25,Kellogg,Spanish Immersion,English,122,Spanish
2024-25,Kellogg,Spanish Immersion,Spanish,96,Spanish
2024-25,Kellogg,Spanish Immersion,Vietnamese,0,Spanish
2024-25,Kellogg,Spanish Immersion,Chinese,0,Spanish
2024-25,Kellogg,Spanish Immersion,Russian,0,Spanish
2024-25,Kellogg,Spanish Immersion,Somali/Maay-Maay,0,Spanish
2024-25,Kellogg,Spanish Immersion,Japanese,0,Spanish
2024-25,Kellogg,Spanish Immersion,Other,3,Spanish
2024-25,Kellogg,Neighborhood Program,English,317,
2024-25,Kellogg,Neighborhood Program,Spanish,20,
2024-25,Kellogg,Neighborhood Program,Vietnamese,17,
2024-25,Kellogg,Neighborhood Program,Chinese,3,
2024-25,Kellogg,Neighborhood Program,Russian,3,
2024-25,Kellogg,Neighborhood Program,Somali/Maay-Maay,0,
2024-25,Kellogg,Neighborhood Program,Japanese,0,
2024-25,Kellogg,Neighborhood Program,Other,13,
2024-25,Lane,Russian Immersion,English,6,Russian
2024-25,Lane,Russian Immersion,Spanish,1,Russian
2024-25,Lane,Russian Immersion,Vietnamese,0,Russian
2024-25,Lane,Russian Immersion,Chinese,0,Russian
2024-25,Lane,Russian Immersion,Russian,23,Russian
2024-25,Lane,Russian Immersion,Somali/Maay-Maay,0,Russian
2024-25,Lane,Russian Immersion,Japanese,0,Russian
2024-25,Lane,Russian Immersion,Other,2,Russian
2024-25,Lane,Neighborhood Program,English,273,
2024-25,Lane,Neighborhood Program,Spanish,56,
2024-25,Lane,Neighborhood Program,Vietnamese,26,
2024-25,Lane,Neighborhood Program,Chinese,8,
2024-25,Lane,Neighborhood Program,Russian,3,
2024-25,Lane,Neighborhood Program,Somali/Maay-Maay,1,
2024-25,Lane,Neighborhood Program,Japanese,0,
2024-25,Lane,Neighborhood Program,Other,19,
2024-25,Mt Tabor,Japanese Immersion,English,222,Japanese
2024-25,Mt Tabor,Japanese Immersion,Spanish,0,Japanese
2024-25,Mt Tabor,Japanese Immersion,Vietnamese,0,Japanese
2024-25,Mt Tabor,Japanese Immersion,Chinese,0,Japanese
2024-25,Mt Tabor,Japanese Immersion,Russian,0,Japanese
2024-25,Mt Tabor,Japanese Immersion,Somali/Maay-Maay,0,Japanese
2024-25,Mt Tabor,Japanese Immersion,Japanese,15,Japanese
2024-25,Mt Tabor,Japanese Immersion,Other,1,Japanese
2024-25,Mt Tabor,Neighborhood Program,English,216,
2024-25,Mt Tabor,Neighborhood Program,Spanish,3,
2024-25,Mt Tabor,Neighborhood Program,Vietnamese,3,
2024-25,Mt Tabor,Neighborhood Program,Chinese,0,
2024-25,Mt Tabor,Neighborhood Program,Russian,0,
2024-25,Mt Tabor,Neighborhood Program,Somali/Maay-Maay,2,
2024-25,Mt Tabor,Neighborhood Program,Japanese,0,
2024-25,Mt Tabor,Neighborhood Program,Other,5,
2024-25,Ockley Green,Spanish Immersion,English,57,Spanish
2024-25,Ockley Green,Spanish Immersion,Spanish,11,Spanish
2024-25,Ockley Green,Spanish Immersion,Vietnamese,0,Spanish
2024-25,Ockley Green,Spanish Immersion,Chinese,0,Spanish
2024-25,Ockley Green,Spanish Immersion,Russian,0,Spanish
2024-25,Ockley Green,Spanish Immersion,Somali/Maay-Maay,0,Spanish
2024-25,Ockley Green,Spanish Immersion,Japanese,0,Spanish
2024-25,Ockley Green,Spanish Immersion,Other,1,Spanish
2024-25,Ockley Green,Neighborhood Program,English,311,
2024-25,Ockley Green,Neighborhood Program,Spanish,16,
2024-25,Ockley Green,Neighborhood Program,Vietnamese,1,
2024-25,Ockley Green,Neighborhood Program,Chinese,0,
2024-25,Ockley Green,Neighborhood Program,Russian,1,
2024-25,Ockley Green,Neighborhood Program,Somali/Maay-Maay,0,
2024-25,Ockley Green,Neighborhood Program,Japanese,0,
2024-25,Ockley Green,Neighborhood Program,Other,12,
2024-25,Roseway Heights,Spanish Immersion,English,36,Spanish
2024-25,Roseway Heights,Spanish Immersion,Spanish,55,Spanish
2024-25,Roseway Heights,Spanish Immersion,Vietnamese,0,Spanish
2024-25,Roseway Heights,Spanish Immersion,Chinese,0,Spanish
2024-25,Roseway Heights,Spanish Immersion,Russian,0,Spanish
2024-25,Roseway Heights,Spanish Immersion,Somali/Maay-Maay,2,Spanish
2024-25,Roseway Heights,Spanish Immersion,Japanese,0,Spanish
2024-25,Roseway Heights,Spanish Immersion,Other,1,Spanish
2024-25,Roseway Heights,Vietnamese Immersion,English,15,Vietnamese
2024-25,Roseway Heights,Vietnamese Immersion,Spanish,0,Vietnamese
2024-25,Roseway Heights,Vietnamese Immersion,Vietnamese,35,Vietnamese
2024-25,Roseway Heights,Vietnamese Immersion,Chinese,0,Vietnamese
2024-25,Roseway Heights,Vietnamese Immersion,Russian,0,Vietnamese
2024-25,Roseway Heights,Vietnamese Immersion,Somali/Maay-Maay,0,Vietnamese
2024-25,Roseway Heights,Vietnamese Immersion,Japanese,0,Vietnamese
2024-25,Roseway Heights,Vietnamese Immersion,Other,0,Vietnamese
2024-25,Roseway Heights,Neighborhood Program,English,353,
2024-25,Roseway Heights,Neighborhood Program,Spanish,31,
2024-25,Roseway Heights,Neighborhood Program,Vietnamese,11,
2024-25,Roseway Heights,Neighborhood Program,Chinese,0,
2024-25,Roseway Heights,Neighborhood Program,Russian,3,
2024-25,Roseway Heights,Neighborhood Program,Somali/Maay-Maay,9,
2024-25,Roseway Heights,Neighborhood Program,Japanese,0,
2024-25,Roseway Heights,Neighborhood Program,Other,14,
2024-25,Sellwood,All,English,557,
2024-25,Sellwood,All,Spanish,1,
2024-25,Sellwood,All,Vietnamese,1,
2024-25,Sellwood,All,Chinese,2,
2024-25,Sellwood,All,Russian,4,
2024-25,Sellwood,All,Somali/Maay-Maay,0,
2024-25,Sellwood,All,Japanese,0,
2024-25,Sellwood,All,Other,11,
2024-25,West Sylvan,Spanish Immersion,English,100,Spanish
2024-25,West Sylvan,Spanish Immersion,Spanish,17,Spanish
2024-25,West Sylvan,Spanish Immersion,Vietnamese,0,Spanish
2024-25,West Sylvan,Spanish Immersion,Chinese,0,Spanish
2024-25,West Sylvan,Spanish Immersion,Russian,0,Spanish
2024-25,West Sylvan,Spanish Immersion,Somali/Maay-Maay,0,Spanish
2024-25,West Sylvan,Spanish Immersion,Japanese,0,Spanish
2024-25,West Sylvan,Spanish Immersion,Other,0,Spanish
2024-25,West Sylvan,Neighborhood Program,English,519,
2024-25,West Sylvan,Neighborhood Program,Spanish,1,
2024-25,West Sylvan,Neighborhood Program,Vietnamese,1,
2024-25,West Sylvan,Neighborhood Program,Chinese,9,
2024-25,West Sylvan,Neighborhood Program,Russian,1,
2024-25,West Sylvan,Neighborhood Program,Somali/Maay-Maay,0,
2024-25,West Sylvan,Neighborhood Program,Japanese,4,
2024-25,West Sylvan,Neighborhood Program,Other,18,
2024-25,Benson,All,English,750,
2024-25,Benson,All,Spanish,103,
2024-25,Benson,All,Vietnamese,13,
2024-25,Benson,All,Chinese,5,
2024-25,Benson,All,Russian,2,
2024-25,Benson,All,Somali/Maay-Maay,2,
2024-25,Benson,All,Japanese,1,
2024-25,Benson,All,Other,20,
2024-25,Cleveland,Mandarin Immersion,English,111,Mandarin
2024-25,Cleveland,Mandarin Immersion,Spanish,0,Mandarin
2024-25,Cleveland,Mandarin Immersion,Vietnamese,1,Mandarin
2024-25,Cleveland,Mandarin Immersion,Chinese,19,Mandarin
2024-25,Cleveland,Mandarin Immersion,Russian,0,Mandarin
2024-25,Cleveland,Mandarin Immersion,Somali/Maay-Maay,0,Mandarin
2024-25,Cleveland,Mandarin Immersion,Japanese,0,Mandarin
2024-25,Cleveland,Mandarin Immersion,Other,0,Mandarin
2024-25,Cleveland,Neighborhood Program,English,1214,
2024-25,Cleveland,Neighborhood Program,Spanish,29,
2024-25,Cleveland,Neighborhood Program,Vietnamese,7,
2024-25,Cleveland,Neighborhood Program,Chinese,3,
2024-25,Cleveland,Neighborhood Program,Russian,2,
2024-25,Cleveland,Neighborhood Program,Somali/Maay-Maay,3,
2024-25,Cleveland,Neighborhood Program,Japanese,2,
2024-25,Cleveland,Neighborhood Program,Other,31,
2024-25,Franklin,Russian Immersion,English,10,Russian
2024-25,Franklin,Russian Immersion,Spanish,1,Russian
2024-25,Franklin,Russian Immersion,Vietnamese,0,Russian
2024-25,Franklin,Russian Immersion,Chinese,0,Russian
2024-25,Franklin,Russian Immersion,Russian,24,Russian
2024-25,Franklin,Russian Immersion,Somali/Maay-Maay,0,Russian
2024-25,Franklin,Russian Immersion,Japanese,0,Russian
2024-25,Franklin,Russian Immersion,Other,1,Russian
2024-25,Franklin,Spanish Immersion,English,101,Spanish
2024-25,Franklin,Spanish Immersion,Spanish,58,Spanish
2024-25,Franklin,Spanish Immersion,Vietnamese,0,Spanish
2024-25,Franklin,Spanish Immersion,Chinese,1,Spanish
2024-25,Franklin,Spanish Immersion,Russian,0,Spanish
2024-25,Franklin,Spanish Immersion,Somali/Maay-Maay,0,Spanish
2024-25,Franklin,Spanish Immersion,Japanese,0,Spanish
2024-25,Franklin,Spanish Immersion,Other,1,Spanish
2024-25,Franklin,Neighborhood Program,English,1344,
2024-25,Franklin,Neighborhood Program,Spanish,92,
2024-25,Franklin,Neighborhood Program,Vietnamese,92,
2024-25,Franklin,Neighborhood Program,Chinese,30,
2024-25,Franklin,Neighborhood Program,Russian,0,
2024-25,Franklin,Neighborhood Program,Somali/Maay-Maay,9,
2024-25,Franklin,Neighborhood Program,Japanese,0,
2024-25,Franklin,Neighborhood Program,Other,45,
2024-25,Grant,Japanese Immersion,English,259,Japanese
2024-25,Grant,Japanese Immersion,Spanish,0,Japanese
2024-25,Grant,Japanese Immersion,Vietnamese,0,Japanese
2024-25,Grant,Japanese Immersion,Chinese,0,Japanese
2024-25,Grant,Japanese Immersion,Russian,0,Japanese
2024-25,Grant,Japanese Immersion,Somali/Maay-Maay,1,Japanese
2024-25,Grant,Japanese Immersion,Japanese,14,Japanese
2024-25,Grant,Japanese Immersion,Other,0,Japanese
2024-25,Grant,Neighborhood Program,English,1805,
2024-25,Grant,Neighborhood Program,Spanish,33,
2024-25,Grant,Neighborhood Program,Vietnamese,4,
2024-25,Grant,Neighborhood Program,Chinese,0,
2024-25,Grant,Neighborhood Program,Russian,1,
2024-25,Grant,Neighborhood Program,Somali/Maay-Maay,2,
2024-25,Grant,Neighborhood Program,Japanese,1,
2024-25,Grant,Neighborhood Program,Other,29,
2024-25,Ida B. Wells-Barnett,All,English,1564,
2024-25,Ida B. Wells-Barnett,All,Spanish,23,
2024-25,Ida B. Wells-Barnett,All,Vietnamese,4,
2024-25,Ida B. Wells-Barnett,All,Chinese,1,
2024-25,Ida B. Wells-Barnett,All,Russian,5,
2024-25,Ida B. Wells-Barnett,All,Somali/Maay-Maay,13,
2024-25,Ida B. Wells-Barnett,All,Japanese,1,
2024-25,Ida B. Wells-Barnett,All,Other,39,
2024-25,Jefferson,Mandarin Immersion,English,11,Mandarin
2024-25,Jefferson,Mandarin Immersion,Spanish,2,Mandarin
2024-25,Jefferson,Mandarin Immersion,Vietnamese,0,Mandarin
2024-25,Jefferson,Mandarin Immersion,Chinese,0,Mandarin
2024-25,Jefferson,Mandarin Immersion,Russian,0,Mandarin
2024-25,Jefferson,Mandarin Immersion,Somali/Maay-Maay,0,Mandarin
2024-25,Jefferson,Mandarin Immersion,Japanese,0,Mandarin
2024-25,Jefferson,Mandarin Immersion,Other,0,Mandarin
2024-25,Jefferson,Neighborhood Program,English,376,
2024-25,Jefferson,Neighborhood Program,Spanish,47,
2024-25,Jefferson,Neighborhood Program,Vietnamese,1,
2024-25,Jefferson,Neighborhood Program,Chinese,0,
2024-25,Jefferson,Neighborhood Program,Russian,0,
2024-25,Jefferson,Neighborhood Program,Somali/Maay-Maay,1,
2024-25,Jefferson,Neighborhood Program,Japanese,0,
2024-25,Jefferson,Neighborhood Program,Other,21,
2024-25,Lincoln,Spanish Immersion,English,170,Spanish
2024-25,Lincoln,Spanish Immersion,Spanish,13,Spanish
2024-25,Lincoln,Spanish Immersion,Vietnamese,0,Spanish
2024-25,Lincoln,Spanish Immersion,Chinese,1,Spanish
2024-25,Lincoln,Spanish Immersion,Russian,0,Spanish
2024-25,Lincoln,Spanish Immersion,Somali/Maay-Maay,0,Spanish
2024-25,Lincoln,Spanish Immersion,Japanese,0,Spanish
2024-25,Lincoln,Spanish Immersion,Other,1,Spanish
2024-25,Lincoln,Neighborhood Program,English,1345,
2024-25,Lincoln,Neighborhood Program,Spanish,15,
2024-25,Lincoln,Neighborhood Program,Vietnamese,2,
2024-25,Lincoln,Neighborhood Program,Chinese,14,
2024-25,Lincoln,Neighborhood Program,Russian,9,
2024-25,Lincoln,Neighborhood Program,Somali/Maay-Maay,1,
2024-25,Lincoln,Neighborhood Program,Japanese,4,
2024-25,Lincoln,Neighborhood Program,Other,40,
2024-25,McDaniel,Portland International Scholars,English,0,
2024-25,McDaniel,Portland International Scholars,Spanish,64,
2024-25,McDaniel,Portland International Scholars,Vietnamese,3,
2024-25,McDaniel,Portland International Scholars,Chinese,11,
2024-25,McDaniel,Portland International Scholars,Russian,1,
2024-25,McDaniel,Portland International Scholars,Somali/Maay-Maay,0,
2024-25,McDaniel,Portland International Scholars,Japanese,0,
2024-25,McDaniel,Portland International Scholars,Other,18,
2024-25,McDaniel,Spanish Immersion,English,76,Spanish
2024-25,McDaniel,Spanish Immersion,Spanish,134,Spanish
2024-25,McDaniel,Spanish Immersion,Vietnamese,0,Spanish
2024-25,McDaniel,Spanish Immersion,Chinese,0,Spanish
2024-25,McDaniel,Spanish Immersion,Russian,0,Spanish
2024-25,McDaniel,Spanish Immersion,Somali/Maay-Maay,1,Spanish
2024-25,McDaniel,Spanish Immersion,Japanese,0,Spanish
2024-25,McDaniel,Spanish Immersion,Other,3,Spanish
2024-25,McDaniel,Neighborhood Program,English,1091,
2024-25,McDaniel,Neighborhood Program,Spanish,106,
2024-25,McDaniel,Neighborhood Program,Vietnamese,89,
2024-25,McDaniel,Neighborhood Program,Chinese,17,
2024-25,McDaniel,Neighborhood Program,Russian,4,
2024-25,McDaniel,Neighborhood Program,Somali/Maay-Maay,21,
2024-25,McDaniel,Neighborhood Program,Japanese,0,
2024-25,McDaniel,Neighborhood Program,Other,47,
2024-25,Roosevelt,Portland International Scholars,English,0,
2024-25,Roosevelt,Portland International Scholars,Spanish,42,
2024-25,Roosevelt,Portland International Scholars,Vietnamese,0,
2024-25,Roosevelt,Portland International Scholars,Chinese,0,
2024-25,Roosevelt,Portland International Scholars,Russian,0,
2024-25,Roosevelt,Portland International Scholars,Somali/Maay-Maay,0,
2024-25,Roosevelt,Portland International Scholars,Japanese,0,
2024-25,Roosevelt,Portland International Scholars,Other,5,
2024-25,Roosevelt,Spanish Immersion,English,120,Spanish
2024-25,Roosevelt,Spanish Immersion,Spanish,169,Spanish
2024-25,Roosevelt,Spanish Immersion,Vietnamese,0,Spanish
2024-25,Roosevelt,Spanish Immersion,Chinese,0,Spanish
2024-25,Roosevelt,Spanish Immersion,Russian,0,Spanish
2024-25,Roosevelt,Spanish Immersion,Somali/Maay-Maay,0,Spanish
2024-25,Roosevelt,Spanish Immersion,Japanese,0,Spanish
2024-25,Roosevelt,Spanish Immersion,Other,6,Spanish
2024-25,Roosevelt,Neighborhood Program,English,903,
2024-25,Roosevelt,Neighborhood Program,Spanish,132,
2024-25,Roosevelt,Neighborhood Program,Vietnamese,2,
2024-25,Roosevelt,Neighborhood Program,Chinese,0,
2024-25,Roosevelt,Neighborhood Program,Russian,2,
2024-25,Roosevelt,Neighborhood Program,Somali/Maay-Maay,15,
2024-25,Roosevelt,Neighborhood Program,Japanese,0,
2024-25,Roosevelt,Neighborhood Program,Other,56,
2024-25,ACCESS,All,English,314,
2024-25,ACCESS,All,Spanish,1,
2024-25,ACCESS,All,Vietnamese,0,
2024-25,ACCESS,All,Chinese,5,
2024-25,ACCESS,All,Russian,0,
2024-25,ACCESS,All,Somali/Maay-Maay,0,
2024-25,ACCESS,All,Japanese,0,
2024-25,ACCESS,All,Other,3,
2024-25,Alliance,All,English,182,
2024-25,Alliance,All,Spanish,14,
2024-25,Alliance,All,Vietnamese,0,
2024-25,Alliance,All,Chinese,0,
2024-25,Alliance,All,Russian,0,
2024-25,Alliance,All,Somali/Maay-Maay,0,
2024-25,Alliance,All,Japanese,0,
2024-25,Alliance,All,Other,5,
2024-25,Head Start Early Childhood Ed,All,English,438,
2024-25,Head Start Early Childhood Ed,All,Spanish,177,
2024-25,Head Start Early Childhood Ed,All,Vietnamese,33,
2024-25,Head Start Early Childhood Ed,All,Chinese,24,
2024-25,Head Start Early Childhood Ed,All,Russian,5,
2024-25,Head Start Early Childhood Ed,All,Somali/Maay-Maay,4,
2024-25,Head Start Early Childhood Ed,All,Japanese,0,
2024-25,Head Start Early Childhood Ed,All,Other,30,
2024-25,Metro. Learning Center,Metro. Learning Center,English,312,
2024-25,Metro. Learning Center,Metro. Learning Center,Spanish,4,
2024-25,Metro. Learning Center,Metro. Learning Center,Vietnamese,0,
2024-25,Metro. Learning Center,Metro. Learning Center,Chinese,0,
2024-25,Metro. Learning Center,Metro. Learning Center,Russian,0,
2024-25,Metro. Learning Center,Metro. Learning Center,Somali/Maay-Maay,0,
2024-25,Metro. Learning Center,Metro. Learning Center,Japanese,0,
2024-25,Metro. Learning Center,Metro. Learning Center,Other,3,
2024-25,Mt Scott Learning Center,All,English,95,
2024-25,Mt Scott Learning Center,All,Spanish,3,
2024-25,Mt Scott Learning Center,All,Vietnamese,0,
2024-25,Mt Scott Learning Center,All,Chinese,0,
2024-25,Mt Scott Learning Center,All,Russian,0,
2024-25,Mt Scott Learning Center,All,Somali/Maay-Maay,0,
2024-25,Mt Scott Learning Center,All,Japanese,0,
2024-25,Mt Scott Learning Center,All,Other,2,
2024-25,NAYA Many Nations Academy,All,English,47,
2024-25,NAYA Many Nations Academy,All,Spanish,3,
2024-25,NAYA Many Nations Academy,All,Vietnamese,0,
2024-25,NAYA Many Nations Academy,All,Chinese,0,
2024-25,NAYA Many Nations Academy,All,Russian,0,
2024-25,NAYA Many Nations Academy,All,Somali/Maay-Maay,0,
2024-25,NAYA Many Nations Academy,All,Japanese,0,
2024-25,NAYA Many Nations Academy,All,Other,0,
2024-25,PCC,P.C.C. H.S. Completion,English,161,
2024-25,PCC,P.C.C. H.S. Completion,Spanish,2,
2024-25,PCC,P.C.C. H.S. Completion,Vietnamese,0,
2024-25,PCC,P.C.C. H.S. Completion,Chinese,0,
2024-25,PCC,P.C.C. H.S. Completion,Russian,1,
2024-25,PCC,P.C.C. H.S. Completion,Somali/Maay-Maay,1,
2024-25,PCC,P.C.C. H.S. Completion,Japanese,0,
2024-25,PCC,P.C.C. H.S. Completion,Other,2,
2024-25,PCC,P.C.C. YES!,English,133,
2024-25,PCC,P.C.C. YES!,Spanish,60,
2024-25,PCC,P.C.C. YES!,Vietnamese,3,
2024-25,PCC,P.C.C. YES!,Chinese,1,
2024-25,PCC,P.C.C. YES!,Russian,0,
2024-25,PCC,P.C.C. YES!,Somali/Maay-Maay,3,
2024-25,PCC,P.C.C. YES!,Japanese,0,
2024-25,PCC,P.C.C. YES!,Other,19,
2024-25,Rosemary Anderson,Rosemary Anderson H.S. - Lents,English,74,
2024-25,Rosemary Anderson,Rosemary Anderson H.S. - Lents,Spanish,1,
2024-25,Rosemary Anderson,Rosemary Anderson H.S. - Lents,Vietnamese,0,
2024-25,Rosemary Anderson,Rosemary Anderson H.S. - Lents,Chinese,0,
2024-25,Rosemary Anderson,Rosemary Anderson H.S. - Lents,Russian,0,
2024-25,Rosemary Anderson,Rosemary Anderson H.S. - Lents,Somali/Maay-Maay,2,
2024-25,Rosemary Anderson,Rosemary Anderson H.S. - Lents,Japanese,0,
2024-25,Rosemary Anderson,Rosemary Anderson H.S. - Lents,Other,0,
2024-25,Rosemary Anderson,Rosemary Anderson H.S. - New Columbia,English,56,
2024-25,Rosemary Anderson,Rosemary Anderson H.S. - New Columbia,Spanish,15,
2024-25,Rosemary Anderson,Rosemary Anderson H.S. - New Columbia,Vietnamese,0,
2024-25,Rosemary Anderson,Rosemary Anderson H.S. - New Columbia,Chinese,0,
2024-25,Rosemary Anderson,Rosemary Anderson H.S. - New Columbia,Russian,0,
2024-25,Rosemary Anderson,Rosemary Anderson H.S. - New Columbia,Somali/Maay-Maay,0,
2024-25,Rosemary Anderson,Rosemary Anderson H.S. - New Columbia,Japanese,0,
2024-25,Rosemary Anderson,Rosemary Anderson H.S. - New Columbia,Other,1,
2024-25,Rosemary Anderson,Rosemary Anderson H.S. - North,English,63,
2024-25,Rosemary Anderson,Rosemary Anderson H.S. - North,Spanish,14,
2024-25,Rosemary Anderson,Rosemary Anderson H.S. - North,Vietnamese,0,
2024-25,Rosemary Anderson,Rosemary Anderson H.S. - North,Chinese,0,
2024-25,Rosemary Anderson,Rosemary Anderson H.S. - North,Russian,0,
2024-25,Rosemary Anderson,Rosemary Anderson H.S. - North,Somali/Maay-Maay,0,
2024-25,Rosemary Anderson,Rosemary Anderson H.S. - North,Japanese,0,
2024-25,Rosemary Anderson,Rosemary Anderson H.S. - North,Other,0,
2024-25,Rosemary Anderson,Rosemary Anderson M.S.,English,16,
2024-25,Rosemary Anderson,Rosemary Anderson M.S.,Spanish,3,
2024-25,Rosemary Anderson,Rosemary Anderson M.S.,Vietnamese,0,
2024-25,Rosemary Anderson,Rosemary Anderson M.S.,Chinese,0,
2024-25,Rosemary Anderson,Rosemary Anderson M.S.,Russian,0,
2024-25,Rosemary Anderson,Rosemary Anderson M.S.,Somali/Maay-Maay,0,
2024-25,Rosemary Anderson,Rosemary Anderson M.S.,Japanese,0,
2024-25,Rosemary Anderson,Rosemary Anderson M.S.,Other,0,
2024-25,Youth Builders,All,English,9,
2024-25,Youth Builders,All,Spanish,0,
2024-25,Youth Builders,All,Vietnamese,0,
2024-25,Youth Builders,All,Chinese,0,
2024-25,Youth Builders,All,Russian,0,
2024-25,Youth Builders,All,Somali/Maay-Maay,0,
2024-25,Youth Builders,All,Japanese,0,
2024-25,Youth Builders,All,Other,0,
2024-25,Youth Progress Association,All,English,4,
2024-25,Youth Progress Association,All,Spanish,0,
2024-25,Youth Progress Association,All,Vietnamese,0,
2024-25,Youth Progress Association,All,Chinese,0,
2024-25,Youth Progress Association,All,Russian,0,
2024-25,Youth Progress Association,All,Somali/Maay-Maay,0,
2024-25,Youth Progress Association,All,Japanese,0,
2024-25,Youth Progress Association,All,Other,0,
2024-25,CTC Northeast,All,English,41,
2024-25,CTC Northeast,All,Spanish,6,
2024-25,CTC Northeast,All,Vietnamese,0,
2024-25,CTC Northeast,All,Chinese,0,
2024-25,CTC Northeast,All,Russian,0,
2024-25,CTC Northeast,All,Somali/Maay-Maay,0,
2024-25,CTC Northeast,All,Japanese,0,
2024-25,CTC Northeast,All,Other,1,
2024-25,CTC Southeast,All,English,85,
2024-25,CTC Southeast,All,Spanish,2,
2024-25,CTC Southeast,All,Vietnamese,2,
2024-25,CTC Southeast,All,Chinese,0,
2024-25,CTC Southeast,All,Russian,0,
2024-25,CTC Southeast,All,Somali/Maay-Maay,1,
2024-25,CTC Southeast,All,Japanese,0,
2024-25,CTC Southeast,All,Other,2,
2024-25,DART Programs,Counterpoint,English,9,
2024-25,DART Programs,Counterpoint,Spanish,0,
2024-25,DART Programs,Counterpoint,Vietnamese,0,
2024-25,DART Programs,Counterpoint,Chinese,0,
2024-25,DART Programs,Counterpoint,Russian,0,
2024-25,DART Programs,Counterpoint,Somali/Maay-Maay,0,
2024-25,DART Programs,Counterpoint,Japanese,0,
2024-25,DART Programs,Counterpoint,Other,0,
2024-25,DART Programs,Edwards,English,10,
2024-25,DART Programs,Edwards,Spanish,0,
2024-25,DART Programs,Edwards,Vietnamese,0,
2024-25,DART Programs,Edwards,Chinese,0,
2024-25,DART Programs,Edwards,Russian,0,
2024-25,DART Programs,Edwards,Somali/Maay-Maay,0,
2024-25,DART Programs,Edwards,Japanese,0,
2024-25,DART Programs,Edwards,Other,0,
2024-25,DART Programs,Kuumba School,English,1,
2024-25,DART Programs,Kuumba School,Spanish,0,
2024-25,DART Programs,Kuumba School,Vietnamese,0,
2024-25,DART Programs,Kuumba School,Chinese,0,
2024-25,DART Programs,Kuumba School,Russian,0,
2024-25,DART Programs,Kuumba School,Somali/Maay-Maay,0,
2024-25,DART Programs,Kuumba School,Japanese,0,
2024-25,DART Programs,Kuumba School,Other,0,
2024-25,DART Programs,SAGE,English,11,
2024-25,DART Programs,SAGE,Spanish,0,
2024-25,DART Programs,SAGE,Vietnamese,0,
2024-25,DART Programs,SAGE,Chinese,0,
2024-25,DART Programs,SAGE,Russian,0,
2024-25,DART Programs,SAGE,Somali/Maay-Maay,0,
2024-25,DART Programs,SAGE,Japanese,0,
2024-25,DART Programs,SAGE,Other,0,
2024-25,DART Programs,Souther School,English,37,
2024-25,DART Programs,Souther School,Spanish,1,
2024-25,DART Programs,Souther School,Vietnamese,0,
2024-25,DART Programs,Souther School,Chinese,0,
2024-25,DART Programs,Souther School,Russian,0,
2024-25,DART Programs,Souther School,Somali/Maay-Maay,0,
2024-25,DART Programs,Souther School,Japanese,0,
2024-25,DART Programs,Souther School,Other,0,
2024-25,PPS Pioneer Programs,Pioneer 5-8 Youngson,English,24,
2024-25,PPS Pioneer Programs,Pioneer 5-8 Youngson,Spanish,0,
2024-25,PPS Pioneer Programs,Pioneer 5-8 Youngson,Vietnamese,1,
2024-25,PPS Pioneer Programs,Pioneer 5-8 Youngson,Chinese,0,
2024-25,PPS Pioneer Programs,Pioneer 5-8 Youngson,Russian,0,
2024-25,PPS Pioneer Programs,Pioneer 5-8 Youngson,Somali/Maay-Maay,0,
2024-25,PPS Pioneer Programs,Pioneer 5-8 Youngson,Japanese,0,
2024-25,PPS Pioneer Programs,Pioneer 5-8 Youngson,Other,0,
2024-25,PPS Pioneer Programs,Pioneer H.S.,English,24,
2024-25,PPS Pioneer Programs,Pioneer H.S.,Spanish,0,
2024-25,PPS Pioneer Programs,Pioneer H.S.,Vietnamese,0,
2024-25,PPS Pioneer Programs,Pioneer H.S.,Chinese,0,
2024-25,PPS Pioneer Programs,Pioneer H.S.,Russian,0,
2024-25,PPS Pioneer Programs,Pioneer H.S.,Somali/Maay-Maay,0,
2024-25,PPS Pioneer Programs,Pioneer H.S.,Japanese,0,
2024-25,PPS Pioneer Programs,Pioneer H.S.,Other,1,
2024-25,PPS Pioneer Programs,Pioneer K-6 Holladay Center,English,24,
2024-25,PPS Pioneer Programs,Pioneer K-6 Holladay Center,Spanish,0,
2024-25,PPS Pioneer Programs,Pioneer K-6 Holladay Center,Vietnamese,0,
2024-25,PPS Pioneer Programs,Pioneer K-6 Holladay Center,Chinese,0,
2024-25,PPS Pioneer Programs,Pioneer K-6 Holladay Center,Russian,0,
2024-25,PPS Pioneer Programs,Pioneer K-6 Holladay Center,Somali/Maay-Maay,0,
2024-25,PPS Pioneer Programs,Pioneer K-6 Holladay Center,Japanese,0,
2024-25,PPS Pioneer Programs,Pioneer K-6 Holladay Center,Other,0,
2024-25,Providence Hospital,All,English,12,
2024-25,Providence Hospital,All,Spanish,0,
2024-25,Providence Hospital,All,Vietnamese,0,
2024-25,Providence Hospital,All,Chinese,0,
2024-25,Providence Hospital,All,Russian,0,
2024-25,Providence Hospital,All,Somali/Maay-Maay,0,
2024-25,Providence Hospital,All,Japanese,0,
2024-25,Providence Hospital,All,Other,0,
2024-25,Serendipity,All,English,10,
2024-25,Serendipity,All,Spanish,0,
2024-25,Serendipity,All,Vietnamese,0,
2024-25,Serendipity,All,Chinese,0,
2024-25,Serendipity,All,Russian,0,
2024-25,Serendipity,All,Somali/Maay-Maay,0,
2024-25,Serendipity,All,Japanese,0,
2024-25,Serendipity,All,Other,0,
2024-25,Special Education Instruction,All,English,49,
2024-25,Special Education Instruction,All,Spanish,1,
2024-25,Special Education Instruction,All,Vietnamese,0,
2024-25,Special Education Instruction,All,Chinese,0,
2024-25,Special Education Instruction,All,Russian,0,
2024-25,Special Education Instruction,All,Somali/Maay-Maay,0,
2024-25,Special Education Instruction,All,Japanese,0,
2024-25,Special Education Instruction,All,Other,1,
2024-25,Arthur Academy,All,English,132,
2024-25,Arthur Academy,All,Spanish,4,
2024-25,Arthur Academy,All,Vietnamese,16,
2024-25,Arthur Academy,All,Chinese,0,
2024-25,Arthur Academy,All,Russian,1,
2024-25,Arthur Academy,All,Somali/Maay-Maay,0,
2024-25,Arthur Academy,All,Japanese,0,
2024-25,Arthur Academy,All,Other,13,
2024-25,Emerson School,All,English,124,
2024-25,Emerson School,All,Spanish,5,
2024-25,Emerson School,All,Vietnamese,0,
2024-25,Emerson School,All,Chinese,0,
2024-25,Emerson School,All,Russian,0,
2024-25,Emerson School,All,Somali/Maay-Maay,0,
2024-25,Emerson School,All,Japanese,0,
2024-25,Emerson School,All,Other,1,
2024-25,Kairos PDX,All,English,215,
2024-25,Kairos PDX,All,Spanish,5,
2024-25,Kairos PDX,All,Vietnamese,0,
2024-25,Kairos PDX,All,Chinese,0,
2024-25,Kairos PDX,All,Russian,0,
2024-25,Kairos PDX,All,Somali/Maay-Maay,0,
2024-25,Kairos PDX,All,Japanese,0,
2024-25,Kairos PDX,All,Other,6,
2024-25,Le Monde,All,English,356,
2024-25,Le Monde,All,Spanish,8,
2024-25,Le Monde,All,Vietnamese,0,
2024-25,Le Monde,All,Chinese,1,
2024-25,Le Monde,All,Russian,0,
2024-25,Le Monde,All,Somali/Maay-Maay,0,
2024-25,Le Monde,All,Japanese,1,
2024-25,Le Monde,All,Other,10,
2024-25,Portland Village School,All,English,393,
2024-25,Portland Village School,All,Spanish,7,
2024-25,Portland Village School,All,Vietnamese,0,
2024-25,Portland Village School,All,Chinese,0,
2024-25,Portland Village School,All,Russian,0,
2024-25,Portland Village School,All,Somali/Maay-Maay,0,
2024-25,Portland Village School,All,Japanese,1,
2024-25,Portland Village School,All,Other,7,
2025-26,Abernethy,All,English,265,
2025-26,Abernethy,All,Spanish,2,
2025-26,Abernethy,All,Vietnamese,1,
2025-26,Abernethy,All,Chinese,0,
2025-26,Abernethy,All,Russian,0,
2025-26,Abernethy,All,Somali/Maay-Maay,0,
2025-26,Abernethy,All,Japanese,0,
2025-26,Abernethy,All,Other,1,
2025-26,Ainsworth,Spanish Immersion,English,242,Spanish
2025-26,Ainsworth,Spanish Immersion,Spanish,42,Spanish
2025-26,Ainsworth,Spanish Immersion,Vietnamese,0,Spanish
2025-26,Ainsworth,Spanish Immersion,Chinese,0,Spanish
2025-26,Ainsworth,Spanish Immersion,Russian,0,Spanish
2025-26,Ainsworth,Spanish Immersion,Somali/Maay-Maay,0,Spanish
2025-26,Ainsworth,Spanish Immersion,Japanese,0,Spanish
2025-26,Ainsworth,Spanish Immersion,Other,3,Spanish
2025-26,Ainsworth,Neighborhood Program,English,246,
2025-26,Ainsworth,Neighborhood Program,Spanish,2,
2025-26,Ainsworth,Neighborhood Program,Vietnamese,0,
2025-26,Ainsworth,Neighborhood Program,Chinese,3,
2025-26,Ainsworth,Neighborhood Program,Russian,2,
2025-26,Ainsworth,Neighborhood Program,Somali/Maay-Maay,0,
2025-26,Ainsworth,Neighborhood Program,Japanese,3,
2025-26,Ainsworth,Neighborhood Program,Other,17,
2025-26,Alameda,All,English,508,
2025-26,Alameda,All,Spanish,1,
2025-26,Alameda,All,Vietnamese,0,
2025-26,Alameda,All,Chinese,0,
2025-26,Alameda,All,Russian,0,
2025-26,Alameda,All,Somali/Maay-Maay,0,
2025-26,Alameda,All,Japanese,0,
2025-26,Alameda,All,Other,4,
2025-26,Arleta,All,English,217,
2025-26,Arleta,All,Spanish,1,
2025-26,Arleta,All,Vietnamese,2,
2025-26,Arleta,All,Chinese,1,
2025-26,Arleta,All,Russian,1,
2025-26,Arleta,All,Somali/Maay-Maay,0,
2025-26,Arleta,All,Japanese,0,
2025-26,Arleta,All,Other,8,
2025-26,Astor,All,English,390,
2025-26,Astor,All,Spanish,8,
2025-26,Astor,All,Vietnamese,0,
2025-26,Astor,All,Chinese,0,
2025-26,Astor,All,Russian,0,
2025-26,Astor,All,Somali/Maay-Maay,0,
2025-26,Astor,All,Japanese,0,
2025-26,Astor,All,Other,2,
2025-26,Atkinson,Spanish Immersion,English,105,Spanish
2025-26,Atkinson,Spanish Immersion,Spanish,72,Spanish
2025-26,Atkinson,Spanish Immersion,Vietnamese,0,Spanish
2025-26,Atkinson,Spanish Immersion,Chinese,0,Spanish
2025-26,Atkinson,Spanish Immersion,Russian,0,Spanish
2025-26,Atkinson,Spanish Immersion,Somali/Maay-Maay,0,Spanish
2025-26,Atkinson,Spanish Immersion,Japanese,0,Spanish
2025-26,Atkinson,Spanish Immersion,Other,1,Spanish
2025-26,Atkinson,Neighborhood Program,English,187,
2025-26,Atkinson,Neighborhood Program,Spanish,0,
2025-26,Atkinson,Neighborhood Program,Vietnamese,0,
2025-26,Atkinson,Neighborhood Program,Chinese,0,
2025-26,Atkinson,Neighborhood Program,Russian,1,
2025-26,Atkinson,Neighborhood Program,Somali/Maay-Maay,0,
2025-26,Atkinson,Neighborhood Program,Japanese,0,
2025-26,Atkinson,Neighborhood Program,Other,0,
2025-26,Beach,Spanish Immersion,English,123,Spanish
2025-26,Beach,Spanish Immersion,Spanish,32,Spanish
2025-26,Beach,Spanish Immersion,Vietnamese,0,Spanish
2025-26,Beach,Spanish Immersion,Chinese,0,Spanish
2025-26,Beach,Spanish Immersion,Russian,0,Spanish
2025-26,Beach,Spanish Immersion,Somali/Maay-Maay,0,Spanish
2025-26,Beach,Spanish Immersion,Japanese,0,Spanish
2025-26,Beach,Spanish Immersion,Other,0,Spanish
2025-26,Beach,Neighborhood Program,English,123,
2025-26,Beach,Neighborhood Program,Spanish,2,
2025-26,Beach,Neighborhood Program,Vietnamese,0,
2025-26,Beach,Neighborhood Program,Chinese,0,
2025-26,Beach,Neighborhood Program,Russian,0,
2025-26,Beach,Neighborhood Program,Somali/Maay-Maay,0,
2025-26,Beach,Neighborhood Program,Japanese,0,
2025-26,Beach,Neighborhood Program,Other,8,
2025-26,Beverly Cleary,All,English,457,
2025-26,Beverly Cleary,All,Spanish,3,
2025-26,Beverly Cleary,All,Vietnamese,2,
2025-26,Beverly Cleary,All,Chinese,0,
2025-26,Beverly Cleary,All,Russian,2,
2025-26,Beverly Cleary,All,Somali/Maay-Maay,0,
2025-26,Beverly Cleary,All,Japanese,4,
2025-26,Beverly Cleary,All,Other,12,
2025-26,Boise-Eliot/Humboldt,All,English,282,
2025-26,Boise-Eliot/Humboldt,All,Spanish,3,
2025-26,Boise-Eliot/Humboldt,All,Vietnamese,0,
2025-26,Boise-Eliot/Humboldt,All,Chinese,0,
2025-26,Boise-Eliot/Humboldt,All,Russian,0,
2025-26,Boise-Eliot/Humboldt,All,Somali/Maay-Maay,4,
2025-26,Boise-Eliot/Humboldt,All,Japanese,0,
2025-26,Boise-Eliot/Humboldt,All,Other,5,
2025-26,Bridger Creative Science,All,English,422,
2025-26,Bridger Creative Science,All,Spanish,3,
2025-26,Bridger Creative Science,All,Vietnamese,7,
2025-26,Bridger Creative Science,All,Chinese,2,
2025-26,Bridger Creative Science,All,Russian,2,
2025-26,Bridger Creative Science,All,Somali/Maay-Maay,1,
2025-26,Bridger Creative Science,All,Japanese,0,
2025-26,Bridger Creative Science,All,Other,9,
2025-26,Bridlemile,All,English,406,
2025-26,Bridlemile,All,Spanish,6,
2025-26,Bridlemile,All,Vietnamese,0,
2025-26,Bridlemile,All,Chinese,3,
2025-26,Bridlemile,All,Russian,0,
2025-26,Bridlemile,All,Somali/Maay-Maay,0,
2025-26,Bridlemile,All,Japanese,0,
2025-26,Bridlemile,All,Other,8,
2025-26,Buckman,All,English,273,
2025-26,Buckman,All,Spanish,5,
2025-26,Buckman,All,Vietnamese,0,
2025-26,Buckman,All,Chinese,0,
2025-26,Buckman,All,Russian,0,
2025-26,Buckman,All,Somali/Maay-Maay,0,
2025-26,Buckman,All,Japanese,0,
2025-26,Buckman,All,Other,5,
2025-26,Capitol Hill,All,English,319,
2025-26,Capitol Hill,All,Spanish,1,
2025-26,Capitol Hill,All,Vietnamese,0,
2025-26,Capitol Hill,All,Chinese,0,
2025-26,Capitol Hill,All,Russian,0,
2025-26,Capitol Hill,All,Somali/Maay-Maay,0,
2025-26,Capitol Hill,All,Japanese,2,
2025-26,Capitol Hill,All,Other,3,
2025-26,César Chávez,Spanish Immersion,English,107,Spanish
2025-26,César Chávez,Spanish Immersion,Spanish,185,Spanish
2025-26,César Chávez,Spanish Immersion,Vietnamese,0,Spanish
2025-26,César Chávez,Spanish Immersion,Chinese,0,Spanish
2025-26,César Chávez,Spanish Immersion,Russian,0,Spanish
2025-26,César Chávez,Spanish Immersion,Somali/Maay-Maay,0,Spanish
2025-26,César Chávez,Spanish Immersion,Japanese,0,Spanish
2025-26,César Chávez,Spanish Immersion,Other,8,Spanish
2025-26,César Chávez,Neighborhood Program,English,110,
2025-26,César Chávez,Neighborhood Program,Spanish,19,
2025-26,César Chávez,Neighborhood Program,Vietnamese,2,
2025-26,César Chávez,Neighborhood Program,Chinese,0,
2025-26,César Chávez,Neighborhood Program,Russian,0,
2025-26,César Chávez,Neighborhood Program,Somali/Maay-Maay,1,
2025-26,César Chávez,Neighborhood Program,Japanese,0,
2025-26,César Chávez,Neighborhood Program,Other,11,
2025-26,Chapman,All,English,305,
2025-26,Chapman,All,Spanish,3,
2025-26,Chapman,All,Vietnamese,1,
2025-26,Chapman,All,Chinese,0,
2025-26,Chapman,All,Russian,7,
2025-26,Chapman,All,Somali/Maay-Maay,0,
2025-26,Chapman,All,Japanese,3,
2025-26,Chapman,All,Other,11,
2025-26,Chief Joseph,All,English,233,
2025-26,Chief Joseph,All,Spanish,7,
2025-26,Chief Joseph,All,Vietnamese,0,
2025-26,Chief Joseph,All,Chinese,0,
2025-26,Chief Joseph,All,Russian,0,
2025-26,Chief Joseph,All,Somali/Maay-Maay,0,
2025-26,Chief Joseph,All,Japanese,0,
2025-26,Chief Joseph,All,Other,2,
2025-26,Clark,Mandarin Immersion,English,34,Mandarin
2025-26,Clark,Mandarin Immersion,Spanish,1,Mandarin
2025-26,Clark,Mandarin Immersion,Vietnamese,3,Mandarin
2025-26,Clark,Mandarin Immersion,Chinese,52,Mandarin
2025-26,Clark,Mandarin Immersion,Russian,0,Mandarin
2025-26,Clark,Mandarin Immersion,Somali/Maay-Maay,0,Mandarin
2025-26,Clark,Mandarin Immersion,Japanese,0,Mandarin
2025-26,Clark,Mandarin Immersion,Other,1,Mandarin
2025-26,Clark,Neighborhood Program,English,198,
2025-26,Clark,Neighborhood Program,Spanish,15,
2025-26,Clark,Neighborhood Program,Vietnamese,10,
2025-26,Clark,Neighborhood Program,Chinese,4,
2025-26,Clark,Neighborhood Program,Russian,2,
2025-26,Clark,Neighborhood Program,Somali/Maay-Maay,10,
2025-26,Clark,Neighborhood Program,Japanese,0,
2025-26,Clark,Neighborhood Program,Other,34,
2025-26,Creston,All,English,186,
2025-26,Creston,All,Spanish,9,
2025-26,Creston,All,Vietnamese,2,
2025-26,Creston,All,Chinese,2,
2025-26,Creston,All,Russian,3,
2025-26,Creston,All,Somali/Maay-Maay,0,
2025-26,Creston,All,Japanese,0,
2025-26,Creston,All,Other,11,
2025-26,Duniway,All,English,359,
2025-26,Duniway,All,Spanish,0,
2025-26,Duniway,All,Vietnamese,1,
2025-26,Duniway,All,Chinese,0,
2025-26,Duniway,All,Russian,0,
2025-26,Duniway,All,Somali/Maay-Maay,0,
2025-26,Duniway,All,Japanese,0,
2025-26,Duniway,All,Other,2,
2025-26,Faubion,All,English,512,
2025-26,Faubion,All,Spanish,76,
2025-26,Faubion,All,Vietnamese,0,
2025-26,Faubion,All,Chinese,0,
2025-26,Faubion,All,Russian,0,
2025-26,Faubion,All,Somali/Maay-Maay,1,
2025-26,Faubion,All,Japanese,0,
2025-26,Faubion,All,Other,11,
2025-26,Forest Park,All,English,239,
2025-26,Forest Park,All,Spanish,8,
2025-26,Forest Park,All,Vietnamese,0,
2025-26,Forest Park,All,Chinese,8,
2025-26,Forest Park,All,Russian,2,
2025-26,Forest Park,All,Somali/Maay-Maay,0,
2025-26,Forest Park,All,Japanese,0,
2025-26,Forest Park,All,Other,7,
2025-26,Glencoe,All,English,332,
2025-26,Glencoe,All,Spanish,1,
2025-26,Glencoe,All,Vietnamese,0,
2025-26,Glencoe,All,Chinese,1,
2025-26,Glencoe,All,Russian,0,
2025-26,Glencoe,All,Somali/Maay-Maay,2,
2025-26,Glencoe,All,Japanese,0,
2025-26,Glencoe,All,Other,3,
2025-26,Grout,All,English,266,
2025-26,Grout,All,Spanish,16,
2025-26,Grout,All,Vietnamese,1,
2025-26,Grout,All,Chinese,0,
2025-26,Grout,All,Russian,1,
2025-26,Grout,All,Somali/Maay-Maay,0,
2025-26,Grout,All,Japanese,0,
2025-26,Grout,All,Other,43,
2025-26,Hayhurst,All,English,273,
2025-26,Hayhurst,All,Spanish,5,
2025-26,Hayhurst,All,Vietnamese,0,
2025-26,Hayhurst,All,Chinese,0,
2025-26,Hayhurst,All,Russian,2,
2025-26,Hayhurst,All,Somali/Maay-Maay,0,
2025-26,Hayhurst,All,Japanese,0,
2025-26,Hayhurst,All,Other,10,
2025-26,Irvington,All,English,249,
2025-26,Irvington,All,Spanish,6,
2025-26,Irvington,All,Vietnamese,0,
2025-26,Irvington,All,Chinese,0,
2025-26,Irvington,All,Russian,1,
2025-26,Irvington,All,Somali/Maay-Maay,0,
2025-26,Irvington,All,Japanese,0,
2025-26,Irvington,All,Other,3,
2025-26,James John,Spanish Immersion,English,64,Spanish
2025-26,James John,Spanish Immersion,Spanish,69,Spanish
2025-26,James John,Spanish Immersion,Vietnamese,0,Spanish
2025-26,James John,Spanish Immersion,Chinese,0,Spanish
2025-26,James John,Spanish Immersion,Russian,0,Spanish
2025-26,James John,Spanish Immersion,Somali/Maay-Maay,0,Spanish
2025-26,James John,Spanish Immersion,Japanese,0,Spanish
2025-26,James John,Spanish Immersion,Other,0,Spanish
2025-26,James John,Neighborhood Program,English,192,
2025-26,James John,Neighborhood Program,Spanish,21,
2025-26,James John,Neighborhood Program,Vietnamese,0,
2025-26,James John,Neighborhood Program,Chinese,0,
2025-26,James John,Neighborhood Program,Russian,2,
2025-26,James John,Neighborhood Program,Somali/Maay-Maay,0,
2025-26,James John,Neighborhood Program,Japanese,0,
2025-26,James John,Neighborhood Program,Other,17,
2025-26,Kelly,Russian Immersion,English,31,Russian
2025-26,Kelly,Russian Immersion,Spanish,2,Russian
2025-26,Kelly,Russian Immersion,Vietnamese,0,Russian
2025-26,Kelly,Russian Immersion,Chinese,0,Russian
2025-26,Kelly,Russian Immersion,Russian,97,Russian
2025-26,Kelly,Russian Immersion,Somali/Maay-Maay,0,Russian
2025-26,Kelly,Russian Immersion,Japanese,0,Russian
2025-26,Kelly,Russian Immersion,Other,13,Russian
2025-26,Kelly,Neighborhood Program,English,190,
2025-26,Kelly,Neighborhood Program,Spanish,37,
2025-26,Kelly,Neighborhood Program,Vietnamese,25,
2025-26,Kelly,Neighborhood Program,Chinese,1,
2025-26,Kelly,Neighborhood Program,Russian,2,
2025-26,Kelly,Neighborhood Program,Somali/Maay-Maay,5,
2025-26,Kelly,Neighborhood Program,Japanese,0,
2025-26,Kelly,Neighborhood Program,Other,8,
2025-26,Laurelhurst,All,English,601,
2025-26,Laurelhurst,All,Spanish,2,
2025-26,Laurelhurst,All,Vietnamese,1,
2025-26,Laurelhurst,All,Chinese,0,
2025-26,Laurelhurst,All,Russian,0,
2025-26,Laurelhurst,All,Somali/Maay-Maay,1,
2025-26,Laurelhurst,All,Japanese,0,
2025-26,Laurelhurst,All,Other,5,
2025-26,Lee,All,English,214,
2025-26,Lee,All,Spanish,13,
2025-26,Lee,All,Vietnamese,10,
2025-26,Lee,All,Chinese,0,
2025-26,Lee,All,Russian,1,
2025-26,Lee,All,Somali/Maay-Maay,2,
2025-26,Lee,All,Japanese,0,
2025-26,Lee,All,Other,11,
2025-26,Lent,All,English,137,Spanish
2025-26,Lent,All,Spanish,117,Spanish
2025-26,Lent,All,Vietnamese,0,Spanish
2025-26,Lent,All,Chinese,0,Spanish
2025-26,Lent,All,Russian,0,Spanish
2025-26,Lent,All,Somali/Maay-Maay,0,Spanish
2025-26,Lent,All,Japanese,0,Spanish
2025-26,Lent,All,Other,2,Spanish
2025-26,Lewis,All,English,252,
2025-26,Lewis,All,Spanish,2,
2025-26,Lewis,All,Vietnamese,1,
2025-26,Lewis,All,Chinese,2,
2025-26,Lewis,All,Russian,1,
2025-26,Lewis,All,Somali/Maay-Maay,0,
2025-26,Lewis,All,Japanese,0,
2025-26,Lewis,All,Other,1,
2025-26,Llewellyn,All,English,342,
2025-26,Llewellyn,All,Spanish,0,
2025-26,Llewellyn,All,Vietnamese,0,
2025-26,Llewellyn,All,Chinese,1,
2025-26,Llewellyn,All,Russian,0,
2025-26,Llewellyn,All,Somali/Maay-Maay,0,
2025-26,Llewellyn,All,Japanese,1,
2025-26,Llewellyn,All,Other,1,
2025-26,Maplewood,All,English,276,
2025-26,Maplewood,All,Spanish,4,
2025-26,Maplewood,All,Vietnamese,0,
2025-26,Maplewood,All,Chinese,0,
2025-26,Maplewood,All,Russian,0,
2025-26,Maplewood,All,Somali/Maay-Maay,0,
2025-26,Maplewood,All,Japanese,0,
2025-26,Maplewood,All,Other,7,
2025-26,Markham,All,English,302,
2025-26,Markham,All,Spanish,5,
2025-26,Markham,All,Vietnamese,0,
2025-26,Markham,All,Chinese,2,
2025-26,Markham,All,Russian,0,
2025-26,Markham,All,Somali/Maay-Maay,5,
2025-26,Markham,All,Japanese,1,
2025-26,Markham,All,Other,24,
2025-26,Marysville,All,English,259,
2025-26,Marysville,All,Spanish,16,
2025-26,Marysville,All,Vietnamese,8,
2025-26,Marysville,All,Chinese,2,
2025-26,Marysville,All,Russian,5,
2025-26,Marysville,All,Somali/Maay-Maay,0,
2025-26,Marysville,All,Japanese,0,
2025-26,Marysville,All,Other,17,
2025-26,MLK Jr,Mandarin Immersion,English,178,Mandarin
2025-26,MLK Jr,Mandarin Immersion,Spanish,5,Mandarin
2025-26,MLK Jr,Mandarin Immersion,Vietnamese,0,Mandarin
2025-26,MLK Jr,Mandarin Immersion,Chinese,3,Mandarin
2025-26,MLK Jr,Mandarin Immersion,Russian,0,Mandarin
2025-26,MLK Jr,Mandarin Immersion,Somali/Maay-Maay,0,Mandarin
2025-26,MLK Jr,Mandarin Immersion,Japanese,0,Mandarin
2025-26,MLK Jr,Mandarin Immersion,Other,7,Mandarin
2025-26,MLK Jr,Neighborhood Program,English,102,
2025-26,MLK Jr,Neighborhood Program,Spanish,18,
2025-26,MLK Jr,Neighborhood Program,Vietnamese,0,
2025-26,MLK Jr,Neighborhood Program,Chinese,1,
2025-26,MLK Jr,Neighborhood Program,Russian,0,
2025-26,MLK Jr,Neighborhood Program,Somali/Maay-Maay,0,
2025-26,MLK Jr,Neighborhood Program,Japanese,0,
2025-26,MLK Jr,Neighborhood Program,Other,5,
2025-26,Odyssey,All,English,210,
2025-26,Odyssey,All,Spanish,2,
2025-26,Odyssey,All,Vietnamese,0,
2025-26,Odyssey,All,Chinese,0,
2025-26,Odyssey,All,Russian,0,
2025-26,Odyssey,All,Somali/Maay-Maay,0,
2025-26,Odyssey,All,Japanese,0,
2025-26,Odyssey,All,Other,5,
2025-26,Peninsula,All,English,227,
2025-26,Peninsula,All,Spanish,6,
2025-26,Peninsula,All,Vietnamese,0,
2025-26,Peninsula,All,Chinese,0,
2025-26,Peninsula,All,Russian,0,
2025-26,Peninsula,All,Somali/Maay-Maay,1,
2025-26,Peninsula,All,Japanese,0,
2025-26,Peninsula,All,Other,5,
2025-26,Richmond,All,English,459,Japanese
2025-26,Richmond,All,Spanish,0,Japanese
2025-26,Richmond,All,Vietnamese,1,Japanese
2025-26,Richmond,All,Chinese,0,Japanese
2025-26,Richmond,All,Russian,2,Japanese
2025-26,Richmond,All,Somali/Maay-Maay,0,Japanese
2025-26,Richmond,All,Japanese,45,Japanese
2025-26,Richmond,All,Other,5,Japanese
2025-26,Rieke,All,English,256,
2025-26,Rieke,All,Spanish,3,
2025-26,Rieke,All,Vietnamese,0,
2025-26,Rieke,All,Chinese,0,
2025-26,Rieke,All,Russian,0,
2025-26,Rieke,All,Somali/Maay-Maay,0,
2025-26,Rieke,All,Japanese,0,
2025-26,Rieke,All,Other,5,
2025-26,Rigler,All,English,144,Spanish
2025-26,Rigler,All,Spanish,142,Spanish
2025-26,Rigler,All,Vietnamese,0,Spanish
2025-26,Rigler,All,Chinese,0,Spanish
2025-26,Rigler,All,Russian,0,Spanish
2025-26,Rigler,All,Somali/Maay-Maay,0,Spanish
2025-26,Rigler,All,Japanese,0,Spanish
2025-26,Rigler,All,Other,3,Spanish
2025-26,Rosa Parks,All,English,101,
2025-26,Rosa Parks,All,Spanish,29,
2025-26,Rosa Parks,All,Vietnamese,0,
2025-26,Rosa Parks,All,Chinese,0,
2025-26,Rosa Parks,All,Russian,2,
2025-26,Rosa Parks,All,Somali/Maay-Maay,9,
2025-26,Rosa Parks,All,Japanese,0,
2025-26,Rosa Parks,All,Other,19,
2025-26,Rose City Park,Vietnamese Immersion,English,123,Vietnamese
2025-26,Rose City Park,Vietnamese Immersion,Spanish,1,Vietnamese
2025-26,Rose City Park,Vietnamese Immersion,Vietnamese,82,Vietnamese
2025-26,Rose City Park,Vietnamese Immersion,Chinese,0,Vietnamese
2025-26,Rose City Park,Vietnamese Immersion,Russian,0,Vietnamese
2025-26,Rose City Park,Vietnamese Immersion,Somali/Maay-Maay,0,Vietnamese
2025-26,Rose City Park,Vietnamese Immersion,Japanese,0,Vietnamese
2025-26,Rose City Park,Vietnamese Immersion,Other,1,Vietnamese
2025-26,Rose City Park,Neighborhood Program,English,205,
2025-26,Rose City Park,Neighborhood Program,Spanish,2,
2025-26,Rose City Park,Neighborhood Program,Vietnamese,0,
2025-26,Rose City Park,Neighborhood Program,Chinese,0,
2025-26,Rose City Park,Neighborhood Program,Russian,0,
2025-26,Rose City Park,Neighborhood Program,Somali/Maay-Maay,0,
2025-26,Rose City Park,Neighborhood Program,Japanese,0,
2025-26,Rose City Park,Neighborhood Program,Other,3,
2025-26,Sabin,All,English,258,
2025-26,Sabin,All,Spanish,4,
2025-26,Sabin,All,Vietnamese,0,
2025-26,Sabin,All,Chinese,0,
2025-26,Sabin,All,Russian,1,
2025-26,Sabin,All,Somali/Maay-Maay,0,
2025-26,Sabin,All,Japanese,0,
2025-26,Sabin,All,Other,6,
2025-26,Scott,Spanish Immersion,English,135,Spanish
2025-26,Scott,Spanish Immersion,Spanish,81,Spanish
2025-26,Scott,Spanish Immersion,Vietnamese,0,Spanish
2025-26,Scott,Spanish Immersion,Chinese,0,Spanish
2025-26,Scott,Spanish Immersion,Russian,0,Spanish
2025-26,Scott,Spanish Immersion,Somali/Maay-Maay,1,Spanish
2025-26,Scott,Spanish Immersion,Japanese,0,Spanish
2025-26,Scott,Spanish Immersion,Other,5,Spanish
2025-26,Scott,Neighborhood Program,English,218,
2025-26,Scott,Neighborhood Program,Spanish,8,
2025-26,Scott,Neighborhood Program,Vietnamese,2,
2025-26,Scott,Neighborhood Program,Chinese,0,
2025-26,Scott,Neighborhood Program,Russian,0,
2025-26,Scott,Neighborhood Program,Somali/Maay-Maay,1,
2025-26,Scott,Neighborhood Program,Japanese,0,
2025-26,Scott,Neighborhood Program,Other,25,
2025-26,Sitton,Spanish Immersion,English,62,Spanish
2025-26,Sitton,Spanish Immersion,Spanish,75,Spanish
2025-26,Sitton,Spanish Immersion,Vietnamese,0,Spanish
2025-26,Sitton,Spanish Immersion,Chinese,0,Spanish
2025-26,Sitton,Spanish Immersion,Russian,0,Spanish
2025-26,Sitton,Spanish Immersion,Somali/Maay-Maay,0,Spanish
2025-26,Sitton,Spanish Immersion,Japanese,0,Spanish
2025-26,Sitton,Spanish Immersion,Other,1,Spanish
2025-26,Sitton,Neighborhood Program,English,181,
2025-26,Sitton,Neighborhood Program,Spanish,15,
2025-26,Sitton,Neighborhood Program,Vietnamese,1,
2025-26,Sitton,Neighborhood Program,Chinese,1,
2025-26,Sitton,Neighborhood Program,Russian,0,
2025-26,Sitton,Neighborhood Program,Somali/Maay-Maay,0,
2025-26,Sitton,Neighborhood Program,Japanese,0,
2025-26,Sitton,Neighborhood Program,Other,9,
2025-26,Skyline,All,English,202,
2025-26,Skyline,All,Spanish,3,
2025-26,Skyline,All,Vietnamese,0,
2025-26,Skyline,All,Chinese,0,
2025-26,Skyline,All,Russian,1,
2025-26,Skyline,All,Somali/Maay-Maay,0,
2025-26,Skyline,All,Japanese,0,
2025-26,Skyline,All,Other,1,
2025-26,Stephenson,All,English,268,
2025-26,Stephenson,All,Spanish,2,
2025-26,Stephenson,All,Vietnamese,0,
2025-26,Stephenson,All,Chinese,0,
2025-26,Stephenson,All,Russian,3,
2025-26,Stephenson,All,Somali/Maay-Maay,0,
2025-26,Stephenson,All,Japanese,2,
2025-26,Stephenson,All,Other,6,
2025-26,Sunnyside Environmental,All,English,473,
2025-26,Sunnyside Environmental,All,Spanish,4,
2025-26,Sunnyside Environmental,All,Vietnamese,0,
2025-26,Sunnyside Environmental,All,Chinese,0,
2025-26,Sunnyside Environmental,All,Russian,0,
2025-26,Sunnyside Environmental,All,Somali/Maay-Maay,0,
2025-26,Sunnyside Environmental,All,Japanese,0,
2025-26,Sunnyside Environmental,All,Other,8,
2025-26,Vernon,All,English,508,
2025-26,Vernon,All,Spanish,13,
2025-26,Vernon,All,Vietnamese,1,
2025-26,Vernon,All,Chinese,0,
2025-26,Vernon,All,Russian,1,
2025-26,Vernon,All,Somali/Maay-Maay,0,
2025-26,Vernon,All,Japanese,0,
2025-26,Vernon,All,Other,18,
2025-26,Vestal,All,English,242,
2025-26,Vestal,All,Spanish,12,
2025-26,Vestal,All,Vietnamese,4,
2025-26,Vestal,All,Chinese,2,
2025-26,Vestal,All,Russian,1,
2025-26,Vestal,All,Somali/Maay-Maay,3,
2025-26,Vestal,All,Japanese,0,
2025-26,Vestal,All,Other,19,
2025-26,Whitman,All,English,161,
2025-26,Whitman,All,Spanish,20,
2025-26,Whitman,All,Vietnamese,8,
2025-26,Whitman,All,Chinese,2,
2025-26,Whitman,All,Russian,0,
2025-26,Whitman,All,Somali/Maay-Maay,1,
2025-26,Whitman,All,Japanese,0,
2025-26,Whitman,All,Other,2,
2025-26,Winterhaven,All,English,302,
2025-26,Winterhaven,All,Spanish,1,
2025-26,Winterhaven,All,Vietnamese,0,
2025-26,Winterhaven,All,Chinese,4,
2025-26,Winterhaven,All,Russian,1,
2025-26,Winterhaven,All,Somali/Maay-Maay,0,
2025-26,Winterhaven,All,Japanese,2,
2025-26,Winterhaven,All,Other,6,
2025-26,Woodlawn,All,English,296,
2025-26,Woodlawn,All,Spanish,22,
2025-26,Woodlawn,All,Vietnamese,0,
2025-26,Woodlawn,All,Chinese,0,
2025-26,Woodlawn,All,Russian,0,
2025-26,Woodlawn,All,Somali/Maay-Maay,0,
2025-26,Woodlawn,All,Japanese,0,
2025-26,Woodlawn,All,Other,5,
2025-26,Woodmere,All,English,178,
2025-26,Woodmere,All,Spanish,21,
2025-26,Woodmere,All,Vietnamese,12,
2025-26,Woodmere,All,Chinese,2,
2025-26,Woodmere,All,Russian,0,
2025-26,Woodmere,All,Somali/Maay-Maay,2,
2025-26,Woodmere,All,Japanese,0,
2025-26,Woodmere,All,Other,12,
2025-26,Woodstock,Mandarin Immersion,English,133,Mandarin
2025-26,Woodstock,Mandarin Immersion,Spanish,0,Mandarin
2025-26,Woodstock,Mandarin Immersion,Vietnamese,0,Mandarin
2025-26,Woodstock,Mandarin Immersion,Chinese,56,Mandarin
2025-26,Woodstock,Mandarin Immersion,Russian,0,Mandarin
2025-26,Woodstock,Mandarin Immersion,Somali/Maay-Maay,0,Mandarin
2025-26,Woodstock,Mandarin Immersion,Japanese,1,Mandarin
2025-26,Woodstock,Mandarin Immersion,Other,0,Mandarin
2025-26,Woodstock,Neighborhood Program,English,168,
2025-26,Woodstock,Neighborhood Program,Spanish,3,
2025-26,Woodstock,Neighborhood Program,Vietnamese,0,
2025-26,Woodstock,Neighborhood Program,Chinese,1,
2025-26,Woodstock,Neighborhood Program,Russian,1,
2025-26,Woodstock,Neighborhood Program,Somali/Maay-Maay,0,
2025-26,Woodstock,Neighborhood Program,Japanese,0,
2025-26,Woodstock,Neighborhood Program,Other,4,
2025-26,Beaumont,Spanish Immersion,English,43,Spanish
2025-26,Beaumont,Spanish Immersion,Spanish,55,Spanish
2025-26,Beaumont,Spanish Immersion,Vietnamese,0,Spanish
2025-26,Beaumont,Spanish Immersion,Chinese,0,Spanish
2025-26,Beaumont,Spanish Immersion,Russian,0,Spanish
2025-26,Beaumont,Spanish Immersion,Somali/Maay-Maay,0,Spanish
2025-26,Beaumont,Spanish Immersion,Japanese,1,Spanish
2025-26,Beaumont,Spanish Immersion,Other,2,Spanish
2025-26,Beaumont,Neighborhood Program,English,311,
2025-26,Beaumont,Neighborhood Program,Spanish,2,
2025-26,Beaumont,Neighborhood Program,Vietnamese,1,
2025-26,Beaumont,Neighborhood Program,Chinese,0,
2025-26,Beaumont,Neighborhood Program,Russian,0,
2025-26,Beaumont,Neighborhood Program,Somali/Maay-Maay,0,
2025-26,Beaumont,Neighborhood Program,Japanese,0,
2025-26,Beaumont,Neighborhood Program,Other,1,
2025-26,da Vinci,All,English,424,
2025-26,da Vinci,All,Spanish,3,
2025-26,da Vinci,All,Vietnamese,0,
2025-26,da Vinci,All,Chinese,0,
2025-26,da Vinci,All,Russian,0,
2025-26,da Vinci,All,Somali/Maay-Maay,0,
2025-26,da Vinci,All,Japanese,0,
2025-26,da Vinci,All,Other,2,
2025-26,George,Spanish Immersion,English,25,Spanish
2025-26,George,Spanish Immersion,Spanish,83,Spanish
2025-26,George,Spanish Immersion,Vietnamese,0,Spanish
2025-26,George,Spanish Immersion,Chinese,0,Spanish
2025-26,George,Spanish Immersion,Russian,0,Spanish
2025-26,George,Spanish Immersion,Somali/Maay-Maay,0,Spanish
2025-26,George,Spanish Immersion,Japanese,0,Spanish
2025-26,George,Spanish Immersion,Other,1,Spanish
2025-26,George,Neighborhood Program,English,197,
2025-26,George,Neighborhood Program,Spanish,20,
2025-26,George,Neighborhood Program,Vietnamese,0,
2025-26,George,Neighborhood Program,Chinese,0,
2025-26,George,Neighborhood Program,Russian,1,
2025-26,George,Neighborhood Program,Somali/Maay-Maay,4,
2025-26,George,Neighborhood Program,Japanese,0,
2025-26,George,Neighborhood Program,Other,27,
2025-26,Gray,All,English,408,
2025-26,Gray,All,Spanish,6,
2025-26,Gray,All,Vietnamese,0,
2025-26,Gray,All,Chinese,1,
2025-26,Gray,All,Russian,2,
2025-26,Gray,All,Somali/Maay-Maay,2,
2025-26,Gray,All,Japanese,0,
2025-26,Gray,All,Other,13,
2025-26,Harriet Tubman,Mandarin Immersion,English,46,Mandarin
2025-26,Harriet Tubman,Mandarin Immersion,Spanish,1,Mandarin
2025-26,Harriet Tubman,Mandarin Immersion,Vietnamese,0,Mandarin
2025-26,Harriet Tubman,Mandarin Immersion,Chinese,0,Mandarin
2025-26,Harriet Tubman,Mandarin Immersion,Russian,0,Mandarin
2025-26,Harriet Tubman,Mandarin Immersion,Somali/Maay-Maay,0,Mandarin
2025-26,Harriet Tubman,Mandarin Immersion,Japanese,0,Mandarin
2025-26,Harriet Tubman,Mandarin Immersion,Other,1,Mandarin
2025-26,Harriet Tubman,Neighborhood Program,English,330,
2025-26,Harriet Tubman,Neighborhood Program,Spanish,16,
2025-26,Harriet Tubman,Neighborhood Program,Vietnamese,0,
2025-26,Harriet Tubman,Neighborhood Program,Chinese,0,
2025-26,Harriet Tubman,Neighborhood Program,Russian,0,
2025-26,Harriet Tubman,Neighborhood Program,Somali/Maay-Maay,1,
2025-26,Harriet Tubman,Neighborhood Program,Japanese,0,
2025-26,Harriet Tubman,Neighborhood Program,Other,7,
2025-26,Harrison Park,Mandarin Immersion,English,63,Mandarin
2025-26,Harrison Park,Mandarin Immersion,Spanish,0,Mandarin
2025-26,Harrison Park,Mandarin Immersion,Vietnamese,0,Mandarin
2025-26,Harrison Park,Mandarin Immersion,Chinese,48,Mandarin
2025-26,Harrison Park,Mandarin Immersion,Russian,0,Mandarin
2025-26,Harrison Park,Mandarin Immersion,Somali/Maay-Maay,0,Mandarin
2025-26,Harrison Park,Mandarin Immersion,Japanese,0,Mandarin
2025-26,Harrison Park,Mandarin Immersion,Other,0,Mandarin
2025-26,Harrison Park,Neighborhood Program,English,238,
2025-26,Harrison Park,Neighborhood Program,Spanish,17,
2025-26,Harrison Park,Neighborhood Program,Vietnamese,16,
2025-26,Harrison Park,Neighborhood Program,Chinese,4,
2025-26,Harrison Park,Neighborhood Program,Russian,1,
2025-26,Harrison Park,Neighborhood Program,Somali/Maay-Maay,12,
2025-26,Harrison Park,Neighborhood Program,Japanese,0,
2025-26,Harrison Park,Neighborhood Program,Other,20,
2025-26,Hosford,All,English,489,
2025-26,Hosford,All,Spanish,11,
2025-26,Hosford,All,Vietnamese,1,
2025-26,Hosford,All,Chinese,2,
2025-26,Hosford,All,Russian,1,
2025-26,Hosford,All,Somali/Maay-Maay,1,
2025-26,Hosford,All,Japanese,1,
2025-26,Hosford,All,Other,22,
2025-26,Jackson,All,English,636,
2025-26,Jackson,All,Spanish,10,
2025-26,Jackson,All,Vietnamese,0,
2025-26,Jackson,All,Chinese,0,
2025-26,Jackson,All,Russian,3,
2025-26,Jackson,All,Somali/Maay-Maay,8,
2025-26,Jackson,All,Japanese,0,
2025-26,Jackson,All,Other,32,
2025-26,Kellogg,Spanish Immersion,English,109,Spanish
2025-26,Kellogg,Spanish Immersion,Spanish,89,Spanish
2025-26,Kellogg,Spanish Immersion,Vietnamese,0,Spanish
2025-26,Kellogg,Spanish Immersion,Chinese,0,Spanish
2025-26,Kellogg,Spanish Immersion,Russian,0,Spanish
2025-26,Kellogg,Spanish Immersion,Somali/Maay-Maay,0,Spanish
2025-26,Kellogg,Spanish Immersion,Japanese,0,Spanish
2025-26,Kellogg,Spanish Immersion,Other,3,Spanish
2025-26,Kellogg,Neighborhood Program,English,276,
2025-26,Kellogg,Neighborhood Program,Spanish,14,
2025-26,Kellogg,Neighborhood Program,Vietnamese,16,
2025-26,Kellogg,Neighborhood Program,Chinese,8,
2025-26,Kellogg,Neighborhood Program,Russian,2,
2025-26,Kellogg,Neighborhood Program,Somali/Maay-Maay,2,
2025-26,Kellogg,Neighborhood Program,Japanese,0,
2025-26,Kellogg,Neighborhood Program,Other,12,
2025-26,Lane,Russian Immersion,English,7,Russian
2025-26,Lane,Russian Immersion,Spanish,2,Russian
2025-26,Lane,Russian Immersion,Vietnamese,0,Russian
2025-26,Lane,Russian Immersion,Chinese,0,Russian
2025-26,Lane,Russian Immersion,Russian,25,Russian
2025-26,Lane,Russian Immersion,Somali/Maay-Maay,0,Russian
2025-26,Lane,Russian Immersion,Japanese,0,Russian
2025-26,Lane,Russian Immersion,Other,2,Russian
2025-26,Lane,Neighborhood Program,English,319,
2025-26,Lane,Neighborhood Program,Spanish,48,
2025-26,Lane,Neighborhood Program,Vietnamese,21,
2025-26,Lane,Neighborhood Program,Chinese,5,
2025-26,Lane,Neighborhood Program,Russian,1,
2025-26,Lane,Neighborhood Program,Somali/Maay-Maay,2,
2025-26,Lane,Neighborhood Program,Japanese,0,
2025-26,Lane,Neighborhood Program,Other,15,
2025-26,Mt Tabor,Japanese Immersion,English,205,Japanese
2025-26,Mt Tabor,Japanese Immersion,Spanish,0,Japanese
2025-26,Mt Tabor,Japanese Immersion,Vietnamese,0,Japanese
2025-26,Mt Tabor,Japanese Immersion,Chinese,0,Japanese
2025-26,Mt Tabor,Japanese Immersion,Russian,0,Japanese
2025-26,Mt Tabor,Japanese Immersion,Somali/Maay-Maay,0,Japanese
2025-26,Mt Tabor,Japanese Immersion,Japanese,17,Japanese
2025-26,Mt Tabor,Japanese Immersion,Other,0,Japanese
2025-26,Mt Tabor,Neighborhood Program,English,199,
2025-26,Mt Tabor,Neighborhood Program,Spanish,3,
2025-26,Mt Tabor,Neighborhood Program,Vietnamese,1,
2025-26,Mt Tabor,Neighborhood Program,Chinese,0,
2025-26,Mt Tabor,Neighborhood Program,Russian,0,
2025-26,Mt Tabor,Neighborhood Program,Somali/Maay-Maay,3,
2025-26,Mt Tabor,Neighborhood Program,Japanese,1,
2025-26,Mt Tabor,Neighborhood Program,Other,1,
2025-26,Ockley Green,Spanish Immersion,English,52,Spanish
2025-26,Ockley Green,Spanish Immersion,Spanish,10,Spanish
2025-26,Ockley Green,Spanish Immersion,Vietnamese,0,Spanish
2025-26,Ockley Green,Spanish Immersion,Chinese,0,Spanish
2025-26,Ockley Green,Spanish Immersion,Russian,0,Spanish
2025-26,Ockley Green,Spanish Immersion,Somali/Maay-Maay,0,Spanish
2025-26,Ockley Green,Spanish Immersion,Japanese,0,Spanish
2025-26,Ockley Green,Spanish Immersion,Other,1,Spanish
2025-26,Ockley Green,Neighborhood Program,English,369,
2025-26,Ockley Green,Neighborhood Program,Spanish,15,
2025-26,Ockley Green,Neighborhood Program,Vietnamese,1,
2025-26,Ockley Green,Neighborhood Program,Chinese,0,
2025-26,Ockley Green,Neighborhood Program,Russian,1,
2025-26,Ockley Green,Neighborhood Program,Somali/Maay-Maay,0,
2025-26,Ockley Green,Neighborhood Program,Japanese,0,
2025-26,Ockley Green,Neighborhood Program,Other,11,
2025-26,Roseway Heights,Spanish Immersion,English,41,Spanish
2025-26,Roseway Heights,Spanish Immersion,Spanish,49,Spanish
2025-26,Roseway Heights,Spanish Immersion,Vietnamese,0,Spanish
2025-26,Roseway Heights,Spanish Immersion,Chinese,0,Spanish
2025-26,Roseway Heights,Spanish Immersion,Russian,0,Spanish
2025-26,Roseway Heights,Spanish Immersion,Somali/Maay-Maay,3,Spanish
2025-26,Roseway Heights,Spanish Immersion,Japanese,0,Spanish
2025-26,Roseway Heights,Spanish Immersion,Other,0,Spanish
2025-26,Roseway Heights,Vietnamese Immersion,English,23,Vietnamese
2025-26,Roseway Heights,Vietnamese Immersion,Spanish,0,Vietnamese
2025-26,Roseway Heights,Vietnamese Immersion,Vietnamese,41,Vietnamese
2025-26,Roseway Heights,Vietnamese Immersion,Chinese,0,Vietnamese
2025-26,Roseway Heights,Vietnamese Immersion,Russian,0,Vietnamese
2025-26,Roseway Heights,Vietnamese Immersion,Somali/Maay-Maay,0,Vietnamese
2025-26,Roseway Heights,Vietnamese Immersion,Japanese,0,Vietnamese
2025-26,Roseway Heights,Vietnamese Immersion,Other,0,Vietnamese
2025-26,Roseway Heights,Neighborhood Program,English,355,
2025-26,Roseway Heights,Neighborhood Program,Spanish,18,
2025-26,Roseway Heights,Neighborhood Program,Vietnamese,10,
2025-26,Roseway Heights,Neighborhood Program,Chinese,0,
2025-26,Roseway Heights,Neighborhood Program,Russian,1,
2025-26,Roseway Heights,Neighborhood Program,Somali/Maay-Maay,8,
2025-26,Roseway Heights,Neighborhood Program,Japanese,0,
2025-26,Roseway Heights,Neighborhood Program,Other,23,
2025-26,Sellwood,All,English,545,
2025-26,Sellwood,All,Spanish,3,
2025-26,Sellwood,All,Vietnamese,2,
2025-26,Sellwood,All,Chinese,1,
2025-26,Sellwood,All,Russian,4,
2025-26,Sellwood,All,Somali/Maay-Maay,0,
2025-26,Sellwood,All,Japanese,0,
2025-26,Sellwood,All,Other,9,
2025-26,West Sylvan,Spanish Immersion,English,101,Spanish
2025-26,West Sylvan,Spanish Immersion,Spanish,15,Spanish
2025-26,West Sylvan,Spanish Immersion,Vietnamese,0,Spanish
2025-26,West Sylvan,Spanish Immersion,Chinese,0,Spanish
2025-26,West Sylvan,Spanish Immersion,Russian,0,Spanish
2025-26,West Sylvan,Spanish Immersion,Somali/Maay-Maay,0,Spanish
2025-26,West Sylvan,Spanish Immersion,Japanese,0,Spanish
2025-26,West Sylvan,Spanish Immersion,Other,0,Spanish
2025-26,West Sylvan,Neighborhood Program,English,525,
2025-26,West Sylvan,Neighborhood Program,Spanish,3,
2025-26,West Sylvan,Neighborhood Program,Vietnamese,1,
2025-26,West Sylvan,Neighborhood Program,Chinese,11,
2025-26,West Sylvan,Neighborhood Program,Russian,2,
2025-26,West Sylvan,Neighborhood Program,Somali/Maay-Maay,0,
2025-26,West Sylvan,Neighborhood Program,Japanese,2,
2025-26,West Sylvan,Neighborhood Program,Other,23,
2025-26,Benson,All,English,879,
2025-26,Benson,All,Spanish,109,
2025-26,Benson,All,Vietnamese,10,
2025-26,Benson,All,Chinese,4,
2025-26,Benson,All,Russian,1,
2025-26,Benson,All,Somali/Maay-Maay,1,
2025-26,Benson,All,Japanese,1,
2025-26,Benson,All,Other,20,
2025-26,Cleveland,Mandarin Immersion,English,94,Mandarin
2025-26,Cleveland,Mandarin Immersion,Spanish,0,Mandarin
2025-26,Cleveland,Mandarin Immersion,Vietnamese,0,Mandarin
2025-26,Cleveland,Mandarin Immersion,Chinese,21,Mandarin
2025-26,Cleveland,Mandarin Immersion,Russian,0,Mandarin
2025-26,Cleveland,Mandarin Immersion,Somali/Maay-Maay,0,Mandarin
2025-26,Cleveland,Mandarin Immersion,Japanese,0,Mandarin
2025-26,Cleveland,Mandarin Immersion,Other,0,Mandarin
2025-26,Cleveland,Neighborhood Program,English,1264,
2025-26,Cleveland,Neighborhood Program,Spanish,23,
2025-26,Cleveland,Neighborhood Program,Vietnamese,4,
2025-26,Cleveland,Neighborhood Program,Chinese,4,
2025-26,Cleveland,Neighborhood Program,Russian,2,
2025-26,Cleveland,Neighborhood Program,Somali/Maay-Maay,1,
2025-26,Cleveland,Neighborhood Program,Japanese,0,
2025-26,Cleveland,Neighborhood Program,Other,38,
2025-26,Franklin,Russian Immersion,English,8,Russian
2025-26,Franklin,Russian Immersion,Spanish,0,Russian
2025-26,Franklin,Russian Immersion,Vietnamese,0,Russian
2025-26,Franklin,Russian Immersion,Chinese,0,Russian
2025-26,Franklin,Russian Immersion,Russian,18,Russian
2025-26,Franklin,Russian Immersion,Somali/Maay-Maay,0,Russian
2025-26,Franklin,Russian Immersion,Japanese,0,Russian
2025-26,Franklin,Russian Immersion,Other,3,Russian
2025-26,Franklin,Spanish Immersion,English,105,Spanish
2025-26,Franklin,Spanish Immersion,Spanish,65,Spanish
2025-26,Franklin,Spanish Immersion,Vietnamese,0,Spanish
2025-26,Franklin,Spanish Immersion,Chinese,0,Spanish
2025-26,Franklin,Spanish Immersion,Russian,0,Spanish
2025-26,Franklin,Spanish Immersion,Somali/Maay-Maay,0,Spanish
2025-26,Franklin,Spanish Immersion,Japanese,0,Spanish
2025-26,Franklin,Spanish Immersion,Other,3,Spanish
2025-26,Franklin,Neighborhood Program,English,1324,
2025-26,Franklin,Neighborhood Program,Spanish,78,
2025-26,Franklin,Neighborhood Program,Vietnamese,88,
2025-26,Franklin,Neighborhood Program,Chinese,29,
2025-26,Franklin,Neighborhood Program,Russian,0,
2025-26,Franklin,Neighborhood Program,Somali/Maay-Maay,10,
2025-26,Franklin,Neighborhood Program,Japanese,0,
2025-26,Franklin,Neighborhood Program,Other,49,
2025-26,Grant,Japanese Immersion,English,247,Japanese
2025-26,Grant,Japanese Immersion,Spanish,0,Japanese
2025-26,Grant,Japanese Immersion,Vietnamese,0,Japanese
2025-26,Grant,Japanese Immersion,Chinese,0,Japanese
2025-26,Grant,Japanese Immersion,Russian,0,Japanese
2025-26,Grant,Japanese Immersion,Somali/Maay-Maay,0,Japanese
2025-26,Grant,Japanese Immersion,Japanese,18,Japanese
2025-26,Grant,Japanese Immersion,Other,0,Japanese
2025-26,Grant,Neighborhood Program,English,1750,
2025-26,Grant,Neighborhood Program,Spanish,29,
2025-26,Grant,Neighborhood Program,Vietnamese,4,
2025-26,Grant,Neighborhood Program,Chinese,0,
2025-26,Grant,Neighborhood Program,Russian,0,
2025-26,Grant,Neighborhood Program,Somali/Maay-Maay,5,
2025-26,Grant,Neighborhood Program,Japanese,1,
2025-26,Grant,Neighborhood Program,Other,20,
2025-26,Ida B. Wells-Barnett,All,English,1495,
2025-26,Ida B. Wells-Barnett,All,Spanish,20,
2025-26,Ida B. Wells-Barnett,All,Vietnamese,1,
2025-26,Ida B. Wells-Barnett,All,Chinese,1,
2025-26,Ida B. Wells-Barnett,All,Russian,5,
2025-26,Ida B. Wells-Barnett,All,Somali/Maay-Maay,13,
2025-26,Ida B. Wells-Barnett,All,Japanese,0,
2025-26,Ida B. Wells-Barnett,All,Other,39,
2025-26,Jefferson,Mandarin Immersion,English,11,Mandarin
2025-26,Jefferson,Mandarin Immersion,Spanish,2,Mandarin
2025-26,Jefferson,Mandarin Immersion,Vietnamese,0,Mandarin
2025-26,Jefferson,Mandarin Immersion,Chinese,0,Mandarin
2025-26,Jefferson,Mandarin Immersion,Russian,0,Mandarin
2025-26,Jefferson,Mandarin Immersion,Somali/Maay-Maay,0,Mandarin
2025-26,Jefferson,Mandarin Immersion,Japanese,0,Mandarin
2025-26,Jefferson,Mandarin Immersion,Other,1,Mandarin
2025-26,Jefferson,Neighborhood Program,English,333,
2025-26,Jefferson,Neighborhood Program,Spanish,30,
2025-26,Jefferson,Neighborhood Program,Vietnamese,0,
2025-26,Jefferson,Neighborhood Program,Chinese,0,
2025-26,Jefferson,Neighborhood Program,Russian,0,
2025-26,Jefferson,Neighborhood Program,Somali/Maay-Maay,1,
2025-26,Jefferson,Neighborhood Program,Japanese,0,
2025-26,Jefferson,Neighborhood Program,Other,13,
2025-26,Lincoln,Spanish Immersion,English,160,Spanish
2025-26,Lincoln,Spanish Immersion,Spanish,16,Spanish
2025-26,Lincoln,Spanish Immersion,Vietnamese,0,Spanish
2025-26,Lincoln,Spanish Immersion,Chinese,1,Spanish
2025-26,Lincoln,Spanish Immersion,Russian,0,Spanish
2025-26,Lincoln,Spanish Immersion,Somali/Maay-Maay,0,Spanish
2025-26,Lincoln,Spanish Immersion,Japanese,0,Spanish
2025-26,Lincoln,Spanish Immersion,Other,1,Spanish
2025-26,Lincoln,Neighborhood Program,English,1389,
2025-26,Lincoln,Neighborhood Program,Spanish,13,
2025-26,Lincoln,Neighborhood Program,Vietnamese,4,
2025-26,Lincoln,Neighborhood Program,Chinese,10,
2025-26,Lincoln,Neighborhood Program,Russian,6,
2025-26,Lincoln,Neighborhood Program,Somali/Maay-Maay,0,
2025-26,Lincoln,Neighborhood Program,Japanese,4,
2025-26,Lincoln,Neighborhood Program,Other,43,
2025-26,McDaniel,Portland International Scholars,English,0,
2025-26,McDaniel,Portland International Scholars,Spanish,45,
2025-26,McDaniel,Portland International Scholars,Vietnamese,0,
2025-26,McDaniel,Portland International Scholars,Chinese,6,
2025-26,McDaniel,Portland International Scholars,Russian,0,
2025-26,McDaniel,Portland International Scholars,Somali/Maay-Maay,0,
2025-26,McDaniel,Portland International Scholars,Japanese,0,
2025-26,McDaniel,Portland International Scholars,Other,14,
2025-26,McDaniel,Spanish Immersion,English,79,Spanish
2025-26,McDaniel,Spanish Immersion,Spanish,125,Spanish
2025-26,McDaniel,Spanish Immersion,Vietnamese,0,Spanish
2025-26,McDaniel,Spanish Immersion,Chinese,0,Spanish
2025-26,McDaniel,Spanish Immersion,Russian,0,Spanish
2025-26,McDaniel,Spanish Immersion,Somali/Maay-Maay,0,Spanish
2025-26,McDaniel,Spanish Immersion,Japanese,0,Spanish
2025-26,McDaniel,Spanish Immersion,Other,1,Spanish
2025-26,McDaniel,Vietnamese Immersion,English,9,Vietnamese
2025-26,McDaniel,Vietnamese Immersion,Spanish,0,Vietnamese
2025-26,McDaniel,Vietnamese Immersion,Vietnamese,25,Vietnamese
2025-26,McDaniel,Vietnamese Immersion,Chinese,0,Vietnamese
2025-26,McDaniel,Vietnamese Immersion,Russian,0,Vietnamese
2025-26,McDaniel,Vietnamese Immersion,Somali/Maay-Maay,0,Vietnamese
2025-26,McDaniel,Vietnamese Immersion,Japanese,0,Vietnamese
2025-26,McDaniel,Vietnamese Immersion,Other,0,Vietnamese
2025-26,McDaniel,Neighborhood Program,English,1047,
2025-26,McDaniel,Neighborhood Program,Spanish,99,
2025-26,McDaniel,Neighborhood Program,Vietnamese,65,
2025-26,McDaniel,Neighborhood Program,Chinese,23,
2025-26,McDaniel,Neighborhood Program,Russian,10,
2025-26,McDaniel,Neighborhood Program,Somali/Maay-Maay,18,
2025-26,McDaniel,Neighborhood Program,Japanese,0,
2025-26,McDaniel,Neighborhood Program,Other,63,
2025-26,Roosevelt,Portland International Scholars,English,0,
2025-26,Roosevelt,Portland International Scholars,Spanish,36,
2025-26,Roosevelt,Portland International Scholars,Vietnamese,0,
2025-26,Roosevelt,Portland International Scholars,Chinese,0,
2025-26,Roosevelt,Portland International Scholars,Russian,0,
2025-26,Roosevelt,Portland International Scholars,Somali/Maay-Maay,0,
2025-26,Roosevelt,Portland International Scholars,Japanese,0,
2025-26,Roosevelt,Portland International Scholars,Other,2,
2025-26,Roosevelt,Spanish Immersion,English,137,Spanish
2025-26,Roosevelt,Spanish Immersion,Spanish,160,Spanish
2025-26,Roosevelt,Spanish Immersion,Vietnamese,0,Spanish
2025-26,Roosevelt,Spanish Immersion,Chinese,0,Spanish
2025-26,Roosevelt,Spanish Immersion,Russian,0,Spanish
2025-26,Roosevelt,Spanish Immersion,Somali/Maay-Maay,0,Spanish
2025-26,Roosevelt,Spanish Immersion,Japanese,0,Spanish
2025-26,Roosevelt,Spanish Immersion,Other,2,Spanish
2025-26,Roosevelt,Neighborhood Program,English,906,
2025-26,Roosevelt,Neighborhood Program,Spanish,118,
2025-26,Roosevelt,Neighborhood Program,Vietnamese,2,
2025-26,Roosevelt,Neighborhood Program,Chinese,0,
2025-26,Roosevelt,Neighborhood Program,Russian,2,
2025-26,Roosevelt,Neighborhood Program,Somali/Maay-Maay,8,
2025-26,Roosevelt,Neighborhood Program,Japanese,0,
2025-26,Roosevelt,Neighborhood Program,Other,46,
2025-26,ACCESS,All,English,311,
2025-26,ACCESS,All,Spanish,1,
2025-26,ACCESS,All,Vietnamese,0,
2025-26,ACCESS,All,Chinese,6,
2025-26,ACCESS,All,Russian,1,
2025-26,ACCESS,All,Somali/Maay-Maay,0,
2025-26,ACCESS,All,Japanese,1,
2025-26,ACCESS,All,Other,4,
2025-26,Alliance,Alliance - Alder,English,120,
2025-26,Alliance,Alliance - Alder,Spanish,8,
2025-26,Alliance,Alliance - Alder,Vietnamese,1,
2025-26,Alliance,Alliance - Alder,Chinese,0,
2025-26,Alliance,Alliance - Alder,Russian,0,
2025-26,Alliance,Alliance - Alder,Somali/Maay-Maay,0,
2025-26,Alliance,Alliance - Alder,Japanese,0,
2025-26,Alliance,Alliance - Alder,Other,1,
2025-26,Alliance,Alliance - Cedar,English,78,
2025-26,Alliance,Alliance - Cedar,Spanish,7,
2025-26,Alliance,Alliance - Cedar,Vietnamese,0,
2025-26,Alliance,Alliance - Cedar,Chinese,0,
2025-26,Alliance,Alliance - Cedar,Russian,0,
2025-26,Alliance,Alliance - Cedar,Somali/Maay-Maay,0,
2025-26,Alliance,Alliance - Cedar,Japanese,0,
2025-26,Alliance,Alliance - Cedar,Other,2,
2025-26,Head Start Early Childhood Ed,All,English,583,
2025-26,Head Start Early Childhood Ed,All,Spanish,178,
2025-26,Head Start Early Childhood Ed,All,Vietnamese,39,
2025-26,Head Start Early Childhood Ed,All,Chinese,21,
2025-26,Head Start Early Childhood Ed,All,Russian,5,
2025-26,Head Start Early Childhood Ed,All,Somali/Maay-Maay,6,
2025-26,Head Start Early Childhood Ed,All,Japanese,0,
2025-26,Head Start Early Childhood Ed,All,Other,25,
2025-26,Metro. Learning Center,Metro. Learning Center,English,272,
2025-26,Metro. Learning Center,Metro. Learning Center,Spanish,2,
2025-26,Metro. Learning Center,Metro. Learning Center,Vietnamese,0,
2025-26,Metro. Learning Center,Metro. Learning Center,Chinese,0,
2025-26,Metro. Learning Center,Metro. Learning Center,Russian,0,
2025-26,Metro. Learning Center,Metro. Learning Center,Somali/Maay-Maay,0,
2025-26,Metro. Learning Center,Metro. Learning Center,Japanese,0,
2025-26,Metro. Learning Center,Metro. Learning Center,Other,1,
2025-26,Mt Scott Learning Center,All,English,82,
2025-26,Mt Scott Learning Center,All,Spanish,2,
2025-26,Mt Scott Learning Center,All,Vietnamese,0,
2025-26,Mt Scott Learning Center,All,Chinese,0,
2025-26,Mt Scott Learning Center,All,Russian,0,
2025-26,Mt Scott Learning Center,All,Somali/Maay-Maay,0,
2025-26,Mt Scott Learning Center,All,Japanese,0,
2025-26,Mt Scott Learning Center,All,Other,0,
2025-26,NAYA Many Nations Academy,All,English,49,
2025-26,NAYA Many Nations Academy,All,Spanish,5,
2025-26,NAYA Many Nations Academy,All,Vietnamese,0,
2025-26,NAYA Many Nations Academy,All,Chinese,0,
2025-26,NAYA Many Nations Academy,All,Russian,0,
2025-26,NAYA Many Nations Academy,All,Somali/Maay-Maay,0,
2025-26,NAYA Many Nations Academy,All,Japanese,0,
2025-26,NAYA Many Nations Academy,All,Other,1,
2025-26,PCC,P.C.C. H.S. Completion,English,193,
2025-26,PCC,P.C.C. H.S. Completion,Spanish,5,
2025-26,PCC,P.C.C. H.S. Completion,Vietnamese,1,
2025-26,PCC,P.C.C. H.S. Completion,Chinese,0,
2025-26,PCC,P.C.C. H.S. Completion,Russian,3,
2025-26,PCC,P.C.C. H.S. Completion,Somali/Maay-Maay,0,
2025-26,PCC,P.C.C. H.S. Completion,Japanese,1,
2025-26,PCC,P.C.C. H.S. Completion,Other,4,
2025-26,PCC,P.C.C. YES!,English,128,
2025-26,PCC,P.C.C. YES!,Spanish,42,
2025-26,PCC,P.C.C. YES!,Vietnamese,3,
2025-26,PCC,P.C.C. YES!,Chinese,0,
2025-26,PCC,P.C.C. YES!,Russian,0,
2025-26,PCC,P.C.C. YES!,Somali/Maay-Maay,2,
2025-26,PCC,P.C.C. YES!,Japanese,0,
2025-26,PCC,P.C.C. YES!,Other,17,
2025-26,Rosemary Anderson,RA Prep Lents,English,55,
2025-26,Rosemary Anderson,RA Prep Lents,Spanish,1,
2025-26,Rosemary Anderson,RA Prep Lents,Vietnamese,0,
2025-26,Rosemary Anderson,RA Prep Lents,Chinese,0,
2025-26,Rosemary Anderson,RA Prep Lents,Russian,0,
2025-26,Rosemary Anderson,RA Prep Lents,Somali/Maay-Maay,3,
2025-26,Rosemary Anderson,RA Prep Lents,Japanese,0,
2025-26,Rosemary Anderson,RA Prep Lents,Other,1,
2025-26,Rosemary Anderson,RA Prep Middle School,English,12,
2025-26,Rosemary Anderson,RA Prep Middle School,Spanish,1,
2025-26,Rosemary Anderson,RA Prep Middle School,Vietnamese,0,
2025-26,Rosemary Anderson,RA Prep Middle School,Chinese,0,
2025-26,Rosemary Anderson,RA Prep Middle School,Russian,0,
2025-26,Rosemary Anderson,RA Prep Middle School,Somali/Maay-Maay,0,
2025-26,Rosemary Anderson,RA Prep Middle School,Japanese,0,
2025-26,Rosemary Anderson,RA Prep Middle School,Other,0,
2025-26,Rosemary Anderson,RA Prep North,English,99,
2025-26,Rosemary Anderson,RA Prep North,Spanish,16,
2025-26,Rosemary Anderson,RA Prep North,Vietnamese,0,
2025-26,Rosemary Anderson,RA Prep North,Chinese,0,
2025-26,Rosemary Anderson,RA Prep North,Russian,0,
2025-26,Rosemary Anderson,RA Prep North,Somali/Maay-Maay,0,
2025-26,Rosemary Anderson,RA Prep North,Japanese,0,
2025-26,Rosemary Anderson,RA Prep North,Other,5,
2025-26,Youth Builders,All,English,5,
2025-26,Youth Builders,All,Spanish,1,
2025-26,Youth Builders,All,Vietnamese,0,
2025-26,Youth Builders,All,Chinese,0,
2025-26,Youth Builders,All,Russian,0,
2025-26,Youth Builders,All,Somali/Maay-Maay,0,
2025-26,Youth Builders,All,Japanese,0,
2025-26,Youth Builders,All,Other,0,
2025-26,Youth Progress Association,All,English,3,
2025-26,Youth Progress Association,All,Spanish,0,
2025-26,Youth Progress Association,All,Vietnamese,0,
2025-26,Youth Progress Association,All,Chinese,0,
2025-26,Youth Progress Association,All,Russian,0,
2025-26,Youth Progress Association,All,Somali/Maay-Maay,0,
2025-26,Youth Progress Association,All,Japanese,0,
2025-26,Youth Progress Association,All,Other,0,
2025-26,CTC Northeast,All,English,34,
2025-26,CTC Northeast,All,Spanish,5,
2025-26,CTC Northeast,All,Vietnamese,1,
2025-26,CTC Northeast,All,Chinese,0,
2025-26,CTC Northeast,All,Russian,0,
2025-26,CTC Northeast,All,Somali/Maay-Maay,0,
2025-26,CTC Northeast,All,Japanese,0,
2025-26,CTC Northeast,All,Other,1,
2025-26,CTC Southeast,All,English,79,
2025-26,CTC Southeast,All,Spanish,7,
2025-26,CTC Southeast,All,Vietnamese,1,
2025-26,CTC Southeast,All,Chinese,0,
2025-26,CTC Southeast,All,Russian,0,
2025-26,CTC Southeast,All,Somali/Maay-Maay,0,
2025-26,CTC Southeast,All,Japanese,0,
2025-26,CTC Southeast,All,Other,1,
2025-26,DART Programs,Counterpoint,English,9,
2025-26,DART Programs,Counterpoint,Spanish,0,
2025-26,DART Programs,Counterpoint,Vietnamese,0,
2025-26,DART Programs,Counterpoint,Chinese,0,
2025-26,DART Programs,Counterpoint,Russian,0,
2025-26,DART Programs,Counterpoint,Somali/Maay-Maay,0,
2025-26,DART Programs,Counterpoint,Japanese,0,
2025-26,DART Programs,Counterpoint,Other,0,
2025-26,DART Programs,Edwards,English,19,
2025-26,DART Programs,Edwards,Spanish,0,
2025-26,DART Programs,Edwards,Vietnamese,0,
2025-26,DART Programs,Edwards,Chinese,0,
2025-26,DART Programs,Edwards,Russian,0,
2025-26,DART Programs,Edwards,Somali/Maay-Maay,0,
2025-26,DART Programs,Edwards,Japanese,0,
2025-26,DART Programs,Edwards,Other,0,
2025-26,DART Programs,Kuumba School,English,1,
2025-26,DART Programs,Kuumba School,Spanish,0,
2025-26,DART Programs,Kuumba School,Vietnamese,0,
2025-26,DART Programs,Kuumba School,Chinese,0,
2025-26,DART Programs,Kuumba School,Russian,0,
2025-26,DART Programs,Kuumba School,Somali/Maay-Maay,0,
2025-26,DART Programs,Kuumba School,Japanese,0,
2025-26,DART Programs,Kuumba School,Other,0,
2025-26,DART Programs,SAGE,English,10,
2025-26,DART Programs,SAGE,Spanish,0,
2025-26,DART Programs,SAGE,Vietnamese,0,
2025-26,DART Programs,SAGE,Chinese,0,
2025-26,DART Programs,SAGE,Russian,0,
2025-26,DART Programs,SAGE,Somali/Maay-Maay,0,
2025-26,DART Programs,SAGE,Japanese,0,
2025-26,DART Programs,SAGE,Other,0,
2025-26,DART Programs,Souther School,English,42,
2025-26,DART Programs,Souther School,Spanish,0,
2025-26,DART Programs,Souther School,Vietnamese,0,
2025-26,DART Programs,Souther School,Chinese,0,
2025-26,DART Programs,Souther School,Russian,0,
2025-26,DART Programs,Souther School,Somali/Maay-Maay,0,
2025-26,DART Programs,Souther School,Japanese,0,
2025-26,DART Programs,Souther School,Other,1,
2025-26,PPS Pioneer Programs,Pioneer 5-8 Youngson,English,19,
2025-26,PPS Pioneer Programs,Pioneer 5-8 Youngson,Spanish,0,
2025-26,PPS Pioneer Programs,Pioneer 5-8 Youngson,Vietnamese,1,
2025-26,PPS Pioneer Programs,Pioneer 5-8 Youngson,Chinese,0,
2025-26,PPS Pioneer Programs,Pioneer 5-8 Youngson,Russian,0,
2025-26,PPS Pioneer Programs,Pioneer 5-8 Youngson,Somali/Maay-Maay,0,
2025-26,PPS Pioneer Programs,Pioneer 5-8 Youngson,Japanese,0,
2025-26,PPS Pioneer Programs,Pioneer 5-8 Youngson,Other,0,
2025-26,PPS Pioneer Programs,Pioneer H.S.,English,19,
2025-26,PPS Pioneer Programs,Pioneer H.S.,Spanish,0,
2025-26,PPS Pioneer Programs,Pioneer H.S.,Vietnamese,0,
2025-26,PPS Pioneer Programs,Pioneer H.S.,Chinese,0,
2025-26,PPS Pioneer Programs,Pioneer H.S.,Russian,0,
2025-26,PPS Pioneer Programs,Pioneer H.S.,Somali/Maay-Maay,0,
2025-26,PPS Pioneer Programs,Pioneer H.S.,Japanese,0,
2025-26,PPS Pioneer Programs,Pioneer H.S.,Other,0,
2025-26,PPS Pioneer Programs,Pioneer K-6 Holladay Center,English,24,
2025-26,PPS Pioneer Programs,Pioneer K-6 Holladay Center,Spanish,0,
2025-26,PPS Pioneer Programs,Pioneer K-6 Holladay Center,Vietnamese,0,
2025-26,PPS Pioneer Programs,Pioneer K-6 Holladay Center,Chinese,0,
2025-26,PPS Pioneer Programs,Pioneer K-6 Holladay Center,Russian,0,
2025-26,PPS Pioneer Programs,Pioneer K-6 Holladay Center,Somali/Maay-Maay,0,
2025-26,PPS Pioneer Programs,Pioneer K-6 Holladay Center,Japanese,0,
2025-26,PPS Pioneer Programs,Pioneer K-6 Holladay Center,Other,0,
2025-26,Providence Hospital,All,English,12,
2025-26,Providence Hospital,All,Spanish,1,
2025-26,Providence Hospital,All,Vietnamese,0,
2025-26,Providence Hospital,All,Chinese,0,
2025-26,Providence Hospital,All,Russian,0,
2025-26,Providence Hospital,All,Somali/Maay-Maay,0,
2025-26,Providence Hospital,All,Japanese,0,
2025-26,Providence Hospital,All,Other,0,
2025-26,Serendipity,All,English,4,
2025-26,Serendipity,All,Spanish,0,
2025-26,Serendipity,All,Vietnamese,0,
2025-26,Serendipity,All,Chinese,0,
2025-26,Serendipity,All,Russian,0,
2025-26,Serendipity,All,Somali/Maay-Maay,0,
2025-26,Serendipity,All,Japanese,0,
2025-26,Serendipity,All,Other,0,
2025-26,Special Education Instruction,All,English,49,
2025-26,Special Education Instruction,All,Spanish,2,
2025-26,Special Education Instruction,All,Vietnamese,0,
2025-26,Special Education Instruction,All,Chinese,0,
2025-26,Special Education Instruction,All,Russian,0,
2025-26,Special Education Instruction,All,Somali/Maay-Maay,0,
2025-26,Special Education Instruction,All,Japanese,0,
2025-26,Special Education Instruction,All,Other,0,
2025-26,Arthur Academy,All,English,124,
2025-26,Arthur Academy,All,Spanish,3,
2025-26,Arthur Academy,All,Vietnamese,21,
2025-26,Arthur Academy,All,Chinese,0,
2025-26,Arthur Academy,All,Russian,2,
2025-26,Arthur Academy,All,Somali/Maay-Maay,1,
2025-26,Arthur Academy,All,Japanese,0,
2025-26,Arthur Academy,All,Other,16,
2025-26,Emerson School,All,English,134,
2025-26,Emerson School,All,Spanish,4,
2025-26,Emerson School,All,Vietnamese,0,
2025-26,Emerson School,All,Chinese,0,
2025-26,Emerson School,All,Russian,0,
2025-26,Emerson School,All,Somali/Maay-Maay,0,
2025-26,Emerson School,All,Japanese,0,
2025-26,Emerson School,All,Other,1,
2025-26,Kairos PDX,All,English,173,
2025-26,Kairos PDX,All,Spanish,2,
2025-26,Kairos PDX,All,Vietnamese,0,
2025-26,Kairos PDX,All,Chinese,0,
2025-26,Kairos PDX,All,Russian,0,
2025-26,Kairos PDX,All,Somali/Maay-Maay,0,
2025-26,Kairos PDX,All,Japanese,0,
2025-26,Kairos PDX,All,Other,3,
2025-26,Le Monde,All,English,365,
2025-26,Le Monde,All,Spanish,9,
2025-26,Le Monde,All,Vietnamese,0,
2025-26,Le Monde,All,Chinese,1,
2025-26,Le Monde,All,Russian,0,
2025-26,Le Monde,All,Somali/Maay-Maay,0,
2025-26,Le Monde,All,Japanese,0,
2025-26,Le Monde,All,Other,10,
2025-26,Portland Village School,All,English,422,
2025-26,Portland Village School,All,Spanish,4,
2025-26,Portland Village School,All,Vietnamese,0,
2025-26,Portland Village School,All,Chinese,0,
2025-26,Portland Village School,All,Russian,0,
2025-26,Portland Village School,All,Somali/Maay-Maay,0,
2025-26,Portland Village School,All,Japanese,0,
2025-26,Portland Village School,All,Other,8,
