year,section,school,program,residence_area,area_level,students,row_total
2023-24,Elementary,Abernethy,,School's own neighborhood,own_neighborhood,307,330
2023-24,Elementary,Abernethy,,Cleveland,high_school_area,10,330
2023-24,Elementary,Abernethy,,Franklin,high_school_area,10,330
2023-24,Elementary,Abernethy,,Grant,high_school_area,0,330
2023-24,Elementary,Abernethy,,Ida B. Wells-Barnett,high_school_area,0,330
2023-24,Elementary,Abernethy,,Jefferson/Grant,high_school_area,0,330
2023-24,Elementary,Abernethy,,Jefferson/McDaniel,high_school_area,0,330
2023-24,Elementary,Abernethy,,Jefferson/Roosevelt,high_school_area,0,330
2023-24,Elementary,Abernethy,,Lincoln,high_school_area,0,330
2023-24,Elementary,Abernethy,,McDaniel,high_school_area,3,330
2023-24,Elementary,Abernethy,,Roosevelt,high_school_area,0,330
2023-24,Elementary,Abernethy,,Out of District/Undetermined,other,0,330
2023-24,Elementary,Ainsworth,Neighborhood Program,School's own neighborhood,own_neighborhood,278,294
2023-24,Elementary,Ainsworth,Neighborhood Program,Cleveland,high_school_area,0,294
2023-24,Elementary,Ainsworth,Neighborhood Program,Franklin,high_school_area,0,294
2023-24,Elementary,Ainsworth,Neighborhood Program,Grant,high_school_area,0,294
2023-24,Elementary,Ainsworth,Neighborhood Program,Ida B. Wells-Barnett,high_school_area,2,294
2023-24,Elementary,Ainsworth,Neighborhood Program,Jefferson/Grant,high_school_area,0,294
2023-24,Elementary,Ainsworth,Neighborhood Program,Jefferson/McDaniel,high_school_area,0,294
2023-24,Elementary,Ainsworth,Neighborhood Program,Jefferson/Roosevelt,high_school_area,0,294
2023-24,Elementary,Ainsworth,Neighborhood Program,Lincoln,high_school_area,12,294
2023-24,Elementary,Ainsworth,Neighborhood Program,McDaniel,high_school_area,1,294
2023-24,Elementary,Ainsworth,Neighborhood Program,Roosevelt,high_school_area,1,294
2023-24,Elementary,Ainsworth,Neighborhood Program,Out of District/Undetermined,other,0,294
2023-24,Elementary,Ainsworth,Spanish Immersion,School's own neighborhood,own_neighborhood,140,291
2023-24,Elementary,Ainsworth,Spanish Immersion,Cleveland,high_school_area,5,291
2023-24,Elementary,Ainsworth,Spanish Immersion,Franklin,high_school_area,4,291
2023-24,Elementary,Ainsworth,Spanish Immersion,Grant,high_school_area,1,291
2023-24,Elementary,Ainsworth,Spanish Immersion,Ida B. Wells-Barnett,high_school_area,66,291
2023-24,Elementary,Ainsworth,Spanish Immersion,Jefferson/Grant,high_school_area,4,291
2023-24,Elementary,Ainsworth,Spanish Immersion,Jefferson/McDaniel,high_school_area,1,291
2023-24,Elementary,Ainsworth,Spanish Immersion,Jefferson/Roosevelt,high_school_area,3,291
2023-24,Elementary,Ainsworth,Spanish Immersion,Lincoln,high_school_area,56,291
2023-24,Elementary,Ainsworth,Spanish Immersion,McDaniel,high_school_area,1,291
2023-24,Elementary,Ainsworth,Spanish Immersion,Roosevelt,high_school_area,0,291
2023-24,Elementary,Ainsworth,Spanish Immersion,Out of District/Undetermined,other,10,291
2023-24,Elementary,Alameda,,School's own neighborhood,own_neighborhood,485,521
2023-24,Elementary,Alameda,,Cleveland,high_school_area,1,521
2023-24,Elementary,Alameda,,Franklin,high_school_area,3,521
2023-24,Elementary,Alameda,,Grant,high_school_area,2,521
2023-24,Elementary,Alameda,,Ida B. Wells-Barnett,high_school_area,0,521
2023-24,Elementary,Alameda,,Jefferson/Grant,high_school_area,4,521
2023-24,Elementary,Alameda,,Jefferson/McDaniel,high_school_area,6,521
2023-24,Elementary,Alameda,,Jefferson/Roosevelt,high_school_area,6,521
2023-24,Elementary,Alameda,,Lincoln,high_school_area,1,521
2023-24,Elementary,Alameda,,McDaniel,high_school_area,12,521
2023-24,Elementary,Alameda,,Roosevelt,high_school_area,0,521
2023-24,Elementary,Alameda,,Out of District/Undetermined,other,1,521
2023-24,Elementary,Arleta,,School's own neighborhood,own_neighborhood,198,274
2023-24,Elementary,Arleta,,Cleveland,high_school_area,9,274
2023-24,Elementary,Arleta,,Franklin,high_school_area,56,274
2023-24,Elementary,Arleta,,Grant,high_school_area,0,274
2023-24,Elementary,Arleta,,Ida B. Wells-Barnett,high_school_area,0,274
2023-24,Elementary,Arleta,,Jefferson/Grant,high_school_area,0,274
2023-24,Elementary,Arleta,,Jefferson/McDaniel,high_school_area,0,274
2023-24,Elementary,Arleta,,Jefferson/Roosevelt,high_school_area,0,274
2023-24,Elementary,Arleta,,Lincoln,high_school_area,0,274
2023-24,Elementary,Arleta,,McDaniel,high_school_area,3,274
2023-24,Elementary,Arleta,,Roosevelt,high_school_area,0,274
2023-24,Elementary,Arleta,,Out of District/Undetermined,other,8,274
2023-24,Elementary,Astor,,School's own neighborhood,own_neighborhood,291,375
2023-24,Elementary,Astor,,Cleveland,high_school_area,0,375
2023-24,Elementary,Astor,,Franklin,high_school_area,0,375
2023-24,Elementary,Astor,,Grant,high_school_area,0,375
2023-24,Elementary,Astor,,Ida B. Wells-Barnett,high_school_area,0,375
2023-24,Elementary,Astor,,Jefferson/Grant,high_school_area,2,375
2023-24,Elementary,Astor,,Jefferson/McDaniel,high_school_area,0,375
2023-24,Elementary,Astor,,Jefferson/Roosevelt,high_school_area,22,375
2023-24,Elementary,Astor,,Lincoln,high_school_area,0,375
2023-24,Elementary,Astor,,McDaniel,high_school_area,5,375
2023-24,Elementary,Astor,,Roosevelt,high_school_area,53,375
2023-24,Elementary,Astor,,Out of District/Undetermined,other,2,375
2023-24,Elementary,Atkinson,Neighborhood Program,School's own neighborhood,own_neighborhood,159,203
2023-24,Elementary,Atkinson,Neighborhood Program,Cleveland,high_school_area,7,203
2023-24,Elementary,Atkinson,Neighborhood Program,Franklin,high_school_area,25,203
2023-24,Elementary,Atkinson,Neighborhood Program,Grant,high_school_area,1,203
2023-24,Elementary,Atkinson,Neighborhood Program,Ida B. Wells-Barnett,high_school_area,0,203
2023-24,Elementary,Atkinson,Neighborhood Program,Jefferson/Grant,high_school_area,3,203
2023-24,Elementary,Atkinson,Neighborhood Program,Jefferson/McDaniel,high_school_area,1,203
2023-24,Elementary,Atkinson,Neighborhood Program,Jefferson/Roosevelt,high_school_area,1,203
2023-24,Elementary,Atkinson,Neighborhood Program,Lincoln,high_school_area,0,203
2023-24,Elementary,Atkinson,Neighborhood Program,McDaniel,high_school_area,3,203
2023-24,Elementary,Atkinson,Neighborhood Program,Roosevelt,high_school_area,2,203
2023-24,Elementary,Atkinson,Neighborhood Program,Out of District/Undetermined,other,1,203
2023-24,Elementary,Atkinson,Spanish Immersion,School's own neighborhood,own_neighborhood,61,163
2023-24,Elementary,Atkinson,Spanish Immersion,Cleveland,high_school_area,28,163
2023-24,Elementary,Atkinson,Spanish Immersion,Franklin,high_school_area,45,163
2023-24,Elementary,Atkinson,Spanish Immersion,Grant,high_school_area,4,163
2023-24,Elementary,Atkinson,Spanish Immersion,Ida B. Wells-Barnett,high_school_area,0,163
2023-24,Elementary,Atkinson,Spanish Immersion,Jefferson/Grant,high_school_area,0,163
2023-24,Elementary,Atkinson,Spanish Immersion,Jefferson/McDaniel,high_school_area,0,163
2023-24,Elementary,Atkinson,Spanish Immersion,Jefferson/Roosevelt,high_school_area,1,163
2023-24,Elementary,Atkinson,Spanish Immersion,Lincoln,high_school_area,0,163
2023-24,Elementary,Atkinson,Spanish Immersion,McDaniel,high_school_area,10,163
2023-24,Elementary,Atkinson,Spanish Immersion,Roosevelt,high_school_area,0,163
2023-24,Elementary,Atkinson,Spanish Immersion,Out of District/Undetermined,other,14,163
2023-24,Elementary,Beach,Neighborhood Program,School's own neighborhood,own_neighborhood,124,134
2023-24,Elementary,Beach,Neighborhood Program,Cleveland,high_school_area,0,134
2023-24,Elementary,Beach,Neighborhood Program,Franklin,high_school_area,0,134
2023-24,Elementary,Beach,Neighborhood Program,Grant,high_school_area,0,134
2023-24,Elementary,Beach,Neighborhood Program,Ida B. Wells-Barnett,high_school_area,1,134
2023-24,Elementary,Beach,Neighborhood Program,Jefferson/Grant,high_school_area,0,134
2023-24,Elementary,Beach,Neighborhood Program,Jefferson/McDaniel,high_school_area,0,134
2023-24,Elementary,Beach,Neighborhood Program,Jefferson/Roosevelt,high_school_area,5,134
2023-24,Elementary,Beach,Neighborhood Program,Lincoln,high_school_area,0,134
2023-24,Elementary,Beach,Neighborhood Program,McDaniel,high_school_area,0,134
2023-24,Elementary,Beach,Neighborhood Program,Roosevelt,high_school_area,4,134
2023-24,Elementary,Beach,Neighborhood Program,Out of District/Undetermined,other,0,134
2023-24,Elementary,Beach,Spanish Immersion,School's own neighborhood,own_neighborhood,95,191
2023-24,Elementary,Beach,Spanish Immersion,Cleveland,high_school_area,1,191
2023-24,Elementary,Beach,Spanish Immersion,Franklin,high_school_area,1,191
2023-24,Elementary,Beach,Spanish Immersion,Grant,high_school_area,1,191
2023-24,Elementary,Beach,Spanish Immersion,Ida B. Wells-Barnett,high_school_area,0,191
2023-24,Elementary,Beach,Spanish Immersion,Jefferson/Grant,high_school_area,26,191
2023-24,Elementary,Beach,Spanish Immersion,Jefferson/McDaniel,high_school_area,10,191
2023-24,Elementary,Beach,Spanish Immersion,Jefferson/Roosevelt,high_school_area,43,191
2023-24,Elementary,Beach,Spanish Immersion,Lincoln,high_school_area,1,191
2023-24,Elementary,Beach,Spanish Immersion,McDaniel,high_school_area,2,191
2023-24,Elementary,Beach,Spanish Immersion,Roosevelt,high_school_area,10,191
2023-24,Elementary,Beach,Spanish Immersion,Out of District/Undetermined,other,1,191
2023-24,Elementary,Beverly Cleary,,School's own neighborhood,own_neighborhood,472,560
2023-24,Elementary,Beverly Cleary,,Cleveland,high_school_area,2,560
2023-24,Elementary,Beverly Cleary,,Franklin,high_school_area,0,560
2023-24,Elementary,Beverly Cleary,,Grant,high_school_area,14,560
2023-24,Elementary,Beverly Cleary,,Ida B. Wells-Barnett,high_school_area,0,560
2023-24,Elementary,Beverly Cleary,,Jefferson/Grant,high_school_area,31,560
2023-24,Elementary,Beverly Cleary,,Jefferson/McDaniel,high_school_area,2,560
2023-24,Elementary,Beverly Cleary,,Jefferson/Roosevelt,high_school_area,7,560
2023-24,Elementary,Beverly Cleary,,Lincoln,high_school_area,1,560
2023-24,Elementary,Beverly Cleary,,McDaniel,high_school_area,26,560
2023-24,Elementary,Beverly Cleary,,Roosevelt,high_school_area,0,560
2023-24,Elementary,Beverly Cleary,,Out of District/Undetermined,other,5,560
2023-24,Elementary,Boise-Eliot/Humboldt,,School's own neighborhood,own_neighborhood,225,308
2023-24,Elementary,Boise-Eliot/Humboldt,,Cleveland,high_school_area,2,308
2023-24,Elementary,Boise-Eliot/Humboldt,,Franklin,high_school_area,3,308
2023-24,Elementary,Boise-Eliot/Humboldt,,Grant,high_school_area,4,308
2023-24,Elementary,Boise-Eliot/Humboldt,,Ida B. Wells-Barnett,high_school_area,1,308
2023-24,Elementary,Boise-Eliot/Humboldt,,Jefferson/Grant,high_school_area,8,308
2023-24,Elementary,Boise-Eliot/Humboldt,,Jefferson/McDaniel,high_school_area,7,308
2023-24,Elementary,Boise-Eliot/Humboldt,,Jefferson/Roosevelt,high_school_area,20,308
2023-24,Elementary,Boise-Eliot/Humboldt,,Lincoln,high_school_area,4,308
2023-24,Elementary,Boise-Eliot/Humboldt,,McDaniel,high_school_area,17,308
2023-24,Elementary,Boise-Eliot/Humboldt,,Roosevelt,high_school_area,8,308
2023-24,Elementary,Boise-Eliot/Humboldt,,Out of District/Undetermined,other,9,308
2023-24,Elementary,Bridger Creative Science,,School's own neighborhood,own_neighborhood,128,515
2023-24,Elementary,Bridger Creative Science,,Cleveland,high_school_area,25,515
2023-24,Elementary,Bridger Creative Science,,Franklin,high_school_area,178,515
2023-24,Elementary,Bridger Creative Science,,Grant,high_school_area,2,515
2023-24,Elementary,Bridger Creative Science,,Ida B. Wells-Barnett,high_school_area,0,515
2023-24,Elementary,Bridger Creative Science,,Jefferson/Grant,high_school_area,4,515
2023-24,Elementary,Bridger Creative Science,,Jefferson/McDaniel,high_school_area,4,515
2023-24,Elementary,Bridger Creative Science,,Jefferson/Roosevelt,high_school_area,2,515
2023-24,Elementary,Bridger Creative Science,,Lincoln,high_school_area,0,515
2023-24,Elementary,Bridger Creative Science,,McDaniel,high_school_area,151,515
2023-24,Elementary,Bridger Creative Science,,Roosevelt,high_school_area,2,515
2023-24,Elementary,Bridger Creative Science,,Out of District/Undetermined,other,19,515
2023-24,Elementary,Bridlemile,,School's own neighborhood,own_neighborhood,409,446
2023-24,Elementary,Bridlemile,,Cleveland,high_school_area,0,446
2023-24,Elementary,Bridlemile,,Franklin,high_school_area,3,446
2023-24,Elementary,Bridlemile,,Grant,high_school_area,1,446
2023-24,Elementary,Bridlemile,,Ida B. Wells-Barnett,high_school_area,18,446
2023-24,Elementary,Bridlemile,,Jefferson/Grant,high_school_area,0,446
2023-24,Elementary,Bridlemile,,Jefferson/McDaniel,high_school_area,0,446
2023-24,Elementary,Bridlemile,,Jefferson/Roosevelt,high_school_area,0,446
2023-24,Elementary,Bridlemile,,Lincoln,high_school_area,7,446
2023-24,Elementary,Bridlemile,,McDaniel,high_school_area,0,446
2023-24,Elementary,Bridlemile,,Roosevelt,high_school_area,1,446
2023-24,Elementary,Bridlemile,,Out of District/Undetermined,other,7,446
2023-24,Elementary,Buckman,,School's own neighborhood,own_neighborhood,149,371
2023-24,Elementary,Buckman,,Cleveland,high_school_area,39,371
2023-24,Elementary,Buckman,,Franklin,high_school_area,67,371
2023-24,Elementary,Buckman,,Grant,high_school_area,6,371
2023-24,Elementary,Buckman,,Ida B. Wells-Barnett,high_school_area,2,371
2023-24,Elementary,Buckman,,Jefferson/Grant,high_school_area,15,371
2023-24,Elementary,Buckman,,Jefferson/McDaniel,high_school_area,15,371
2023-24,Elementary,Buckman,,Jefferson/Roosevelt,high_school_area,20,371
2023-24,Elementary,Buckman,,Lincoln,high_school_area,1,371
2023-24,Elementary,Buckman,,McDaniel,high_school_area,48,371
2023-24,Elementary,Buckman,,Roosevelt,high_school_area,2,371
2023-24,Elementary,Buckman,,Out of District/Undetermined,other,7,371
2023-24,Elementary,Capitol Hill,,School's own neighborhood,own_neighborhood,337,361
2023-24,Elementary,Capitol Hill,,Cleveland,high_school_area,0,361
2023-24,Elementary,Capitol Hill,,Franklin,high_school_area,0,361
2023-24,Elementary,Capitol Hill,,Grant,high_school_area,0,361
2023-24,Elementary,Capitol Hill,,Ida B. Wells-Barnett,high_school_area,21,361
2023-24,Elementary,Capitol Hill,,Jefferson/Grant,high_school_area,0,361
2023-24,Elementary,Capitol Hill,,Jefferson/McDaniel,high_school_area,0,361
2023-24,Elementary,Capitol Hill,,Jefferson/Roosevelt,high_school_area,1,361
2023-24,Elementary,Capitol Hill,,Lincoln,high_school_area,0,361
2023-24,Elementary,Capitol Hill,,McDaniel,high_school_area,0,361
2023-24,Elementary,Capitol Hill,,Roosevelt,high_school_area,0,361
2023-24,Elementary,Capitol Hill,,Out of District/Undetermined,other,2,361
2023-24,Elementary,César Chávez,Neighborhood Program,School's own neighborhood,own_neighborhood,113,156
2023-24,Elementary,César Chávez,Neighborhood Program,Cleveland,high_school_area,0,156
2023-24,Elementary,César Chávez,Neighborhood Program,Franklin,high_school_area,0,156
2023-24,Elementary,César Chávez,Neighborhood Program,Grant,high_school_area,0,156
2023-24,Elementary,César Chávez,Neighborhood Program,Ida B. Wells-Barnett,high_school_area,0,156
2023-24,Elementary,César Chávez,Neighborhood Program,Jefferson/Grant,high_school_area,0,156
2023-24,Elementary,César Chávez,Neighborhood Program,Jefferson/McDaniel,high_school_area,0,156
2023-24,Elementary,César Chávez,Neighborhood Program,Jefferson/Roosevelt,high_school_area,6,156
2023-24,Elementary,César Chávez,Neighborhood Program,Lincoln,high_school_area,0,156
2023-24,Elementary,César Chávez,Neighborhood Program,McDaniel,high_school_area,0,156
2023-24,Elementary,César Chávez,Neighborhood Program,Roosevelt,high_school_area,37,156
2023-24,Elementary,César Chávez,Neighborhood Program,Out of District/Undetermined,other,0,156
2023-24,Elementary,César Chávez,Spanish Immersion,School's own neighborhood,own_neighborhood,118,325
2023-24,Elementary,César Chávez,Spanish Immersion,Cleveland,high_school_area,0,325
2023-24,Elementary,César Chávez,Spanish Immersion,Franklin,high_school_area,0,325
2023-24,Elementary,César Chávez,Spanish Immersion,Grant,high_school_area,0,325
2023-24,Elementary,César Chávez,Spanish Immersion,Ida B. Wells-Barnett,high_school_area,0,325
2023-24,Elementary,César Chávez,Spanish Immersion,Jefferson/Grant,high_school_area,2,325
2023-24,Elementary,César Chávez,Spanish Immersion,Jefferson/McDaniel,high_school_area,2,325
2023-24,Elementary,César Chávez,Spanish Immersion,Jefferson/Roosevelt,high_school_area,38,325
2023-24,Elementary,César Chávez,Spanish Immersion,Lincoln,high_school_area,2,325
2023-24,Elementary,César Chávez,Spanish Immersion,McDaniel,high_school_area,5,325
2023-24,Elementary,César Chávez,Spanish Immersion,Roosevelt,high_school_area,156,325
2023-24,Elementary,César Chávez,Spanish Immersion,Out of District/Undetermined,other,2,325
2023-24,Elementary,Chapman,,School's own neighborhood,own_neighborhood,328,344
2023-24,Elementary,Chapman,,Cleveland,high_school_area,1,344
2023-24,Elementary,Chapman,,Franklin,high_school_area,1,344
2023-24,Elementary,Chapman,,Grant,high_school_area,0,344
2023-24,Elementary,Chapman,,Ida B. Wells-Barnett,high_school_area,1,344
2023-24,Elementary,Chapman,,Jefferson/Grant,high_school_area,2,344
2023-24,Elementary,Chapman,,Jefferson/McDaniel,high_school_area,2,344
2023-24,Elementary,Chapman,,Jefferson/Roosevelt,high_school_area,1,344
2023-24,Elementary,Chapman,,Lincoln,high_school_area,1,344
2023-24,Elementary,Chapman,,McDaniel,high_school_area,0,344
2023-24,Elementary,Chapman,,Roosevelt,high_school_area,3,344
2023-24,Elementary,Chapman,,Out of District/Undetermined,other,4,344
2023-24,Elementary,Chief Joseph,,School's own neighborhood,own_neighborhood,232,265
2023-24,Elementary,Chief Joseph,,Cleveland,high_school_area,0,265
2023-24,Elementary,Chief Joseph,,Franklin,high_school_area,0,265
2023-24,Elementary,Chief Joseph,,Grant,high_school_area,0,265
2023-24,Elementary,Chief Joseph,,Ida B. Wells-Barnett,high_school_area,0,265
2023-24,Elementary,Chief Joseph,,Jefferson/Grant,high_school_area,2,265
2023-24,Elementary,Chief Joseph,,Jefferson/McDaniel,high_school_area,2,265
2023-24,Elementary,Chief Joseph,,Jefferson/Roosevelt,high_school_area,24,265
2023-24,Elementary,Chief Joseph,,Lincoln,high_school_area,0,265
2023-24,Elementary,Chief Joseph,,McDaniel,high_school_area,1,265
2023-24,Elementary,Chief Joseph,,Roosevelt,high_school_area,4,265
2023-24,Elementary,Chief Joseph,,Out of District/Undetermined,other,0,265
2023-24,Elementary,Clark,Mandarin Immersion,School's own neighborhood,own_neighborhood,55,80
2023-24,Elementary,Clark,Mandarin Immersion,Cleveland,high_school_area,1,80
2023-24,Elementary,Clark,Mandarin Immersion,Franklin,high_school_area,13,80
2023-24,Elementary,Clark,Mandarin Immersion,Grant,high_school_area,0,80
2023-24,Elementary,Clark,Mandarin Immersion,Ida B. Wells-Barnett,high_school_area,2,80
2023-24,Elementary,Clark,Mandarin Immersion,Jefferson/Grant,high_school_area,0,80
2023-24,Elementary,Clark,Mandarin Immersion,Jefferson/McDaniel,high_school_area,0,80
2023-24,Elementary,Clark,Mandarin Immersion,Jefferson/Roosevelt,high_school_area,0,80
2023-24,Elementary,Clark,Mandarin Immersion,Lincoln,high_school_area,0,80
2023-24,Elementary,Clark,Mandarin Immersion,McDaniel,high_school_area,0,80
2023-24,Elementary,Clark,Mandarin Immersion,Roosevelt,high_school_area,0,80
2023-24,Elementary,Clark,Mandarin Immersion,Out of District/Undetermined,other,9,80
2023-24,Elementary,Clark,Neighborhood Program,School's own neighborhood,own_neighborhood,244,261
2023-24,Elementary,Clark,Neighborhood Program,Cleveland,high_school_area,4,261
2023-24,Elementary,Clark,Neighborhood Program,Franklin,high_school_area,6,261
2023-24,Elementary,Clark,Neighborhood Program,Grant,high_school_area,0,261
2023-24,Elementary,Clark,Neighborhood Program,Ida B. Wells-Barnett,high_school_area,0,261
2023-24,Elementary,Clark,Neighborhood Program,Jefferson/Grant,high_school_area,0,261
2023-24,Elementary,Clark,Neighborhood Program,Jefferson/McDaniel,high_school_area,0,261
2023-24,Elementary,Clark,Neighborhood Program,Jefferson/Roosevelt,high_school_area,0,261
2023-24,Elementary,Clark,Neighborhood Program,Lincoln,high_school_area,0,261
2023-24,Elementary,Clark,Neighborhood Program,McDaniel,high_school_area,0,261
2023-24,Elementary,Clark,Neighborhood Program,Roosevelt,high_school_area,0,261
2023-24,Elementary,Clark,Neighborhood Program,Out of District/Undetermined,other,7,261
2023-24,Elementary,Creston,,School's own neighborhood,own_neighborhood,186,238
2023-24,Elementary,Creston,,Cleveland,high_school_area,7,238
2023-24,Elementary,Creston,,Franklin,high_school_area,11,238
2023-24,Elementary,Creston,,Grant,high_school_area,0,238
2023-24,Elementary,Creston,,Ida B. Wells-Barnett,high_school_area,4,238
2023-24,Elementary,Creston,,Jefferson/Grant,high_school_area,0,238
2023-24,Elementary,Creston,,Jefferson/McDaniel,high_school_area,0,238
2023-24,Elementary,Creston,,Jefferson/Roosevelt,high_school_area,2,238
2023-24,Elementary,Creston,,Lincoln,high_school_area,0,238
2023-24,Elementary,Creston,,McDaniel,high_school_area,4,238
2023-24,Elementary,Creston,,Roosevelt,high_school_area,4,238
2023-24,Elementary,Creston,,Out of District/Undetermined,other,20,238
2023-24,Elementary,Duniway,,School's own neighborhood,own_neighborhood,392,409
2023-24,Elementary,Duniway,,Cleveland,high_school_area,12,409
2023-24,Elementary,Duniway,,Franklin,high_school_area,0,409
2023-24,Elementary,Duniway,,Grant,high_school_area,0,409
2023-24,Elementary,Duniway,,Ida B. Wells-Barnett,high_school_area,0,409
2023-24,Elementary,Duniway,,Jefferson/Grant,high_school_area,0,409
2023-24,Elementary,Duniway,,Jefferson/McDaniel,high_school_area,0,409
2023-24,Elementary,Duniway,,Jefferson/Roosevelt,high_school_area,1,409
2023-24,Elementary,Duniway,,Lincoln,high_school_area,0,409
2023-24,Elementary,Duniway,,McDaniel,high_school_area,0,409
2023-24,Elementary,Duniway,,Roosevelt,high_school_area,0,409
2023-24,Elementary,Duniway,,Out of District/Undetermined,other,4,409
2023-24,Elementary,Faubion,,School's own neighborhood,own_neighborhood,500,571
2023-24,Elementary,Faubion,,Cleveland,high_school_area,0,571
2023-24,Elementary,Faubion,,Franklin,high_school_area,6,571
2023-24,Elementary,Faubion,,Grant,high_school_area,0,571
2023-24,Elementary,Faubion,,Ida B. Wells-Barnett,high_school_area,0,571
2023-24,Elementary,Faubion,,Jefferson/Grant,high_school_area,12,571
2023-24,Elementary,Faubion,,Jefferson/McDaniel,high_school_area,6,571
2023-24,Elementary,Faubion,,Jefferson/Roosevelt,high_school_area,19,571
2023-24,Elementary,Faubion,,Lincoln,high_school_area,1,571
2023-24,Elementary,Faubion,,McDaniel,high_school_area,11,571
2023-24,Elementary,Faubion,,Roosevelt,high_school_area,9,571
2023-24,Elementary,Faubion,,Out of District/Undetermined,other,7,571
2023-24,Elementary,Forest Park,,School's own neighborhood,own_neighborhood,316,321
2023-24,Elementary,Forest Park,,Cleveland,high_school_area,0,321
2023-24,Elementary,Forest Park,,Franklin,high_school_area,0,321
2023-24,Elementary,Forest Park,,Grant,high_school_area,0,321
2023-24,Elementary,Forest Park,,Ida B. Wells-Barnett,high_school_area,0,321
2023-24,Elementary,Forest Park,,Jefferson/Grant,high_school_area,0,321
2023-24,Elementary,Forest Park,,Jefferson/McDaniel,high_school_area,0,321
2023-24,Elementary,Forest Park,,Jefferson/Roosevelt,high_school_area,0,321
2023-24,Elementary,Forest Park,,Lincoln,high_school_area,2,321
2023-24,Elementary,Forest Park,,McDaniel,high_school_area,2,321
2023-24,Elementary,Forest Park,,Roosevelt,high_school_area,0,321
2023-24,Elementary,Forest Park,,Out of District/Undetermined,other,1,321
2023-24,Elementary,Glencoe,,School's own neighborhood,own_neighborhood,311,372
2023-24,Elementary,Glencoe,,Cleveland,high_school_area,1,372
2023-24,Elementary,Glencoe,,Franklin,high_school_area,38,372
2023-24,Elementary,Glencoe,,Grant,high_school_area,2,372
2023-24,Elementary,Glencoe,,Ida B. Wells-Barnett,high_school_area,1,372
2023-24,Elementary,Glencoe,,Jefferson/Grant,high_school_area,2,372
2023-24,Elementary,Glencoe,,Jefferson/McDaniel,high_school_area,1,372
2023-24,Elementary,Glencoe,,Jefferson/Roosevelt,high_school_area,0,372
2023-24,Elementary,Glencoe,,Lincoln,high_school_area,0,372
2023-24,Elementary,Glencoe,,McDaniel,high_school_area,5,372
2023-24,Elementary,Glencoe,,Roosevelt,high_school_area,2,372
2023-24,Elementary,Glencoe,,Out of District/Undetermined,other,9,372
2023-24,Elementary,Grout,,School's own neighborhood,own_neighborhood,266,302
2023-24,Elementary,Grout,,Cleveland,high_school_area,13,302
2023-24,Elementary,Grout,,Franklin,high_school_area,17,302
2023-24,Elementary,Grout,,Grant,high_school_area,0,302
2023-24,Elementary,Grout,,Ida B. Wells-Barnett,high_school_area,1,302
2023-24,Elementary,Grout,,Jefferson/Grant,high_school_area,0,302
2023-24,Elementary,Grout,,Jefferson/McDaniel,high_school_area,0,302
2023-24,Elementary,Grout,,Jefferson/Roosevelt,high_school_area,0,302
2023-24,Elementary,Grout,,Lincoln,high_school_area,1,302
2023-24,Elementary,Grout,,McDaniel,high_school_area,1,302
2023-24,Elementary,Grout,,Roosevelt,high_school_area,0,302
2023-24,Elementary,Grout,,Out of District/Undetermined,other,3,302
2023-24,Elementary,Hayhurst,Neighborhood Program,School's own neighborhood,own_neighborhood,302,335
2023-24,Elementary,Hayhurst,Neighborhood Program,Cleveland,high_school_area,2,335
2023-24,Elementary,Hayhurst,Neighborhood Program,Franklin,high_school_area,0,335
2023-24,Elementary,Hayhurst,Neighborhood Program,Grant,high_school_area,0,335
2023-24,Elementary,Hayhurst,Neighborhood Program,Ida B. Wells-Barnett,high_school_area,23,335
2023-24,Elementary,Hayhurst,Neighborhood Program,Jefferson/Grant,high_school_area,0,335
2023-24,Elementary,Hayhurst,Neighborhood Program,Jefferson/McDaniel,high_school_area,0,335
2023-24,Elementary,Hayhurst,Neighborhood Program,Jefferson/Roosevelt,high_school_area,0,335
2023-24,Elementary,Hayhurst,Neighborhood Program,Lincoln,high_school_area,5,335
2023-24,Elementary,Hayhurst,Neighborhood Program,McDaniel,high_school_area,0,335
2023-24,Elementary,Hayhurst,Neighborhood Program,Roosevelt,high_school_area,1,335
2023-24,Elementary,Hayhurst,Neighborhood Program,Out of District/Undetermined,other,2,335
2023-24,Elementary,Irvington,,School's own neighborhood,own_neighborhood,192,235
2023-24,Elementary,Irvington,,Cleveland,high_school_area,5,235
2023-24,Elementary,Irvington,,Franklin,high_school_area,0,235
2023-24,Elementary,Irvington,,Grant,high_school_area,2,235
2023-24,Elementary,Irvington,,Ida B. Wells-Barnett,high_school_area,2,235
2023-24,Elementary,Irvington,,Jefferson/Grant,high_school_area,11,235
2023-24,Elementary,Irvington,,Jefferson/McDaniel,high_school_area,3,235
2023-24,Elementary,Irvington,,Jefferson/Roosevelt,high_school_area,5,235
2023-24,Elementary,Irvington,,Lincoln,high_school_area,4,235
2023-24,Elementary,Irvington,,McDaniel,high_school_area,4,235
2023-24,Elementary,Irvington,,Roosevelt,high_school_area,3,235
2023-24,Elementary,Irvington,,Out of District/Undetermined,other,4,235
2023-24,Elementary,James John,Neighborhood Program,School's own neighborhood,own_neighborhood,181,220
2023-24,Elementary,James John,Neighborhood Program,Cleveland,high_school_area,1,220
2023-24,Elementary,James John,Neighborhood Program,Franklin,high_school_area,0,220
2023-24,Elementary,James John,Neighborhood Program,Grant,high_school_area,0,220
2023-24,Elementary,James John,Neighborhood Program,Ida B. Wells-Barnett,high_school_area,0,220
2023-24,Elementary,James John,Neighborhood Program,Jefferson/Grant,high_school_area,4,220
2023-24,Elementary,James John,Neighborhood Program,Jefferson/McDaniel,high_school_area,0,220
2023-24,Elementary,James John,Neighborhood Program,Jefferson/Roosevelt,high_school_area,3,220
2023-24,Elementary,James John,Neighborhood Program,Lincoln,high_school_area,1,220
2023-24,Elementary,James John,Neighborhood Program,McDaniel,high_school_area,0,220
2023-24,Elementary,James John,Neighborhood Program,Roosevelt,high_school_area,29,220
2023-24,Elementary,James John,Neighborhood Program,Out of District/Undetermined,other,1,220
2023-24,Elementary,James John,Spanish Immersion,School's own neighborhood,own_neighborhood,102,128
2023-24,Elementary,James John,Spanish Immersion,Cleveland,high_school_area,0,128
2023-24,Elementary,James John,Spanish Immersion,Franklin,high_school_area,1,128
2023-24,Elementary,James John,Spanish Immersion,Grant,high_school_area,0,128
2023-24,Elementary,James John,Spanish Immersion,Ida B. Wells-Barnett,high_school_area,0,128
2023-24,Elementary,James John,Spanish Immersion,Jefferson/Grant,high_school_area,0,128
2023-24,Elementary,James John,Spanish Immersion,Jefferson/McDaniel,high_school_area,0,128
2023-24,Elementary,James John,Spanish Immersion,Jefferson/Roosevelt,high_school_area,1,128
2023-24,Elementary,James John,Spanish Immersion,Lincoln,high_school_area,1,128
2023-24,Elementary,James John,Spanish Immersion,McDaniel,high_school_area,0,128
2023-24,Elementary,James John,Spanish Immersion,Roosevelt,high_school_area,22,128
2023-24,Elementary,James John,Spanish Immersion,Out of District/Undetermined,other,1,128
2023-24,Elementary,Kelly,Neighborhood Program,School's own neighborhood,own_neighborhood,195,232
2023-24,Elementary,Kelly,Neighborhood Program,Cleveland,high_school_area,8,232
2023-24,Elementary,Kelly,Neighborhood Program,Franklin,high_school_area,12,232
2023-24,Elementary,Kelly,Neighborhood Program,Grant,high_school_area,0,232
2023-24,Elementary,Kelly,Neighborhood Program,Ida B. Wells-Barnett,high_school_area,0,232
2023-24,Elementary,Kelly,Neighborhood Program,Jefferson/Grant,high_school_area,0,232
2023-24,Elementary,Kelly,Neighborhood Program,Jefferson/McDaniel,high_school_area,0,232
2023-24,Elementary,Kelly,Neighborhood Program,Jefferson/Roosevelt,high_school_area,0,232
2023-24,Elementary,Kelly,Neighborhood Program,Lincoln,high_school_area,1,232
2023-24,Elementary,Kelly,Neighborhood Program,McDaniel,high_school_area,6,232
2023-24,Elementary,Kelly,Neighborhood Program,Roosevelt,high_school_area,0,232
2023-24,Elementary,Kelly,Neighborhood Program,Out of District/Undetermined,other,10,232
2023-24,Elementary,Kelly,Russian Immersion,School's own neighborhood,own_neighborhood,10,144
2023-24,Elementary,Kelly,Russian Immersion,Cleveland,high_school_area,8,144
2023-24,Elementary,Kelly,Russian Immersion,Franklin,high_school_area,16,144
2023-24,Elementary,Kelly,Russian Immersion,Grant,high_school_area,0,144
2023-24,Elementary,Kelly,Russian Immersion,Ida B. Wells-Barnett,high_school_area,1,144
2023-24,Elementary,Kelly,Russian Immersion,Jefferson/Grant,high_school_area,0,144
2023-24,Elementary,Kelly,Russian Immersion,Jefferson/McDaniel,high_school_area,0,144
2023-24,Elementary,Kelly,Russian Immersion,Jefferson/Roosevelt,high_school_area,1,144
2023-24,Elementary,Kelly,Russian Immersion,Lincoln,high_school_area,2,144
2023-24,Elementary,Kelly,Russian Immersion,McDaniel,high_school_area,6,144
2023-24,Elementary,Kelly,Russian Immersion,Roosevelt,high_school_area,0,144
2023-24,Elementary,Kelly,Russian Immersion,Out of District/Undetermined,other,100,144
2023-24,Elementary,Laurelhurst,,School's own neighborhood,own_neighborhood,607,659
2023-24,Elementary,Laurelhurst,,Cleveland,high_school_area,2,659
2023-24,Elementary,Laurelhurst,,Franklin,high_school_area,10,659
2023-24,Elementary,Laurelhurst,,Grant,high_school_area,9,659
2023-24,Elementary,Laurelhurst,,Ida B. Wells-Barnett,high_school_area,0,659
2023-24,Elementary,Laurelhurst,,Jefferson/Grant,high_school_area,7,659
2023-24,Elementary,Laurelhurst,,Jefferson/McDaniel,high_school_area,5,659
2023-24,Elementary,Laurelhurst,,Jefferson/Roosevelt,high_school_area,4,659
2023-24,Elementary,Laurelhurst,,Lincoln,high_school_area,0,659
2023-24,Elementary,Laurelhurst,,McDaniel,high_school_area,8,659
2023-24,Elementary,Laurelhurst,,Roosevelt,high_school_area,1,659
2023-24,Elementary,Laurelhurst,,Out of District/Undetermined,other,6,659
2023-24,Elementary,Lee,,School's own neighborhood,own_neighborhood,237,288
2023-24,Elementary,Lee,,Cleveland,high_school_area,1,288
2023-24,Elementary,Lee,,Franklin,high_school_area,5,288
2023-24,Elementary,Lee,,Grant,high_school_area,1,288
2023-24,Elementary,Lee,,Ida B. Wells-Barnett,high_school_area,0,288
2023-24,Elementary,Lee,,Jefferson/Grant,high_school_area,1,288
2023-24,Elementary,Lee,,Jefferson/McDaniel,high_school_area,0,288
2023-24,Elementary,Lee,,Jefferson/Roosevelt,high_school_area,1,288
2023-24,Elementary,Lee,,Lincoln,high_school_area,0,288
2023-24,Elementary,Lee,,McDaniel,high_school_area,31,288
2023-24,Elementary,Lee,,Roosevelt,high_school_area,3,288
2023-24,Elementary,Lee,,Out of District/Undetermined,other,8,288
2023-24,Elementary,Lent,Spanish Immersion,School's own neighborhood,own_neighborhood,76,273
2023-24,Elementary,Lent,Spanish Immersion,Cleveland,high_school_area,19,273
2023-24,Elementary,Lent,Spanish Immersion,Franklin,high_school_area,123,273
2023-24,Elementary,Lent,Spanish Immersion,Grant,high_school_area,0,273
2023-24,Elementary,Lent,Spanish Immersion,Ida B. Wells-Barnett,high_school_area,0,273
2023-24,Elementary,Lent,Spanish Immersion,Jefferson/Grant,high_school_area,1,273
2023-24,Elementary,Lent,Spanish Immersion,Jefferson/McDaniel,high_school_area,0,273
2023-24,Elementary,Lent,Spanish Immersion,Jefferson/Roosevelt,high_school_area,0,273
2023-24,Elementary,Lent,Spanish Immersion,Lincoln,high_school_area,0,273
2023-24,Elementary,Lent,Spanish Immersion,McDaniel,high_school_area,24,273
2023-24,Elementary,Lent,Spanish Immersion,Roosevelt,high_school_area,0,273
2023-24,Elementary,Lent,Spanish Immersion,Out of District/Undetermined,other,30,273
2023-24,Elementary,Lewis,,School's own neighborhood,own_neighborhood,209,298
2023-24,Elementary,Lewis,,Cleveland,high_school_area,60,298
2023-24,Elementary,Lewis,,Franklin,high_school_area,16,298
2023-24,Elementary,Lewis,,Grant,high_school_area,0,298
2023-24,Elementary,Lewis,,Ida B. Wells-Barnett,high_school_area,0,298
2023-24,Elementary,Lewis,,Jefferson/Grant,high_school_area,0,298
2023-24,Elementary,Lewis,,Jefferson/McDaniel,high_school_area,0,298
2023-24,Elementary,Lewis,,Jefferson/Roosevelt,high_school_area,0,298
2023-24,Elementary,Lewis,,Lincoln,high_school_area,0,298
2023-24,Elementary,Lewis,,McDaniel,high_school_area,2,298
2023-24,Elementary,Lewis,,Roosevelt,high_school_area,0,298
2023-24,Elementary,Lewis,,Out of District/Undetermined,other,11,298
2023-24,Elementary,Llewellyn,,School's own neighborhood,own_neighborhood,349,393
2023-24,Elementary,Llewellyn,,Cleveland,high_school_area,24,393
2023-24,Elementary,Llewellyn,,Franklin,high_school_area,10,393
2023-24,Elementary,Llewellyn,,Grant,high_school_area,0,393
2023-24,Elementary,Llewellyn,,Ida B. Wells-Barnett,high_school_area,0,393
2023-24,Elementary,Llewellyn,,Jefferson/Grant,high_school_area,0,393
2023-24,Elementary,Llewellyn,,Jefferson/McDaniel,high_school_area,1,393
2023-24,Elementary,Llewellyn,,Jefferson/Roosevelt,high_school_area,0,393
2023-24,Elementary,Llewellyn,,Lincoln,high_school_area,1,393
2023-24,Elementary,Llewellyn,,McDaniel,high_school_area,1,393
2023-24,Elementary,Llewellyn,,Roosevelt,high_school_area,0,393
2023-24,Elementary,Llewellyn,,Out of District/Undetermined,other,7,393
2023-24,Elementary,Maplewood,,School's own neighborhood,own_neighborhood,272,301
2023-24,Elementary,Maplewood,,Cleveland,high_school_area,1,301
2023-24,Elementary,Maplewood,,Franklin,high_school_area,0,301
2023-24,Elementary,Maplewood,,Grant,high_school_area,0,301
2023-24,Elementary,Maplewood,,Ida B. Wells-Barnett,high_school_area,23,301
2023-24,Elementary,Maplewood,,Jefferson/Grant,high_school_area,0,301
2023-24,Elementary,Maplewood,,Jefferson/McDaniel,high_school_area,0,301
2023-24,Elementary,Maplewood,,Jefferson/Roosevelt,high_school_area,0,301
2023-24,Elementary,Maplewood,,Lincoln,high_school_area,1,301
2023-24,Elementary,Maplewood,,McDaniel,high_school_area,1,301
2023-24,Elementary,Maplewood,,Roosevelt,high_school_area,0,301
2023-24,Elementary,Maplewood,,Out of District/Undetermined,other,3,301
2023-24,Elementary,Markham,,School's own neighborhood,own_neighborhood,382,402
2023-24,Elementary,Markham,,Cleveland,high_school_area,0,402
2023-24,Elementary,Markham,,Franklin,high_school_area,0,402
2023-24,Elementary,Markham,,Grant,high_school_area,0,402
2023-24,Elementary,Markham,,Ida B. Wells-Barnett,high_school_area,16,402
2023-24,Elementary,Markham,,Jefferson/Grant,high_school_area,0,402
2023-24,Elementary,Markham,,Jefferson/McDaniel,high_school_area,0,402
2023-24,Elementary,Markham,,Jefferson/Roosevelt,high_school_area,0,402
2023-24,Elementary,Markham,,Lincoln,high_school_area,3,402
2023-24,Elementary,Markham,,McDaniel,high_school_area,0,402
2023-24,Elementary,Markham,,Roosevelt,high_school_area,0,402
2023-24,Elementary,Markham,,Out of District/Undetermined,other,1,402
2023-24,Elementary,Marysville,,School's own neighborhood,own_neighborhood,201,359
2023-24,Elementary,Marysville,,Cleveland,high_school_area,12,359
2023-24,Elementary,Marysville,,Franklin,high_school_area,118,359
2023-24,Elementary,Marysville,,Grant,high_school_area,0,359
2023-24,Elementary,Marysville,,Ida B. Wells-Barnett,high_school_area,0,359
2023-24,Elementary,Marysville,,Jefferson/Grant,high_school_area,0,359
2023-24,Elementary,Marysville,,Jefferson/McDaniel,high_school_area,1,359
2023-24,Elementary,Marysville,,Jefferson/Roosevelt,high_school_area,2,359
2023-24,Elementary,Marysville,,Lincoln,high_school_area,0,359
2023-24,Elementary,Marysville,,McDaniel,high_school_area,5,359
2023-24,Elementary,Marysville,,Roosevelt,high_school_area,0,359
2023-24,Elementary,Marysville,,Out of District/Undetermined,other,20,359
2023-24,Elementary,MLK Jr,Mandarin Immersion,School's own neighborhood,own_neighborhood,38,156
2023-24,Elementary,MLK Jr,Mandarin Immersion,Cleveland,high_school_area,1,156
2023-24,Elementary,MLK Jr,Mandarin Immersion,Franklin,high_school_area,3,156
2023-24,Elementary,MLK Jr,Mandarin Immersion,Grant,high_school_area,5,156
2023-24,Elementary,MLK Jr,Mandarin Immersion,Ida B. Wells-Barnett,high_school_area,0,156
2023-24,Elementary,MLK Jr,Mandarin Immersion,Jefferson/Grant,high_school_area,27,156
2023-24,Elementary,MLK Jr,Mandarin Immersion,Jefferson/McDaniel,high_school_area,11,156
2023-24,Elementary,MLK Jr,Mandarin Immersion,Jefferson/Roosevelt,high_school_area,34,156
2023-24,Elementary,MLK Jr,Mandarin Immersion,Lincoln,high_school_area,2,156
2023-24,Elementary,MLK Jr,Mandarin Immersion,McDaniel,high_school_area,15,156
2023-24,Elementary,MLK Jr,Mandarin Immersion,Roosevelt,high_school_area,10,156
2023-24,Elementary,MLK Jr,Mandarin Immersion,Out of District/Undetermined,other,10,156
2023-24,Elementary,MLK Jr,Neighborhood Program,School's own neighborhood,own_neighborhood,80,151
2023-24,Elementary,MLK Jr,Neighborhood Program,Cleveland,high_school_area,3,151
2023-24,Elementary,MLK Jr,Neighborhood Program,Franklin,high_school_area,1,151
2023-24,Elementary,MLK Jr,Neighborhood Program,Grant,high_school_area,1,151
2023-24,Elementary,MLK Jr,Neighborhood Program,Ida B. Wells-Barnett,high_school_area,0,151
2023-24,Elementary,MLK Jr,Neighborhood Program,Jefferson/Grant,high_school_area,30,151
2023-24,Elementary,MLK Jr,Neighborhood Program,Jefferson/McDaniel,high_school_area,4,151
2023-24,Elementary,MLK Jr,Neighborhood Program,Jefferson/Roosevelt,high_school_area,17,151
2023-24,Elementary,MLK Jr,Neighborhood Program,Lincoln,high_school_area,1,151
2023-24,Elementary,MLK Jr,Neighborhood Program,McDaniel,high_school_area,5,151
2023-24,Elementary,MLK Jr,Neighborhood Program,Roosevelt,high_school_area,0,151
2023-24,Elementary,MLK Jr,Neighborhood Program,Out of District/Undetermined,other,9,151
2023-24,Elementary,Odyssey,,School's own neighborhood,own_neighborhood,0,227
2023-24,Elementary,Odyssey,,Cleveland,high_school_area,8,227
2023-24,Elementary,Odyssey,,Franklin,high_school_area,3,227
2023-24,Elementary,Odyssey,,Grant,high_school_area,0,227
2023-24,Elementary,Odyssey,,Ida B. Wells-Barnett,high_school_area,160,227
2023-24,Elementary,Odyssey,,Jefferson/Grant,high_school_area,6,227
2023-24,Elementary,Odyssey,,Jefferson/McDaniel,high_school_area,0,227
2023-24,Elementary,Odyssey,,Jefferson/Roosevelt,high_school_area,0,227
2023-24,Elementary,Odyssey,,Lincoln,high_school_area,46,227
2023-24,Elementary,Odyssey,,McDaniel,high_school_area,2,227
2023-24,Elementary,Odyssey,,Roosevelt,high_school_area,2,227
2023-24,Elementary,Odyssey,,Out of District/Undetermined,other,0,227
2023-24,Elementary,Peninsula,,School's own neighborhood,own_neighborhood,185,234
2023-24,Elementary,Peninsula,,Cleveland,high_school_area,0,234
2023-24,Elementary,Peninsula,,Franklin,high_school_area,1,234
2023-24,Elementary,Peninsula,,Grant,high_school_area,0,234
2023-24,Elementary,Peninsula,,Ida B. Wells-Barnett,high_school_area,0,234
2023-24,Elementary,Peninsula,,Jefferson/Grant,high_school_area,4,234
2023-24,Elementary,Peninsula,,Jefferson/McDaniel,high_school_area,0,234
2023-24,Elementary,Peninsula,,Jefferson/Roosevelt,high_school_area,9,234
2023-24,Elementary,Peninsula,,Lincoln,high_school_area,0,234
2023-24,Elementary,Peninsula,,McDaniel,high_school_area,0,234
2023-24,Elementary,Peninsula,,Roosevelt,high_school_area,34,234
2023-24,Elementary,Peninsula,,Out of District/Undetermined,other,1,234
2023-24,Elementary,Richmond,,School's own neighborhood,own_neighborhood,0,537
2023-24,Elementary,Richmond,,Cleveland,high_school_area,104,537
2023-24,Elementary,Richmond,,Franklin,high_school_area,222,537
2023-24,Elementary,Richmond,,Grant,high_school_area,30,537
2023-24,Elementary,Richmond,,Ida B. Wells-Barnett,high_school_area,13,537
2023-24,Elementary,Richmond,,Jefferson/Grant,high_school_area,11,537
2023-24,Elementary,Richmond,,Jefferson/McDaniel,high_school_area,19,537
2023-24,Elementary,Richmond,,Jefferson/Roosevelt,high_school_area,27,537
2023-24,Elementary,Richmond,,Lincoln,high_school_area,11,537
2023-24,Elementary,Richmond,,McDaniel,high_school_area,69,537
2023-24,Elementary,Richmond,,Roosevelt,high_school_area,13,537
2023-24,Elementary,Richmond,,Out of District/Undetermined,other,18,537
2023-24,Elementary,Rieke,,School's own neighborhood,own_neighborhood,263,288
2023-24,Elementary,Rieke,,Cleveland,high_school_area,0,288
2023-24,Elementary,Rieke,,Franklin,high_school_area,1,288
2023-24,Elementary,Rieke,,Grant,high_school_area,0,288
2023-24,Elementary,Rieke,,Ida B. Wells-Barnett,high_school_area,21,288
2023-24,Elementary,Rieke,,Jefferson/Grant,high_school_area,0,288
2023-24,Elementary,Rieke,,Jefferson/McDaniel,high_school_area,1,288
2023-24,Elementary,Rieke,,Jefferson/Roosevelt,high_school_area,1,288
2023-24,Elementary,Rieke,,Lincoln,high_school_area,1,288
2023-24,Elementary,Rieke,,McDaniel,high_school_area,0,288
2023-24,Elementary,Rieke,,Roosevelt,high_school_area,0,288
2023-24,Elementary,Rieke,,Out of District/Undetermined,other,0,288
2023-24,Elementary,Rigler,,School's own neighborhood,own_neighborhood,225,255
2023-24,Elementary,Rigler,,Cleveland,high_school_area,0,255
2023-24,Elementary,Rigler,,Franklin,high_school_area,0,255
2023-24,Elementary,Rigler,,Grant,high_school_area,1,255
2023-24,Elementary,Rigler,,Ida B. Wells-Barnett,high_school_area,0,255
2023-24,Elementary,Rigler,,Jefferson/Grant,high_school_area,2,255
2023-24,Elementary,Rigler,,Jefferson/McDaniel,high_school_area,7,255
2023-24,Elementary,Rigler,,Jefferson/Roosevelt,high_school_area,1,255
2023-24,Elementary,Rigler,,Lincoln,high_school_area,0,255
2023-24,Elementary,Rigler,,McDaniel,high_school_area,16,255
2023-24,Elementary,Rigler,,Roosevelt,high_school_area,1,255
2023-24,Elementary,Rigler,,Out of District/Undetermined,other,2,255
2023-24,Elementary,Rosa Parks,,School's own neighborhood,own_neighborhood,148,177
2023-24,Elementary,Rosa Parks,,Cleveland,high_school_area,0,177
2023-24,Elementary,Rosa Parks,,Franklin,high_school_area,0,177
2023-24,Elementary,Rosa Parks,,Grant,high_school_area,0,177
2023-24,Elementary,Rosa Parks,,Ida B. Wells-Barnett,high_school_area,0,177
2023-24,Elementary,Rosa Parks,,Jefferson/Grant,high_school_area,1,177
2023-24,Elementary,Rosa Parks,,Jefferson/McDaniel,high_school_area,0,177
2023-24,Elementary,Rosa Parks,,Jefferson/Roosevelt,high_school_area,7,177
2023-24,Elementary,Rosa Parks,,Lincoln,high_school_area,0,177
2023-24,Elementary,Rosa Parks,,McDaniel,high_school_area,0,177
2023-24,Elementary,Rosa Parks,,Roosevelt,high_school_area,21,177
2023-24,Elementary,Rosa Parks,,Out of District/Undetermined,other,0,177
2023-24,Elementary,Rose City Park,Neighborhood Program,School's own neighborhood,own_neighborhood,232,248
2023-24,Elementary,Rose City Park,Neighborhood Program,Cleveland,high_school_area,0,248
2023-24,Elementary,Rose City Park,Neighborhood Program,Franklin,high_school_area,0,248
2023-24,Elementary,Rose City Park,Neighborhood Program,Grant,high_school_area,3,248
2023-24,Elementary,Rose City Park,Neighborhood Program,Ida B. Wells-Barnett,high_school_area,0,248
2023-24,Elementary,Rose City Park,Neighborhood Program,Jefferson/Grant,high_school_area,0,248
2023-24,Elementary,Rose City Park,Neighborhood Program,Jefferson/McDaniel,high_school_area,0,248
2023-24,Elementary,Rose City Park,Neighborhood Program,Jefferson/Roosevelt,high_school_area,2,248
2023-24,Elementary,Rose City Park,Neighborhood Program,Lincoln,high_school_area,0,248
2023-24,Elementary,Rose City Park,Neighborhood Program,McDaniel,high_school_area,9,248
2023-24,Elementary,Rose City Park,Neighborhood Program,Roosevelt,high_school_area,0,248
2023-24,Elementary,Rose City Park,Neighborhood Program,Out of District/Undetermined,other,2,248
2023-24,Elementary,Rose City Park,Vietnamese Immersion,School's own neighborhood,own_neighborhood,64,216
2023-24,Elementary,Rose City Park,Vietnamese Immersion,Cleveland,high_school_area,10,216
2023-24,Elementary,Rose City Park,Vietnamese Immersion,Franklin,high_school_area,23,216
2023-24,Elementary,Rose City Park,Vietnamese Immersion,Grant,high_school_area,4,216
2023-24,Elementary,Rose City Park,Vietnamese Immersion,Ida B. Wells-Barnett,high_school_area,1,216
2023-24,Elementary,Rose City Park,Vietnamese Immersion,Jefferson/Grant,high_school_area,0,216
2023-24,Elementary,Rose City Park,Vietnamese Immersion,Jefferson/McDaniel,high_school_area,6,216
2023-24,Elementary,Rose City Park,Vietnamese Immersion,Jefferson/Roosevelt,high_school_area,4,216
2023-24,Elementary,Rose City Park,Vietnamese Immersion,Lincoln,high_school_area,0,216
2023-24,Elementary,Rose City Park,Vietnamese Immersion,McDaniel,high_school_area,66,216
2023-24,Elementary,Rose City Park,Vietnamese Immersion,Roosevelt,high_school_area,0,216
2023-24,Elementary,Rose City Park,Vietnamese Immersion,Out of District/Undetermined,other,38,216
2023-24,Elementary,Sabin,,School's own neighborhood,own_neighborhood,245,302
2023-24,Elementary,Sabin,,Cleveland,high_school_area,1,302
2023-24,Elementary,Sabin,,Franklin,high_school_area,2,302
2023-24,Elementary,Sabin,,Grant,high_school_area,2,302
2023-24,Elementary,Sabin,,Ida B. Wells-Barnett,high_school_area,1,302
2023-24,Elementary,Sabin,,Jefferson/Grant,high_school_area,10,302
2023-24,Elementary,Sabin,,Jefferson/McDaniel,high_school_area,3,302
2023-24,Elementary,Sabin,,Jefferson/Roosevelt,high_school_area,16,302
2023-24,Elementary,Sabin,,Lincoln,high_school_area,2,302
2023-24,Elementary,Sabin,,McDaniel,high_school_area,13,302
2023-24,Elementary,Sabin,,Roosevelt,high_school_area,4,302
2023-24,Elementary,Sabin,,Out of District/Undetermined,other,3,302
2023-24,Elementary,Scott,Neighborhood Program,School's own neighborhood,own_neighborhood,131,265
2023-24,Elementary,Scott,Neighborhood Program,Cleveland,high_school_area,3,265
2023-24,Elementary,Scott,Neighborhood Program,Franklin,high_school_area,2,265
2023-24,Elementary,Scott,Neighborhood Program,Grant,high_school_area,1,265
2023-24,Elementary,Scott,Neighborhood Program,Ida B. Wells-Barnett,high_school_area,0,265
2023-24,Elementary,Scott,Neighborhood Program,Jefferson/Grant,high_school_area,1,265
2023-24,Elementary,Scott,Neighborhood Program,Jefferson/McDaniel,high_school_area,1,265
2023-24,Elementary,Scott,Neighborhood Program,Jefferson/Roosevelt,high_school_area,3,265
2023-24,Elementary,Scott,Neighborhood Program,Lincoln,high_school_area,0,265
2023-24,Elementary,Scott,Neighborhood Program,McDaniel,high_school_area,119,265
2023-24,Elementary,Scott,Neighborhood Program,Roosevelt,high_school_area,2,265
2023-24,Elementary,Scott,Neighborhood Program,Out of District/Undetermined,other,2,265
2023-24,Elementary,Scott,Spanish Immersion,School's own neighborhood,own_neighborhood,195,235
2023-24,Elementary,Scott,Spanish Immersion,Cleveland,high_school_area,0,235
2023-24,Elementary,Scott,Spanish Immersion,Franklin,high_school_area,2,235
2023-24,Elementary,Scott,Spanish Immersion,Grant,high_school_area,0,235
2023-24,Elementary,Scott,Spanish Immersion,Ida B. Wells-Barnett,high_school_area,0,235
2023-24,Elementary,Scott,Spanish Immersion,Jefferson/Grant,high_school_area,2,235
2023-24,Elementary,Scott,Spanish Immersion,Jefferson/McDaniel,high_school_area,1,235
2023-24,Elementary,Scott,Spanish Immersion,Jefferson/Roosevelt,high_school_area,2,235
2023-24,Elementary,Scott,Spanish Immersion,Lincoln,high_school_area,0,235
2023-24,Elementary,Scott,Spanish Immersion,McDaniel,high_school_area,26,235
2023-24,Elementary,Scott,Spanish Immersion,Roosevelt,high_school_area,2,235
2023-24,Elementary,Scott,Spanish Immersion,Out of District/Undetermined,other,5,235
2023-24,Elementary,Sitton,Neighborhood Program,School's own neighborhood,own_neighborhood,179,207
2023-24,Elementary,Sitton,Neighborhood Program,Cleveland,high_school_area,0,207
2023-24,Elementary,Sitton,Neighborhood Program,Franklin,high_school_area,0,207
2023-24,Elementary,Sitton,Neighborhood Program,Grant,high_school_area,0,207
2023-24,Elementary,Sitton,Neighborhood Program,Ida B. Wells-Barnett,high_school_area,0,207
2023-24,Elementary,Sitton,Neighborhood Program,Jefferson/Grant,high_school_area,4,207
2023-24,Elementary,Sitton,Neighborhood Program,Jefferson/McDaniel,high_school_area,1,207
2023-24,Elementary,Sitton,Neighborhood Program,Jefferson/Roosevelt,high_school_area,7,207
2023-24,Elementary,Sitton,Neighborhood Program,Lincoln,high_school_area,2,207
2023-24,Elementary,Sitton,Neighborhood Program,McDaniel,high_school_area,1,207
2023-24,Elementary,Sitton,Neighborhood Program,Roosevelt,high_school_area,13,207
2023-24,Elementary,Sitton,Neighborhood Program,Out of District/Undetermined,other,0,207
2023-24,Elementary,Sitton,Spanish Immersion,School's own neighborhood,own_neighborhood,115,128
2023-24,Elementary,Sitton,Spanish Immersion,Cleveland,high_school_area,0,128
2023-24,Elementary,Sitton,Spanish Immersion,Franklin,high_school_area,0,128
2023-24,Elementary,Sitton,Spanish Immersion,Grant,high_school_area,0,128
2023-24,Elementary,Sitton,Spanish Immersion,Ida B. Wells-Barnett,high_school_area,0,128
2023-24,Elementary,Sitton,Spanish Immersion,Jefferson/Grant,high_school_area,1,128
2023-24,Elementary,Sitton,Spanish Immersion,Jefferson/McDaniel,high_school_area,0,128
2023-24,Elementary,Sitton,Spanish Immersion,Jefferson/Roosevelt,high_school_area,1,128
2023-24,Elementary,Sitton,Spanish Immersion,Lincoln,high_school_area,0,128
2023-24,Elementary,Sitton,Spanish Immersion,McDaniel,high_school_area,0,128
2023-24,Elementary,Sitton,Spanish Immersion,Roosevelt,high_school_area,11,128
2023-24,Elementary,Sitton,Spanish Immersion,Out of District/Undetermined,other,0,128
2023-24,Elementary,Skyline,,School's own neighborhood,own_neighborhood,205,218
2023-24,Elementary,Skyline,,Cleveland,high_school_area,0,218
2023-24,Elementary,Skyline,,Franklin,high_school_area,0,218
2023-24,Elementary,Skyline,,Grant,high_school_area,0,218
2023-24,Elementary,Skyline,,Ida B. Wells-Barnett,high_school_area,0,218
2023-24,Elementary,Skyline,,Jefferson/Grant,high_school_area,1,218
2023-24,Elementary,Skyline,,Jefferson/McDaniel,high_school_area,1,218
2023-24,Elementary,Skyline,,Jefferson/Roosevelt,high_school_area,0,218
2023-24,Elementary,Skyline,,Lincoln,high_school_area,2,218
2023-24,Elementary,Skyline,,McDaniel,high_school_area,0,218
2023-24,Elementary,Skyline,,Roosevelt,high_school_area,6,218
2023-24,Elementary,Skyline,,Out of District/Undetermined,other,3,218
2023-24,Elementary,Stephenson,,School's own neighborhood,own_neighborhood,279,310
2023-24,Elementary,Stephenson,,Cleveland,high_school_area,1,310
2023-24,Elementary,Stephenson,,Franklin,high_school_area,0,310
2023-24,Elementary,Stephenson,,Grant,high_school_area,0,310
2023-24,Elementary,Stephenson,,Ida B. Wells-Barnett,high_school_area,26,310
2023-24,Elementary,Stephenson,,Jefferson/Grant,high_school_area,0,310
2023-24,Elementary,Stephenson,,Jefferson/McDaniel,high_school_area,0,310
2023-24,Elementary,Stephenson,,Jefferson/Roosevelt,high_school_area,0,310
2023-24,Elementary,Stephenson,,Lincoln,high_school_area,3,310
2023-24,Elementary,Stephenson,,McDaniel,high_school_area,0,310
2023-24,Elementary,Stephenson,,Roosevelt,high_school_area,0,310
2023-24,Elementary,Stephenson,,Out of District/Undetermined,other,1,310
2023-24,Elementary,Sunnyside Environmental,,School's own neighborhood,own_neighborhood,238,447
2023-24,Elementary,Sunnyside Environmental,,Cleveland,high_school_area,60,447
2023-24,Elementary,Sunnyside Environmental,,Franklin,high_school_area,70,447
2023-24,Elementary,Sunnyside Environmental,,Grant,high_school_area,10,447
2023-24,Elementary,Sunnyside Environmental,,Ida B. Wells-Barnett,high_school_area,2,447
2023-24,Elementary,Sunnyside Environmental,,Jefferson/Grant,high_school_area,17,447
2023-24,Elementary,Sunnyside Environmental,,Jefferson/McDaniel,high_school_area,8,447
2023-24,Elementary,Sunnyside Environmental,,Jefferson/Roosevelt,high_school_area,3,447
2023-24,Elementary,Sunnyside Environmental,,Lincoln,high_school_area,4,447
2023-24,Elementary,Sunnyside Environmental,,McDaniel,high_school_area,21,447
2023-24,Elementary,Sunnyside Environmental,,Roosevelt,high_school_area,3,447
2023-24,Elementary,Sunnyside Environmental,,Out of District/Undetermined,other,11,447
2023-24,Elementary,Vernon,,School's own neighborhood,own_neighborhood,455,578
2023-24,Elementary,Vernon,,Cleveland,high_school_area,3,578
2023-24,Elementary,Vernon,,Franklin,high_school_area,1,578
2023-24,Elementary,Vernon,,Grant,high_school_area,1,578
2023-24,Elementary,Vernon,,Ida B. Wells-Barnett,high_school_area,0,578
2023-24,Elementary,Vernon,,Jefferson/Grant,high_school_area,16,578
2023-24,Elementary,Vernon,,Jefferson/McDaniel,high_school_area,18,578
2023-24,Elementary,Vernon,,Jefferson/Roosevelt,high_school_area,47,578
2023-24,Elementary,Vernon,,Lincoln,high_school_area,3,578
2023-24,Elementary,Vernon,,McDaniel,high_school_area,28,578
2023-24,Elementary,Vernon,,Roosevelt,high_school_area,2,578
2023-24,Elementary,Vernon,,Out of District/Undetermined,other,4,578
2023-24,Elementary,Vestal,,School's own neighborhood,own_neighborhood,176,228
2023-24,Elementary,Vestal,,Cleveland,high_school_area,3,228
2023-24,Elementary,Vestal,,Franklin,high_school_area,11,228
2023-24,Elementary,Vestal,,Grant,high_school_area,4,228
2023-24,Elementary,Vestal,,Ida B. Wells-Barnett,high_school_area,0,228
2023-24,Elementary,Vestal,,Jefferson/Grant,high_school_area,0,228
2023-24,Elementary,Vestal,,Jefferson/McDaniel,high_school_area,2,228
2023-24,Elementary,Vestal,,Jefferson/Roosevelt,high_school_area,1,228
2023-24,Elementary,Vestal,,Lincoln,high_school_area,0,228
2023-24,Elementary,Vestal,,McDaniel,high_school_area,12,228
2023-24,Elementary,Vestal,,Roosevelt,high_school_area,1,228
2023-24,Elementary,Vestal,,Out of District/Undetermined,other,18,228
2023-24,Elementary,Whitman,,School's own neighborhood,own_neighborhood,161,180
2023-24,Elementary,Whitman,,Cleveland,high_school_area,1,180
2023-24,Elementary,Whitman,,Franklin,high_school_area,7,180
2023-24,Elementary,Whitman,,Grant,high_school_area,0,180
2023-24,Elementary,Whitman,,Ida B. Wells-Barnett,high_school_area,1,180
2023-24,Elementary,Whitman,,Jefferson/Grant,high_school_area,0,180
2023-24,Elementary,Whitman,,Jefferson/McDaniel,high_school_area,0,180
2023-24,Elementary,Whitman,,Jefferson/Roosevelt,high_school_area,0,180
2023-24,Elementary,Whitman,,Lincoln,high_school_area,0,180
2023-24,Elementary,Whitman,,McDaniel,high_school_area,1,180
2023-24,Elementary,Whitman,,Roosevelt,high_school_area,0,180
2023-24,Elementary,Whitman,,Out of District/Undetermined,other,9,180
2023-24,Elementary,Winterhaven,,School's own neighborhood,own_neighborhood,0,316
2023-24,Elementary,Winterhaven,,Cleveland,high_school_area,159,316
2023-24,Elementary,Winterhaven,,Franklin,high_school_area,65,316
2023-24,Elementary,Winterhaven,,Grant,high_school_area,13,316
2023-24,Elementary,Winterhaven,,Ida B. Wells-Barnett,high_school_area,5,316
2023-24,Elementary,Winterhaven,,Jefferson/Grant,high_school_area,17,316
2023-24,Elementary,Winterhaven,,Jefferson/McDaniel,high_school_area,5,316
2023-24,Elementary,Winterhaven,,Jefferson/Roosevelt,high_school_area,12,316
2023-24,Elementary,Winterhaven,,Lincoln,high_school_area,8,316
2023-24,Elementary,Winterhaven,,McDaniel,high_school_area,14,316
2023-24,Elementary,Winterhaven,,Roosevelt,high_school_area,3,316
2023-24,Elementary,Winterhaven,,Out of District/Undetermined,other,15,316
2023-24,Elementary,Woodlawn,,School's own neighborhood,own_neighborhood,244,299
2023-24,Elementary,Woodlawn,,Cleveland,high_school_area,2,299
2023-24,Elementary,Woodlawn,,Franklin,high_school_area,2,299
2023-24,Elementary,Woodlawn,,Grant,high_school_area,1,299
2023-24,Elementary,Woodlawn,,Ida B. Wells-Barnett,high_school_area,0,299
2023-24,Elementary,Woodlawn,,Jefferson/Grant,high_school_area,11,299
2023-24,Elementary,Woodlawn,,Jefferson/McDaniel,high_school_area,11,299
2023-24,Elementary,Woodlawn,,Jefferson/Roosevelt,high_school_area,7,299
2023-24,Elementary,Woodlawn,,Lincoln,high_school_area,2,299
2023-24,Elementary,Woodlawn,,McDaniel,high_school_area,4,299
2023-24,Elementary,Woodlawn,,Roosevelt,high_school_area,12,299
2023-24,Elementary,Woodlawn,,Out of District/Undetermined,other,3,299
2023-24,Elementary,Woodmere,,School's own neighborhood,own_neighborhood,150,248
2023-24,Elementary,Woodmere,,Cleveland,high_school_area,13,248
2023-24,Elementary,Woodmere,,Franklin,high_school_area,71,248
2023-24,Elementary,Woodmere,,Grant,high_school_area,0,248
2023-24,Elementary,Woodmere,,Ida B. Wells-Barnett,high_school_area,0,248
2023-24,Elementary,Woodmere,,Jefferson/Grant,high_school_area,1,248
2023-24,Elementary,Woodmere,,Jefferson/McDaniel,high_school_area,0,248
2023-24,Elementary,Woodmere,,Jefferson/Roosevelt,high_school_area,0,248
2023-24,Elementary,Woodmere,,Lincoln,high_school_area,0,248
2023-24,Elementary,Woodmere,,McDaniel,high_school_area,7,248
2023-24,Elementary,Woodmere,,Roosevelt,high_school_area,0,248
2023-24,Elementary,Woodmere,,Out of District/Undetermined,other,6,248
2023-24,Elementary,Woodstock,Mandarin Immersion,School's own neighborhood,own_neighborhood,70,237
2023-24,Elementary,Woodstock,Mandarin Immersion,Cleveland,high_school_area,48,237
2023-24,Elementary,Woodstock,Mandarin Immersion,Franklin,high_school_area,69,237
2023-24,Elementary,Woodstock,Mandarin Immersion,Grant,high_school_area,2,237
2023-24,Elementary,Woodstock,Mandarin Immersion,Ida B. Wells-Barnett,high_school_area,6,237
2023-24,Elementary,Woodstock,Mandarin Immersion,Jefferson/Grant,high_school_area,2,237
2023-24,Elementary,Woodstock,Mandarin Immersion,Jefferson/McDaniel,high_school_area,2,237
2023-24,Elementary,Woodstock,Mandarin Immersion,Jefferson/Roosevelt,high_school_area,0,237
2023-24,Elementary,Woodstock,Mandarin Immersion,Lincoln,high_school_area,0,237
2023-24,Elementary,Woodstock,Mandarin Immersion,McDaniel,high_school_area,23,237
2023-24,Elementary,Woodstock,Mandarin Immersion,Roosevelt,high_school_area,0,237
2023-24,Elementary,Woodstock,Mandarin Immersion,Out of District/Undetermined,other,15,237
2023-24,Elementary,Woodstock,Neighborhood Program,School's own neighborhood,own_neighborhood,157,214
2023-24,Elementary,Woodstock,Neighborhood Program,Cleveland,high_school_area,43,214
2023-24,Elementary,Woodstock,Neighborhood Program,Franklin,high_school_area,12,214
2023-24,Elementary,Woodstock,Neighborhood Program,Grant,high_school_area,0,214
2023-24,Elementary,Woodstock,Neighborhood Program,Ida B. Wells-Barnett,high_school_area,0,214
2023-24,Elementary,Woodstock,Neighborhood Program,Jefferson/Grant,high_school_area,0,214
2023-24,Elementary,Woodstock,Neighborhood Program,Jefferson/McDaniel,high_school_area,0,214
2023-24,Elementary,Woodstock,Neighborhood Program,Jefferson/Roosevelt,high_school_area,1,214
2023-24,Elementary,Woodstock,Neighborhood Program,Lincoln,high_school_area,0,214
2023-24,Elementary,Woodstock,Neighborhood Program,McDaniel,high_school_area,1,214
2023-24,Elementary,Woodstock,Neighborhood Program,Roosevelt,high_school_area,0,214
2023-24,Elementary,Woodstock,Neighborhood Program,Out of District/Undetermined,other,0,214
2023-24,Middle,Beaumont,Neighborhood Program,School's own neighborhood,own_neighborhood,280,320
2023-24,Middle,Beaumont,Neighborhood Program,Cleveland,high_school_area,1,320
2023-24,Middle,Beaumont,Neighborhood Program,Franklin,high_school_area,1,320
2023-24,Middle,Beaumont,Neighborhood Program,Grant,high_school_area,1,320
2023-24,Middle,Beaumont,Neighborhood Program,Ida B. Wells-Barnett,high_school_area,0,320
2023-24,Middle,Beaumont,Neighborhood Program,Jefferson/Grant,high_school_area,13,320
2023-24,Middle,Beaumont,Neighborhood Program,Jefferson/McDaniel,high_school_area,8,320
2023-24,Middle,Beaumont,Neighborhood Program,Jefferson/Roosevelt,high_school_area,6,320
2023-24,Middle,Beaumont,Neighborhood Program,Lincoln,high_school_area,0,320
2023-24,Middle,Beaumont,Neighborhood Program,McDaniel,high_school_area,8,320
2023-24,Middle,Beaumont,Neighborhood Program,Roosevelt,high_school_area,2,320
2023-24,Middle,Beaumont,Neighborhood Program,Out of District/Undetermined,other,0,320
2023-24,Middle,Beaumont,Spanish Immersion,School's own neighborhood,own_neighborhood,83,114
2023-24,Middle,Beaumont,Spanish Immersion,Cleveland,high_school_area,1,114
2023-24,Middle,Beaumont,Spanish Immersion,Franklin,high_school_area,1,114
2023-24,Middle,Beaumont,Spanish Immersion,Grant,high_school_area,0,114
2023-24,Middle,Beaumont,Spanish Immersion,Ida B. Wells-Barnett,high_school_area,0,114
2023-24,Middle,Beaumont,Spanish Immersion,Jefferson/Grant,high_school_area,3,114
2023-24,Middle,Beaumont,Spanish Immersion,Jefferson/McDaniel,high_school_area,6,114
2023-24,Middle,Beaumont,Spanish Immersion,Jefferson/Roosevelt,high_school_area,3,114
2023-24,Middle,Beaumont,Spanish Immersion,Lincoln,high_school_area,0,114
2023-24,Middle,Beaumont,Spanish Immersion,McDaniel,high_school_area,14,114
2023-24,Middle,Beaumont,Spanish Immersion,Roosevelt,high_school_area,2,114
2023-24,Middle,Beaumont,Spanish Immersion,Out of District/Undetermined,other,1,114
2023-24,Middle,da Vinci,,School's own neighborhood,own_neighborhood,0,407
2023-24,Middle,da Vinci,,Cleveland,high_school_area,67,407
2023-24,Middle,da Vinci,,Franklin,high_school_area,86,407
2023-24,Middle,da Vinci,,Grant,high_school_area,29,407
2023-24,Middle,da Vinci,,Ida B. Wells-Barnett,high_school_area,9,407
2023-24,Middle,da Vinci,,Jefferson/Grant,high_school_area,65,407
2023-24,Middle,da Vinci,,Jefferson/McDaniel,high_school_area,20,407
2023-24,Middle,da Vinci,,Jefferson/Roosevelt,high_school_area,37,407
2023-24,Middle,da Vinci,,Lincoln,high_school_area,13,407
2023-24,Middle,da Vinci,,McDaniel,high_school_area,53,407
2023-24,Middle,da Vinci,,Roosevelt,high_school_area,25,407
2023-24,Middle,da Vinci,,Out of District/Undetermined,other,3,407
2023-24,Middle,George,,School's own neighborhood,own_neighborhood,337,367
2023-24,Middle,George,,Cleveland,high_school_area,0,367
2023-24,Middle,George,,Franklin,high_school_area,0,367
2023-24,Middle,George,,Grant,high_school_area,0,367
2023-24,Middle,George,,Ida B. Wells-Barnett,high_school_area,0,367
2023-24,Middle,George,,Jefferson/Grant,high_school_area,2,367
2023-24,Middle,George,,Jefferson/McDaniel,high_school_area,1,367
2023-24,Middle,George,,Jefferson/Roosevelt,high_school_area,12,367
2023-24,Middle,George,,Lincoln,high_school_area,1,367
2023-24,Middle,George,,McDaniel,high_school_area,0,367
2023-24,Middle,George,,Roosevelt,high_school_area,12,367
2023-24,Middle,George,,Out of District/Undetermined,other,2,367
2023-24,Middle,Gray,,School's own neighborhood,own_neighborhood,442,472
2023-24,Middle,Gray,,Cleveland,high_school_area,4,472
2023-24,Middle,Gray,,Franklin,high_school_area,1,472
2023-24,Middle,Gray,,Grant,high_school_area,1,472
2023-24,Middle,Gray,,Ida B. Wells-Barnett,high_school_area,15,472
2023-24,Middle,Gray,,Jefferson/Grant,high_school_area,0,472
2023-24,Middle,Gray,,Jefferson/McDaniel,high_school_area,0,472
2023-24,Middle,Gray,,Jefferson/Roosevelt,high_school_area,0,472
2023-24,Middle,Gray,,Lincoln,high_school_area,4,472
2023-24,Middle,Gray,,McDaniel,high_school_area,0,472
2023-24,Middle,Gray,,Roosevelt,high_school_area,0,472
2023-24,Middle,Gray,,Out of District/Undetermined,other,5,472
2023-24,Middle,Harriet Tubman,Mandarin Immersion,School's own neighborhood,own_neighborhood,17,32
2023-24,Middle,Harriet Tubman,Mandarin Immersion,Cleveland,high_school_area,0,32
2023-24,Middle,Harriet Tubman,Mandarin Immersion,Franklin,high_school_area,1,32
2023-24,Middle,Harriet Tubman,Mandarin Immersion,Grant,high_school_area,1,32
2023-24,Middle,Harriet Tubman,Mandarin Immersion,Ida B. Wells-Barnett,high_school_area,1,32
2023-24,Middle,Harriet Tubman,Mandarin Immersion,Jefferson/Grant,high_school_area,0,32
2023-24,Middle,Harriet Tubman,Mandarin Immersion,Jefferson/McDaniel,high_school_area,2,32
2023-24,Middle,Harriet Tubman,Mandarin Immersion,Jefferson/Roosevelt,high_school_area,5,32
2023-24,Middle,Harriet Tubman,Mandarin Immersion,Lincoln,high_school_area,1,32
2023-24,Middle,Harriet Tubman,Mandarin Immersion,McDaniel,high_school_area,2,32
2023-24,Middle,Harriet Tubman,Mandarin Immersion,Roosevelt,high_school_area,1,32
2023-24,Middle,Harriet Tubman,Mandarin Immersion,Out of District/Undetermined,other,1,32
2023-24,Middle,Harriet Tubman,Neighborhood Program,School's own neighborhood,own_neighborhood,255,288
2023-24,Middle,Harriet Tubman,Neighborhood Program,Cleveland,high_school_area,2,288
2023-24,Middle,Harriet Tubman,Neighborhood Program,Franklin,high_school_area,1,288
2023-24,Middle,Harriet Tubman,Neighborhood Program,Grant,high_school_area,3,288
2023-24,Middle,Harriet Tubman,Neighborhood Program,Ida B. Wells-Barnett,high_school_area,0,288
2023-24,Middle,Harriet Tubman,Neighborhood Program,Jefferson/Grant,high_school_area,0,288
2023-24,Middle,Harriet Tubman,Neighborhood Program,Jefferson/McDaniel,high_school_area,5,288
2023-24,Middle,Harriet Tubman,Neighborhood Program,Jefferson/Roosevelt,high_school_area,8,288
2023-24,Middle,Harriet Tubman,Neighborhood Program,Lincoln,high_school_area,2,288
2023-24,Middle,Harriet Tubman,Neighborhood Program,McDaniel,high_school_area,8,288
2023-24,Middle,Harriet Tubman,Neighborhood Program,Roosevelt,high_school_area,1,288
2023-24,Middle,Harriet Tubman,Neighborhood Program,Out of District/Undetermined,other,3,288
2023-24,Middle,Harrison Park,Mandarin Immersion,School's own neighborhood,own_neighborhood,21,80
2023-24,Middle,Harrison Park,Mandarin Immersion,Cleveland,high_school_area,32,80
2023-24,Middle,Harrison Park,Mandarin Immersion,Franklin,high_school_area,13,80
2023-24,Middle,Harrison Park,Mandarin Immersion,Grant,high_school_area,1,80
2023-24,Middle,Harrison Park,Mandarin Immersion,Ida B. Wells-Barnett,high_school_area,0,80
2023-24,Middle,Harrison Park,Mandarin Immersion,Jefferson/Grant,high_school_area,0,80
2023-24,Middle,Harrison Park,Mandarin Immersion,Jefferson/McDaniel,high_school_area,0,80
2023-24,Middle,Harrison Park,Mandarin Immersion,Jefferson/Roosevelt,high_school_area,0,80
2023-24,Middle,Harrison Park,Mandarin Immersion,Lincoln,high_school_area,1,80
2023-24,Middle,Harrison Park,Mandarin Immersion,McDaniel,high_school_area,2,80
2023-24,Middle,Harrison Park,Mandarin Immersion,Roosevelt,high_school_area,0,80
2023-24,Middle,Harrison Park,Mandarin Immersion,Out of District/Undetermined,other,10,80
2023-24,Middle,Harrison Park,Neighborhood Program,School's own neighborhood,own_neighborhood,208,241
2023-24,Middle,Harrison Park,Neighborhood Program,Cleveland,high_school_area,1,241
2023-24,Middle,Harrison Park,Neighborhood Program,Franklin,high_school_area,17,241
2023-24,Middle,Harrison Park,Neighborhood Program,Grant,high_school_area,0,241
2023-24,Middle,Harrison Park,Neighborhood Program,Ida B. Wells-Barnett,high_school_area,0,241
2023-24,Middle,Harrison Park,Neighborhood Program,Jefferson/Grant,high_school_area,0,241
2023-24,Middle,Harrison Park,Neighborhood Program,Jefferson/McDaniel,high_school_area,0,241
2023-24,Middle,Harrison Park,Neighborhood Program,Jefferson/Roosevelt,high_school_area,0,241
2023-24,Middle,Harrison Park,Neighborhood Program,Lincoln,high_school_area,0,241
2023-24,Middle,Harrison Park,Neighborhood Program,McDaniel,high_school_area,1,241
2023-24,Middle,Harrison Park,Neighborhood Program,Roosevelt,high_school_area,0,241
2023-24,Middle,Harrison Park,Neighborhood Program,Out of District/Undetermined,other,14,241
2023-24,Middle,Hosford,,School's own neighborhood,own_neighborhood,426,517
2023-24,Middle,Hosford,,Cleveland,high_school_area,66,517
2023-24,Middle,Hosford,,Franklin,high_school_area,11,517
2023-24,Middle,Hosford,,Grant,high_school_area,0,517
2023-24,Middle,Hosford,,Ida B. Wells-Barnett,high_school_area,1,517
2023-24,Middle,Hosford,,Jefferson/Grant,high_school_area,1,517
2023-24,Middle,Hosford,,Jefferson/McDaniel,high_school_area,0,517
2023-24,Middle,Hosford,,Jefferson/Roosevelt,high_school_area,0,517
2023-24,Middle,Hosford,,Lincoln,high_school_area,2,517
2023-24,Middle,Hosford,,McDaniel,high_school_area,2,517
2023-24,Middle,Hosford,,Roosevelt,high_school_area,2,517
2023-24,Middle,Hosford,,Out of District/Undetermined,other,6,517
2023-24,Middle,Jackson,,School's own neighborhood,own_neighborhood,674,711
2023-24,Middle,Jackson,,Cleveland,high_school_area,0,711
2023-24,Middle,Jackson,,Franklin,high_school_area,1,711
2023-24,Middle,Jackson,,Grant,high_school_area,1,711
2023-24,Middle,Jackson,,Ida B. Wells-Barnett,high_school_area,26,711
2023-24,Middle,Jackson,,Jefferson/Grant,high_school_area,2,711
2023-24,Middle,Jackson,,Jefferson/McDaniel,high_school_area,0,711
2023-24,Middle,Jackson,,Jefferson/Roosevelt,high_school_area,1,711
2023-24,Middle,Jackson,,Lincoln,high_school_area,1,711
2023-24,Middle,Jackson,,McDaniel,high_school_area,1,711
2023-24,Middle,Jackson,,Roosevelt,high_school_area,0,711
2023-24,Middle,Jackson,,Out of District/Undetermined,other,4,711
2023-24,Middle,Kellogg,Neighborhood Program,School's own neighborhood,own_neighborhood,330,449
2023-24,Middle,Kellogg,Neighborhood Program,Cleveland,high_school_area,8,449
2023-24,Middle,Kellogg,Neighborhood Program,Franklin,high_school_area,91,449
2023-24,Middle,Kellogg,Neighborhood Program,Grant,high_school_area,0,449
2023-24,Middle,Kellogg,Neighborhood Program,Ida B. Wells-Barnett,high_school_area,1,449
2023-24,Middle,Kellogg,Neighborhood Program,Jefferson/Grant,high_school_area,0,449
2023-24,Middle,Kellogg,Neighborhood Program,Jefferson/McDaniel,high_school_area,1,449
2023-24,Middle,Kellogg,Neighborhood Program,Jefferson/Roosevelt,high_school_area,0,449
2023-24,Middle,Kellogg,Neighborhood Program,Lincoln,high_school_area,0,449
2023-24,Middle,Kellogg,Neighborhood Program,McDaniel,high_school_area,7,449
2023-24,Middle,Kellogg,Neighborhood Program,Roosevelt,high_school_area,1,449
2023-24,Middle,Kellogg,Neighborhood Program,Out of District/Undetermined,other,10,449
2023-24,Middle,Kellogg,Spanish Immersion,School's own neighborhood,own_neighborhood,51,228
2023-24,Middle,Kellogg,Spanish Immersion,Cleveland,high_school_area,20,228
2023-24,Middle,Kellogg,Spanish Immersion,Franklin,high_school_area,100,228
2023-24,Middle,Kellogg,Spanish Immersion,Grant,high_school_area,0,228
2023-24,Middle,Kellogg,Spanish Immersion,Ida B. Wells-Barnett,high_school_area,0,228
2023-24,Middle,Kellogg,Spanish Immersion,Jefferson/Grant,high_school_area,0,228
2023-24,Middle,Kellogg,Spanish Immersion,Jefferson/McDaniel,high_school_area,0,228
2023-24,Middle,Kellogg,Spanish Immersion,Jefferson/Roosevelt,high_school_area,2,228
2023-24,Middle,Kellogg,Spanish Immersion,Lincoln,high_school_area,0,228
2023-24,Middle,Kellogg,Spanish Immersion,McDaniel,high_school_area,31,228
2023-24,Middle,Kellogg,Spanish Immersion,Roosevelt,high_school_area,0,228
2023-24,Middle,Kellogg,Spanish Immersion,Out of District/Undetermined,other,24,228
2023-24,Middle,Lane,Neighborhood Program,School's own neighborhood,own_neighborhood,338,362
2023-24,Middle,Lane,Neighborhood Program,Cleveland,high_school_area,4,362
2023-24,Middle,Lane,Neighborhood Program,Franklin,high_school_area,9,362
2023-24,Middle,Lane,Neighborhood Program,Grant,high_school_area,0,362
2023-24,Middle,Lane,Neighborhood Program,Ida B. Wells-Barnett,high_school_area,0,362
2023-24,Middle,Lane,Neighborhood Program,Jefferson/Grant,high_school_area,1,362
2023-24,Middle,Lane,Neighborhood Program,Jefferson/McDaniel,high_school_area,0,362
2023-24,Middle,Lane,Neighborhood Program,Jefferson/Roosevelt,high_school_area,0,362
2023-24,Middle,Lane,Neighborhood Program,Lincoln,high_school_area,0,362
2023-24,Middle,Lane,Neighborhood Program,McDaniel,high_school_area,6,362
2023-24,Middle,Lane,Neighborhood Program,Roosevelt,high_school_area,0,362
2023-24,Middle,Lane,Neighborhood Program,Out of District/Undetermined,other,4,362
2023-24,Middle,Lane,Russian Immersion,School's own neighborhood,own_neighborhood,9,29
2023-24,Middle,Lane,Russian Immersion,Cleveland,high_school_area,0,29
2023-24,Middle,Lane,Russian Immersion,Franklin,high_school_area,0,29
2023-24,Middle,Lane,Russian Immersion,Grant,high_school_area,0,29
2023-24,Middle,Lane,Russian Immersion,Ida B. Wells-Barnett,high_school_area,0,29
2023-24,Middle,Lane,Russian Immersion,Jefferson/Grant,high_school_area,0,29
2023-24,Middle,Lane,Russian Immersion,Jefferson/McDaniel,high_school_area,0,29
2023-24,Middle,Lane,Russian Immersion,Jefferson/Roosevelt,high_school_area,0,29
2023-24,Middle,Lane,Russian Immersion,Lincoln,high_school_area,0,29
2023-24,Middle,Lane,Russian Immersion,McDaniel,high_school_area,1,29
2023-24,Middle,Lane,Russian Immersion,Roosevelt,high_school_area,0,29
2023-24,Middle,Lane,Russian Immersion,Out of District/Undetermined,other,19,29
2023-24,Middle,Mt Tabor,Japanese Immersion,School's own neighborhood,own_neighborhood,31,244
2023-24,Middle,Mt Tabor,Japanese Immersion,Cleveland,high_school_area,47,244
2023-24,Middle,Mt Tabor,Japanese Immersion,Franklin,high_school_area,51,244
2023-24,Middle,Mt Tabor,Japanese Immersion,Grant,high_school_area,18,244
2023-24,Middle,Mt Tabor,Japanese Immersion,Ida B. Wells-Barnett,high_school_area,9,244
2023-24,Middle,Mt Tabor,Japanese Immersion,Jefferson/Grant,high_school_area,15,244
2023-24,Middle,Mt Tabor,Japanese Immersion,Jefferson/McDaniel,high_school_area,11,244
2023-24,Middle,Mt Tabor,Japanese Immersion,Jefferson/Roosevelt,high_school_area,10,244
2023-24,Middle,Mt Tabor,Japanese Immersion,Lincoln,high_school_area,2,244
2023-24,Middle,Mt Tabor,Japanese Immersion,McDaniel,high_school_area,39,244
2023-24,Middle,Mt Tabor,Japanese Immersion,Roosevelt,high_school_area,4,244
2023-24,Middle,Mt Tabor,Japanese Immersion,Out of District/Undetermined,other,7,244
2023-24,Middle,Mt Tabor,Neighborhood Program,School's own neighborhood,own_neighborhood,171,259
2023-24,Middle,Mt Tabor,Neighborhood Program,Cleveland,high_school_area,3,259
2023-24,Middle,Mt Tabor,Neighborhood Program,Franklin,high_school_area,71,259
2023-24,Middle,Mt Tabor,Neighborhood Program,Grant,high_school_area,1,259
2023-24,Middle,Mt Tabor,Neighborhood Program,Ida B. Wells-Barnett,high_school_area,1,259
2023-24,Middle,Mt Tabor,Neighborhood Program,Jefferson/Grant,high_school_area,1,259
2023-24,Middle,Mt Tabor,Neighborhood Program,Jefferson/McDaniel,high_school_area,1,259
2023-24,Middle,Mt Tabor,Neighborhood Program,Jefferson/Roosevelt,high_school_area,2,259
2023-24,Middle,Mt Tabor,Neighborhood Program,Lincoln,high_school_area,0,259
2023-24,Middle,Mt Tabor,Neighborhood Program,McDaniel,high_school_area,2,259
2023-24,Middle,Mt Tabor,Neighborhood Program,Roosevelt,high_school_area,1,259
2023-24,Middle,Mt Tabor,Neighborhood Program,Out of District/Undetermined,other,5,259
2023-24,Middle,Ockley Green,Neighborhood Program,School's own neighborhood,own_neighborhood,322,350
2023-24,Middle,Ockley Green,Neighborhood Program,Cleveland,high_school_area,1,350
2023-24,Middle,Ockley Green,Neighborhood Program,Franklin,high_school_area,2,350
2023-24,Middle,Ockley Green,Neighborhood Program,Grant,high_school_area,0,350
2023-24,Middle,Ockley Green,Neighborhood Program,Ida B. Wells-Barnett,high_school_area,0,350
2023-24,Middle,Ockley Green,Neighborhood Program,Jefferson/Grant,high_school_area,5,350
2023-24,Middle,Ockley Green,Neighborhood Program,Jefferson/McDaniel,high_school_area,1,350
2023-24,Middle,Ockley Green,Neighborhood Program,Jefferson/Roosevelt,high_school_area,1,350
2023-24,Middle,Ockley Green,Neighborhood Program,Lincoln,high_school_area,0,350
2023-24,Middle,Ockley Green,Neighborhood Program,McDaniel,high_school_area,3,350
2023-24,Middle,Ockley Green,Neighborhood Program,Roosevelt,high_school_area,14,350
2023-24,Middle,Ockley Green,Neighborhood Program,Out of District/Undetermined,other,1,350
2023-24,Middle,Ockley Green,Spanish Immersion,School's own neighborhood,own_neighborhood,57,78
2023-24,Middle,Ockley Green,Spanish Immersion,Cleveland,high_school_area,0,78
2023-24,Middle,Ockley Green,Spanish Immersion,Franklin,high_school_area,0,78
2023-24,Middle,Ockley Green,Spanish Immersion,Grant,high_school_area,0,78
2023-24,Middle,Ockley Green,Spanish Immersion,Ida B. Wells-Barnett,high_school_area,0,78
2023-24,Middle,Ockley Green,Spanish Immersion,Jefferson/Grant,high_school_area,9,78
2023-24,Middle,Ockley Green,Spanish Immersion,Jefferson/McDaniel,high_school_area,5,78
2023-24,Middle,Ockley Green,Spanish Immersion,Jefferson/Roosevelt,high_school_area,2,78
2023-24,Middle,Ockley Green,Spanish Immersion,Lincoln,high_school_area,0,78
2023-24,Middle,Ockley Green,Spanish Immersion,McDaniel,high_school_area,0,78
2023-24,Middle,Ockley Green,Spanish Immersion,Roosevelt,high_school_area,5,78
2023-24,Middle,Ockley Green,Spanish Immersion,Out of District/Undetermined,other,0,78
2023-24,Middle,Roseway Heights,Neighborhood Program,School's own neighborhood,own_neighborhood,294,432
2023-24,Middle,Roseway Heights,Neighborhood Program,Cleveland,high_school_area,2,432
2023-24,Middle,Roseway Heights,Neighborhood Program,Franklin,high_school_area,5,432
2023-24,Middle,Roseway Heights,Neighborhood Program,Grant,high_school_area,2,432
2023-24,Middle,Roseway Heights,Neighborhood Program,Ida B. Wells-Barnett,high_school_area,1,432
2023-24,Middle,Roseway Heights,Neighborhood Program,Jefferson/Grant,high_school_area,0,432
2023-24,Middle,Roseway Heights,Neighborhood Program,Jefferson/McDaniel,high_school_area,1,432
2023-24,Middle,Roseway Heights,Neighborhood Program,Jefferson/Roosevelt,high_school_area,0,432
2023-24,Middle,Roseway Heights,Neighborhood Program,Lincoln,high_school_area,1,432
2023-24,Middle,Roseway Heights,Neighborhood Program,McDaniel,high_school_area,115,432
2023-24,Middle,Roseway Heights,Neighborhood Program,Roosevelt,high_school_area,1,432
2023-24,Middle,Roseway Heights,Neighborhood Program,Out of District/Undetermined,other,10,432
2023-24,Middle,Roseway Heights,Spanish Immersion,School's own neighborhood,own_neighborhood,57,83
2023-24,Middle,Roseway Heights,Spanish Immersion,Cleveland,high_school_area,0,83
2023-24,Middle,Roseway Heights,Spanish Immersion,Franklin,high_school_area,1,83
2023-24,Middle,Roseway Heights,Spanish Immersion,Grant,high_school_area,2,83
2023-24,Middle,Roseway Heights,Spanish Immersion,Ida B. Wells-Barnett,high_school_area,0,83
2023-24,Middle,Roseway Heights,Spanish Immersion,Jefferson/Grant,high_school_area,0,83
2023-24,Middle,Roseway Heights,Spanish Immersion,Jefferson/McDaniel,high_school_area,0,83
2023-24,Middle,Roseway Heights,Spanish Immersion,Jefferson/Roosevelt,high_school_area,1,83
2023-24,Middle,Roseway Heights,Spanish Immersion,Lincoln,high_school_area,0,83
2023-24,Middle,Roseway Heights,Spanish Immersion,McDaniel,high_school_area,21,83
2023-24,Middle,Roseway Heights,Spanish Immersion,Roosevelt,high_school_area,1,83
2023-24,Middle,Roseway Heights,Spanish Immersion,Out of District/Undetermined,other,0,83
2023-24,Middle,Roseway Heights,Vietnamese Immersion,School's own neighborhood,own_neighborhood,8,36
2023-24,Middle,Roseway Heights,Vietnamese Immersion,Cleveland,high_school_area,2,36
2023-24,Middle,Roseway Heights,Vietnamese Immersion,Franklin,high_school_area,6,36
2023-24,Middle,Roseway Heights,Vietnamese Immersion,Grant,high_school_area,0,36
2023-24,Middle,Roseway Heights,Vietnamese Immersion,Ida B. Wells-Barnett,high_school_area,1,36
2023-24,Middle,Roseway Heights,Vietnamese Immersion,Jefferson/Grant,high_school_area,0,36
2023-24,Middle,Roseway Heights,Vietnamese Immersion,Jefferson/McDaniel,high_school_area,2,36
2023-24,Middle,Roseway Heights,Vietnamese Immersion,Jefferson/Roosevelt,high_school_area,2,36
2023-24,Middle,Roseway Heights,Vietnamese Immersion,Lincoln,high_school_area,0,36
2023-24,Middle,Roseway Heights,Vietnamese Immersion,McDaniel,high_school_area,10,36
2023-24,Middle,Roseway Heights,Vietnamese Immersion,Roosevelt,high_school_area,0,36
2023-24,Middle,Roseway Heights,Vietnamese Immersion,Out of District/Undetermined,other,5,36
2023-24,Middle,Sellwood,,School's own neighborhood,own_neighborhood,530,567
2023-24,Middle,Sellwood,,Cleveland,high_school_area,23,567
2023-24,Middle,Sellwood,,Franklin,high_school_area,9,567
2023-24,Middle,Sellwood,,Grant,high_school_area,0,567
2023-24,Middle,Sellwood,,Ida B. Wells-Barnett,high_school_area,0,567
2023-24,Middle,Sellwood,,Jefferson/Grant,high_school_area,0,567
2023-24,Middle,Sellwood,,Jefferson/McDaniel,high_school_area,1,567
2023-24,Middle,Sellwood,,Jefferson/Roosevelt,high_school_area,1,567
2023-24,Middle,Sellwood,,Lincoln,high_school_area,0,567
2023-24,Middle,Sellwood,,McDaniel,high_school_area,1,567
2023-24,Middle,Sellwood,,Roosevelt,high_school_area,0,567
2023-24,Middle,Sellwood,,Out of District/Undetermined,other,2,567
2023-24,Middle,West Sylvan,Neighborhood Program,School's own neighborhood,own_neighborhood,562,591
2023-24,Middle,West Sylvan,Neighborhood Program,Cleveland,high_school_area,0,591
2023-24,Middle,West Sylvan,Neighborhood Program,Franklin,high_school_area,1,591
2023-24,Middle,West Sylvan,Neighborhood Program,Grant,high_school_area,0,591
2023-24,Middle,West Sylvan,Neighborhood Program,Ida B. Wells-Barnett,high_school_area,10,591
2023-24,Middle,West Sylvan,Neighborhood Program,Jefferson/Grant,high_school_area,0,591
2023-24,Middle,West Sylvan,Neighborhood Program,Jefferson/McDaniel,high_school_area,0,591
2023-24,Middle,West Sylvan,Neighborhood Program,Jefferson/Roosevelt,high_school_area,4,591
2023-24,Middle,West Sylvan,Neighborhood Program,Lincoln,high_school_area,7,591
2023-24,Middle,West Sylvan,Neighborhood Program,McDaniel,high_school_area,0,591
2023-24,Middle,West Sylvan,Neighborhood Program,Roosevelt,high_school_area,0,591
2023-24,Middle,West Sylvan,Neighborhood Program,Out of District/Undetermined,other,7,591
2023-24,Middle,West Sylvan,Spanish Immersion,School's own neighborhood,own_neighborhood,81,131
2023-24,Middle,West Sylvan,Spanish Immersion,Cleveland,high_school_area,0,131
2023-24,Middle,West Sylvan,Spanish Immersion,Franklin,high_school_area,1,131
2023-24,Middle,West Sylvan,Spanish Immersion,Grant,high_school_area,0,131
2023-24,Middle,West Sylvan,Spanish Immersion,Ida B. Wells-Barnett,high_school_area,44,131
2023-24,Middle,West Sylvan,Spanish Immersion,Jefferson/Grant,high_school_area,1,131
2023-24,Middle,West Sylvan,Spanish Immersion,Jefferson/McDaniel,high_school_area,0,131
2023-24,Middle,West Sylvan,Spanish Immersion,Jefferson/Roosevelt,high_school_area,1,131
2023-24,Middle,West Sylvan,Spanish Immersion,Lincoln,high_school_area,2,131
2023-24,Middle,West Sylvan,Spanish Immersion,McDaniel,high_school_area,1,131
2023-24,Middle,West Sylvan,Spanish Immersion,Roosevelt,high_school_area,0,131
2023-24,Middle,West Sylvan,Spanish Immersion,Out of District/Undetermined,other,0,131
2023-24,High,Benson,,School's own neighborhood,own_neighborhood,0,818
2023-24,High,Benson,,Cleveland,high_school_area,188,818
2023-24,High,Benson,,Franklin,high_school_area,178,818
2023-24,High,Benson,,Grant,high_school_area,15,818
2023-24,High,Benson,,Ida B. Wells-Barnett,high_school_area,27,818
2023-24,High,Benson,,Jefferson/Grant,high_school_area,41,818
2023-24,High,Benson,,Jefferson/McDaniel,high_school_area,26,818
2023-24,High,Benson,,Jefferson/Roosevelt,high_school_area,102,818
2023-24,High,Benson,,Lincoln,high_school_area,18,818
2023-24,High,Benson,,McDaniel,high_school_area,106,818
2023-24,High,Benson,,Roosevelt,high_school_area,54,818
2023-24,High,Benson,,Out of District/Undetermined,other,63,818
2023-24,High,Cleveland,Mandarin Immersion,School's own neighborhood,own_neighborhood,88,146
2023-24,High,Cleveland,Mandarin Immersion,Cleveland,high_school_area,0,146
2023-24,High,Cleveland,Mandarin Immersion,Franklin,high_school_area,37,146
2023-24,High,Cleveland,Mandarin Immersion,Grant,high_school_area,1,146
2023-24,High,Cleveland,Mandarin Immersion,Ida B. Wells-Barnett,high_school_area,2,146
2023-24,High,Cleveland,Mandarin Immersion,Jefferson/Grant,high_school_area,1,146
2023-24,High,Cleveland,Mandarin Immersion,Jefferson/McDaniel,high_school_area,0,146
2023-24,High,Cleveland,Mandarin Immersion,Jefferson/Roosevelt,high_school_area,1,146
2023-24,High,Cleveland,Mandarin Immersion,Lincoln,high_school_area,0,146
2023-24,High,Cleveland,Mandarin Immersion,McDaniel,high_school_area,7,146
2023-24,High,Cleveland,Mandarin Immersion,Roosevelt,high_school_area,1,146
2023-24,High,Cleveland,Mandarin Immersion,Out of District/Undetermined,other,8,146
2023-24,High,Cleveland,Neighborhood Program,School's own neighborhood,own_neighborhood,1266,1328
2023-24,High,Cleveland,Neighborhood Program,Cleveland,high_school_area,0,1328
2023-24,High,Cleveland,Neighborhood Program,Franklin,high_school_area,23,1328
2023-24,High,Cleveland,Neighborhood Program,Grant,high_school_area,0,1328
2023-24,High,Cleveland,Neighborhood Program,Ida B. Wells-Barnett,high_school_area,1,1328
2023-24,High,Cleveland,Neighborhood Program,Jefferson/Grant,high_school_area,3,1328
2023-24,High,Cleveland,Neighborhood Program,Jefferson/McDaniel,high_school_area,3,1328
2023-24,High,Cleveland,Neighborhood Program,Jefferson/Roosevelt,high_school_area,1,1328
2023-24,High,Cleveland,Neighborhood Program,Lincoln,high_school_area,2,1328
2023-24,High,Cleveland,Neighborhood Program,McDaniel,high_school_area,7,1328
2023-24,High,Cleveland,Neighborhood Program,Roosevelt,high_school_area,2,1328
2023-24,High,Cleveland,Neighborhood Program,Out of District/Undetermined,other,20,1328
2023-24,High,Franklin,Neighborhood Program,School's own neighborhood,own_neighborhood,1518,1622
2023-24,High,Franklin,Neighborhood Program,Cleveland,high_school_area,36,1622
2023-24,High,Franklin,Neighborhood Program,Franklin,high_school_area,0,1622
2023-24,High,Franklin,Neighborhood Program,Grant,high_school_area,3,1622
2023-24,High,Franklin,Neighborhood Program,Ida B. Wells-Barnett,high_school_area,0,1622
2023-24,High,Franklin,Neighborhood Program,Jefferson/Grant,high_school_area,2,1622
2023-24,High,Franklin,Neighborhood Program,Jefferson/McDaniel,high_school_area,0,1622
2023-24,High,Franklin,Neighborhood Program,Jefferson/Roosevelt,high_school_area,2,1622
2023-24,High,Franklin,Neighborhood Program,Lincoln,high_school_area,0,1622
2023-24,High,Franklin,Neighborhood Program,McDaniel,high_school_area,20,1622
2023-24,High,Franklin,Neighborhood Program,Roosevelt,high_school_area,3,1622
2023-24,High,Franklin,Neighborhood Program,Out of District/Undetermined,other,38,1622
2023-24,High,Franklin,Russian Immersion,School's own neighborhood,own_neighborhood,13,41
2023-24,High,Franklin,Russian Immersion,Cleveland,high_school_area,1,41
2023-24,High,Franklin,Russian Immersion,Franklin,high_school_area,0,41
2023-24,High,Franklin,Russian Immersion,Grant,high_school_area,0,41
2023-24,High,Franklin,Russian Immersion,Ida B. Wells-Barnett,high_school_area,0,41
2023-24,High,Franklin,Russian Immersion,Jefferson/Grant,high_school_area,0,41
2023-24,High,Franklin,Russian Immersion,Jefferson/McDaniel,high_school_area,0,41
2023-24,High,Franklin,Russian Immersion,Jefferson/Roosevelt,high_school_area,0,41
2023-24,High,Franklin,Russian Immersion,Lincoln,high_school_area,0,41
2023-24,High,Franklin,Russian Immersion,McDaniel,high_school_area,2,41
2023-24,High,Franklin,Russian Immersion,Roosevelt,high_school_area,0,41
2023-24,High,Franklin,Russian Immersion,Out of District/Undetermined,other,25,41
2023-24,High,Franklin,Spanish Immersion,School's own neighborhood,own_neighborhood,124,148
2023-24,High,Franklin,Spanish Immersion,Cleveland,high_school_area,18,148
2023-24,High,Franklin,Spanish Immersion,Franklin,high_school_area,0,148
2023-24,High,Franklin,Spanish Immersion,Grant,high_school_area,0,148
2023-24,High,Franklin,Spanish Immersion,Ida B. Wells-Barnett,high_school_area,0,148
2023-24,High,Franklin,Spanish Immersion,Jefferson/Grant,high_school_area,0,148
2023-24,High,Franklin,Spanish Immersion,Jefferson/McDaniel,high_school_area,0,148
2023-24,High,Franklin,Spanish Immersion,Jefferson/Roosevelt,high_school_area,0,148
2023-24,High,Franklin,Spanish Immersion,Lincoln,high_school_area,0,148
2023-24,High,Franklin,Spanish Immersion,McDaniel,high_school_area,1,148
2023-24,High,Franklin,Spanish Immersion,Roosevelt,high_school_area,0,148
2023-24,High,Franklin,Spanish Immersion,Out of District/Undetermined,other,5,148
2023-24,High,Grant,Japanese Immersion,School's own neighborhood,own_neighborhood,33,286
2023-24,High,Grant,Japanese Immersion,Cleveland,high_school_area,55,286
2023-24,High,Grant,Japanese Immersion,Franklin,high_school_area,88,286
2023-24,High,Grant,Japanese Immersion,Grant,high_school_area,0,286
2023-24,High,Grant,Japanese Immersion,Ida B. Wells-Barnett,high_school_area,13,286
2023-24,High,Grant,Japanese Immersion,Jefferson/Grant,high_school_area,11,286
2023-24,High,Grant,Japanese Immersion,Jefferson/McDaniel,high_school_area,16,286
2023-24,High,Grant,Japanese Immersion,Jefferson/Roosevelt,high_school_area,16,286
2023-24,High,Grant,Japanese Immersion,Lincoln,high_school_area,2,286
2023-24,High,Grant,Japanese Immersion,McDaniel,high_school_area,38,286
2023-24,High,Grant,Japanese Immersion,Roosevelt,high_school_area,5,286
2023-24,High,Grant,Japanese Immersion,Out of District/Undetermined,other,9,286
2023-24,High,Grant,Neighborhood Program,School's own neighborhood,own_neighborhood,1055,1892
2023-24,High,Grant,Neighborhood Program,Cleveland,high_school_area,17,1892
2023-24,High,Grant,Neighborhood Program,Franklin,high_school_area,27,1892
2023-24,High,Grant,Neighborhood Program,Grant,high_school_area,0,1892
2023-24,High,Grant,Neighborhood Program,Ida B. Wells-Barnett,high_school_area,2,1892
2023-24,High,Grant,Neighborhood Program,Jefferson/Grant,high_school_area,680,1892
2023-24,High,Grant,Neighborhood Program,Jefferson/McDaniel,high_school_area,18,1892
2023-24,High,Grant,Neighborhood Program,Jefferson/Roosevelt,high_school_area,22,1892
2023-24,High,Grant,Neighborhood Program,Lincoln,high_school_area,5,1892
2023-24,High,Grant,Neighborhood Program,McDaniel,high_school_area,54,1892
2023-24,High,Grant,Neighborhood Program,Roosevelt,high_school_area,2,1892
2023-24,High,Grant,Neighborhood Program,Out of District/Undetermined,other,10,1892
2023-24,High,Ida B. Wells-Barnett,,School's own neighborhood,own_neighborhood,1579,1652
2023-24,High,Ida B. Wells-Barnett,,Cleveland,high_school_area,10,1652
2023-24,High,Ida B. Wells-Barnett,,Franklin,high_school_area,2,1652
2023-24,High,Ida B. Wells-Barnett,,Grant,high_school_area,2,1652
2023-24,High,Ida B. Wells-Barnett,,Ida B. Wells-Barnett,high_school_area,0,1652
2023-24,High,Ida B. Wells-Barnett,,Jefferson/Grant,high_school_area,2,1652
2023-24,High,Ida B. Wells-Barnett,,Jefferson/McDaniel,high_school_area,0,1652
2023-24,High,Ida B. Wells-Barnett,,Jefferson/Roosevelt,high_school_area,2,1652
2023-24,High,Ida B. Wells-Barnett,,Lincoln,high_school_area,21,1652
2023-24,High,Ida B. Wells-Barnett,,McDaniel,high_school_area,3,1652
2023-24,High,Ida B. Wells-Barnett,,Roosevelt,high_school_area,0,1652
2023-24,High,Ida B. Wells-Barnett,,Out of District/Undetermined,other,31,1652
2023-24,High,Jefferson,Mandarin Immersion,School's own neighborhood,own_neighborhood,8,10
2023-24,High,Jefferson,Mandarin Immersion,Cleveland,high_school_area,0,10
2023-24,High,Jefferson,Mandarin Immersion,Franklin,high_school_area,0,10
2023-24,High,Jefferson,Mandarin Immersion,Grant,high_school_area,0,10
2023-24,High,Jefferson,Mandarin Immersion,Ida B. Wells-Barnett,high_school_area,0,10
2023-24,High,Jefferson,Mandarin Immersion,Jefferson/Grant,high_school_area,0,10
2023-24,High,Jefferson,Mandarin Immersion,Jefferson/McDaniel,high_school_area,0,10
2023-24,High,Jefferson,Mandarin Immersion,Jefferson/Roosevelt,high_school_area,0,10
2023-24,High,Jefferson,Mandarin Immersion,Lincoln,high_school_area,0,10
2023-24,High,Jefferson,Mandarin Immersion,McDaniel,high_school_area,1,10
2023-24,High,Jefferson,Mandarin Immersion,Roosevelt,high_school_area,1,10
2023-24,High,Jefferson,Mandarin Immersion,Out of District/Undetermined,other,0,10
2023-24,High,Jefferson,Neighborhood Program,School's own neighborhood,own_neighborhood,416,515
2023-24,High,Jefferson,Neighborhood Program,Cleveland,high_school_area,2,515
2023-24,High,Jefferson,Neighborhood Program,Franklin,high_school_area,6,515
2023-24,High,Jefferson,Neighborhood Program,Grant,high_school_area,4,515
2023-24,High,Jefferson,Neighborhood Program,Ida B. Wells-Barnett,high_school_area,2,515
2023-24,High,Jefferson,Neighborhood Program,Jefferson/Grant,high_school_area,0,515
2023-24,High,Jefferson,Neighborhood Program,Jefferson/McDaniel,high_school_area,0,515
2023-24,High,Jefferson,Neighborhood Program,Jefferson/Roosevelt,high_school_area,0,515
2023-24,High,Jefferson,Neighborhood Program,Lincoln,high_school_area,3,515
2023-24,High,Jefferson,Neighborhood Program,McDaniel,high_school_area,30,515
2023-24,High,Jefferson,Neighborhood Program,Roosevelt,high_school_area,38,515
2023-24,High,Jefferson,Neighborhood Program,Out of District/Undetermined,other,14,515
2023-24,High,Lincoln,Neighborhood Program,School's own neighborhood,own_neighborhood,1235,1387
2023-24,High,Lincoln,Neighborhood Program,Cleveland,high_school_area,12,1387
2023-24,High,Lincoln,Neighborhood Program,Franklin,high_school_area,10,1387
2023-24,High,Lincoln,Neighborhood Program,Grant,high_school_area,4,1387
2023-24,High,Lincoln,Neighborhood Program,Ida B. Wells-Barnett,high_school_area,50,1387
2023-24,High,Lincoln,Neighborhood Program,Jefferson/Grant,high_school_area,13,1387
2023-24,High,Lincoln,Neighborhood Program,Jefferson/McDaniel,high_school_area,3,1387
2023-24,High,Lincoln,Neighborhood Program,Jefferson/Roosevelt,high_school_area,15,1387
2023-24,High,Lincoln,Neighborhood Program,Lincoln,high_school_area,0,1387
2023-24,High,Lincoln,Neighborhood Program,McDaniel,high_school_area,5,1387
2023-24,High,Lincoln,Neighborhood Program,Roosevelt,high_school_area,7,1387
2023-24,High,Lincoln,Neighborhood Program,Out of District/Undetermined,other,33,1387
2023-24,High,Lincoln,Spanish Immersion,School's own neighborhood,own_neighborhood,118,192
2023-24,High,Lincoln,Spanish Immersion,Cleveland,high_school_area,0,192
2023-24,High,Lincoln,Spanish Immersion,Franklin,high_school_area,0,192
2023-24,High,Lincoln,Spanish Immersion,Grant,high_school_area,0,192
2023-24,High,Lincoln,Spanish Immersion,Ida B. Wells-Barnett,high_school_area,66,192
2023-24,High,Lincoln,Spanish Immersion,Jefferson/Grant,high_school_area,3,192
2023-24,High,Lincoln,Spanish Immersion,Jefferson/McDaniel,high_school_area,0,192
2023-24,High,Lincoln,Spanish Immersion,Jefferson/Roosevelt,high_school_area,2,192
2023-24,High,Lincoln,Spanish Immersion,Lincoln,high_school_area,0,192
2023-24,High,Lincoln,Spanish Immersion,McDaniel,high_school_area,1,192
2023-24,High,Lincoln,Spanish Immersion,Roosevelt,high_school_area,1,192
2023-24,High,Lincoln,Spanish Immersion,Out of District/Undetermined,other,1,192
2023-24,High,McDaniel,Neighborhood Program,School's own neighborhood,own_neighborhood,1055,1380
2023-24,High,McDaniel,Neighborhood Program,Cleveland,high_school_area,7,1380
2023-24,High,McDaniel,Neighborhood Program,Franklin,high_school_area,35,1380
2023-24,High,McDaniel,Neighborhood Program,Grant,high_school_area,8,1380
2023-24,High,McDaniel,Neighborhood Program,Ida B. Wells-Barnett,high_school_area,3,1380
2023-24,High,McDaniel,Neighborhood Program,Jefferson/Grant,high_school_area,13,1380
2023-24,High,McDaniel,Neighborhood Program,Jefferson/McDaniel,high_school_area,179,1380
2023-24,High,McDaniel,Neighborhood Program,Jefferson/Roosevelt,high_school_area,19,1380
2023-24,High,McDaniel,Neighborhood Program,Lincoln,high_school_area,2,1380
2023-24,High,McDaniel,Neighborhood Program,McDaniel,high_school_area,0,1380
2023-24,High,McDaniel,Neighborhood Program,Roosevelt,high_school_area,2,1380
2023-24,High,McDaniel,Neighborhood Program,Out of District/Undetermined,other,57,1380
2023-24,High,McDaniel,Portland International Scholars,School's own neighborhood,own_neighborhood,36,66
2023-24,High,McDaniel,Portland International Scholars,Cleveland,high_school_area,5,66
2023-24,High,McDaniel,Portland International Scholars,Franklin,high_school_area,13,66
2023-24,High,McDaniel,Portland International Scholars,Grant,high_school_area,1,66
2023-24,High,McDaniel,Portland International Scholars,Ida B. Wells-Barnett,high_school_area,0,66
2023-24,High,McDaniel,Portland International Scholars,Jefferson/Grant,high_school_area,1,66
2023-24,High,McDaniel,Portland International Scholars,Jefferson/McDaniel,high_school_area,3,66
2023-24,High,McDaniel,Portland International Scholars,Jefferson/Roosevelt,high_school_area,3,66
2023-24,High,McDaniel,Portland International Scholars,Lincoln,high_school_area,4,66
2023-24,High,McDaniel,Portland International Scholars,McDaniel,high_school_area,0,66
2023-24,High,McDaniel,Portland International Scholars,Roosevelt,high_school_area,0,66
2023-24,High,McDaniel,Portland International Scholars,Out of District/Undetermined,other,0,66
2023-24,High,McDaniel,Spanish Immersion,School's own neighborhood,own_neighborhood,175,204
2023-24,High,McDaniel,Spanish Immersion,Cleveland,high_school_area,1,204
2023-24,High,McDaniel,Spanish Immersion,Franklin,high_school_area,4,204
2023-24,High,McDaniel,Spanish Immersion,Grant,high_school_area,1,204
2023-24,High,McDaniel,Spanish Immersion,Ida B. Wells-Barnett,high_school_area,0,204
2023-24,High,McDaniel,Spanish Immersion,Jefferson/Grant,high_school_area,3,204
2023-24,High,McDaniel,Spanish Immersion,Jefferson/McDaniel,high_school_area,5,204
2023-24,High,McDaniel,Spanish Immersion,Jefferson/Roosevelt,high_school_area,2,204
2023-24,High,McDaniel,Spanish Immersion,Lincoln,high_school_area,0,204
2023-24,High,McDaniel,Spanish Immersion,McDaniel,high_school_area,0,204
2023-24,High,McDaniel,Spanish Immersion,Roosevelt,high_school_area,1,204
2023-24,High,McDaniel,Spanish Immersion,Out of District/Undetermined,other,12,204
2023-24,High,Roosevelt,Neighborhood Program,School's own neighborhood,own_neighborhood,728,1130
2023-24,High,Roosevelt,Neighborhood Program,Cleveland,high_school_area,0,1130
2023-24,High,Roosevelt,Neighborhood Program,Franklin,high_school_area,2,1130
2023-24,High,Roosevelt,Neighborhood Program,Grant,high_school_area,2,1130
2023-24,High,Roosevelt,Neighborhood Program,Ida B. Wells-Barnett,high_school_area,1,1130
2023-24,High,Roosevelt,Neighborhood Program,Jefferson/Grant,high_school_area,5,1130
2023-24,High,Roosevelt,Neighborhood Program,Jefferson/McDaniel,high_school_area,5,1130
2023-24,High,Roosevelt,Neighborhood Program,Jefferson/Roosevelt,high_school_area,363,1130
2023-24,High,Roosevelt,Neighborhood Program,Lincoln,high_school_area,5,1130
2023-24,High,Roosevelt,Neighborhood Program,McDaniel,high_school_area,8,1130
2023-24,High,Roosevelt,Neighborhood Program,Roosevelt,high_school_area,0,1130
2023-24,High,Roosevelt,Neighborhood Program,Out of District/Undetermined,other,11,1130
2023-24,High,Roosevelt,Portland International Scholars,School's own neighborhood,own_neighborhood,55,71
2023-24,High,Roosevelt,Portland International Scholars,Cleveland,high_school_area,0,71
2023-24,High,Roosevelt,Portland International Scholars,Franklin,high_school_area,0,71
2023-24,High,Roosevelt,Portland International Scholars,Grant,high_school_area,0,71
2023-24,High,Roosevelt,Portland International Scholars,Ida B. Wells-Barnett,high_school_area,0,71
2023-24,High,Roosevelt,Portland International Scholars,Jefferson/Grant,high_school_area,1,71
2023-24,High,Roosevelt,Portland International Scholars,Jefferson/McDaniel,high_school_area,1,71
2023-24,High,Roosevelt,Portland International Scholars,Jefferson/Roosevelt,high_school_area,11,71
2023-24,High,Roosevelt,Portland International Scholars,Lincoln,high_school_area,0,71
2023-24,High,Roosevelt,Portland International Scholars,McDaniel,high_school_area,3,71
2023-24,High,Roosevelt,Portland International Scholars,Roosevelt,high_school_area,0,71
2023-24,High,Roosevelt,Portland International Scholars,Out of District/Undetermined,other,0,71
2023-24,High,Roosevelt,Spanish Immersion,School's own neighborhood,own_neighborhood,172,256
2023-24,High,Roosevelt,Spanish Immersion,Cleveland,high_school_area,0,256
2023-24,High,Roosevelt,Spanish Immersion,Franklin,high_school_area,0,256
2023-24,High,Roosevelt,Spanish Immersion,Grant,high_school_area,0,256
2023-24,High,Roosevelt,Spanish Immersion,Ida B. Wells-Barnett,high_school_area,0,256
2023-24,High,Roosevelt,Spanish Immersion,Jefferson/Grant,high_school_area,3,256
2023-24,High,Roosevelt,Spanish Immersion,Jefferson/McDaniel,high_school_area,3,256
2023-24,High,Roosevelt,Spanish Immersion,Jefferson/Roosevelt,high_school_area,75,256
2023-24,High,Roosevelt,Spanish Immersion,Lincoln,high_school_area,0,256
2023-24,High,Roosevelt,Spanish Immersion,McDaniel,high_school_area,2,256
2023-24,High,Roosevelt,Spanish Immersion,Roosevelt,high_school_area,0,256
2023-24,High,Roosevelt,Spanish Immersion,Out of District/Undetermined,other,1,256
2023-24,Alternative,ACCESS,,School's own neighborhood,own_neighborhood,0,329
2023-24,Alternative,ACCESS,,Cleveland,high_school_area,46,329
2023-24,Alternative,ACCESS,,Franklin,high_school_area,59,329
2023-24,Alternative,ACCESS,,Grant,high_school_area,33,329
2023-24,Alternative,ACCESS,,Ida B. Wells-Barnett,high_school_area,60,329
2023-24,Alternative,ACCESS,,Jefferson/Grant,high_school_area,31,329
2023-24,Alternative,ACCESS,,Jefferson/McDaniel,high_school_area,7,329
2023-24,Alternative,ACCESS,,Jefferson/Roosevelt,high_school_area,17,329
2023-24,Alternative,ACCESS,,Lincoln,high_school_area,32,329
2023-24,Alternative,ACCESS,,McDaniel,high_school_area,29,329
2023-24,Alternative,ACCESS,,Roosevelt,high_school_area,14,329
2023-24,Alternative,ACCESS,,Out of District/Undetermined,other,1,329
2023-24,Alternative,Alliance,Alliance H.S. @ Benson Campus,School's own neighborhood,own_neighborhood,0,84
2023-24,Alternative,Alliance,Alliance H.S. @ Benson Campus,Cleveland,high_school_area,5,84
2023-24,Alternative,Alliance,Alliance H.S. @ Benson Campus,Franklin,high_school_area,8,84
2023-24,Alternative,Alliance,Alliance H.S. @ Benson Campus,Grant,high_school_area,2,84
2023-24,Alternative,Alliance,Alliance H.S. @ Benson Campus,Ida B. Wells-Barnett,high_school_area,2,84
2023-24,Alternative,Alliance,Alliance H.S. @ Benson Campus,Jefferson/Grant,high_school_area,12,84
2023-24,Alternative,Alliance,Alliance H.S. @ Benson Campus,Jefferson/McDaniel,high_school_area,5,84
2023-24,Alternative,Alliance,Alliance H.S. @ Benson Campus,Jefferson/Roosevelt,high_school_area,9,84
2023-24,Alternative,Alliance,Alliance H.S. @ Benson Campus,Lincoln,high_school_area,4,84
2023-24,Alternative,Alliance,Alliance H.S. @ Benson Campus,McDaniel,high_school_area,14,84
2023-24,Alternative,Alliance,Alliance H.S. @ Benson Campus,Roosevelt,high_school_area,21,84
2023-24,Alternative,Alliance,Alliance H.S. @ Benson Campus,Out of District/Undetermined,other,2,84
2023-24,Alternative,Alliance,Alliance H.S. @ Meek Campus,School's own neighborhood,own_neighborhood,0,109
2023-24,Alternative,Alliance,Alliance H.S. @ Meek Campus,Cleveland,high_school_area,3,109
2023-24,Alternative,Alliance,Alliance H.S. @ Meek Campus,Franklin,high_school_area,9,109
2023-24,Alternative,Alliance,Alliance H.S. @ Meek Campus,Grant,high_school_area,10,109
2023-24,Alternative,Alliance,Alliance H.S. @ Meek Campus,Ida B. Wells-Barnett,high_school_area,3,109
2023-24,Alternative,Alliance,Alliance H.S. @ Meek Campus,Jefferson/Grant,high_school_area,14,109
2023-24,Alternative,Alliance,Alliance H.S. @ Meek Campus,Jefferson/McDaniel,high_school_area,7,109
2023-24,Alternative,Alliance,Alliance H.S. @ Meek Campus,Jefferson/Roosevelt,high_school_area,14,109
2023-24,Alternative,Alliance,Alliance H.S. @ Meek Campus,Lincoln,high_school_area,5,109
2023-24,Alternative,Alliance,Alliance H.S. @ Meek Campus,McDaniel,high_school_area,27,109
2023-24,Alternative,Alliance,Alliance H.S. @ Meek Campus,Roosevelt,high_school_area,14,109
2023-24,Alternative,Alliance,Alliance H.S. @ Meek Campus,Out of District/Undetermined,other,3,109
2023-24,Alternative,Metro. Learning Center,,School's own neighborhood,own_neighborhood,0,336
2023-24,Alternative,Metro. Learning Center,,Cleveland,high_school_area,22,336
2023-24,Alternative,Metro. Learning Center,,Franklin,high_school_area,14,336
2023-24,Alternative,Metro. Learning Center,,Grant,high_school_area,19,336
2023-24,Alternative,Metro. Learning Center,,Ida B. Wells-Barnett,high_school_area,36,336
2023-24,Alternative,Metro. Learning Center,,Jefferson/Grant,high_school_area,31,336
2023-24,Alternative,Metro. Learning Center,,Jefferson/McDaniel,high_school_area,14,336
2023-24,Alternative,Metro. Learning Center,,Jefferson/Roosevelt,high_school_area,72,336
2023-24,Alternative,Metro. Learning Center,,Lincoln,high_school_area,62,336
2023-24,Alternative,Metro. Learning Center,,McDaniel,high_school_area,15,336
2023-24,Alternative,Metro. Learning Center,,Roosevelt,high_school_area,35,336
2023-24,Alternative,Metro. Learning Center,,Out of District/Undetermined,other,16,336
2023-24,CBO,Mt Scott Learning Center,,School's own neighborhood,own_neighborhood,0,130
2023-24,CBO,Mt Scott Learning Center,,Cleveland,high_school_area,33,130
2023-24,CBO,Mt Scott Learning Center,,Franklin,high_school_area,66,130
2023-24,CBO,Mt Scott Learning Center,,Grant,high_school_area,4,130
2023-24,CBO,Mt Scott Learning Center,,Ida B. Wells-Barnett,high_school_area,5,130
2023-24,CBO,Mt Scott Learning Center,,Jefferson/Grant,high_school_area,4,130
2023-24,CBO,Mt Scott Learning Center,,Jefferson/McDaniel,high_school_area,2,130
2023-24,CBO,Mt Scott Learning Center,,Jefferson/Roosevelt,high_school_area,0,130
2023-24,CBO,Mt Scott Learning Center,,Lincoln,high_school_area,4,130
2023-24,CBO,Mt Scott Learning Center,,McDaniel,high_school_area,8,130
2023-24,CBO,Mt Scott Learning Center,,Roosevelt,high_school_area,0,130
2023-24,CBO,Mt Scott Learning Center,,Out of District/Undetermined,other,4,130
2023-24,CBO,NAYA Many Nations Academy,,School's own neighborhood,own_neighborhood,0,50
2023-24,CBO,NAYA Many Nations Academy,,Cleveland,high_school_area,3,50
2023-24,CBO,NAYA Many Nations Academy,,Franklin,high_school_area,4,50
2023-24,CBO,NAYA Many Nations Academy,,Grant,high_school_area,1,50
2023-24,CBO,NAYA Many Nations Academy,,Ida B. Wells-Barnett,high_school_area,1,50
2023-24,CBO,NAYA Many Nations Academy,,Jefferson/Grant,high_school_area,3,50
2023-24,CBO,NAYA Many Nations Academy,,Jefferson/McDaniel,high_school_area,3,50
2023-24,CBO,NAYA Many Nations Academy,,Jefferson/Roosevelt,high_school_area,6,50
2023-24,CBO,NAYA Many Nations Academy,,Lincoln,high_school_area,1,50
2023-24,CBO,NAYA Many Nations Academy,,McDaniel,high_school_area,15,50
2023-24,CBO,NAYA Many Nations Academy,,Roosevelt,high_school_area,10,50
2023-24,CBO,NAYA Many Nations Academy,,Out of District/Undetermined,other,3,50
2023-24,CBO,PCC,P.C.C. H.S. Completion,School's own neighborhood,own_neighborhood,0,146
2023-24,CBO,PCC,P.C.C. H.S. Completion,Cleveland,high_school_area,30,146
2023-24,CBO,PCC,P.C.C. H.S. Completion,Franklin,high_school_area,25,146
2023-24,CBO,PCC,P.C.C. H.S. Completion,Grant,high_school_area,8,146
2023-24,CBO,PCC,P.C.C. H.S. Completion,Ida B. Wells-Barnett,high_school_area,24,146
2023-24,CBO,PCC,P.C.C. H.S. Completion,Jefferson/Grant,high_school_area,6,146
2023-24,CBO,PCC,P.C.C. H.S. Completion,Jefferson/McDaniel,high_school_area,5,146
2023-24,CBO,PCC,P.C.C. H.S. Completion,Jefferson/Roosevelt,high_school_area,5,146
2023-24,CBO,PCC,P.C.C. H.S. Completion,Lincoln,high_school_area,19,146
2023-24,CBO,PCC,P.C.C. H.S. Completion,McDaniel,high_school_area,9,146
2023-24,CBO,PCC,P.C.C. H.S. Completion,Roosevelt,high_school_area,12,146
2023-24,CBO,PCC,P.C.C. H.S. Completion,Out of District/Undetermined,other,3,146
2023-24,CBO,PCC,P.C.C. YES!,School's own neighborhood,own_neighborhood,0,173
2023-24,CBO,PCC,P.C.C. YES!,Cleveland,high_school_area,19,173
2023-24,CBO,PCC,P.C.C. YES!,Franklin,high_school_area,29,173
2023-24,CBO,PCC,P.C.C. YES!,Grant,high_school_area,3,173
2023-24,CBO,PCC,P.C.C. YES!,Ida B. Wells-Barnett,high_school_area,15,173
2023-24,CBO,PCC,P.C.C. YES!,Jefferson/Grant,high_school_area,9,173
2023-24,CBO,PCC,P.C.C. YES!,Jefferson/McDaniel,high_school_area,3,173
2023-24,CBO,PCC,P.C.C. YES!,Jefferson/Roosevelt,high_school_area,23,173
2023-24,CBO,PCC,P.C.C. YES!,Lincoln,high_school_area,14,173
2023-24,CBO,PCC,P.C.C. YES!,McDaniel,high_school_area,22,173
2023-24,CBO,PCC,P.C.C. YES!,Roosevelt,high_school_area,34,173
2023-24,CBO,PCC,P.C.C. YES!,Out of District/Undetermined,other,2,173
2023-24,CBO,Rosemary Anderson,,School's own neighborhood,own_neighborhood,0,247
2023-24,CBO,Rosemary Anderson,,Cleveland,high_school_area,13,247
2023-24,CBO,Rosemary Anderson,,Franklin,high_school_area,39,247
2023-24,CBO,Rosemary Anderson,,Grant,high_school_area,0,247
2023-24,CBO,Rosemary Anderson,,Ida B. Wells-Barnett,high_school_area,3,247
2023-24,CBO,Rosemary Anderson,,Jefferson/Grant,high_school_area,31,247
2023-24,CBO,Rosemary Anderson,,Jefferson/McDaniel,high_school_area,8,247
2023-24,CBO,Rosemary Anderson,,Jefferson/Roosevelt,high_school_area,33,247
2023-24,CBO,Rosemary Anderson,,Lincoln,high_school_area,5,247
2023-24,CBO,Rosemary Anderson,,McDaniel,high_school_area,23,247
2023-24,CBO,Rosemary Anderson,,Roosevelt,high_school_area,87,247
2023-24,CBO,Rosemary Anderson,,Out of District/Undetermined,other,5,247
2023-24,CBO,Youth Builders,,School's own neighborhood,own_neighborhood,0,7
2023-24,CBO,Youth Builders,,Cleveland,high_school_area,3,7
2023-24,CBO,Youth Builders,,Franklin,high_school_area,0,7
2023-24,CBO,Youth Builders,,Grant,high_school_area,1,7
2023-24,CBO,Youth Builders,,Ida B. Wells-Barnett,high_school_area,1,7
2023-24,CBO,Youth Builders,,Jefferson/Grant,high_school_area,1,7
2023-24,CBO,Youth Builders,,Jefferson/McDaniel,high_school_area,0,7
2023-24,CBO,Youth Builders,,Jefferson/Roosevelt,high_school_area,1,7
2023-24,CBO,Youth Builders,,Lincoln,high_school_area,0,7
2023-24,CBO,Youth Builders,,McDaniel,high_school_area,0,7
2023-24,CBO,Youth Builders,,Roosevelt,high_school_area,0,7
2023-24,CBO,Youth Builders,,Out of District/Undetermined,other,0,7
2023-24,CBO,Youth Progress Association,,School's own neighborhood,own_neighborhood,0,6
2023-24,CBO,Youth Progress Association,,Cleveland,high_school_area,6,6
2023-24,CBO,Youth Progress Association,,Franklin,high_school_area,0,6
2023-24,CBO,Youth Progress Association,,Grant,high_school_area,0,6
2023-24,CBO,Youth Progress Association,,Ida B. Wells-Barnett,high_school_area,0,6
2023-24,CBO,Youth Progress Association,,Jefferson/Grant,high_school_area,0,6
2023-24,CBO,Youth Progress Association,,Jefferson/McDaniel,high_school_area,0,6
2023-24,CBO,Youth Progress Association,,Jefferson/Roosevelt,high_school_area,0,6
2023-24,CBO,Youth Progress Association,,Lincoln,high_school_area,0,6
2023-24,CBO,Youth Progress Association,,McDaniel,high_school_area,0,6
2023-24,CBO,Youth Progress Association,,Roosevelt,high_school_area,0,6
2023-24,CBO,Youth Progress Association,,Out of District/Undetermined,other,0,6
2023-24,Special Services,CTC Northeast,,School's own neighborhood,own_neighborhood,0,61
2023-24,Special Services,CTC Northeast,,Cleveland,high_school_area,7,61
2023-24,Special Services,CTC Northeast,,Franklin,high_school_area,2,61
2023-24,Special Services,CTC Northeast,,Grant,high_school_area,5,61
2023-24,Special Services,CTC Northeast,,Ida B. Wells-Barnett,high_school_area,4,61
2023-24,Special Services,CTC Northeast,,Jefferson/Grant,high_school_area,8,61
2023-24,Special Services,CTC Northeast,,Jefferson/McDaniel,high_school_area,3,61
2023-24,Special Services,CTC Northeast,,Jefferson/Roosevelt,high_school_area,4,61
2023-24,Special Services,CTC Northeast,,Lincoln,high_school_area,2,61
2023-24,Special Services,CTC Northeast,,McDaniel,high_school_area,8,61
2023-24,Special Services,CTC Northeast,,Roosevelt,high_school_area,16,61
2023-24,Special Services,CTC Northeast,,Out of District/Undetermined,other,2,61
2023-24,Special Services,CTC Southeast,,School's own neighborhood,own_neighborhood,0,81
2023-24,Special Services,CTC Southeast,,Cleveland,high_school_area,19,81
2023-24,Special Services,CTC Southeast,,Franklin,high_school_area,21,81
2023-24,Special Services,CTC Southeast,,Grant,high_school_area,8,81
2023-24,Special Services,CTC Southeast,,Ida B. Wells-Barnett,high_school_area,11,81
2023-24,Special Services,CTC Southeast,,Jefferson/Grant,high_school_area,3,81
2023-24,Special Services,CTC Southeast,,Jefferson/McDaniel,high_school_area,0,81
2023-24,Special Services,CTC Southeast,,Jefferson/Roosevelt,high_school_area,2,81
2023-24,Special Services,CTC Southeast,,Lincoln,high_school_area,4,81
2023-24,Special Services,CTC Southeast,,McDaniel,high_school_area,7,81
2023-24,Special Services,CTC Southeast,,Roosevelt,high_school_area,0,81
2023-24,Special Services,CTC Southeast,,Out of District/Undetermined,other,6,81
2023-24,Special Services,DART Programs,Clinton School,School's own neighborhood,own_neighborhood,0,4
2023-24,Special Services,DART Programs,Clinton School,Cleveland,high_school_area,0,4
2023-24,Special Services,DART Programs,Clinton School,Franklin,high_school_area,1,4
2023-24,Special Services,DART Programs,Clinton School,Grant,high_school_area,0,4
2023-24,Special Services,DART Programs,Clinton School,Ida B. Wells-Barnett,high_school_area,0,4
2023-24,Special Services,DART Programs,Clinton School,Jefferson/Grant,high_school_area,1,4
2023-24,Special Services,DART Programs,Clinton School,Jefferson/McDaniel,high_school_area,0,4
2023-24,Special Services,DART Programs,Clinton School,Jefferson/Roosevelt,high_school_area,0,4
2023-24,Special Services,DART Programs,Clinton School,Lincoln,high_school_area,0,4
2023-24,Special Services,DART Programs,Clinton School,McDaniel,high_school_area,0,4
2023-24,Special Services,DART Programs,Clinton School,Roosevelt,high_school_area,1,4
2023-24,Special Services,DART Programs,Clinton School,Out of District/Undetermined,other,1,4
2023-24,Special Services,DART Programs,Counterpoint,School's own neighborhood,own_neighborhood,0,12
2023-24,Special Services,DART Programs,Counterpoint,Cleveland,high_school_area,0,12
2023-24,Special Services,DART Programs,Counterpoint,Franklin,high_school_area,0,12
2023-24,Special Services,DART Programs,Counterpoint,Grant,high_school_area,3,12
2023-24,Special Services,DART Programs,Counterpoint,Ida B. Wells-Barnett,high_school_area,0,12
2023-24,Special Services,DART Programs,Counterpoint,Jefferson/Grant,high_school_area,1,12
2023-24,Special Services,DART Programs,Counterpoint,Jefferson/McDaniel,high_school_area,0,12
2023-24,Special Services,DART Programs,Counterpoint,Jefferson/Roosevelt,high_school_area,0,12
2023-24,Special Services,DART Programs,Counterpoint,Lincoln,high_school_area,0,12
2023-24,Special Services,DART Programs,Counterpoint,McDaniel,high_school_area,2,12
2023-24,Special Services,DART Programs,Counterpoint,Roosevelt,high_school_area,0,12
2023-24,Special Services,DART Programs,Counterpoint,Out of District/Undetermined,other,6,12
2023-24,Special Services,DART Programs,Edwards,School's own neighborhood,own_neighborhood,0,16
2023-24,Special Services,DART Programs,Edwards,Cleveland,high_school_area,2,16
2023-24,Special Services,DART Programs,Edwards,Franklin,high_school_area,0,16
2023-24,Special Services,DART Programs,Edwards,Grant,high_school_area,0,16
2023-24,Special Services,DART Programs,Edwards,Ida B. Wells-Barnett,high_school_area,1,16
2023-24,Special Services,DART Programs,Edwards,Jefferson/Grant,high_school_area,0,16
2023-24,Special Services,DART Programs,Edwards,Jefferson/McDaniel,high_school_area,1,16
2023-24,Special Services,DART Programs,Edwards,Jefferson/Roosevelt,high_school_area,2,16
2023-24,Special Services,DART Programs,Edwards,Lincoln,high_school_area,0,16
2023-24,Special Services,DART Programs,Edwards,McDaniel,high_school_area,1,16
2023-24,Special Services,DART Programs,Edwards,Roosevelt,high_school_area,1,16
2023-24,Special Services,DART Programs,Edwards,Out of District/Undetermined,other,8,16
2023-24,Special Services,DART Programs,SAGE,School's own neighborhood,own_neighborhood,0,13
2023-24,Special Services,DART Programs,SAGE,Cleveland,high_school_area,0,13
2023-24,Special Services,DART Programs,SAGE,Franklin,high_school_area,8,13
2023-24,Special Services,DART Programs,SAGE,Grant,high_school_area,0,13
2023-24,Special Services,DART Programs,SAGE,Ida B. Wells-Barnett,high_school_area,0,13
2023-24,Special Services,DART Programs,SAGE,Jefferson/Grant,high_school_area,0,13
2023-24,Special Services,DART Programs,SAGE,Jefferson/McDaniel,high_school_area,0,13
2023-24,Special Services,DART Programs,SAGE,Jefferson/Roosevelt,high_school_area,0,13
2023-24,Special Services,DART Programs,SAGE,Lincoln,high_school_area,0,13
2023-24,Special Services,DART Programs,SAGE,McDaniel,high_school_area,0,13
2023-24,Special Services,DART Programs,SAGE,Roosevelt,high_school_area,1,13
2023-24,Special Services,DART Programs,SAGE,Out of District/Undetermined,other,4,13
2023-24,Special Services,DART Programs,Souther School,School's own neighborhood,own_neighborhood,0,35
2023-24,Special Services,DART Programs,Souther School,Cleveland,high_school_area,28,35
2023-24,Special Services,DART Programs,Souther School,Franklin,high_school_area,1,35
2023-24,Special Services,DART Programs,Souther School,Grant,high_school_area,0,35
2023-24,Special Services,DART Programs,Souther School,Ida B. Wells-Barnett,high_school_area,0,35
2023-24,Special Services,DART Programs,Souther School,Jefferson/Grant,high_school_area,0,35
2023-24,Special Services,DART Programs,Souther School,Jefferson/McDaniel,high_school_area,1,35
2023-24,Special Services,DART Programs,Souther School,Jefferson/Roosevelt,high_school_area,1,35
2023-24,Special Services,DART Programs,Souther School,Lincoln,high_school_area,0,35
2023-24,Special Services,DART Programs,Souther School,McDaniel,high_school_area,0,35
2023-24,Special Services,DART Programs,Souther School,Roosevelt,high_school_area,0,35
2023-24,Special Services,DART Programs,Souther School,Out of District/Undetermined,other,4,35
2023-24,Special Services,PPS Pioneer Programs,Pioneer 5-8 Youngson,School's own neighborhood,own_neighborhood,0,33
2023-24,Special Services,PPS Pioneer Programs,Pioneer 5-8 Youngson,Cleveland,high_school_area,2,33
2023-24,Special Services,PPS Pioneer Programs,Pioneer 5-8 Youngson,Franklin,high_school_area,6,33
2023-24,Special Services,PPS Pioneer Programs,Pioneer 5-8 Youngson,Grant,high_school_area,0,33
2023-24,Special Services,PPS Pioneer Programs,Pioneer 5-8 Youngson,Ida B. Wells-Barnett,high_school_area,2,33
2023-24,Special Services,PPS Pioneer Programs,Pioneer 5-8 Youngson,Jefferson/Grant,high_school_area,2,33
2023-24,Special Services,PPS Pioneer Programs,Pioneer 5-8 Youngson,Jefferson/McDaniel,high_school_area,1,33
2023-24,Special Services,PPS Pioneer Programs,Pioneer 5-8 Youngson,Jefferson/Roosevelt,high_school_area,6,33
2023-24,Special Services,PPS Pioneer Programs,Pioneer 5-8 Youngson,Lincoln,high_school_area,3,33
2023-24,Special Services,PPS Pioneer Programs,Pioneer 5-8 Youngson,McDaniel,high_school_area,3,33
2023-24,Special Services,PPS Pioneer Programs,Pioneer 5-8 Youngson,Roosevelt,high_school_area,6,33
2023-24,Special Services,PPS Pioneer Programs,Pioneer 5-8 Youngson,Out of District/Undetermined,other,2,33
2023-24,Special Services,PPS Pioneer Programs,Pioneer H.S.,School's own neighborhood,own_neighborhood,0,23
2023-24,Special Services,PPS Pioneer Programs,Pioneer H.S.,Cleveland,high_school_area,4,23
2023-24,Special Services,PPS Pioneer Programs,Pioneer H.S.,Franklin,high_school_area,5,23
2023-24,Special Services,PPS Pioneer Programs,Pioneer H.S.,Grant,high_school_area,0,23
2023-24,Special Services,PPS Pioneer Programs,Pioneer H.S.,Ida B. Wells-Barnett,high_school_area,3,23
2023-24,Special Services,PPS Pioneer Programs,Pioneer H.S.,Jefferson/Grant,high_school_area,4,23
2023-24,Special Services,PPS Pioneer Programs,Pioneer H.S.,Jefferson/McDaniel,high_school_area,0,23
2023-24,Special Services,PPS Pioneer Programs,Pioneer H.S.,Jefferson/Roosevelt,high_school_area,1,23
2023-24,Special Services,PPS Pioneer Programs,Pioneer H.S.,Lincoln,high_school_area,0,23
2023-24,Special Services,PPS Pioneer Programs,Pioneer H.S.,McDaniel,high_school_area,3,23
2023-24,Special Services,PPS Pioneer Programs,Pioneer H.S.,Roosevelt,high_school_area,2,23
2023-24,Special Services,PPS Pioneer Programs,Pioneer H.S.,Out of District/Undetermined,other,1,23
2023-24,Special Services,PPS Pioneer Programs,Pioneer K-6 Holladay Center,School's own neighborhood,own_neighborhood,0,27
2023-24,Special Services,PPS Pioneer Programs,Pioneer K-6 Holladay Center,Cleveland,high_school_area,4,27
2023-24,Special Services,PPS Pioneer Programs,Pioneer K-6 Holladay Center,Franklin,high_school_area,6,27
2023-24,Special Services,PPS Pioneer Programs,Pioneer K-6 Holladay Center,Grant,high_school_area,0,27
2023-24,Special Services,PPS Pioneer Programs,Pioneer K-6 Holladay Center,Ida B. Wells-Barnett,high_school_area,1,27
2023-24,Special Services,PPS Pioneer Programs,Pioneer K-6 Holladay Center,Jefferson/Grant,high_school_area,3,27
2023-24,Special Services,PPS Pioneer Programs,Pioneer K-6 Holladay Center,Jefferson/McDaniel,high_school_area,1,27
2023-24,Special Services,PPS Pioneer Programs,Pioneer K-6 Holladay Center,Jefferson/Roosevelt,high_school_area,2,27
2023-24,Special Services,PPS Pioneer Programs,Pioneer K-6 Holladay Center,Lincoln,high_school_area,1,27
2023-24,Special Services,PPS Pioneer Programs,Pioneer K-6 Holladay Center,McDaniel,high_school_area,7,27
2023-24,Special Services,PPS Pioneer Programs,Pioneer K-6 Holladay Center,Roosevelt,high_school_area,2,27
2023-24,Special Services,PPS Pioneer Programs,Pioneer K-6 Holladay Center,Out of District/Undetermined,other,0,27
2023-24,Special Services,Providence Hospital,,School's own neighborhood,own_neighborhood,0,9
2023-24,Special Services,Providence Hospital,,Cleveland,high_school_area,0,9
2023-24,Special Services,Providence Hospital,,Franklin,high_school_area,0,9
2023-24,Special Services,Providence Hospital,,Grant,high_school_area,9,9
2023-24,Special Services,Providence Hospital,,Ida B. Wells-Barnett,high_school_area,0,9
2023-24,Special Services,Providence Hospital,,Jefferson/Grant,high_school_area,0,9
2023-24,Special Services,Providence Hospital,,Jefferson/McDaniel,high_school_area,0,9
2023-24,Special Services,Providence Hospital,,Jefferson/Roosevelt,high_school_area,0,9
2023-24,Special Services,Providence Hospital,,Lincoln,high_school_area,0,9
2023-24,Special Services,Providence Hospital,,McDaniel,high_school_area,0,9
2023-24,Special Services,Providence Hospital,,Roosevelt,high_school_area,0,9
2023-24,Special Services,Providence Hospital,,Out of District/Undetermined,other,0,9
2023-24,Special Services,Serendipity,,School's own neighborhood,own_neighborhood,0,11
2023-24,Special Services,Serendipity,,Cleveland,high_school_area,1,11
2023-24,Special Services,Serendipity,,Franklin,high_school_area,3,11
2023-24,Special Services,Serendipity,,Grant,high_school_area,0,11
2023-24,Special Services,Serendipity,,Ida B. Wells-Barnett,high_school_area,1,11
2023-24,Special Services,Serendipity,,Jefferson/Grant,high_school_area,0,11
2023-24,Special Services,Serendipity,,Jefferson/McDaniel,high_school_area,0,11
2023-24,Special Services,Serendipity,,Jefferson/Roosevelt,high_school_area,0,11
2023-24,Special Services,Serendipity,,Lincoln,high_school_area,0,11
2023-24,Special Services,Serendipity,,McDaniel,high_school_area,3,11
2023-24,Special Services,Serendipity,,Roosevelt,high_school_area,2,11
2023-24,Special Services,Serendipity,,Out of District/Undetermined,other,1,11
2023-24,Special Services,Special Education Instruction,,School's own neighborhood,own_neighborhood,0,51
2023-24,Special Services,Special Education Instruction,,Cleveland,high_school_area,6,51
2023-24,Special Services,Special Education Instruction,,Franklin,high_school_area,7,51
2023-24,Special Services,Special Education Instruction,,Grant,high_school_area,4,51
2023-24,Special Services,Special Education Instruction,,Ida B. Wells-Barnett,high_school_area,3,51
2023-24,Special Services,Special Education Instruction,,Jefferson/Grant,high_school_area,1,51
2023-24,Special Services,Special Education Instruction,,Jefferson/McDaniel,high_school_area,1,51
2023-24,Special Services,Special Education Instruction,,Jefferson/Roosevelt,high_school_area,8,51
2023-24,Special Services,Special Education Instruction,,Lincoln,high_school_area,5,51
2023-24,Special Services,Special Education Instruction,,McDaniel,high_school_area,7,51
2023-24,Special Services,Special Education Instruction,,Roosevelt,high_school_area,2,51
2023-24,Special Services,Special Education Instruction,,Out of District/Undetermined,other,7,51
2023-24,Charter,Arthur Academy,,School's own neighborhood,own_neighborhood,0,164
2023-24,Charter,Arthur Academy,,Cleveland,high_school_area,17,164
2023-24,Charter,Arthur Academy,,Franklin,high_school_area,36,164
2023-24,Charter,Arthur Academy,,Grant,high_school_area,0,164
2023-24,Charter,Arthur Academy,,Ida B. Wells-Barnett,high_school_area,2,164
2023-24,Charter,Arthur Academy,,Jefferson/Grant,high_school_area,0,164
2023-24,Charter,Arthur Academy,,Jefferson/McDaniel,high_school_area,0,164
2023-24,Charter,Arthur Academy,,Jefferson/Roosevelt,high_school_area,2,164
2023-24,Charter,Arthur Academy,,Lincoln,high_school_area,1,164
2023-24,Charter,Arthur Academy,,McDaniel,high_school_area,40,164
2023-24,Charter,Arthur Academy,,Roosevelt,high_school_area,0,164
2023-24,Charter,Arthur Academy,,Out of District/Undetermined,other,66,164
2023-24,Charter,Emerson School,,School's own neighborhood,own_neighborhood,0,134
2023-24,Charter,Emerson School,,Cleveland,high_school_area,8,134
2023-24,Charter,Emerson School,,Franklin,high_school_area,9,134
2023-24,Charter,Emerson School,,Grant,high_school_area,3,134
2023-24,Charter,Emerson School,,Ida B. Wells-Barnett,high_school_area,17,134
2023-24,Charter,Emerson School,,Jefferson/Grant,high_school_area,12,134
2023-24,Charter,Emerson School,,Jefferson/McDaniel,high_school_area,6,134
2023-24,Charter,Emerson School,,Jefferson/Roosevelt,high_school_area,25,134
2023-24,Charter,Emerson School,,Lincoln,high_school_area,21,134
2023-24,Charter,Emerson School,,McDaniel,high_school_area,6,134
2023-24,Charter,Emerson School,,Roosevelt,high_school_area,13,134
2023-24,Charter,Emerson School,,Out of District/Undetermined,other,14,134
2023-24,Charter,Kairos PDX,,School's own neighborhood,own_neighborhood,0,244
2023-24,Charter,Kairos PDX,,Cleveland,high_school_area,6,244
2023-24,Charter,Kairos PDX,,Franklin,high_school_area,11,244
2023-24,Charter,Kairos PDX,,Grant,high_school_area,2,244
2023-24,Charter,Kairos PDX,,Ida B. Wells-Barnett,high_school_area,8,244
2023-24,Charter,Kairos PDX,,Jefferson/Grant,high_school_area,53,244
2023-24,Charter,Kairos PDX,,Jefferson/McDaniel,high_school_area,13,244
2023-24,Charter,Kairos PDX,,Jefferson/Roosevelt,high_school_area,39,244
2023-24,Charter,Kairos PDX,,Lincoln,high_school_area,4,244
2023-24,Charter,Kairos PDX,,McDaniel,high_school_area,24,244
2023-24,Charter,Kairos PDX,,Roosevelt,high_school_area,19,244
2023-24,Charter,Kairos PDX,,Out of District/Undetermined,other,65,244
2023-24,Charter,Le Monde,,School's own neighborhood,own_neighborhood,0,378
2023-24,Charter,Le Monde,,Cleveland,high_school_area,61,378
2023-24,Charter,Le Monde,,Franklin,high_school_area,65,378
2023-24,Charter,Le Monde,,Grant,high_school_area,23,378
2023-24,Charter,Le Monde,,Ida B. Wells-Barnett,high_school_area,29,378
2023-24,Charter,Le Monde,,Jefferson/Grant,high_school_area,44,378
2023-24,Charter,Le Monde,,Jefferson/McDaniel,high_school_area,9,378
2023-24,Charter,Le Monde,,Jefferson/Roosevelt,high_school_area,27,378
2023-24,Charter,Le Monde,,Lincoln,high_school_area,40,378
2023-24,Charter,Le Monde,,McDaniel,high_school_area,42,378
2023-24,Charter,Le Monde,,Roosevelt,high_school_area,11,378
2023-24,Charter,Le Monde,,Out of District/Undetermined,other,27,378
2023-24,Charter,Portland Village School,,School's own neighborhood,own_neighborhood,0,411
2023-24,Charter,Portland Village School,,Cleveland,high_school_area,9,411
2023-24,Charter,Portland Village School,,Franklin,high_school_area,8,411
2023-24,Charter,Portland Village School,,Grant,high_school_area,6,411
2023-24,Charter,Portland Village School,,Ida B. Wells-Barnett,high_school_area,9,411
2023-24,Charter,Portland Village School,,Jefferson/Grant,high_school_area,37,411
2023-24,Charter,Portland Village School,,Jefferson/McDaniel,high_school_area,32,411
2023-24,Charter,Portland Village School,,Jefferson/Roosevelt,high_school_area,112,411
2023-24,Charter,Portland Village School,,Lincoln,high_school_area,11,411
2023-24,Charter,Portland Village School,,McDaniel,high_school_area,39,411
2023-24,Charter,Portland Village School,,Roosevelt,high_school_area,102,411
2023-24,Charter,Portland Village School,,Out of District/Undetermined,other,46,411
2024-25,Elementary,Abernethy,,School's own neighborhood,own_neighborhood,267,284
2024-25,Elementary,Abernethy,,Cleveland,high_school_area,7,284
2024-25,Elementary,Abernethy,,Franklin,high_school_area,5,284
2024-25,Elementary,Abernethy,,Grant,high_school_area,0,284
2024-25,Elementary,Abernethy,,Ida B. Wells-Barnett,high_school_area,1,284
2024-25,Elementary,Abernethy,,Jefferson/Grant,high_school_area,0,284
2024-25,Elementary,Abernethy,,Jefferson/McDaniel,high_school_area,0,284
2024-25,Elementary,Abernethy,,Jefferson/Roosevelt,high_school_area,1,284
2024-25,Elementary,Abernethy,,Lincoln,high_school_area,0,284
2024-25,Elementary,Abernethy,,McDaniel,high_school_area,1,284
2024-25,Elementary,Abernethy,,Roosevelt,high_school_area,0,284
2024-25,Elementary,Abernethy,,Out of District/Undetermined,other,2,284
2024-25,Elementary,Ainsworth,Neighborhood Program,School's own neighborhood,own_neighborhood,264,289
2024-25,Elementary,Ainsworth,Neighborhood Program,Cleveland,high_school_area,1,289
2024-25,Elementary,Ainsworth,Neighborhood Program,Franklin,high_school_area,0,289
2024-25,Elementary,Ainsworth,Neighborhood Program,Grant,high_school_area,1,289
2024-25,Elementary,Ainsworth,Neighborhood Program,Ida B. Wells-Barnett,high_school_area,3,289
2024-25,Elementary,Ainsworth,Neighborhood Program,Jefferson/Grant,high_school_area,0,289
2024-25,Elementary,Ainsworth,Neighborhood Program,Jefferson/McDaniel,high_school_area,0,289
2024-25,Elementary,Ainsworth,Neighborhood Program,Jefferson/Roosevelt,high_school_area,1,289
2024-25,Elementary,Ainsworth,Neighborhood Program,Lincoln,high_school_area,14,289
2024-25,Elementary,Ainsworth,Neighborhood Program,McDaniel,high_school_area,2,289
2024-25,Elementary,Ainsworth,Neighborhood Program,Roosevelt,high_school_area,0,289
2024-25,Elementary,Ainsworth,Neighborhood Program,Out of District/Undetermined,other,3,289
2024-25,Elementary,Ainsworth,Spanish Immersion,School's own neighborhood,own_neighborhood,139,295
2024-25,Elementary,Ainsworth,Spanish Immersion,Cleveland,high_school_area,5,295
2024-25,Elementary,Ainsworth,Spanish Immersion,Franklin,high_school_area,3,295
2024-25,Elementary,Ainsworth,Spanish Immersion,Grant,high_school_area,1,295
2024-25,Elementary,Ainsworth,Spanish Immersion,Ida B. Wells-Barnett,high_school_area,72,295
2024-25,Elementary,Ainsworth,Spanish Immersion,Jefferson/Grant,high_school_area,4,295
2024-25,Elementary,Ainsworth,Spanish Immersion,Jefferson/McDaniel,high_school_area,1,295
2024-25,Elementary,Ainsworth,Spanish Immersion,Jefferson/Roosevelt,high_school_area,3,295
2024-25,Elementary,Ainsworth,Spanish Immersion,Lincoln,high_school_area,58,295
2024-25,Elementary,Ainsworth,Spanish Immersion,McDaniel,high_school_area,1,295
2024-25,Elementary,Ainsworth,Spanish Immersion,Roosevelt,high_school_area,0,295
2024-25,Elementary,Ainsworth,Spanish Immersion,Out of District/Undetermined,other,8,295
2024-25,Elementary,Alameda,,School's own neighborhood,own_neighborhood,454,496
2024-25,Elementary,Alameda,,Cleveland,high_school_area,0,496
2024-25,Elementary,Alameda,,Franklin,high_school_area,1,496
2024-25,Elementary,Alameda,,Grant,high_school_area,3,496
2024-25,Elementary,Alameda,,Ida B. Wells-Barnett,high_school_area,0,496
2024-25,Elementary,Alameda,,Jefferson/Grant,high_school_area,6,496
2024-25,Elementary,Alameda,,Jefferson/McDaniel,high_school_area,8,496
2024-25,Elementary,Alameda,,Jefferson/Roosevelt,high_school_area,8,496
2024-25,Elementary,Alameda,,Lincoln,high_school_area,1,496
2024-25,Elementary,Alameda,,McDaniel,high_school_area,14,496
2024-25,Elementary,Alameda,,Roosevelt,high_school_area,0,496
2024-25,Elementary,Alameda,,Out of District/Undetermined,other,1,496
2024-25,Elementary,Arleta,,School's own neighborhood,own_neighborhood,195,252
2024-25,Elementary,Arleta,,Cleveland,high_school_area,6,252
2024-25,Elementary,Arleta,,Franklin,high_school_area,34,252
2024-25,Elementary,Arleta,,Grant,high_school_area,0,252
2024-25,Elementary,Arleta,,Ida B. Wells-Barnett,high_school_area,0,252
2024-25,Elementary,Arleta,,Jefferson/Grant,high_school_area,0,252
2024-25,Elementary,Arleta,,Jefferson/McDaniel,high_school_area,0,252
2024-25,Elementary,Arleta,,Jefferson/Roosevelt,high_school_area,1,252
2024-25,Elementary,Arleta,,Lincoln,high_school_area,1,252
2024-25,Elementary,Arleta,,McDaniel,high_school_area,2,252
2024-25,Elementary,Arleta,,Roosevelt,high_school_area,0,252
2024-25,Elementary,Arleta,,Out of District/Undetermined,other,13,252
2024-25,Elementary,Astor,,School's own neighborhood,own_neighborhood,326,408
2024-25,Elementary,Astor,,Cleveland,high_school_area,0,408
2024-25,Elementary,Astor,,Franklin,high_school_area,0,408
2024-25,Elementary,Astor,,Grant,high_school_area,0,408
2024-25,Elementary,Astor,,Ida B. Wells-Barnett,high_school_area,0,408
2024-25,Elementary,Astor,,Jefferson/Grant,high_school_area,2,408
2024-25,Elementary,Astor,,Jefferson/McDaniel,high_school_area,2,408
2024-25,Elementary,Astor,,Jefferson/Roosevelt,high_school_area,13,408
2024-25,Elementary,Astor,,Lincoln,high_school_area,0,408
2024-25,Elementary,Astor,,McDaniel,high_school_area,2,408
2024-25,Elementary,Astor,,Roosevelt,high_school_area,55,408
2024-25,Elementary,Astor,,Out of District/Undetermined,other,8,408
2024-25,Elementary,Atkinson,Neighborhood Program,School's own neighborhood,own_neighborhood,148,188
2024-25,Elementary,Atkinson,Neighborhood Program,Cleveland,high_school_area,7,188
2024-25,Elementary,Atkinson,Neighborhood Program,Franklin,high_school_area,24,188
2024-25,Elementary,Atkinson,Neighborhood Program,Grant,high_school_area,0,188
2024-25,Elementary,Atkinson,Neighborhood Program,Ida B. Wells-Barnett,high_school_area,0,188
2024-25,Elementary,Atkinson,Neighborhood Program,Jefferson/Grant,high_school_area,1,188
2024-25,Elementary,Atkinson,Neighborhood Program,Jefferson/McDaniel,high_school_area,1,188
2024-25,Elementary,Atkinson,Neighborhood Program,Jefferson/Roosevelt,high_school_area,2,188
2024-25,Elementary,Atkinson,Neighborhood Program,Lincoln,high_school_area,0,188
2024-25,Elementary,Atkinson,Neighborhood Program,McDaniel,high_school_area,1,188
2024-25,Elementary,Atkinson,Neighborhood Program,Roosevelt,high_school_area,2,188
2024-25,Elementary,Atkinson,Neighborhood Program,Out of District/Undetermined,other,2,188
2024-25,Elementary,Atkinson,Spanish Immersion,School's own neighborhood,own_neighborhood,58,185
2024-25,Elementary,Atkinson,Spanish Immersion,Cleveland,high_school_area,33,185
2024-25,Elementary,Atkinson,Spanish Immersion,Franklin,high_school_area,56,185
2024-25,Elementary,Atkinson,Spanish Immersion,Grant,high_school_area,5,185
2024-25,Elementary,Atkinson,Spanish Immersion,Ida B. Wells-Barnett,high_school_area,0,185
2024-25,Elementary,Atkinson,Spanish Immersion,Jefferson/Grant,high_school_area,0,185
2024-25,Elementary,Atkinson,Spanish Immersion,Jefferson/McDaniel,high_school_area,0,185
2024-25,Elementary,Atkinson,Spanish Immersion,Jefferson/Roosevelt,high_school_area,0,185
2024-25,Elementary,Atkinson,Spanish Immersion,Lincoln,high_school_area,0,185
2024-25,Elementary,Atkinson,Spanish Immersion,McDaniel,high_school_area,17,185
2024-25,Elementary,Atkinson,Spanish Immersion,Roosevelt,high_school_area,1,185
2024-25,Elementary,Atkinson,Spanish Immersion,Out of District/Undetermined,other,15,185
2024-25,Elementary,Beach,Neighborhood Program,School's own neighborhood,own_neighborhood,105,121
2024-25,Elementary,Beach,Neighborhood Program,Cleveland,high_school_area,2,121
2024-25,Elementary,Beach,Neighborhood Program,Franklin,high_school_area,0,121
2024-25,Elementary,Beach,Neighborhood Program,Grant,high_school_area,0,121
2024-25,Elementary,Beach,Neighborhood Program,Ida B. Wells-Barnett,high_school_area,1,121
2024-25,Elementary,Beach,Neighborhood Program,Jefferson/Grant,high_school_area,0,121
2024-25,Elementary,Beach,Neighborhood Program,Jefferson/McDaniel,high_school_area,0,121
2024-25,Elementary,Beach,Neighborhood Program,Jefferson/Roosevelt,high_school_area,10,121
2024-25,Elementary,Beach,Neighborhood Program,Lincoln,high_school_area,0,121
2024-25,Elementary,Beach,Neighborhood Program,McDaniel,high_school_area,1,121
2024-25,Elementary,Beach,Neighborhood Program,Roosevelt,high_school_area,1,121
2024-25,Elementary,Beach,Neighborhood Program,Out of District/Undetermined,other,1,121
2024-25,Elementary,Beach,Spanish Immersion,School's own neighborhood,own_neighborhood,91,174
2024-25,Elementary,Beach,Spanish Immersion,Cleveland,high_school_area,1,174
2024-25,Elementary,Beach,Spanish Immersion,Franklin,high_school_area,0,174
2024-25,Elementary,Beach,Spanish Immersion,Grant,high_school_area,4,174
2024-25,Elementary,Beach,Spanish Immersion,Ida B. Wells-Barnett,high_school_area,0,174
2024-25,Elementary,Beach,Spanish Immersion,Jefferson/Grant,high_school_area,19,174
2024-25,Elementary,Beach,Spanish Immersion,Jefferson/McDaniel,high_school_area,9,174
2024-25,Elementary,Beach,Spanish Immersion,Jefferson/Roosevelt,high_school_area,39,174
2024-25,Elementary,Beach,Spanish Immersion,Lincoln,high_school_area,0,174
2024-25,Elementary,Beach,Spanish Immersion,McDaniel,high_school_area,2,174
2024-25,Elementary,Beach,Spanish Immersion,Roosevelt,high_school_area,9,174
2024-25,Elementary,Beach,Spanish Immersion,Out of District/Undetermined,other,0,174
2024-25,Elementary,Beverly Cleary,,School's own neighborhood,own_neighborhood,456,535
2024-25,Elementary,Beverly Cleary,,Cleveland,high_school_area,1,535
2024-25,Elementary,Beverly Cleary,,Franklin,high_school_area,0,535
2024-25,Elementary,Beverly Cleary,,Grant,high_school_area,10,535
2024-25,Elementary,Beverly Cleary,,Ida B. Wells-Barnett,high_school_area,0,535
2024-25,Elementary,Beverly Cleary,,Jefferson/Grant,high_school_area,25,535
2024-25,Elementary,Beverly Cleary,,Jefferson/McDaniel,high_school_area,3,535
2024-25,Elementary,Beverly Cleary,,Jefferson/Roosevelt,high_school_area,8,535
2024-25,Elementary,Beverly Cleary,,Lincoln,high_school_area,0,535
2024-25,Elementary,Beverly Cleary,,McDaniel,high_school_area,16,535
2024-25,Elementary,Beverly Cleary,,Roosevelt,high_school_area,0,535
2024-25,Elementary,Beverly Cleary,,Out of District/Undetermined,other,16,535
2024-25,Elementary,Boise-Eliot/Humboldt,,School's own neighborhood,own_neighborhood,219,315
2024-25,Elementary,Boise-Eliot/Humboldt,,Cleveland,high_school_area,2,315
2024-25,Elementary,Boise-Eliot/Humboldt,,Franklin,high_school_area,2,315
2024-25,Elementary,Boise-Eliot/Humboldt,,Grant,high_school_area,7,315
2024-25,Elementary,Boise-Eliot/Humboldt,,Ida B. Wells-Barnett,high_school_area,0,315
2024-25,Elementary,Boise-Eliot/Humboldt,,Jefferson/Grant,high_school_area,7,315
2024-25,Elementary,Boise-Eliot/Humboldt,,Jefferson/McDaniel,high_school_area,5,315
2024-25,Elementary,Boise-Eliot/Humboldt,,Jefferson/Roosevelt,high_school_area,23,315
2024-25,Elementary,Boise-Eliot/Humboldt,,Lincoln,high_school_area,2,315
2024-25,Elementary,Boise-Eliot/Humboldt,,McDaniel,high_school_area,13,315
2024-25,Elementary,Boise-Eliot/Humboldt,,Roosevelt,high_school_area,7,315
2024-25,Elementary,Boise-Eliot/Humboldt,,Out of District/Undetermined,other,28,315
2024-25,Elementary,Bridger Creative Science,,School's own neighborhood,own_neighborhood,129,474
2024-25,Elementary,Bridger Creative Science,,Cleveland,high_school_area,22,474
2024-25,Elementary,Bridger Creative Science,,Franklin,high_school_area,154,474
2024-25,Elementary,Bridger Creative Science,,Grant,high_school_area,1,474
2024-25,Elementary,Bridger Creative Science,,Ida B. Wells-Barnett,high_school_area,0,474
2024-25,Elementary,Bridger Creative Science,,Jefferson/Grant,high_school_area,0,474
2024-25,Elementary,Bridger Creative Science,,Jefferson/McDaniel,high_school_area,3,474
2024-25,Elementary,Bridger Creative Science,,Jefferson/Roosevelt,high_school_area,5,474
2024-25,Elementary,Bridger Creative Science,,Lincoln,high_school_area,0,474
2024-25,Elementary,Bridger Creative Science,,McDaniel,high_school_area,137,474
2024-25,Elementary,Bridger Creative Science,,Roosevelt,high_school_area,2,474
2024-25,Elementary,Bridger Creative Science,,Out of District/Undetermined,other,21,474
2024-25,Elementary,Bridlemile,,School's own neighborhood,own_neighborhood,381,419
2024-25,Elementary,Bridlemile,,Cleveland,high_school_area,0,419
2024-25,Elementary,Bridlemile,,Franklin,high_school_area,2,419
2024-25,Elementary,Bridlemile,,Grant,high_school_area,1,419
2024-25,Elementary,Bridlemile,,Ida B. Wells-Barnett,high_school_area,14,419
2024-25,Elementary,Bridlemile,,Jefferson/Grant,high_school_area,0,419
2024-25,Elementary,Bridlemile,,Jefferson/McDaniel,high_school_area,0,419
2024-25,Elementary,Bridlemile,,Jefferson/Roosevelt,high_school_area,0,419
2024-25,Elementary,Bridlemile,,Lincoln,high_school_area,9,419
2024-25,Elementary,Bridlemile,,McDaniel,high_school_area,0,419
2024-25,Elementary,Bridlemile,,Roosevelt,high_school_area,1,419
2024-25,Elementary,Bridlemile,,Out of District/Undetermined,other,11,419
2024-25,Elementary,Buckman,,School's own neighborhood,own_neighborhood,126,308
2024-25,Elementary,Buckman,,Cleveland,high_school_area,29,308
2024-25,Elementary,Buckman,,Franklin,high_school_area,61,308
2024-25,Elementary,Buckman,,Grant,high_school_area,2,308
2024-25,Elementary,Buckman,,Ida B. Wells-Barnett,high_school_area,2,308
2024-25,Elementary,Buckman,,Jefferson/Grant,high_school_area,16,308
2024-25,Elementary,Buckman,,Jefferson/McDaniel,high_school_area,10,308
2024-25,Elementary,Buckman,,Jefferson/Roosevelt,high_school_area,15,308
2024-25,Elementary,Buckman,,Lincoln,high_school_area,1,308
2024-25,Elementary,Buckman,,McDaniel,high_school_area,38,308
2024-25,Elementary,Buckman,,Roosevelt,high_school_area,1,308
2024-25,Elementary,Buckman,,Out of District/Undetermined,other,7,308
2024-25,Elementary,Capitol Hill,,School's own neighborhood,own_neighborhood,294,318
2024-25,Elementary,Capitol Hill,,Cleveland,high_school_area,0,318
2024-25,Elementary,Capitol Hill,,Franklin,high_school_area,0,318
2024-25,Elementary,Capitol Hill,,Grant,high_school_area,1,318
2024-25,Elementary,Capitol Hill,,Ida B. Wells-Barnett,high_school_area,17,318
2024-25,Elementary,Capitol Hill,,Jefferson/Grant,high_school_area,1,318
2024-25,Elementary,Capitol Hill,,Jefferson/McDaniel,high_school_area,0,318
2024-25,Elementary,Capitol Hill,,Jefferson/Roosevelt,high_school_area,0,318
2024-25,Elementary,Capitol Hill,,Lincoln,high_school_area,0,318
2024-25,Elementary,Capitol Hill,,McDaniel,high_school_area,0,318
2024-25,Elementary,Capitol Hill,,Roosevelt,high_school_area,0,318
2024-25,Elementary,Capitol Hill,,Out of District/Undetermined,other,5,318
2024-25,Elementary,César Chávez,Neighborhood Program,School's own neighborhood,own_neighborhood,97,145
2024-25,Elementary,César Chávez,Neighborhood Program,Cleveland,high_school_area,0,145
2024-25,Elementary,César Chávez,Neighborhood Program,Franklin,high_school_area,0,145
2024-25,Elementary,César Chávez,Neighborhood Program,Grant,high_school_area,0,145
2024-25,Elementary,César Chávez,Neighborhood Program,Ida B. Wells-Barnett,high_school_area,0,145
2024-25,Elementary,César Chávez,Neighborhood Program,Jefferson/Grant,high_school_area,0,145
2024-25,Elementary,César Chávez,Neighborhood Program,Jefferson/McDaniel,high_school_area,2,145
2024-25,Elementary,César Chávez,Neighborhood Program,Jefferson/Roosevelt,high_school_area,9,145
2024-25,Elementary,César Chávez,Neighborhood Program,Lincoln,high_school_area,0,145
2024-25,Elementary,César Chávez,Neighborhood Program,McDaniel,high_school_area,0,145
2024-25,Elementary,César Chávez,Neighborhood Program,Roosevelt,high_school_area,32,145
2024-25,Elementary,César Chávez,Neighborhood Program,Out of District/Undetermined,other,5,145
2024-25,Elementary,César Chávez,Spanish Immersion,School's own neighborhood,own_neighborhood,119,309
2024-25,Elementary,César Chávez,Spanish Immersion,Cleveland,high_school_area,0,309
2024-25,Elementary,César Chávez,Spanish Immersion,Franklin,high_school_area,0,309
2024-25,Elementary,César Chávez,Spanish Immersion,Grant,high_school_area,0,309
2024-25,Elementary,César Chávez,Spanish Immersion,Ida B. Wells-Barnett,high_school_area,0,309
2024-25,Elementary,César Chávez,Spanish Immersion,Jefferson/Grant,high_school_area,1,309
2024-25,Elementary,César Chávez,Spanish Immersion,Jefferson/McDaniel,high_school_area,3,309
2024-25,Elementary,César Chávez,Spanish Immersion,Jefferson/Roosevelt,high_school_area,34,309
2024-25,Elementary,César Chávez,Spanish Immersion,Lincoln,high_school_area,1,309
2024-25,Elementary,César Chávez,Spanish Immersion,McDaniel,high_school_area,5,309
2024-25,Elementary,César Chávez,Spanish Immersion,Roosevelt,high_school_area,143,309
2024-25,Elementary,César Chávez,Spanish Immersion,Out of District/Undetermined,other,3,309
2024-25,Elementary,Chapman,,School's own neighborhood,own_neighborhood,335,349
2024-25,Elementary,Chapman,,Cleveland,high_school_area,1,349
2024-25,Elementary,Chapman,,Franklin,high_school_area,1,349
2024-25,Elementary,Chapman,,Grant,high_school_area,0,349
2024-25,Elementary,Chapman,,Ida B. Wells-Barnett,high_school_area,0,349
2024-25,Elementary,Chapman,,Jefferson/Grant,high_school_area,0,349
2024-25,Elementary,Chapman,,Jefferson/McDaniel,high_school_area,0,349
2024-25,Elementary,Chapman,,Jefferson/Roosevelt,high_school_area,1,349
2024-25,Elementary,Chapman,,Lincoln,high_school_area,2,349
2024-25,Elementary,Chapman,,McDaniel,high_school_area,0,349
2024-25,Elementary,Chapman,,Roosevelt,high_school_area,1,349
2024-25,Elementary,Chapman,,Out of District/Undetermined,other,8,349
2024-25,Elementary,Chief Joseph,,School's own neighborhood,own_neighborhood,249,275
2024-25,Elementary,Chief Joseph,,Cleveland,high_school_area,0,275
2024-25,Elementary,Chief Joseph,,Franklin,high_school_area,1,275
2024-25,Elementary,Chief Joseph,,Grant,high_school_area,0,275
2024-25,Elementary,Chief Joseph,,Ida B. Wells-Barnett,high_school_area,0,275
2024-25,Elementary,Chief Joseph,,Jefferson/Grant,high_school_area,0,275
2024-25,Elementary,Chief Joseph,,Jefferson/McDaniel,high_school_area,2,275
2024-25,Elementary,Chief Joseph,,Jefferson/Roosevelt,high_school_area,15,275
2024-25,Elementary,Chief Joseph,,Lincoln,high_school_area,0,275
2024-25,Elementary,Chief Joseph,,McDaniel,high_school_area,1,275
2024-25,Elementary,Chief Joseph,,Roosevelt,high_school_area,6,275
2024-25,Elementary,Chief Joseph,,Out of District/Undetermined,other,1,275
2024-25,Elementary,Clark,Mandarin Immersion,School's own neighborhood,own_neighborhood,51,72
2024-25,Elementary,Clark,Mandarin Immersion,Cleveland,high_school_area,0,72
2024-25,Elementary,Clark,Mandarin Immersion,Franklin,high_school_area,11,72
2024-25,Elementary,Clark,Mandarin Immersion,Grant,high_school_area,0,72
2024-25,Elementary,Clark,Mandarin Immersion,Ida B. Wells-Barnett,high_school_area,2,72
2024-25,Elementary,Clark,Mandarin Immersion,Jefferson/Grant,high_school_area,0,72
2024-25,Elementary,Clark,Mandarin Immersion,Jefferson/McDaniel,high_school_area,0,72
2024-25,Elementary,Clark,Mandarin Immersion,Jefferson/Roosevelt,high_school_area,0,72
2024-25,Elementary,Clark,Mandarin Immersion,Lincoln,high_school_area,0,72
2024-25,Elementary,Clark,Mandarin Immersion,McDaniel,high_school_area,0,72
2024-25,Elementary,Clark,Mandarin Immersion,Roosevelt,high_school_area,0,72
2024-25,Elementary,Clark,Mandarin Immersion,Out of District/Undetermined,other,8,72
2024-25,Elementary,Clark,Neighborhood Program,School's own neighborhood,own_neighborhood,245,259
2024-25,Elementary,Clark,Neighborhood Program,Cleveland,high_school_area,3,259
2024-25,Elementary,Clark,Neighborhood Program,Franklin,high_school_area,8,259
2024-25,Elementary,Clark,Neighborhood Program,Grant,high_school_area,0,259
2024-25,Elementary,Clark,Neighborhood Program,Ida B. Wells-Barnett,high_school_area,0,259
2024-25,Elementary,Clark,Neighborhood Program,Jefferson/Grant,high_school_area,0,259
2024-25,Elementary,Clark,Neighborhood Program,Jefferson/McDaniel,high_school_area,0,259
2024-25,Elementary,Clark,Neighborhood Program,Jefferson/Roosevelt,high_school_area,0,259
2024-25,Elementary,Clark,Neighborhood Program,Lincoln,high_school_area,0,259
2024-25,Elementary,Clark,Neighborhood Program,McDaniel,high_school_area,0,259
2024-25,Elementary,Clark,Neighborhood Program,Roosevelt,high_school_area,0,259
2024-25,Elementary,Clark,Neighborhood Program,Out of District/Undetermined,other,3,259
2024-25,Elementary,Creston,,School's own neighborhood,own_neighborhood,192,241
2024-25,Elementary,Creston,,Cleveland,high_school_area,8,241
2024-25,Elementary,Creston,,Franklin,high_school_area,8,241
2024-25,Elementary,Creston,,Grant,high_school_area,0,241
2024-25,Elementary,Creston,,Ida B. Wells-Barnett,high_school_area,3,241
2024-25,Elementary,Creston,,Jefferson/Grant,high_school_area,1,241
2024-25,Elementary,Creston,,Jefferson/McDaniel,high_school_area,0,241
2024-25,Elementary,Creston,,Jefferson/Roosevelt,high_school_area,2,241
2024-25,Elementary,Creston,,Lincoln,high_school_area,0,241
2024-25,Elementary,Creston,,McDaniel,high_school_area,4,241
2024-25,Elementary,Creston,,Roosevelt,high_school_area,3,241
2024-25,Elementary,Creston,,Out of District/Undetermined,other,20,241
2024-25,Elementary,Duniway,,School's own neighborhood,own_neighborhood,371,387
2024-25,Elementary,Duniway,,Cleveland,high_school_area,11,387
2024-25,Elementary,Duniway,,Franklin,high_school_area,0,387
2024-25,Elementary,Duniway,,Grant,high_school_area,0,387
2024-25,Elementary,Duniway,,Ida B. Wells-Barnett,high_school_area,0,387
2024-25,Elementary,Duniway,,Jefferson/Grant,high_school_area,0,387
2024-25,Elementary,Duniway,,Jefferson/McDaniel,high_school_area,0,387
2024-25,Elementary,Duniway,,Jefferson/Roosevelt,high_school_area,0,387
2024-25,Elementary,Duniway,,Lincoln,high_school_area,0,387
2024-25,Elementary,Duniway,,McDaniel,high_school_area,0,387
2024-25,Elementary,Duniway,,Roosevelt,high_school_area,0,387
2024-25,Elementary,Duniway,,Out of District/Undetermined,other,5,387
2024-25,Elementary,Faubion,,School's own neighborhood,own_neighborhood,519,589
2024-25,Elementary,Faubion,,Cleveland,high_school_area,0,589
2024-25,Elementary,Faubion,,Franklin,high_school_area,5,589
2024-25,Elementary,Faubion,,Grant,high_school_area,0,589
2024-25,Elementary,Faubion,,Ida B. Wells-Barnett,high_school_area,0,589
2024-25,Elementary,Faubion,,Jefferson/Grant,high_school_area,12,589
2024-25,Elementary,Faubion,,Jefferson/McDaniel,high_school_area,3,589
2024-25,Elementary,Faubion,,Jefferson/Roosevelt,high_school_area,17,589
2024-25,Elementary,Faubion,,Lincoln,high_school_area,1,589
2024-25,Elementary,Faubion,,McDaniel,high_school_area,9,589
2024-25,Elementary,Faubion,,Roosevelt,high_school_area,7,589
2024-25,Elementary,Faubion,,Out of District/Undetermined,other,16,589
2024-25,Elementary,Forest Park,,School's own neighborhood,own_neighborhood,298,303
2024-25,Elementary,Forest Park,,Cleveland,high_school_area,0,303
2024-25,Elementary,Forest Park,,Franklin,high_school_area,0,303
2024-25,Elementary,Forest Park,,Grant,high_school_area,0,303
2024-25,Elementary,Forest Park,,Ida B. Wells-Barnett,high_school_area,0,303
2024-25,Elementary,Forest Park,,Jefferson/Grant,high_school_area,0,303
2024-25,Elementary,Forest Park,,Jefferson/McDaniel,high_school_area,0,303
2024-25,Elementary,Forest Park,,Jefferson/Roosevelt,high_school_area,0,303
2024-25,Elementary,Forest Park,,Lincoln,high_school_area,3,303
2024-25,Elementary,Forest Park,,McDaniel,high_school_area,1,303
2024-25,Elementary,Forest Park,,Roosevelt,high_school_area,0,303
2024-25,Elementary,Forest Park,,Out of District/Undetermined,other,1,303
2024-25,Elementary,Glencoe,,School's own neighborhood,own_neighborhood,306,356
2024-25,Elementary,Glencoe,,Cleveland,high_school_area,1,356
2024-25,Elementary,Glencoe,,Franklin,high_school_area,29,356
2024-25,Elementary,Glencoe,,Grant,high_school_area,2,356
2024-25,Elementary,Glencoe,,Ida B. Wells-Barnett,high_school_area,1,356
2024-25,Elementary,Glencoe,,Jefferson/Grant,high_school_area,4,356
2024-25,Elementary,Glencoe,,Jefferson/McDaniel,high_school_area,0,356
2024-25,Elementary,Glencoe,,Jefferson/Roosevelt,high_school_area,0,356
2024-25,Elementary,Glencoe,,Lincoln,high_school_area,0,356
2024-25,Elementary,Glencoe,,McDaniel,high_school_area,3,356
2024-25,Elementary,Glencoe,,Roosevelt,high_school_area,2,356
2024-25,Elementary,Glencoe,,Out of District/Undetermined,other,8,356
2024-25,Elementary,Grout,,School's own neighborhood,own_neighborhood,261,294
2024-25,Elementary,Grout,,Cleveland,high_school_area,12,294
2024-25,Elementary,Grout,,Franklin,high_school_area,14,294
2024-25,Elementary,Grout,,Grant,high_school_area,0,294
2024-25,Elementary,Grout,,Ida B. Wells-Barnett,high_school_area,0,294
2024-25,Elementary,Grout,,Jefferson/Grant,high_school_area,0,294
2024-25,Elementary,Grout,,Jefferson/McDaniel,high_school_area,0,294
2024-25,Elementary,Grout,,Jefferson/Roosevelt,high_school_area,0,294
2024-25,Elementary,Grout,,Lincoln,high_school_area,1,294
2024-25,Elementary,Grout,,McDaniel,high_school_area,2,294
2024-25,Elementary,Grout,,Roosevelt,high_school_area,0,294
2024-25,Elementary,Grout,,Out of District/Undetermined,other,4,294
2024-25,Elementary,Hayhurst,Neighborhood Program,School's own neighborhood,own_neighborhood,291,314
2024-25,Elementary,Hayhurst,Neighborhood Program,Cleveland,high_school_area,1,314
2024-25,Elementary,Hayhurst,Neighborhood Program,Franklin,high_school_area,0,314
2024-25,Elementary,Hayhurst,Neighborhood Program,Grant,high_school_area,0,314
2024-25,Elementary,Hayhurst,Neighborhood Program,Ida B. Wells-Barnett,high_school_area,17,314
2024-25,Elementary,Hayhurst,Neighborhood Program,Jefferson/Grant,high_school_area,0,314
2024-25,Elementary,Hayhurst,Neighborhood Program,Jefferson/McDaniel,high_school_area,0,314
2024-25,Elementary,Hayhurst,Neighborhood Program,Jefferson/Roosevelt,high_school_area,0,314
2024-25,Elementary,Hayhurst,Neighborhood Program,Lincoln,high_school_area,2,314
2024-25,Elementary,Hayhurst,Neighborhood Program,McDaniel,high_school_area,0,314
2024-25,Elementary,Hayhurst,Neighborhood Program,Roosevelt,high_school_area,1,314
2024-25,Elementary,Hayhurst,Neighborhood Program,Out of District/Undetermined,other,2,314
2024-25,Elementary,Irvington,,School's own neighborhood,own_neighborhood,202,249
2024-25,Elementary,Irvington,,Cleveland,high_school_area,4,249
2024-25,Elementary,Irvington,,Franklin,high_school_area,3,249
2024-25,Elementary,Irvington,,Grant,high_school_area,3,249
2024-25,Elementary,Irvington,,Ida B. Wells-Barnett,high_school_area,2,249
2024-25,Elementary,Irvington,,Jefferson/Grant,high_school_area,12,249
2024-25,Elementary,Irvington,,Jefferson/McDaniel,high_school_area,3,249
2024-25,Elementary,Irvington,,Jefferson/Roosevelt,high_school_area,3,249
2024-25,Elementary,Irvington,,Lincoln,high_school_area,0,249
2024-25,Elementary,Irvington,,McDaniel,high_school_area,4,249
2024-25,Elementary,Irvington,,Roosevelt,high_school_area,8,249
2024-25,Elementary,Irvington,,Out of District/Undetermined,other,5,249
2024-25,Elementary,James John,Neighborhood Program,School's own neighborhood,own_neighborhood,185,224
2024-25,Elementary,James John,Neighborhood Program,Cleveland,high_school_area,0,224
2024-25,Elementary,James John,Neighborhood Program,Franklin,high_school_area,0,224
2024-25,Elementary,James John,Neighborhood Program,Grant,high_school_area,0,224
2024-25,Elementary,James John,Neighborhood Program,Ida B. Wells-Barnett,high_school_area,0,224
2024-25,Elementary,James John,Neighborhood Program,Jefferson/Grant,high_school_area,3,224
2024-25,Elementary,James John,Neighborhood Program,Jefferson/McDaniel,high_school_area,0,224
2024-25,Elementary,James John,Neighborhood Program,Jefferson/Roosevelt,high_school_area,3,224
2024-25,Elementary,James John,Neighborhood Program,Lincoln,high_school_area,0,224
2024-25,Elementary,James John,Neighborhood Program,McDaniel,high_school_area,0,224
2024-25,Elementary,James John,Neighborhood Program,Roosevelt,high_school_area,29,224
2024-25,Elementary,James John,Neighborhood Program,Out of District/Undetermined,other,4,224
2024-25,Elementary,James John,Spanish Immersion,School's own neighborhood,own_neighborhood,108,143
2024-25,Elementary,James John,Spanish Immersion,Cleveland,high_school_area,2,143
2024-25,Elementary,James John,Spanish Immersion,Franklin,high_school_area,1,143
2024-25,Elementary,James John,Spanish Immersion,Grant,high_school_area,0,143
2024-25,Elementary,James John,Spanish Immersion,Ida B. Wells-Barnett,high_school_area,0,143
2024-25,Elementary,James John,Spanish Immersion,Jefferson/Grant,high_school_area,0,143
2024-25,Elementary,James John,Spanish Immersion,Jefferson/McDaniel,high_school_area,0,143
2024-25,Elementary,James John,Spanish Immersion,Jefferson/Roosevelt,high_school_area,7,143
2024-25,Elementary,James John,Spanish Immersion,Lincoln,high_school_area,1,143
2024-25,Elementary,James John,Spanish Immersion,McDaniel,high_school_area,0,143
2024-25,Elementary,James John,Spanish Immersion,Roosevelt,high_school_area,21,143
2024-25,Elementary,James John,Spanish Immersion,Out of District/Undetermined,other,3,143
2024-25,Elementary,Kelly,Neighborhood Program,School's own neighborhood,own_neighborhood,193,246
2024-25,Elementary,Kelly,Neighborhood Program,Cleveland,high_school_area,12,246
2024-25,Elementary,Kelly,Neighborhood Program,Franklin,high_school_area,16,246
2024-25,Elementary,Kelly,Neighborhood Program,Grant,high_school_area,0,246
2024-25,Elementary,Kelly,Neighborhood Program,Ida B. Wells-Barnett,high_school_area,0,246
2024-25,Elementary,Kelly,Neighborhood Program,Jefferson/Grant,high_school_area,0,246
2024-25,Elementary,Kelly,Neighborhood Program,Jefferson/McDaniel,high_school_area,1,246
2024-25,Elementary,Kelly,Neighborhood Program,Jefferson/Roosevelt,high_school_area,1,246
2024-25,Elementary,Kelly,Neighborhood Program,Lincoln,high_school_area,0,246
2024-25,Elementary,Kelly,Neighborhood Program,McDaniel,high_school_area,8,246
2024-25,Elementary,Kelly,Neighborhood Program,Roosevelt,high_school_area,0,246
2024-25,Elementary,Kelly,Neighborhood Program,Out of District/Undetermined,other,15,246
2024-25,Elementary,Kelly,Russian Immersion,School's own neighborhood,own_neighborhood,14,139
2024-25,Elementary,Kelly,Russian Immersion,Cleveland,high_school_area,4,139
2024-25,Elementary,Kelly,Russian Immersion,Franklin,high_school_area,15,139
2024-25,Elementary,Kelly,Russian Immersion,Grant,high_school_area,0,139
2024-25,Elementary,Kelly,Russian Immersion,Ida B. Wells-Barnett,high_school_area,1,139
2024-25,Elementary,Kelly,Russian Immersion,Jefferson/Grant,high_school_area,1,139
2024-25,Elementary,Kelly,Russian Immersion,Jefferson/McDaniel,high_school_area,0,139
2024-25,Elementary,Kelly,Russian Immersion,Jefferson/Roosevelt,high_school_area,1,139
2024-25,Elementary,Kelly,Russian Immersion,Lincoln,high_school_area,2,139
2024-25,Elementary,Kelly,Russian Immersion,McDaniel,high_school_area,5,139
2024-25,Elementary,Kelly,Russian Immersion,Roosevelt,high_school_area,0,139
2024-25,Elementary,Kelly,Russian Immersion,Out of District/Undetermined,other,96,139
2024-25,Elementary,Laurelhurst,,School's own neighborhood,own_neighborhood,610,656
2024-25,Elementary,Laurelhurst,,Cleveland,high_school_area,3,656
2024-25,Elementary,Laurelhurst,,Franklin,high_school_area,6,656
2024-25,Elementary,Laurelhurst,,Grant,high_school_area,9,656
2024-25,Elementary,Laurelhurst,,Ida B. Wells-Barnett,high_school_area,0,656
2024-25,Elementary,Laurelhurst,,Jefferson/Grant,high_school_area,6,656
2024-25,Elementary,Laurelhurst,,Jefferson/McDaniel,high_school_area,4,656
2024-25,Elementary,Laurelhurst,,Jefferson/Roosevelt,high_school_area,5,656
2024-25,Elementary,Laurelhurst,,Lincoln,high_school_area,0,656
2024-25,Elementary,Laurelhurst,,McDaniel,high_school_area,8,656
2024-25,Elementary,Laurelhurst,,Roosevelt,high_school_area,0,656
2024-25,Elementary,Laurelhurst,,Out of District/Undetermined,other,5,656
2024-25,Elementary,Lee,,School's own neighborhood,own_neighborhood,212,257
2024-25,Elementary,Lee,,Cleveland,high_school_area,1,257
2024-25,Elementary,Lee,,Franklin,high_school_area,7,257
2024-25,Elementary,Lee,,Grant,high_school_area,1,257
2024-25,Elementary,Lee,,Ida B. Wells-Barnett,high_school_area,0,257
2024-25,Elementary,Lee,,Jefferson/Grant,high_school_area,0,257
2024-25,Elementary,Lee,,Jefferson/McDaniel,high_school_area,0,257
2024-25,Elementary,Lee,,Jefferson/Roosevelt,high_school_area,2,257
2024-25,Elementary,Lee,,Lincoln,high_school_area,0,257
2024-25,Elementary,Lee,,McDaniel,high_school_area,21,257
2024-25,Elementary,Lee,,Roosevelt,high_school_area,3,257
2024-25,Elementary,Lee,,Out of District/Undetermined,other,10,257
2024-25,Elementary,Lent,Spanish Immersion,School's own neighborhood,own_neighborhood,71,256
2024-25,Elementary,Lent,Spanish Immersion,Cleveland,high_school_area,19,256
2024-25,Elementary,Lent,Spanish Immersion,Franklin,high_school_area,102,256
2024-25,Elementary,Lent,Spanish Immersion,Grant,high_school_area,0,256
2024-25,Elementary,Lent,Spanish Immersion,Ida B. Wells-Barnett,high_school_area,0,256
2024-25,Elementary,Lent,Spanish Immersion,Jefferson/Grant,high_school_area,1,256
2024-25,Elementary,Lent,Spanish Immersion,Jefferson/McDaniel,high_school_area,0,256
2024-25,Elementary,Lent,Spanish Immersion,Jefferson/Roosevelt,high_school_area,0,256
2024-25,Elementary,Lent,Spanish Immersion,Lincoln,high_school_area,0,256
2024-25,Elementary,Lent,Spanish Immersion,McDaniel,high_school_area,26,256
2024-25,Elementary,Lent,Spanish Immersion,Roosevelt,high_school_area,0,256
2024-25,Elementary,Lent,Spanish Immersion,Out of District/Undetermined,other,37,256
2024-25,Elementary,Lewis,,School's own neighborhood,own_neighborhood,190,264
2024-25,Elementary,Lewis,,Cleveland,high_school_area,50,264
2024-25,Elementary,Lewis,,Franklin,high_school_area,14,264
2024-25,Elementary,Lewis,,Grant,high_school_area,0,264
2024-25,Elementary,Lewis,,Ida B. Wells-Barnett,high_school_area,0,264
2024-25,Elementary,Lewis,,Jefferson/Grant,high_school_area,0,264
2024-25,Elementary,Lewis,,Jefferson/McDaniel,high_school_area,0,264
2024-25,Elementary,Lewis,,Jefferson/Roosevelt,high_school_area,0,264
2024-25,Elementary,Lewis,,Lincoln,high_school_area,0,264
2024-25,Elementary,Lewis,,McDaniel,high_school_area,3,264
2024-25,Elementary,Lewis,,Roosevelt,high_school_area,0,264
2024-25,Elementary,Lewis,,Out of District/Undetermined,other,7,264
2024-25,Elementary,Llewellyn,,School's own neighborhood,own_neighborhood,336,373
2024-25,Elementary,Llewellyn,,Cleveland,high_school_area,18,373
2024-25,Elementary,Llewellyn,,Franklin,high_school_area,4,373
2024-25,Elementary,Llewellyn,,Grant,high_school_area,0,373
2024-25,Elementary,Llewellyn,,Ida B. Wells-Barnett,high_school_area,0,373
2024-25,Elementary,Llewellyn,,Jefferson/Grant,high_school_area,1,373
2024-25,Elementary,Llewellyn,,Jefferson/McDaniel,high_school_area,2,373
2024-25,Elementary,Llewellyn,,Jefferson/Roosevelt,high_school_area,0,373
2024-25,Elementary,Llewellyn,,Lincoln,high_school_area,1,373
2024-25,Elementary,Llewellyn,,McDaniel,high_school_area,1,373
2024-25,Elementary,Llewellyn,,Roosevelt,high_school_area,0,373
2024-25,Elementary,Llewellyn,,Out of District/Undetermined,other,10,373
2024-25,Elementary,Maplewood,,School's own neighborhood,own_neighborhood,268,295
2024-25,Elementary,Maplewood,,Cleveland,high_school_area,1,295
2024-25,Elementary,Maplewood,,Franklin,high_school_area,0,295
2024-25,Elementary,Maplewood,,Grant,high_school_area,0,295
2024-25,Elementary,Maplewood,,Ida B. Wells-Barnett,high_school_area,21,295
2024-25,Elementary,Maplewood,,Jefferson/Grant,high_school_area,0,295
2024-25,Elementary,Maplewood,,Jefferson/McDaniel,high_school_area,0,295
2024-25,Elementary,Maplewood,,Jefferson/Roosevelt,high_school_area,0,295
2024-25,Elementary,Maplewood,,Lincoln,high_school_area,0,295
2024-25,Elementary,Maplewood,,McDaniel,high_school_area,1,295
2024-25,Elementary,Maplewood,,Roosevelt,high_school_area,0,295
2024-25,Elementary,Maplewood,,Out of District/Undetermined,other,4,295
2024-25,Elementary,Markham,,School's own neighborhood,own_neighborhood,326,341
2024-25,Elementary,Markham,,Cleveland,high_school_area,0,341
2024-25,Elementary,Markham,,Franklin,high_school_area,0,341
2024-25,Elementary,Markham,,Grant,high_school_area,0,341
2024-25,Elementary,Markham,,Ida B. Wells-Barnett,high_school_area,12,341
2024-25,Elementary,Markham,,Jefferson/Grant,high_school_area,0,341
2024-25,Elementary,Markham,,Jefferson/McDaniel,high_school_area,0,341
2024-25,Elementary,Markham,,Jefferson/Roosevelt,high_school_area,1,341
2024-25,Elementary,Markham,,Lincoln,high_school_area,2,341
2024-25,Elementary,Markham,,McDaniel,high_school_area,0,341
2024-25,Elementary,Markham,,Roosevelt,high_school_area,0,341
2024-25,Elementary,Markham,,Out of District/Undetermined,other,0,341
2024-25,Elementary,Marysville,,School's own neighborhood,own_neighborhood,187,320
2024-25,Elementary,Marysville,,Cleveland,high_school_area,9,320
2024-25,Elementary,Marysville,,Franklin,high_school_area,103,320
2024-25,Elementary,Marysville,,Grant,high_school_area,0,320
2024-25,Elementary,Marysville,,Ida B. Wells-Barnett,high_school_area,0,320
2024-25,Elementary,Marysville,,Jefferson/Grant,high_school_area,0,320
2024-25,Elementary,Marysville,,Jefferson/McDaniel,high_school_area,1,320
2024-25,Elementary,Marysville,,Jefferson/Roosevelt,high_school_area,0,320
2024-25,Elementary,Marysville,,Lincoln,high_school_area,0,320
2024-25,Elementary,Marysville,,McDaniel,high_school_area,4,320
2024-25,Elementary,Marysville,,Roosevelt,high_school_area,0,320
2024-25,Elementary,Marysville,,Out of District/Undetermined,other,16,320
2024-25,Elementary,MLK Jr,Mandarin Immersion,School's own neighborhood,own_neighborhood,43,179
2024-25,Elementary,MLK Jr,Mandarin Immersion,Cleveland,high_school_area,0,179
2024-25,Elementary,MLK Jr,Mandarin Immersion,Franklin,high_school_area,1,179
2024-25,Elementary,MLK Jr,Mandarin Immersion,Grant,high_school_area,3,179
2024-25,Elementary,MLK Jr,Mandarin Immersion,Ida B. Wells-Barnett,high_school_area,0,179
2024-25,Elementary,MLK Jr,Mandarin Immersion,Jefferson/Grant,high_school_area,39,179
2024-25,Elementary,MLK Jr,Mandarin Immersion,Jefferson/McDaniel,high_school_area,15,179
2024-25,Elementary,MLK Jr,Mandarin Immersion,Jefferson/Roosevelt,high_school_area,41,179
2024-25,Elementary,MLK Jr,Mandarin Immersion,Lincoln,high_school_area,3,179
2024-25,Elementary,MLK Jr,Mandarin Immersion,McDaniel,high_school_area,16,179
2024-25,Elementary,MLK Jr,Mandarin Immersion,Roosevelt,high_school_area,8,179
2024-25,Elementary,MLK Jr,Mandarin Immersion,Out of District/Undetermined,other,10,179
2024-25,Elementary,MLK Jr,Neighborhood Program,School's own neighborhood,own_neighborhood,73,133
2024-25,Elementary,MLK Jr,Neighborhood Program,Cleveland,high_school_area,4,133
2024-25,Elementary,MLK Jr,Neighborhood Program,Franklin,high_school_area,0,133
2024-25,Elementary,MLK Jr,Neighborhood Program,Grant,high_school_area,0,133
2024-25,Elementary,MLK Jr,Neighborhood Program,Ida B. Wells-Barnett,high_school_area,2,133
2024-25,Elementary,MLK Jr,Neighborhood Program,Jefferson/Grant,high_school_area,16,133
2024-25,Elementary,MLK Jr,Neighborhood Program,Jefferson/McDaniel,high_school_area,3,133
2024-25,Elementary,MLK Jr,Neighborhood Program,Jefferson/Roosevelt,high_school_area,18,133
2024-25,Elementary,MLK Jr,Neighborhood Program,Lincoln,high_school_area,3,133
2024-25,Elementary,MLK Jr,Neighborhood Program,McDaniel,high_school_area,5,133
2024-25,Elementary,MLK Jr,Neighborhood Program,Roosevelt,high_school_area,1,133
2024-25,Elementary,MLK Jr,Neighborhood Program,Out of District/Undetermined,other,8,133
2024-25,Elementary,Odyssey,,School's own neighborhood,own_neighborhood,0,211
2024-25,Elementary,Odyssey,,Cleveland,high_school_area,7,211
2024-25,Elementary,Odyssey,,Franklin,high_school_area,2,211
2024-25,Elementary,Odyssey,,Grant,high_school_area,0,211
2024-25,Elementary,Odyssey,,Ida B. Wells-Barnett,high_school_area,159,211
2024-25,Elementary,Odyssey,,Jefferson/Grant,high_school_area,6,211
2024-25,Elementary,Odyssey,,Jefferson/McDaniel,high_school_area,0,211
2024-25,Elementary,Odyssey,,Jefferson/Roosevelt,high_school_area,1,211
2024-25,Elementary,Odyssey,,Lincoln,high_school_area,32,211
2024-25,Elementary,Odyssey,,McDaniel,high_school_area,0,211
2024-25,Elementary,Odyssey,,Roosevelt,high_school_area,2,211
2024-25,Elementary,Odyssey,,Out of District/Undetermined,other,2,211
2024-25,Elementary,Peninsula,,School's own neighborhood,own_neighborhood,190,235
2024-25,Elementary,Peninsula,,Cleveland,high_school_area,0,235
2024-25,Elementary,Peninsula,,Franklin,high_school_area,3,235
2024-25,Elementary,Peninsula,,Grant,high_school_area,0,235
2024-25,Elementary,Peninsula,,Ida B. Wells-Barnett,high_school_area,0,235
2024-25,Elementary,Peninsula,,Jefferson/Grant,high_school_area,3,235
2024-25,Elementary,Peninsula,,Jefferson/McDaniel,high_school_area,0,235
2024-25,Elementary,Peninsula,,Jefferson/Roosevelt,high_school_area,7,235
2024-25,Elementary,Peninsula,,Lincoln,high_school_area,1,235
2024-25,Elementary,Peninsula,,McDaniel,high_school_area,1,235
2024-25,Elementary,Peninsula,,Roosevelt,high_school_area,28,235
2024-25,Elementary,Peninsula,,Out of District/Undetermined,other,2,235
2024-25,Elementary,Richmond,,School's own neighborhood,own_neighborhood,0,530
2024-25,Elementary,Richmond,,Cleveland,high_school_area,118,530
2024-25,Elementary,Richmond,,Franklin,high_school_area,209,530
2024-25,Elementary,Richmond,,Grant,high_school_area,27,530
2024-25,Elementary,Richmond,,Ida B. Wells-Barnett,high_school_area,16,530
2024-25,Elementary,Richmond,,Jefferson/Grant,high_school_area,10,530
2024-25,Elementary,Richmond,,Jefferson/McDaniel,high_school_area,14,530
2024-25,Elementary,Richmond,,Jefferson/Roosevelt,high_school_area,27,530
2024-25,Elementary,Richmond,,Lincoln,high_school_area,12,530
2024-25,Elementary,Richmond,,McDaniel,high_school_area,65,530
2024-25,Elementary,Richmond,,Roosevelt,high_school_area,9,530
2024-25,Elementary,Richmond,,Out of District/Undetermined,other,23,530
2024-25,Elementary,Rieke,,School's own neighborhood,own_neighborhood,254,278
2024-25,Elementary,Rieke,,Cleveland,high_school_area,0,278
2024-25,Elementary,Rieke,,Franklin,high_school_area,0,278
2024-25,Elementary,Rieke,,Grant,high_school_area,0,278
2024-25,Elementary,Rieke,,Ida B. Wells-Barnett,high_school_area,19,278
2024-25,Elementary,Rieke,,Jefferson/Grant,high_school_area,1,278
2024-25,Elementary,Rieke,,Jefferson/McDaniel,high_school_area,1,278
2024-25,Elementary,Rieke,,Jefferson/Roosevelt,high_school_area,0,278
2024-25,Elementary,Rieke,,Lincoln,high_school_area,1,278
2024-25,Elementary,Rieke,,McDaniel,high_school_area,1,278
2024-25,Elementary,Rieke,,Roosevelt,high_school_area,0,278
2024-25,Elementary,Rieke,,Out of District/Undetermined,other,1,278
2024-25,Elementary,Rigler,,School's own neighborhood,own_neighborhood,254,301
2024-25,Elementary,Rigler,,Cleveland,high_school_area,0,301
2024-25,Elementary,Rigler,,Franklin,high_school_area,0,301
2024-25,Elementary,Rigler,,Grant,high_school_area,4,301
2024-25,Elementary,Rigler,,Ida B. Wells-Barnett,high_school_area,0,301
2024-25,Elementary,Rigler,,Jefferson/Grant,high_school_area,3,301
2024-25,Elementary,Rigler,,Jefferson/McDaniel,high_school_area,5,301
2024-25,Elementary,Rigler,,Jefferson/Roosevelt,high_school_area,5,301
2024-25,Elementary,Rigler,,Lincoln,high_school_area,0,301
2024-25,Elementary,Rigler,,McDaniel,high_school_area,19,301
2024-25,Elementary,Rigler,,Roosevelt,high_school_area,2,301
2024-25,Elementary,Rigler,,Out of District/Undetermined,other,9,301
2024-25,Elementary,Rosa Parks,,School's own neighborhood,own_neighborhood,141,172
2024-25,Elementary,Rosa Parks,,Cleveland,high_school_area,0,172
2024-25,Elementary,Rosa Parks,,Franklin,high_school_area,0,172
2024-25,Elementary,Rosa Parks,,Grant,high_school_area,0,172
2024-25,Elementary,Rosa Parks,,Ida B. Wells-Barnett,high_school_area,1,172
2024-25,Elementary,Rosa Parks,,Jefferson/Grant,high_school_area,2,172
2024-25,Elementary,Rosa Parks,,Jefferson/McDaniel,high_school_area,0,172
2024-25,Elementary,Rosa Parks,,Jefferson/Roosevelt,high_school_area,6,172
2024-25,Elementary,Rosa Parks,,Lincoln,high_school_area,0,172
2024-25,Elementary,Rosa Parks,,McDaniel,high_school_area,0,172
2024-25,Elementary,Rosa Parks,,Roosevelt,high_school_area,22,172
2024-25,Elementary,Rosa Parks,,Out of District/Undetermined,other,0,172
2024-25,Elementary,Rose City Park,Neighborhood Program,School's own neighborhood,own_neighborhood,220,237
2024-25,Elementary,Rose City Park,Neighborhood Program,Cleveland,high_school_area,0,237
2024-25,Elementary,Rose City Park,Neighborhood Program,Franklin,high_school_area,2,237
2024-25,Elementary,Rose City Park,Neighborhood Program,Grant,high_school_area,2,237
2024-25,Elementary,Rose City Park,Neighborhood Program,Ida B. Wells-Barnett,high_school_area,0,237
2024-25,Elementary,Rose City Park,Neighborhood Program,Jefferson/Grant,high_school_area,0,237
2024-25,Elementary,Rose City Park,Neighborhood Program,Jefferson/McDaniel,high_school_area,1,237
2024-25,Elementary,Rose City Park,Neighborhood Program,Jefferson/Roosevelt,high_school_area,0,237
2024-25,Elementary,Rose City Park,Neighborhood Program,Lincoln,high_school_area,0,237
2024-25,Elementary,Rose City Park,Neighborhood Program,McDaniel,high_school_area,7,237
2024-25,Elementary,Rose City Park,Neighborhood Program,Roosevelt,high_school_area,0,237
2024-25,Elementary,Rose City Park,Neighborhood Program,Out of District/Undetermined,other,5,237
2024-25,Elementary,Rose City Park,Vietnamese Immersion,School's own neighborhood,own_neighborhood,66,209
2024-25,Elementary,Rose City Park,Vietnamese Immersion,Cleveland,high_school_area,10,209
2024-25,Elementary,Rose City Park,Vietnamese Immersion,Franklin,high_school_area,24,209
2024-25,Elementary,Rose City Park,Vietnamese Immersion,Grant,high_school_area,4,209
2024-25,Elementary,Rose City Park,Vietnamese Immersion,Ida B. Wells-Barnett,high_school_area,1,209
2024-25,Elementary,Rose City Park,Vietnamese Immersion,Jefferson/Grant,high_school_area,0,209
2024-25,Elementary,Rose City Park,Vietnamese Immersion,Jefferson/McDaniel,high_school_area,5,209
2024-25,Elementary,Rose City Park,Vietnamese Immersion,Jefferson/Roosevelt,high_school_area,5,209
2024-25,Elementary,Rose City Park,Vietnamese Immersion,Lincoln,high_school_area,0,209
2024-25,Elementary,Rose City Park,Vietnamese Immersion,McDaniel,high_school_area,63,209
2024-25,Elementary,Rose City Park,Vietnamese Immersion,Roosevelt,high_school_area,0,209
2024-25,Elementary,Rose City Park,Vietnamese Immersion,Out of District/Undetermined,other,31,209
2024-25,Elementary,Sabin,,School's own neighborhood,own_neighborhood,234,293
2024-25,Elementary,Sabin,,Cleveland,high_school_area,1,293
2024-25,Elementary,Sabin,,Franklin,high_school_area,5,293
2024-25,Elementary,Sabin,,Grant,high_school_area,2,293
2024-25,Elementary,Sabin,,Ida B. Wells-Barnett,high_school_area,0,293
2024-25,Elementary,Sabin,,Jefferson/Grant,high_school_area,11,293
2024-25,Elementary,Sabin,,Jefferson/McDaniel,high_school_area,5,293
2024-25,Elementary,Sabin,,Jefferson/Roosevelt,high_school_area,13,293
2024-25,Elementary,Sabin,,Lincoln,high_school_area,3,293
2024-25,Elementary,Sabin,,McDaniel,high_school_area,15,293
2024-25,Elementary,Sabin,,Roosevelt,high_school_area,2,293
2024-25,Elementary,Sabin,,Out of District/Undetermined,other,2,293
2024-25,Elementary,Scott,Neighborhood Program,School's own neighborhood,own_neighborhood,142,252
2024-25,Elementary,Scott,Neighborhood Program,Cleveland,high_school_area,4,252
2024-25,Elementary,Scott,Neighborhood Program,Franklin,high_school_area,0,252
2024-25,Elementary,Scott,Neighborhood Program,Grant,high_school_area,0,252
2024-25,Elementary,Scott,Neighborhood Program,Ida B. Wells-Barnett,high_school_area,1,252
2024-25,Elementary,Scott,Neighborhood Program,Jefferson/Grant,high_school_area,0,252
2024-25,Elementary,Scott,Neighborhood Program,Jefferson/McDaniel,high_school_area,2,252
2024-25,Elementary,Scott,Neighborhood Program,Jefferson/Roosevelt,high_school_area,2,252
2024-25,Elementary,Scott,Neighborhood Program,Lincoln,high_school_area,0,252
2024-25,Elementary,Scott,Neighborhood Program,McDaniel,high_school_area,98,252
2024-25,Elementary,Scott,Neighborhood Program,Roosevelt,high_school_area,1,252
2024-25,Elementary,Scott,Neighborhood Program,Out of District/Undetermined,other,2,252
2024-25,Elementary,Scott,Spanish Immersion,School's own neighborhood,own_neighborhood,198,242
2024-25,Elementary,Scott,Spanish Immersion,Cleveland,high_school_area,2,242
2024-25,Elementary,Scott,Spanish Immersion,Franklin,high_school_area,1,242
2024-25,Elementary,Scott,Spanish Immersion,Grant,high_school_area,1,242
2024-25,Elementary,Scott,Spanish Immersion,Ida B. Wells-Barnett,high_school_area,0,242
2024-25,Elementary,Scott,Spanish Immersion,Jefferson/Grant,high_school_area,2,242
2024-25,Elementary,Scott,Spanish Immersion,Jefferson/McDaniel,high_school_area,4,242
2024-25,Elementary,Scott,Spanish Immersion,Jefferson/Roosevelt,high_school_area,3,242
2024-25,Elementary,Scott,Spanish Immersion,Lincoln,high_school_area,0,242
2024-25,Elementary,Scott,Spanish Immersion,McDaniel,high_school_area,23,242
2024-25,Elementary,Scott,Spanish Immersion,Roosevelt,high_school_area,1,242
2024-25,Elementary,Scott,Spanish Immersion,Out of District/Undetermined,other,7,242
2024-25,Elementary,Sitton,Neighborhood Program,School's own neighborhood,own_neighborhood,183,206
2024-25,Elementary,Sitton,Neighborhood Program,Cleveland,high_school_area,0,206
2024-25,Elementary,Sitton,Neighborhood Program,Franklin,high_school_area,0,206
2024-25,Elementary,Sitton,Neighborhood Program,Grant,high_school_area,0,206
2024-25,Elementary,Sitton,Neighborhood Program,Ida B. Wells-Barnett,high_school_area,0,206
2024-25,Elementary,Sitton,Neighborhood Program,Jefferson/Grant,high_school_area,2,206
2024-25,Elementary,Sitton,Neighborhood Program,Jefferson/McDaniel,high_school_area,1,206
2024-25,Elementary,Sitton,Neighborhood Program,Jefferson/Roosevelt,high_school_area,6,206
2024-25,Elementary,Sitton,Neighborhood Program,Lincoln,high_school_area,2,206
2024-25,Elementary,Sitton,Neighborhood Program,McDaniel,high_school_area,1,206
2024-25,Elementary,Sitton,Neighborhood Program,Roosevelt,high_school_area,8,206
2024-25,Elementary,Sitton,Neighborhood Program,Out of District/Undetermined,other,3,206
2024-25,Elementary,Sitton,Spanish Immersion,School's own neighborhood,own_neighborhood,119,133
2024-25,Elementary,Sitton,Spanish Immersion,Cleveland,high_school_area,0,133
2024-25,Elementary,Sitton,Spanish Immersion,Franklin,high_school_area,0,133
2024-25,Elementary,Sitton,Spanish Immersion,Grant,high_school_area,0,133
2024-25,Elementary,Sitton,Spanish Immersion,Ida B. Wells-Barnett,high_school_area,0,133
2024-25,Elementary,Sitton,Spanish Immersion,Jefferson/Grant,high_school_area,1,133
2024-25,Elementary,Sitton,Spanish Immersion,Jefferson/McDaniel,high_school_area,0,133
2024-25,Elementary,Sitton,Spanish Immersion,Jefferson/Roosevelt,high_school_area,1,133
2024-25,Elementary,Sitton,Spanish Immersion,Lincoln,high_school_area,0,133
2024-25,Elementary,Sitton,Spanish Immersion,McDaniel,high_school_area,0,133
2024-25,Elementary,Sitton,Spanish Immersion,Roosevelt,high_school_area,10,133
2024-25,Elementary,Sitton,Spanish Immersion,Out of District/Undetermined,other,2,133
2024-25,Elementary,Skyline,,School's own neighborhood,own_neighborhood,210,226
2024-25,Elementary,Skyline,,Cleveland,high_school_area,0,226
2024-25,Elementary,Skyline,,Franklin,high_school_area,0,226
2024-25,Elementary,Skyline,,Grant,high_school_area,0,226
2024-25,Elementary,Skyline,,Ida B. Wells-Barnett,high_school_area,0,226
2024-25,Elementary,Skyline,,Jefferson/Grant,high_school_area,0,226
2024-25,Elementary,Skyline,,Jefferson/McDaniel,high_school_area,0,226
2024-25,Elementary,Skyline,,Jefferson/Roosevelt,high_school_area,0,226
2024-25,Elementary,Skyline,,Lincoln,high_school_area,3,226
2024-25,Elementary,Skyline,,McDaniel,high_school_area,0,226
2024-25,Elementary,Skyline,,Roosevelt,high_school_area,5,226
2024-25,Elementary,Skyline,,Out of District/Undetermined,other,8,226
2024-25,Elementary,Stephenson,,School's own neighborhood,own_neighborhood,254,285
2024-25,Elementary,Stephenson,,Cleveland,high_school_area,0,285
2024-25,Elementary,Stephenson,,Franklin,high_school_area,0,285
2024-25,Elementary,Stephenson,,Grant,high_school_area,0,285
2024-25,Elementary,Stephenson,,Ida B. Wells-Barnett,high_school_area,24,285
2024-25,Elementary,Stephenson,,Jefferson/Grant,high_school_area,0,285
2024-25,Elementary,Stephenson,,Jefferson/McDaniel,high_school_area,0,285
2024-25,Elementary,Stephenson,,Jefferson/Roosevelt,high_school_area,0,285
2024-25,Elementary,Stephenson,,Lincoln,high_school_area,2,285
2024-25,Elementary,Stephenson,,McDaniel,high_school_area,0,285
2024-25,Elementary,Stephenson,,Roosevelt,high_school_area,0,285
2024-25,Elementary,Stephenson,,Out of District/Undetermined,other,5,285
2024-25,Elementary,Sunnyside Environmental,,School's own neighborhood,own_neighborhood,220,461
2024-25,Elementary,Sunnyside Environmental,,Cleveland,high_school_area,63,461
2024-25,Elementary,Sunnyside Environmental,,Franklin,high_school_area,90,461
2024-25,Elementary,Sunnyside Environmental,,Grant,high_school_area,11,461
2024-25,Elementary,Sunnyside Environmental,,Ida B. Wells-Barnett,high_school_area,3,461
2024-25,Elementary,Sunnyside Environmental,,Jefferson/Grant,high_school_area,13,461
2024-25,Elementary,Sunnyside Environmental,,Jefferson/McDaniel,high_school_area,8,461
2024-25,Elementary,Sunnyside Environmental,,Jefferson/Roosevelt,high_school_area,5,461
2024-25,Elementary,Sunnyside Environmental,,Lincoln,high_school_area,5,461
2024-25,Elementary,Sunnyside Environmental,,McDaniel,high_school_area,30,461
2024-25,Elementary,Sunnyside Environmental,,Roosevelt,high_school_area,1,461
2024-25,Elementary,Sunnyside Environmental,,Out of District/Undetermined,other,12,461
2024-25,Elementary,Vernon,,School's own neighborhood,own_neighborhood,443,563
2024-25,Elementary,Vernon,,Cleveland,high_school_area,3,563
2024-25,Elementary,Vernon,,Franklin,high_school_area,2,563
2024-25,Elementary,Vernon,,Grant,high_school_area,1,563
2024-25,Elementary,Vernon,,Ida B. Wells-Barnett,high_school_area,0,563
2024-25,Elementary,Vernon,,Jefferson/Grant,high_school_area,15,563
2024-25,Elementary,Vernon,,Jefferson/McDaniel,high_school_area,15,563
2024-25,Elementary,Vernon,,Jefferson/Roosevelt,high_school_area,44,563
2024-25,Elementary,Vernon,,Lincoln,high_school_area,1,563
2024-25,Elementary,Vernon,,McDaniel,high_school_area,24,563
2024-25,Elementary,Vernon,,Roosevelt,high_school_area,2,563
2024-25,Elementary,Vernon,,Out of District/Undetermined,other,13,563
2024-25,Elementary,Vestal,,School's own neighborhood,own_neighborhood,199,257
2024-25,Elementary,Vestal,,Cleveland,high_school_area,3,257
2024-25,Elementary,Vestal,,Franklin,high_school_area,10,257
2024-25,Elementary,Vestal,,Grant,high_school_area,2,257
2024-25,Elementary,Vestal,,Ida B. Wells-Barnett,high_school_area,0,257
2024-25,Elementary,Vestal,,Jefferson/Grant,high_school_area,0,257
2024-25,Elementary,Vestal,,Jefferson/McDaniel,high_school_area,2,257
2024-25,Elementary,Vestal,,Jefferson/Roosevelt,high_school_area,4,257
2024-25,Elementary,Vestal,,Lincoln,high_school_area,1,257
2024-25,Elementary,Vestal,,McDaniel,high_school_area,12,257
2024-25,Elementary,Vestal,,Roosevelt,high_school_area,2,257
2024-25,Elementary,Vestal,,Out of District/Undetermined,other,22,257
2024-25,Elementary,Whitman,,School's own neighborhood,own_neighborhood,166,198
2024-25,Elementary,Whitman,,Cleveland,high_school_area,2,198
2024-25,Elementary,Whitman,,Franklin,high_school_area,16,198
2024-25,Elementary,Whitman,,Grant,high_school_area,0,198
2024-25,Elementary,Whitman,,Ida B. Wells-Barnett,high_school_area,1,198
2024-25,Elementary,Whitman,,Jefferson/Grant,high_school_area,0,198
2024-25,Elementary,Whitman,,Jefferson/McDaniel,high_school_area,0,198
2024-25,Elementary,Whitman,,Jefferson/Roosevelt,high_school_area,0,198
2024-25,Elementary,Whitman,,Lincoln,high_school_area,0,198
2024-25,Elementary,Whitman,,McDaniel,high_school_area,2,198
2024-25,Elementary,Whitman,,Roosevelt,high_school_area,1,198
2024-25,Elementary,Whitman,,Out of District/Undetermined,other,10,198
2024-25,Elementary,Winterhaven,,School's own neighborhood,own_neighborhood,0,322
2024-25,Elementary,Winterhaven,,Cleveland,high_school_area,157,322
2024-25,Elementary,Winterhaven,,Franklin,high_school_area,69,322
2024-25,Elementary,Winterhaven,,Grant,high_school_area,13,322
2024-25,Elementary,Winterhaven,,Ida B. Wells-Barnett,high_school_area,7,322
2024-25,Elementary,Winterhaven,,Jefferson/Grant,high_school_area,16,322
2024-25,Elementary,Winterhaven,,Jefferson/McDaniel,high_school_area,5,322
2024-25,Elementary,Winterhaven,,Jefferson/Roosevelt,high_school_area,9,322
2024-25,Elementary,Winterhaven,,Lincoln,high_school_area,11,322
2024-25,Elementary,Winterhaven,,McDaniel,high_school_area,15,322
2024-25,Elementary,Winterhaven,,Roosevelt,high_school_area,3,322
2024-25,Elementary,Winterhaven,,Out of District/Undetermined,other,17,322
2024-25,Elementary,Woodlawn,,School's own neighborhood,own_neighborhood,259,306
2024-25,Elementary,Woodlawn,,Cleveland,high_school_area,1,306
2024-25,Elementary,Woodlawn,,Franklin,high_school_area,1,306
2024-25,Elementary,Woodlawn,,Grant,high_school_area,1,306
2024-25,Elementary,Woodlawn,,Ida B. Wells-Barnett,high_school_area,1,306
2024-25,Elementary,Woodlawn,,Jefferson/Grant,high_school_area,8,306
2024-25,Elementary,Woodlawn,,Jefferson/McDaniel,high_school_area,9,306
2024-25,Elementary,Woodlawn,,Jefferson/Roosevelt,high_school_area,12,306
2024-25,Elementary,Woodlawn,,Lincoln,high_school_area,0,306
2024-25,Elementary,Woodlawn,,McDaniel,high_school_area,3,306
2024-25,Elementary,Woodlawn,,Roosevelt,high_school_area,6,306
2024-25,Elementary,Woodlawn,,Out of District/Undetermined,other,5,306
2024-25,Elementary,Woodmere,,School's own neighborhood,own_neighborhood,151,242
2024-25,Elementary,Woodmere,,Cleveland,high_school_area,14,242
2024-25,Elementary,Woodmere,,Franklin,high_school_area,62,242
2024-25,Elementary,Woodmere,,Grant,high_school_area,0,242
2024-25,Elementary,Woodmere,,Ida B. Wells-Barnett,high_school_area,0,242
2024-25,Elementary,Woodmere,,Jefferson/Grant,high_school_area,1,242
2024-25,Elementary,Woodmere,,Jefferson/McDaniel,high_school_area,0,242
2024-25,Elementary,Woodmere,,Jefferson/Roosevelt,high_school_area,0,242
2024-25,Elementary,Woodmere,,Lincoln,high_school_area,0,242
2024-25,Elementary,Woodmere,,McDaniel,high_school_area,8,242
2024-25,Elementary,Woodmere,,Roosevelt,high_school_area,0,242
2024-25,Elementary,Woodmere,,Out of District/Undetermined,other,6,242
2024-25,Elementary,Woodstock,Mandarin Immersion,School's own neighborhood,own_neighborhood,59,206
2024-25,Elementary,Woodstock,Mandarin Immersion,Cleveland,high_school_area,47,206
2024-25,Elementary,Woodstock,Mandarin Immersion,Franklin,high_school_area,58,206
2024-25,Elementary,Woodstock,Mandarin Immersion,Grant,high_school_area,0,206
2024-25,Elementary,Woodstock,Mandarin Immersion,Ida B. Wells-Barnett,high_school_area,4,206
2024-25,Elementary,Woodstock,Mandarin Immersion,Jefferson/Grant,high_school_area,2,206
2024-25,Elementary,Woodstock,Mandarin Immersion,Jefferson/McDaniel,high_school_area,1,206
2024-25,Elementary,Woodstock,Mandarin Immersion,Jefferson/Roosevelt,high_school_area,0,206
2024-25,Elementary,Woodstock,Mandarin Immersion,Lincoln,high_school_area,2,206
2024-25,Elementary,Woodstock,Mandarin Immersion,McDaniel,high_school_area,21,206
2024-25,Elementary,Woodstock,Mandarin Immersion,Roosevelt,high_school_area,0,206
2024-25,Elementary,Woodstock,Mandarin Immersion,Out of District/Undetermined,other,12,206
2024-25,Elementary,Woodstock,Neighborhood Program,School's own neighborhood,own_neighborhood,139,188
2024-25,Elementary,Woodstock,Neighborhood Program,Cleveland,high_school_area,35,188
2024-25,Elementary,Woodstock,Neighborhood Program,Franklin,high_school_area,7,188
2024-25,Elementary,Woodstock,Neighborhood Program,Grant,high_school_area,0,188
2024-25,Elementary,Woodstock,Neighborhood Program,Ida B. Wells-Barnett,high_school_area,0,188
2024-25,Elementary,Woodstock,Neighborhood Program,Jefferson/Grant,high_school_area,0,188
2024-25,Elementary,Woodstock,Neighborhood Program,Jefferson/McDaniel,high_school_area,1,188
2024-25,Elementary,Woodstock,Neighborhood Program,Jefferson/Roosevelt,high_school_area,0,188
2024-25,Elementary,Woodstock,Neighborhood Program,Lincoln,high_school_area,0,188
2024-25,Elementary,Woodstock,Neighborhood Program,McDaniel,high_school_area,1,188
2024-25,Elementary,Woodstock,Neighborhood Program,Roosevelt,high_school_area,2,188
2024-25,Elementary,Woodstock,Neighborhood Program,Out of District/Undetermined,other,3,188
2024-25,Middle,Beaumont,Neighborhood Program,School's own neighborhood,own_neighborhood,273,319
2024-25,Middle,Beaumont,Neighborhood Program,Cleveland,high_school_area,5,319
2024-25,Middle,Beaumont,Neighborhood Program,Franklin,high_school_area,1,319
2024-25,Middle,Beaumont,Neighborhood Program,Grant,high_school_area,4,319
2024-25,Middle,Beaumont,Neighborhood Program,Ida B. Wells-Barnett,high_school_area,0,319
2024-25,Middle,Beaumont,Neighborhood Program,Jefferson/Grant,high_school_area,7,319
2024-25,Middle,Beaumont,Neighborhood Program,Jefferson/McDaniel,high_school_area,15,319
2024-25,Middle,Beaumont,Neighborhood Program,Jefferson/Roosevelt,high_school_area,5,319
2024-25,Middle,Beaumont,Neighborhood Program,Lincoln,high_school_area,0,319
2024-25,Middle,Beaumont,Neighborhood Program,McDaniel,high_school_area,6,319
2024-25,Middle,Beaumont,Neighborhood Program,Roosevelt,high_school_area,3,319
2024-25,Middle,Beaumont,Neighborhood Program,Out of District/Undetermined,other,0,319
2024-25,Middle,Beaumont,Spanish Immersion,School's own neighborhood,own_neighborhood,84,116
2024-25,Middle,Beaumont,Spanish Immersion,Cleveland,high_school_area,0,116
2024-25,Middle,Beaumont,Spanish Immersion,Franklin,high_school_area,2,116
2024-25,Middle,Beaumont,Spanish Immersion,Grant,high_school_area,1,116
2024-25,Middle,Beaumont,Spanish Immersion,Ida B. Wells-Barnett,high_school_area,0,116
2024-25,Middle,Beaumont,Spanish Immersion,Jefferson/Grant,high_school_area,2,116
2024-25,Middle,Beaumont,Spanish Immersion,Jefferson/McDaniel,high_school_area,8,116
2024-25,Middle,Beaumont,Spanish Immersion,Jefferson/Roosevelt,high_school_area,2,116
2024-25,Middle,Beaumont,Spanish Immersion,Lincoln,high_school_area,0,116
2024-25,Middle,Beaumont,Spanish Immersion,McDaniel,high_school_area,14,116
2024-25,Middle,Beaumont,Spanish Immersion,Roosevelt,high_school_area,1,116
2024-25,Middle,Beaumont,Spanish Immersion,Out of District/Undetermined,other,2,116
2024-25,Middle,da Vinci,,School's own neighborhood,own_neighborhood,0,427
2024-25,Middle,da Vinci,,Cleveland,high_school_area,66,427
2024-25,Middle,da Vinci,,Franklin,high_school_area,89,427
2024-25,Middle,da Vinci,,Grant,high_school_area,17,427
2024-25,Middle,da Vinci,,Ida B. Wells-Barnett,high_school_area,7,427
2024-25,Middle,da Vinci,,Jefferson/Grant,high_school_area,64,427
2024-25,Middle,da Vinci,,Jefferson/McDaniel,high_school_area,26,427
2024-25,Middle,da Vinci,,Jefferson/Roosevelt,high_school_area,62,427
2024-25,Middle,da Vinci,,Lincoln,high_school_area,13,427
2024-25,Middle,da Vinci,,McDaniel,high_school_area,51,427
2024-25,Middle,da Vinci,,Roosevelt,high_school_area,27,427
2024-25,Middle,da Vinci,,Out of District/Undetermined,other,5,427
2024-25,Middle,George,,School's own neighborhood,own_neighborhood,375,404
2024-25,Middle,George,,Cleveland,high_school_area,0,404
2024-25,Middle,George,,Franklin,high_school_area,0,404
2024-25,Middle,George,,Grant,high_school_area,0,404
2024-25,Middle,George,,Ida B. Wells-Barnett,high_school_area,0,404
2024-25,Middle,George,,Jefferson/Grant,high_school_area,2,404
2024-25,Middle,George,,Jefferson/McDaniel,high_school_area,0,404
2024-25,Middle,George,,Jefferson/Roosevelt,high_school_area,11,404
2024-25,Middle,George,,Lincoln,high_school_area,0,404
2024-25,Middle,George,,McDaniel,high_school_area,1,404
2024-25,Middle,George,,Roosevelt,high_school_area,8,404
2024-25,Middle,George,,Out of District/Undetermined,other,7,404
2024-25,Middle,Gray,,School's own neighborhood,own_neighborhood,411,438
2024-25,Middle,Gray,,Cleveland,high_school_area,2,438
2024-25,Middle,Gray,,Franklin,high_school_area,0,438
2024-25,Middle,Gray,,Grant,high_school_area,2,438
2024-25,Middle,Gray,,Ida B. Wells-Barnett,high_school_area,13,438
2024-25,Middle,Gray,,Jefferson/Grant,high_school_area,0,438
2024-25,Middle,Gray,,Jefferson/McDaniel,high_school_area,0,438
2024-25,Middle,Gray,,Jefferson/Roosevelt,high_school_area,1,438
2024-25,Middle,Gray,,Lincoln,high_school_area,3,438
2024-25,Middle,Gray,,McDaniel,high_school_area,0,438
2024-25,Middle,Gray,,Roosevelt,high_school_area,0,438
2024-25,Middle,Gray,,Out of District/Undetermined,other,6,438
2024-25,Middle,Harriet Tubman,Mandarin Immersion,School's own neighborhood,own_neighborhood,18,43
2024-25,Middle,Harriet Tubman,Mandarin Immersion,Cleveland,high_school_area,0,43
2024-25,Middle,Harriet Tubman,Mandarin Immersion,Franklin,high_school_area,3,43
2024-25,Middle,Harriet Tubman,Mandarin Immersion,Grant,high_school_area,2,43
2024-25,Middle,Harriet Tubman,Mandarin Immersion,Ida B. Wells-Barnett,high_school_area,2,43
2024-25,Middle,Harriet Tubman,Mandarin Immersion,Jefferson/Grant,high_school_area,0,43
2024-25,Middle,Harriet Tubman,Mandarin Immersion,Jefferson/McDaniel,high_school_area,2,43
2024-25,Middle,Harriet Tubman,Mandarin Immersion,Jefferson/Roosevelt,high_school_area,8,43
2024-25,Middle,Harriet Tubman,Mandarin Immersion,Lincoln,high_school_area,1,43
2024-25,Middle,Harriet Tubman,Mandarin Immersion,McDaniel,high_school_area,6,43
2024-25,Middle,Harriet Tubman,Mandarin Immersion,Roosevelt,high_school_area,1,43
2024-25,Middle,Harriet Tubman,Mandarin Immersion,Out of District/Undetermined,other,0,43
2024-25,Middle,Harriet Tubman,Neighborhood Program,School's own neighborhood,own_neighborhood,261,285
2024-25,Middle,Harriet Tubman,Neighborhood Program,Cleveland,high_school_area,1,285
2024-25,Middle,Harriet Tubman,Neighborhood Program,Franklin,high_school_area,0,285
2024-25,Middle,Harriet Tubman,Neighborhood Program,Grant,high_school_area,3,285
2024-25,Middle,Harriet Tubman,Neighborhood Program,Ida B. Wells-Barnett,high_school_area,0,285
2024-25,Middle,Harriet Tubman,Neighborhood Program,Jefferson/Grant,high_school_area,0,285
2024-25,Middle,Harriet Tubman,Neighborhood Program,Jefferson/McDaniel,high_school_area,1,285
2024-25,Middle,Harriet Tubman,Neighborhood Program,Jefferson/Roosevelt,high_school_area,8,285
2024-25,Middle,Harriet Tubman,Neighborhood Program,Lincoln,high_school_area,2,285
2024-25,Middle,Harriet Tubman,Neighborhood Program,McDaniel,high_school_area,4,285
2024-25,Middle,Harriet Tubman,Neighborhood Program,Roosevelt,high_school_area,2,285
2024-25,Middle,Harriet Tubman,Neighborhood Program,Out of District/Undetermined,other,3,285
2024-25,Middle,Harrison Park,Mandarin Immersion,School's own neighborhood,own_neighborhood,24,94
2024-25,Middle,Harrison Park,Mandarin Immersion,Cleveland,high_school_area,36,94
2024-25,Middle,Harrison Park,Mandarin Immersion,Franklin,high_school_area,19,94
2024-25,Middle,Harrison Park,Mandarin Immersion,Grant,high_school_area,1,94
2024-25,Middle,Harrison Park,Mandarin Immersion,Ida B. Wells-Barnett,high_school_area,0,94
2024-25,Middle,Harrison Park,Mandarin Immersion,Jefferson/Grant,high_school_area,0,94
2024-25,Middle,Harrison Park,Mandarin Immersion,Jefferson/McDaniel,high_school_area,1,94
2024-25,Middle,Harrison Park,Mandarin Immersion,Jefferson/Roosevelt,high_school_area,0,94
2024-25,Middle,Harrison Park,Mandarin Immersion,Lincoln,high_school_area,0,94
2024-25,Middle,Harrison Park,Mandarin Immersion,McDaniel,high_school_area,0,94
2024-25,Middle,Harrison Park,Mandarin Immersion,Roosevelt,high_school_area,0,94
2024-25,Middle,Harrison Park,Mandarin Immersion,Out of District/Undetermined,other,13,94
2024-25,Middle,Harrison Park,Neighborhood Program,School's own neighborhood,own_neighborhood,249,278
2024-25,Middle,Harrison Park,Neighborhood Program,Cleveland,high_school_area,1,278
2024-25,Middle,Harrison Park,Neighborhood Program,Franklin,high_school_area,11,278
2024-25,Middle,Harrison Park,Neighborhood Program,Grant,high_school_area,0,278
2024-25,Middle,Harrison Park,Neighborhood Program,Ida B. Wells-Barnett,high_school_area,0,278
2024-25,Middle,Harrison Park,Neighborhood Program,Jefferson/Grant,high_school_area,0,278
2024-25,Middle,Harrison Park,Neighborhood Program,Jefferson/McDaniel,high_school_area,0,278
2024-25,Middle,Harrison Park,Neighborhood Program,Jefferson/Roosevelt,high_school_area,0,278
2024-25,Middle,Harrison Park,Neighborhood Program,Lincoln,high_school_area,1,278
2024-25,Middle,Harrison Park,Neighborhood Program,McDaniel,high_school_area,2,278
2024-25,Middle,Harrison Park,Neighborhood Program,Roosevelt,high_school_area,0,278
2024-25,Middle,Harrison Park,Neighborhood Program,Out of District/Undetermined,other,14,278
2024-25,Middle,Hosford,,School's own neighborhood,own_neighborhood,460,537
2024-25,Middle,Hosford,,Cleveland,high_school_area,50,537
2024-25,Middle,Hosford,,Franklin,high_school_area,11,537
2024-25,Middle,Hosford,,Grant,high_school_area,0,537
2024-25,Middle,Hosford,,Ida B. Wells-Barnett,high_school_area,0,537
2024-25,Middle,Hosford,,Jefferson/Grant,high_school_area,1,537
2024-25,Middle,Hosford,,Jefferson/McDaniel,high_school_area,1,537
2024-25,Middle,Hosford,,Jefferson/Roosevelt,high_school_area,0,537
2024-25,Middle,Hosford,,Lincoln,high_school_area,2,537
2024-25,Middle,Hosford,,McDaniel,high_school_area,2,537
2024-25,Middle,Hosford,,Roosevelt,high_school_area,2,537
2024-25,Middle,Hosford,,Out of District/Undetermined,other,8,537
2024-25,Middle,Jackson,,School's own neighborhood,own_neighborhood,695,715
2024-25,Middle,Jackson,,Cleveland,high_school_area,1,715
2024-25,Middle,Jackson,,Franklin,high_school_area,0,715
2024-25,Middle,Jackson,,Grant,high_school_area,0,715
2024-25,Middle,Jackson,,Ida B. Wells-Barnett,high_school_area,11,715
2024-25,Middle,Jackson,,Jefferson/Grant,high_school_area,1,715
2024-25,Middle,Jackson,,Jefferson/McDaniel,high_school_area,0,715
2024-25,Middle,Jackson,,Jefferson/Roosevelt,high_school_area,1,715
2024-25,Middle,Jackson,,Lincoln,high_school_area,2,715
2024-25,Middle,Jackson,,McDaniel,high_school_area,0,715
2024-25,Middle,Jackson,,Roosevelt,high_school_area,0,715
2024-25,Middle,Jackson,,Out of District/Undetermined,other,4,715
2024-25,Middle,Kellogg,Neighborhood Program,School's own neighborhood,own_neighborhood,301,373
2024-25,Middle,Kellogg,Neighborhood Program,Cleveland,high_school_area,6,373
2024-25,Middle,Kellogg,Neighborhood Program,Franklin,high_school_area,54,373
2024-25,Middle,Kellogg,Neighborhood Program,Grant,high_school_area,0,373
2024-25,Middle,Kellogg,Neighborhood Program,Ida B. Wells-Barnett,high_school_area,0,373
2024-25,Middle,Kellogg,Neighborhood Program,Jefferson/Grant,high_school_area,0,373
2024-25,Middle,Kellogg,Neighborhood Program,Jefferson/McDaniel,high_school_area,0,373
2024-25,Middle,Kellogg,Neighborhood Program,Jefferson/Roosevelt,high_school_area,0,373
2024-25,Middle,Kellogg,Neighborhood Program,Lincoln,high_school_area,0,373
2024-25,Middle,Kellogg,Neighborhood Program,McDaniel,high_school_area,5,373
2024-25,Middle,Kellogg,Neighborhood Program,Roosevelt,high_school_area,0,373
2024-25,Middle,Kellogg,Neighborhood Program,Out of District/Undetermined,other,7,373
2024-25,Middle,Kellogg,Spanish Immersion,School's own neighborhood,own_neighborhood,48,221
2024-25,Middle,Kellogg,Spanish Immersion,Cleveland,high_school_area,25,221
2024-25,Middle,Kellogg,Spanish Immersion,Franklin,high_school_area,97,221
2024-25,Middle,Kellogg,Spanish Immersion,Grant,high_school_area,0,221
2024-25,Middle,Kellogg,Spanish Immersion,Ida B. Wells-Barnett,high_school_area,0,221
2024-25,Middle,Kellogg,Spanish Immersion,Jefferson/Grant,high_school_area,0,221
2024-25,Middle,Kellogg,Spanish Immersion,Jefferson/McDaniel,high_school_area,0,221
2024-25,Middle,Kellogg,Spanish Immersion,Jefferson/Roosevelt,high_school_area,0,221
2024-25,Middle,Kellogg,Spanish Immersion,Lincoln,high_school_area,0,221
2024-25,Middle,Kellogg,Spanish Immersion,McDaniel,high_school_area,26,221
2024-25,Middle,Kellogg,Spanish Immersion,Roosevelt,high_school_area,0,221
2024-25,Middle,Kellogg,Spanish Immersion,Out of District/Undetermined,other,25,221
2024-25,Middle,Lane,Neighborhood Program,School's own neighborhood,own_neighborhood,356,386
2024-25,Middle,Lane,Neighborhood Program,Cleveland,high_school_area,4,386
2024-25,Middle,Lane,Neighborhood Program,Franklin,high_school_area,9,386
2024-25,Middle,Lane,Neighborhood Program,Grant,high_school_area,0,386
2024-25,Middle,Lane,Neighborhood Program,Ida B. Wells-Barnett,high_school_area,0,386
2024-25,Middle,Lane,Neighborhood Program,Jefferson/Grant,high_school_area,0,386
2024-25,Middle,Lane,Neighborhood Program,Jefferson/McDaniel,high_school_area,0,386
2024-25,Middle,Lane,Neighborhood Program,Jefferson/Roosevelt,high_school_area,2,386
2024-25,Middle,Lane,Neighborhood Program,Lincoln,high_school_area,0,386
2024-25,Middle,Lane,Neighborhood Program,McDaniel,high_school_area,4,386
2024-25,Middle,Lane,Neighborhood Program,Roosevelt,high_school_area,0,386
2024-25,Middle,Lane,Neighborhood Program,Out of District/Undetermined,other,11,386
2024-25,Middle,Lane,Russian Immersion,School's own neighborhood,own_neighborhood,5,32
2024-25,Middle,Lane,Russian Immersion,Cleveland,high_school_area,1,32
2024-25,Middle,Lane,Russian Immersion,Franklin,high_school_area,4,32
2024-25,Middle,Lane,Russian Immersion,Grant,high_school_area,0,32
2024-25,Middle,Lane,Russian Immersion,Ida B. Wells-Barnett,high_school_area,0,32
2024-25,Middle,Lane,Russian Immersion,Jefferson/Grant,high_school_area,0,32
2024-25,Middle,Lane,Russian Immersion,Jefferson/McDaniel,high_school_area,0,32
2024-25,Middle,Lane,Russian Immersion,Jefferson/Roosevelt,high_school_area,0,32
2024-25,Middle,Lane,Russian Immersion,Lincoln,high_school_area,0,32
2024-25,Middle,Lane,Russian Immersion,McDaniel,high_school_area,3,32
2024-25,Middle,Lane,Russian Immersion,Roosevelt,high_school_area,0,32
2024-25,Middle,Lane,Russian Immersion,Out of District/Undetermined,other,19,32
2024-25,Middle,Mt Tabor,Japanese Immersion,School's own neighborhood,own_neighborhood,30,238
2024-25,Middle,Mt Tabor,Japanese Immersion,Cleveland,high_school_area,42,238
2024-25,Middle,Mt Tabor,Japanese Immersion,Franklin,high_school_area,60,238
2024-25,Middle,Mt Tabor,Japanese Immersion,Grant,high_school_area,16,238
2024-25,Middle,Mt Tabor,Japanese Immersion,Ida B. Wells-Barnett,high_school_area,8,238
2024-25,Middle,Mt Tabor,Japanese Immersion,Jefferson/Grant,high_school_area,11,238
2024-25,Middle,Mt Tabor,Japanese Immersion,Jefferson/McDaniel,high_school_area,13,238
2024-25,Middle,Mt Tabor,Japanese Immersion,Jefferson/Roosevelt,high_school_area,11,238
2024-25,Middle,Mt Tabor,Japanese Immersion,Lincoln,high_school_area,3,238
2024-25,Middle,Mt Tabor,Japanese Immersion,McDaniel,high_school_area,35,238
2024-25,Middle,Mt Tabor,Japanese Immersion,Roosevelt,high_school_area,2,238
2024-25,Middle,Mt Tabor,Japanese Immersion,Out of District/Undetermined,other,7,238
2024-25,Middle,Mt Tabor,Neighborhood Program,School's own neighborhood,own_neighborhood,155,229
2024-25,Middle,Mt Tabor,Neighborhood Program,Cleveland,high_school_area,4,229
2024-25,Middle,Mt Tabor,Neighborhood Program,Franklin,high_school_area,48,229
2024-25,Middle,Mt Tabor,Neighborhood Program,Grant,high_school_area,1,229
2024-25,Middle,Mt Tabor,Neighborhood Program,Ida B. Wells-Barnett,high_school_area,0,229
2024-25,Middle,Mt Tabor,Neighborhood Program,Jefferson/Grant,high_school_area,4,229
2024-25,Middle,Mt Tabor,Neighborhood Program,Jefferson/McDaniel,high_school_area,0,229
2024-25,Middle,Mt Tabor,Neighborhood Program,Jefferson/Roosevelt,high_school_area,1,229
2024-25,Middle,Mt Tabor,Neighborhood Program,Lincoln,high_school_area,0,229
2024-25,Middle,Mt Tabor,Neighborhood Program,McDaniel,high_school_area,9,229
2024-25,Middle,Mt Tabor,Neighborhood Program,Roosevelt,high_school_area,0,229
2024-25,Middle,Mt Tabor,Neighborhood Program,Out of District/Undetermined,other,7,229
2024-25,Middle,Ockley Green,Neighborhood Program,School's own neighborhood,own_neighborhood,309,341
2024-25,Middle,Ockley Green,Neighborhood Program,Cleveland,high_school_area,1,341
2024-25,Middle,Ockley Green,Neighborhood Program,Franklin,high_school_area,2,341
2024-25,Middle,Ockley Green,Neighborhood Program,Grant,high_school_area,0,341
2024-25,Middle,Ockley Green,Neighborhood Program,Ida B. Wells-Barnett,high_school_area,0,341
2024-25,Middle,Ockley Green,Neighborhood Program,Jefferson/Grant,high_school_area,5,341
2024-25,Middle,Ockley Green,Neighborhood Program,Jefferson/McDaniel,high_school_area,3,341
2024-25,Middle,Ockley Green,Neighborhood Program,Jefferson/Roosevelt,high_school_area,1,341
2024-25,Middle,Ockley Green,Neighborhood Program,Lincoln,high_school_area,0,341
2024-25,Middle,Ockley Green,Neighborhood Program,McDaniel,high_school_area,3,341
2024-25,Middle,Ockley Green,Neighborhood Program,Roosevelt,high_school_area,12,341
2024-25,Middle,Ockley Green,Neighborhood Program,Out of District/Undetermined,other,5,341
2024-25,Middle,Ockley Green,Spanish Immersion,School's own neighborhood,own_neighborhood,54,69
2024-25,Middle,Ockley Green,Spanish Immersion,Cleveland,high_school_area,0,69
2024-25,Middle,Ockley Green,Spanish Immersion,Franklin,high_school_area,1,69
2024-25,Middle,Ockley Green,Spanish Immersion,Grant,high_school_area,0,69
2024-25,Middle,Ockley Green,Spanish Immersion,Ida B. Wells-Barnett,high_school_area,0,69
2024-25,Middle,Ockley Green,Spanish Immersion,Jefferson/Grant,high_school_area,8,69
2024-25,Middle,Ockley Green,Spanish Immersion,Jefferson/McDaniel,high_school_area,3,69
2024-25,Middle,Ockley Green,Spanish Immersion,Jefferson/Roosevelt,high_school_area,2,69
2024-25,Middle,Ockley Green,Spanish Immersion,Lincoln,high_school_area,0,69
2024-25,Middle,Ockley Green,Spanish Immersion,McDaniel,high_school_area,0,69
2024-25,Middle,Ockley Green,Spanish Immersion,Roosevelt,high_school_area,1,69
2024-25,Middle,Ockley Green,Spanish Immersion,Out of District/Undetermined,other,0,69
2024-25,Middle,Roseway Heights,Neighborhood Program,School's own neighborhood,own_neighborhood,287,421
2024-25,Middle,Roseway Heights,Neighborhood Program,Cleveland,high_school_area,2,421
2024-25,Middle,Roseway Heights,Neighborhood Program,Franklin,high_school_area,4,421
2024-25,Middle,Roseway Heights,Neighborhood Program,Grant,high_school_area,5,421
2024-25,Middle,Roseway Heights,Neighborhood Program,Ida B. Wells-Barnett,high_school_area,1,421
2024-25,Middle,Roseway Heights,Neighborhood Program,Jefferson/Grant,high_school_area,1,421
2024-25,Middle,Roseway Heights,Neighborhood Program,Jefferson/McDaniel,high_school_area,3,421
2024-25,Middle,Roseway Heights,Neighborhood Program,Jefferson/Roosevelt,high_school_area,3,421
2024-25,Middle,Roseway Heights,Neighborhood Program,Lincoln,high_school_area,1,421
2024-25,Middle,Roseway Heights,Neighborhood Program,McDaniel,high_school_area,97,421
2024-25,Middle,Roseway Heights,Neighborhood Program,Roosevelt,high_school_area,2,421
2024-25,Middle,Roseway Heights,Neighborhood Program,Out of District/Undetermined,other,15,421
2024-25,Middle,Roseway Heights,Spanish Immersion,School's own neighborhood,own_neighborhood,62,94
2024-25,Middle,Roseway Heights,Spanish Immersion,Cleveland,high_school_area,0,94
2024-25,Middle,Roseway Heights,Spanish Immersion,Franklin,high_school_area,2,94
2024-25,Middle,Roseway Heights,Spanish Immersion,Grant,high_school_area,1,94
2024-25,Middle,Roseway Heights,Spanish Immersion,Ida B. Wells-Barnett,high_school_area,0,94
2024-25,Middle,Roseway Heights,Spanish Immersion,Jefferson/Grant,high_school_area,0,94
2024-25,Middle,Roseway Heights,Spanish Immersion,Jefferson/McDaniel,high_school_area,0,94
2024-25,Middle,Roseway Heights,Spanish Immersion,Jefferson/Roosevelt,high_school_area,1,94
2024-25,Middle,Roseway Heights,Spanish Immersion,Lincoln,high_school_area,0,94
2024-25,Middle,Roseway Heights,Spanish Immersion,McDaniel,high_school_area,23,94
2024-25,Middle,Roseway Heights,Spanish Immersion,Roosevelt,high_school_area,1,94
2024-25,Middle,Roseway Heights,Spanish Immersion,Out of District/Undetermined,other,4,94
2024-25,Middle,Roseway Heights,Vietnamese Immersion,School's own neighborhood,own_neighborhood,12,50
2024-25,Middle,Roseway Heights,Vietnamese Immersion,Cleveland,high_school_area,3,50
2024-25,Middle,Roseway Heights,Vietnamese Immersion,Franklin,high_school_area,8,50
2024-25,Middle,Roseway Heights,Vietnamese Immersion,Grant,high_school_area,0,50
2024-25,Middle,Roseway Heights,Vietnamese Immersion,Ida B. Wells-Barnett,high_school_area,0,50
2024-25,Middle,Roseway Heights,Vietnamese Immersion,Jefferson/Grant,high_school_area,0,50
2024-25,Middle,Roseway Heights,Vietnamese Immersion,Jefferson/McDaniel,high_school_area,2,50
2024-25,Middle,Roseway Heights,Vietnamese Immersion,Jefferson/Roosevelt,high_school_area,2,50
2024-25,Middle,Roseway Heights,Vietnamese Immersion,Lincoln,high_school_area,0,50
2024-25,Middle,Roseway Heights,Vietnamese Immersion,McDaniel,high_school_area,13,50
2024-25,Middle,Roseway Heights,Vietnamese Immersion,Roosevelt,high_school_area,0,50
2024-25,Middle,Roseway Heights,Vietnamese Immersion,Out of District/Undetermined,other,10,50
2024-25,Middle,Sellwood,,School's own neighborhood,own_neighborhood,547,576
2024-25,Middle,Sellwood,,Cleveland,high_school_area,19,576
2024-25,Middle,Sellwood,,Franklin,high_school_area,4,576
2024-25,Middle,Sellwood,,Grant,high_school_area,0,576
2024-25,Middle,Sellwood,,Ida B. Wells-Barnett,high_school_area,0,576
2024-25,Middle,Sellwood,,Jefferson/Grant,high_school_area,0,576
2024-25,Middle,Sellwood,,Jefferson/McDaniel,high_school_area,1,576
2024-25,Middle,Sellwood,,Jefferson/Roosevelt,high_school_area,1,576
2024-25,Middle,Sellwood,,Lincoln,high_school_area,0,576
2024-25,Middle,Sellwood,,McDaniel,high_school_area,0,576
2024-25,Middle,Sellwood,,Roosevelt,high_school_area,0,576
2024-25,Middle,Sellwood,,Out of District/Undetermined,other,4,576
2024-25,Middle,West Sylvan,Neighborhood Program,School's own neighborhood,own_neighborhood,510,553
2024-25,Middle,West Sylvan,Neighborhood Program,Cleveland,high_school_area,1,553
2024-25,Middle,West Sylvan,Neighborhood Program,Franklin,high_school_area,1,553
2024-25,Middle,West Sylvan,Neighborhood Program,Grant,high_school_area,0,553
2024-25,Middle,West Sylvan,Neighborhood Program,Ida B. Wells-Barnett,high_school_area,14,553
2024-25,Middle,West Sylvan,Neighborhood Program,Jefferson/Grant,high_school_area,0,553
2024-25,Middle,West Sylvan,Neighborhood Program,Jefferson/McDaniel,high_school_area,0,553
2024-25,Middle,West Sylvan,Neighborhood Program,Jefferson/Roosevelt,high_school_area,2,553
2024-25,Middle,West Sylvan,Neighborhood Program,Lincoln,high_school_area,4,553
2024-25,Middle,West Sylvan,Neighborhood Program,McDaniel,high_school_area,1,553
2024-25,Middle,West Sylvan,Neighborhood Program,Roosevelt,high_school_area,3,553
2024-25,Middle,West Sylvan,Neighborhood Program,Out of District/Undetermined,other,17,553
2024-25,Middle,West Sylvan,Spanish Immersion,School's own neighborhood,own_neighborhood,72,117
2024-25,Middle,West Sylvan,Spanish Immersion,Cleveland,high_school_area,0,117
2024-25,Middle,West Sylvan,Spanish Immersion,Franklin,high_school_area,1,117
2024-25,Middle,West Sylvan,Spanish Immersion,Grant,high_school_area,0,117
2024-25,Middle,West Sylvan,Spanish Immersion,Ida B. Wells-Barnett,high_school_area,39,117
2024-25,Middle,West Sylvan,Spanish Immersion,Jefferson/Grant,high_school_area,1,117
2024-25,Middle,West Sylvan,Spanish Immersion,Jefferson/McDaniel,high_school_area,0,117
2024-25,Middle,West Sylvan,Spanish Immersion,Jefferson/Roosevelt,high_school_area,1,117
2024-25,Middle,West Sylvan,Spanish Immersion,Lincoln,high_school_area,1,117
2024-25,Middle,West Sylvan,Spanish Immersion,McDaniel,high_school_area,1,117
2024-25,Middle,West Sylvan,Spanish Immersion,Roosevelt,high_school_area,0,117
2024-25,Middle,West Sylvan,Spanish Immersion,Out of District/Undetermined,other,1,117
2024-25,High,Benson,,School's own neighborhood,own_neighborhood,0,896
2024-25,High,Benson,,Cleveland,high_school_area,203,896
2024-25,High,Benson,,Franklin,high_school_area,173,896
2024-25,High,Benson,,Grant,high_school_area,25,896
2024-25,High,Benson,,Ida B. Wells-Barnett,high_school_area,27,896
2024-25,High,Benson,,Jefferson/Grant,high_school_area,59,896
2024-25,High,Benson,,Jefferson/McDaniel,high_school_area,37,896
2024-25,High,Benson,,Jefferson/Roosevelt,high_school_area,127,896
2024-25,High,Benson,,Lincoln,high_school_area,15,896
2024-25,High,Benson,,McDaniel,high_school_area,108,896
2024-25,High,Benson,,Roosevelt,high_school_area,56,896
2024-25,High,Benson,,Out of District/Undetermined,other,66,896
2024-25,High,Cleveland,Mandarin Immersion,School's own neighborhood,own_neighborhood,82,131
2024-25,High,Cleveland,Mandarin Immersion,Cleveland,high_school_area,0,131
2024-25,High,Cleveland,Mandarin Immersion,Franklin,high_school_area,33,131
2024-25,High,Cleveland,Mandarin Immersion,Grant,high_school_area,0,131
2024-25,High,Cleveland,Mandarin Immersion,Ida B. Wells-Barnett,high_school_area,2,131
2024-25,High,Cleveland,Mandarin Immersion,Jefferson/Grant,high_school_area,2,131
2024-25,High,Cleveland,Mandarin Immersion,Jefferson/McDaniel,high_school_area,0,131
2024-25,High,Cleveland,Mandarin Immersion,Jefferson/Roosevelt,high_school_area,1,131
2024-25,High,Cleveland,Mandarin Immersion,Lincoln,high_school_area,0,131
2024-25,High,Cleveland,Mandarin Immersion,McDaniel,high_school_area,6,131
2024-25,High,Cleveland,Mandarin Immersion,Roosevelt,high_school_area,0,131
2024-25,High,Cleveland,Mandarin Immersion,Out of District/Undetermined,other,5,131
2024-25,High,Cleveland,Neighborhood Program,School's own neighborhood,own_neighborhood,1222,1291
2024-25,High,Cleveland,Neighborhood Program,Cleveland,high_school_area,0,1291
2024-25,High,Cleveland,Neighborhood Program,Franklin,high_school_area,34,1291
2024-25,High,Cleveland,Neighborhood Program,Grant,high_school_area,0,1291
2024-25,High,Cleveland,Neighborhood Program,Ida B. Wells-Barnett,high_school_area,0,1291
2024-25,High,Cleveland,Neighborhood Program,Jefferson/Grant,high_school_area,3,1291
2024-25,High,Cleveland,Neighborhood Program,Jefferson/McDaniel,high_school_area,2,1291
2024-25,High,Cleveland,Neighborhood Program,Jefferson/Roosevelt,high_school_area,2,1291
2024-25,High,Cleveland,Neighborhood Program,Lincoln,high_school_area,2,1291
2024-25,High,Cleveland,Neighborhood Program,McDaniel,high_school_area,6,1291
2024-25,High,Cleveland,Neighborhood Program,Roosevelt,high_school_area,1,1291
2024-25,High,Cleveland,Neighborhood Program,Out of District/Undetermined,other,19,1291
2024-25,High,Franklin,Neighborhood Program,School's own neighborhood,own_neighborhood,1507,1612
2024-25,High,Franklin,Neighborhood Program,Cleveland,high_school_area,41,1612
2024-25,High,Franklin,Neighborhood Program,Franklin,high_school_area,0,1612
2024-25,High,Franklin,Neighborhood Program,Grant,high_school_area,4,1612
2024-25,High,Franklin,Neighborhood Program,Ida B. Wells-Barnett,high_school_area,1,1612
2024-25,High,Franklin,Neighborhood Program,Jefferson/Grant,high_school_area,1,1612
2024-25,High,Franklin,Neighborhood Program,Jefferson/McDaniel,high_school_area,0,1612
2024-25,High,Franklin,Neighborhood Program,Jefferson/Roosevelt,high_school_area,1,1612
2024-25,High,Franklin,Neighborhood Program,Lincoln,high_school_area,0,1612
2024-25,High,Franklin,Neighborhood Program,McDaniel,high_school_area,14,1612
2024-25,High,Franklin,Neighborhood Program,Roosevelt,high_school_area,2,1612
2024-25,High,Franklin,Neighborhood Program,Out of District/Undetermined,other,41,1612
2024-25,High,Franklin,Russian Immersion,School's own neighborhood,own_neighborhood,12,36
2024-25,High,Franklin,Russian Immersion,Cleveland,high_school_area,1,36
2024-25,High,Franklin,Russian Immersion,Franklin,high_school_area,0,36
2024-25,High,Franklin,Russian Immersion,Grant,high_school_area,0,36
2024-25,High,Franklin,Russian Immersion,Ida B. Wells-Barnett,high_school_area,0,36
2024-25,High,Franklin,Russian Immersion,Jefferson/Grant,high_school_area,1,36
2024-25,High,Franklin,Russian Immersion,Jefferson/McDaniel,high_school_area,0,36
2024-25,High,Franklin,Russian Immersion,Jefferson/Roosevelt,high_school_area,0,36
2024-25,High,Franklin,Russian Immersion,Lincoln,high_school_area,0,36
2024-25,High,Franklin,Russian Immersion,McDaniel,high_school_area,1,36
2024-25,High,Franklin,Russian Immersion,Roosevelt,high_school_area,0,36
2024-25,High,Franklin,Russian Immersion,Out of District/Undetermined,other,21,36
2024-25,High,Franklin,Spanish Immersion,School's own neighborhood,own_neighborhood,137,161
2024-25,High,Franklin,Spanish Immersion,Cleveland,high_school_area,16,161
2024-25,High,Franklin,Spanish Immersion,Franklin,high_school_area,0,161
2024-25,High,Franklin,Spanish Immersion,Grant,high_school_area,0,161
2024-25,High,Franklin,Spanish Immersion,Ida B. Wells-Barnett,high_school_area,0,161
2024-25,High,Franklin,Spanish Immersion,Jefferson/Grant,high_school_area,0,161
2024-25,High,Franklin,Spanish Immersion,Jefferson/McDaniel,high_school_area,0,161
2024-25,High,Franklin,Spanish Immersion,Jefferson/Roosevelt,high_school_area,0,161
2024-25,High,Franklin,Spanish Immersion,Lincoln,high_school_area,0,161
2024-25,High,Franklin,Spanish Immersion,McDaniel,high_school_area,1,161
2024-25,High,Franklin,Spanish Immersion,Roosevelt,high_school_area,0,161
2024-25,High,Franklin,Spanish Immersion,Out of District/Undetermined,other,7,161
2024-25,High,Grant,Japanese Immersion,School's own neighborhood,own_neighborhood,30,274
2024-25,High,Grant,Japanese Immersion,Cleveland,high_school_area,50,274
2024-25,High,Grant,Japanese Immersion,Franklin,high_school_area,80,274
2024-25,High,Grant,Japanese Immersion,Grant,high_school_area,0,274
2024-25,High,Grant,Japanese Immersion,Ida B. Wells-Barnett,high_school_area,10,274
2024-25,High,Grant,Japanese Immersion,Jefferson/Grant,high_school_area,15,274
2024-25,High,Grant,Japanese Immersion,Jefferson/McDaniel,high_school_area,14,274
2024-25,High,Grant,Japanese Immersion,Jefferson/Roosevelt,high_school_area,14,274
2024-25,High,Grant,Japanese Immersion,Lincoln,high_school_area,2,274
2024-25,High,Grant,Japanese Immersion,McDaniel,high_school_area,43,274
2024-25,High,Grant,Japanese Immersion,Roosevelt,high_school_area,6,274
2024-25,High,Grant,Japanese Immersion,Out of District/Undetermined,other,10,274
2024-25,High,Grant,Neighborhood Program,School's own neighborhood,own_neighborhood,1053,1875
2024-25,High,Grant,Neighborhood Program,Cleveland,high_school_area,14,1875
2024-25,High,Grant,Neighborhood Program,Franklin,high_school_area,28,1875
2024-25,High,Grant,Neighborhood Program,Grant,high_school_area,0,1875
2024-25,High,Grant,Neighborhood Program,Ida B. Wells-Barnett,high_school_area,2,1875
2024-25,High,Grant,Neighborhood Program,Jefferson/Grant,high_school_area,684,1875
2024-25,High,Grant,Neighborhood Program,Jefferson/McDaniel,high_school_area,21,1875
2024-25,High,Grant,Neighborhood Program,Jefferson/Roosevelt,high_school_area,23,1875
2024-25,High,Grant,Neighborhood Program,Lincoln,high_school_area,3,1875
2024-25,High,Grant,Neighborhood Program,McDaniel,high_school_area,30,1875
2024-25,High,Grant,Neighborhood Program,Roosevelt,high_school_area,1,1875
2024-25,High,Grant,Neighborhood Program,Out of District/Undetermined,other,16,1875
2024-25,High,Ida B. Wells-Barnett,,School's own neighborhood,own_neighborhood,1593,1650
2024-25,High,Ida B. Wells-Barnett,,Cleveland,high_school_area,5,1650
2024-25,High,Ida B. Wells-Barnett,,Franklin,high_school_area,2,1650
2024-25,High,Ida B. Wells-Barnett,,Grant,high_school_area,1,1650
2024-25,High,Ida B. Wells-Barnett,,Ida B. Wells-Barnett,high_school_area,0,1650
2024-25,High,Ida B. Wells-Barnett,,Jefferson/Grant,high_school_area,1,1650
2024-25,High,Ida B. Wells-Barnett,,Jefferson/McDaniel,high_school_area,0,1650
2024-25,High,Ida B. Wells-Barnett,,Jefferson/Roosevelt,high_school_area,1,1650
2024-25,High,Ida B. Wells-Barnett,,Lincoln,high_school_area,17,1650
2024-25,High,Ida B. Wells-Barnett,,McDaniel,high_school_area,3,1650
2024-25,High,Ida B. Wells-Barnett,,Roosevelt,high_school_area,0,1650
2024-25,High,Ida B. Wells-Barnett,,Out of District/Undetermined,other,27,1650
2024-25,High,Jefferson,Mandarin Immersion,School's own neighborhood,own_neighborhood,8,13
2024-25,High,Jefferson,Mandarin Immersion,Cleveland,high_school_area,0,13
2024-25,High,Jefferson,Mandarin Immersion,Franklin,high_school_area,0,13
2024-25,High,Jefferson,Mandarin Immersion,Grant,high_school_area,0,13
2024-25,High,Jefferson,Mandarin Immersion,Ida B. Wells-Barnett,high_school_area,0,13
2024-25,High,Jefferson,Mandarin Immersion,Jefferson/Grant,high_school_area,0,13
2024-25,High,Jefferson,Mandarin Immersion,Jefferson/McDaniel,high_school_area,0,13
2024-25,High,Jefferson,Mandarin Immersion,Jefferson/Roosevelt,high_school_area,0,13
2024-25,High,Jefferson,Mandarin Immersion,Lincoln,high_school_area,0,13
2024-25,High,Jefferson,Mandarin Immersion,McDaniel,high_school_area,1,13
2024-25,High,Jefferson,Mandarin Immersion,Roosevelt,high_school_area,3,13
2024-25,High,Jefferson,Mandarin Immersion,Out of District/Undetermined,other,1,13
2024-25,High,Jefferson,Neighborhood Program,School's own neighborhood,own_neighborhood,373,446
2024-25,High,Jefferson,Neighborhood Program,Cleveland,high_school_area,2,446
2024-25,High,Jefferson,Neighborhood Program,Franklin,high_school_area,5,446
2024-25,High,Jefferson,Neighborhood Program,Grant,high_school_area,2,446
2024-25,High,Jefferson,Neighborhood Program,Ida B. Wells-Barnett,high_school_area,2,446
2024-25,High,Jefferson,Neighborhood Program,Jefferson/Grant,high_school_area,0,446
2024-25,High,Jefferson,Neighborhood Program,Jefferson/McDaniel,high_school_area,0,446
2024-25,High,Jefferson,Neighborhood Program,Jefferson/Roosevelt,high_school_area,0,446
2024-25,High,Jefferson,Neighborhood Program,Lincoln,high_school_area,5,446
2024-25,High,Jefferson,Neighborhood Program,McDaniel,high_school_area,13,446
2024-25,High,Jefferson,Neighborhood Program,Roosevelt,high_school_area,25,446
2024-25,High,Jefferson,Neighborhood Program,Out of District/Undetermined,other,19,446
2024-25,High,Lincoln,Neighborhood Program,School's own neighborhood,own_neighborhood,1257,1429
2024-25,High,Lincoln,Neighborhood Program,Cleveland,high_school_area,9,1429
2024-25,High,Lincoln,Neighborhood Program,Franklin,high_school_area,9,1429
2024-25,High,Lincoln,Neighborhood Program,Grant,high_school_area,8,1429
2024-25,High,Lincoln,Neighborhood Program,Ida B. Wells-Barnett,high_school_area,46,1429
2024-25,High,Lincoln,Neighborhood Program,Jefferson/Grant,high_school_area,17,1429
2024-25,High,Lincoln,Neighborhood Program,Jefferson/McDaniel,high_school_area,2,1429
2024-25,High,Lincoln,Neighborhood Program,Jefferson/Roosevelt,high_school_area,15,1429
2024-25,High,Lincoln,Neighborhood Program,Lincoln,high_school_area,0,1429
2024-25,High,Lincoln,Neighborhood Program,McDaniel,high_school_area,5,1429
2024-25,High,Lincoln,Neighborhood Program,Roosevelt,high_school_area,10,1429
2024-25,High,Lincoln,Neighborhood Program,Out of District/Undetermined,other,51,1429
2024-25,High,Lincoln,Spanish Immersion,School's own neighborhood,own_neighborhood,116,185
2024-25,High,Lincoln,Spanish Immersion,Cleveland,high_school_area,0,185
2024-25,High,Lincoln,Spanish Immersion,Franklin,high_school_area,2,185
2024-25,High,Lincoln,Spanish Immersion,Grant,high_school_area,1,185
2024-25,High,Lincoln,Spanish Immersion,Ida B. Wells-Barnett,high_school_area,58,185
2024-25,High,Lincoln,Spanish Immersion,Jefferson/Grant,high_school_area,1,185
2024-25,High,Lincoln,Spanish Immersion,Jefferson/McDaniel,high_school_area,0,185
2024-25,High,Lincoln,Spanish Immersion,Jefferson/Roosevelt,high_school_area,3,185
2024-25,High,Lincoln,Spanish Immersion,Lincoln,high_school_area,0,185
2024-25,High,Lincoln,Spanish Immersion,McDaniel,high_school_area,0,185
2024-25,High,Lincoln,Spanish Immersion,Roosevelt,high_school_area,1,185
2024-25,High,Lincoln,Spanish Immersion,Out of District/Undetermined,other,3,185
2024-25,High,McDaniel,Neighborhood Program,School's own neighborhood,own_neighborhood,1030,1375
2024-25,High,McDaniel,Neighborhood Program,Cleveland,high_school_area,10,1375
2024-25,High,McDaniel,Neighborhood Program,Franklin,high_school_area,39,1375
2024-25,High,McDaniel,Neighborhood Program,Grant,high_school_area,6,1375
2024-25,High,McDaniel,Neighborhood Program,Ida B. Wells-Barnett,high_school_area,2,1375
2024-25,High,McDaniel,Neighborhood Program,Jefferson/Grant,high_school_area,12,1375
2024-25,High,McDaniel,Neighborhood Program,Jefferson/McDaniel,high_school_area,189,1375
2024-25,High,McDaniel,Neighborhood Program,Jefferson/Roosevelt,high_school_area,18,1375
2024-25,High,McDaniel,Neighborhood Program,Lincoln,high_school_area,0,1375
2024-25,High,McDaniel,Neighborhood Program,McDaniel,high_school_area,0,1375
2024-25,High,McDaniel,Neighborhood Program,Roosevelt,high_school_area,7,1375
2024-25,High,McDaniel,Neighborhood Program,Out of District/Undetermined,other,62,1375
2024-25,High,McDaniel,Portland International Scholars,School's own neighborhood,own_neighborhood,70,97
2024-25,High,McDaniel,Portland International Scholars,Cleveland,high_school_area,1,97
2024-25,High,McDaniel,Portland International Scholars,Franklin,high_school_area,7,97
2024-25,High,McDaniel,Portland International Scholars,Grant,high_school_area,1,97
2024-25,High,McDaniel,Portland International Scholars,Ida B. Wells-Barnett,high_school_area,0,97
2024-25,High,McDaniel,Portland International Scholars,Jefferson/Grant,high_school_area,3,97
2024-25,High,McDaniel,Portland International Scholars,Jefferson/McDaniel,high_school_area,4,97
2024-25,High,McDaniel,Portland International Scholars,Jefferson/Roosevelt,high_school_area,2,97
2024-25,High,McDaniel,Portland International Scholars,Lincoln,high_school_area,1,97
2024-25,High,McDaniel,Portland International Scholars,McDaniel,high_school_area,0,97
2024-25,High,McDaniel,Portland International Scholars,Roosevelt,high_school_area,0,97
2024-25,High,McDaniel,Portland International Scholars,Out of District/Undetermined,other,8,97
2024-25,High,McDaniel,Spanish Immersion,School's own neighborhood,own_neighborhood,184,214
2024-25,High,McDaniel,Spanish Immersion,Cleveland,high_school_area,0,214
2024-25,High,McDaniel,Spanish Immersion,Franklin,high_school_area,5,214
2024-25,High,McDaniel,Spanish Immersion,Grant,high_school_area,1,214
2024-25,High,McDaniel,Spanish Immersion,Ida B. Wells-Barnett,high_school_area,0,214
2024-25,High,McDaniel,Spanish Immersion,Jefferson/Grant,high_school_area,2,214
2024-25,High,McDaniel,Spanish Immersion,Jefferson/McDaniel,high_school_area,4,214
2024-25,High,McDaniel,Spanish Immersion,Jefferson/Roosevelt,high_school_area,1,214
2024-25,High,McDaniel,Spanish Immersion,Lincoln,high_school_area,0,214
2024-25,High,McDaniel,Spanish Immersion,McDaniel,high_school_area,0,214
2024-25,High,McDaniel,Spanish Immersion,Roosevelt,high_school_area,1,214
2024-25,High,McDaniel,Spanish Immersion,Out of District/Undetermined,other,16,214
2024-25,High,Roosevelt,Neighborhood Program,School's own neighborhood,own_neighborhood,693,1110
2024-25,High,Roosevelt,Neighborhood Program,Cleveland,high_school_area,0,1110
2024-25,High,Roosevelt,Neighborhood Program,Franklin,high_school_area,1,1110
2024-25,High,Roosevelt,Neighborhood Program,Grant,high_school_area,2,1110
2024-25,High,Roosevelt,Neighborhood Program,Ida B. Wells-Barnett,high_school_area,0,1110
2024-25,High,Roosevelt,Neighborhood Program,Jefferson/Grant,high_school_area,3,1110
2024-25,High,Roosevelt,Neighborhood Program,Jefferson/McDaniel,high_school_area,1,1110
2024-25,High,Roosevelt,Neighborhood Program,Jefferson/Roosevelt,high_school_area,383,1110
2024-25,High,Roosevelt,Neighborhood Program,Lincoln,high_school_area,4,1110
2024-25,High,Roosevelt,Neighborhood Program,McDaniel,high_school_area,6,1110
2024-25,High,Roosevelt,Neighborhood Program,Roosevelt,high_school_area,0,1110
2024-25,High,Roosevelt,Neighborhood Program,Out of District/Undetermined,other,17,1110
2024-25,High,Roosevelt,Portland International Scholars,School's own neighborhood,own_neighborhood,36,47
2024-25,High,Roosevelt,Portland International Scholars,Cleveland,high_school_area,0,47
2024-25,High,Roosevelt,Portland International Scholars,Franklin,high_school_area,0,47
2024-25,High,Roosevelt,Portland International Scholars,Grant,high_school_area,0,47
2024-25,High,Roosevelt,Portland International Scholars,Ida B. Wells-Barnett,high_school_area,0,47
2024-25,High,Roosevelt,Portland International Scholars,Jefferson/Grant,high_school_area,0,47
2024-25,High,Roosevelt,Portland International Scholars,Jefferson/McDaniel,high_school_area,1,47
2024-25,High,Roosevelt,Portland International Scholars,Jefferson/Roosevelt,high_school_area,7,47
2024-25,High,Roosevelt,Portland International Scholars,Lincoln,high_school_area,0,47
2024-25,High,Roosevelt,Portland International Scholars,McDaniel,high_school_area,1,47
2024-25,High,Roosevelt,Portland International Scholars,Roosevelt,high_school_area,0,47
2024-25,High,Roosevelt,Portland International Scholars,Out of District/Undetermined,other,2,47
2024-25,High,Roosevelt,Spanish Immersion,School's own neighborhood,own_neighborhood,211,295
2024-25,High,Roosevelt,Spanish Immersion,Cleveland,high_school_area,0,295
2024-25,High,Roosevelt,Spanish Immersion,Franklin,high_school_area,0,295
2024-25,High,Roosevelt,Spanish Immersion,Grant,high_school_area,0,295
2024-25,High,Roosevelt,Spanish Immersion,Ida B. Wells-Barnett,high_school_area,0,295
2024-25,High,Roosevelt,Spanish Immersion,Jefferson/Grant,high_school_area,6,295
2024-25,High,Roosevelt,Spanish Immersion,Jefferson/McDaniel,high_school_area,4,295
2024-25,High,Roosevelt,Spanish Immersion,Jefferson/Roosevelt,high_school_area,72,295
2024-25,High,Roosevelt,Spanish Immersion,Lincoln,high_school_area,0,295
2024-25,High,Roosevelt,Spanish Immersion,McDaniel,high_school_area,1,295
2024-25,High,Roosevelt,Spanish Immersion,Roosevelt,high_school_area,0,295
2024-25,High,Roosevelt,Spanish Immersion,Out of District/Undetermined,other,1,295
2024-25,Alternative,ACCESS,,School's own neighborhood,own_neighborhood,0,323
2024-25,Alternative,ACCESS,,Cleveland,high_school_area,51,323
2024-25,Alternative,ACCESS,,Franklin,high_school_area,50,323
2024-25,Alternative,ACCESS,,Grant,high_school_area,38,323
2024-25,Alternative,ACCESS,,Ida B. Wells-Barnett,high_school_area,56,323
2024-25,Alternative,ACCESS,,Jefferson/Grant,high_school_area,30,323
2024-25,Alternative,ACCESS,,Jefferson/McDaniel,high_school_area,7,323
2024-25,Alternative,ACCESS,,Jefferson/Roosevelt,high_school_area,17,323
2024-25,Alternative,ACCESS,,Lincoln,high_school_area,27,323
2024-25,Alternative,ACCESS,,McDaniel,high_school_area,26,323
2024-25,Alternative,ACCESS,,Roosevelt,high_school_area,14,323
2024-25,Alternative,ACCESS,,Out of District/Undetermined,other,7,323
2024-25,Alternative,Alliance,Alliance H.S.,School's own neighborhood,own_neighborhood,0,201
2024-25,Alternative,Alliance,Alliance H.S.,Cleveland,high_school_area,18,201
2024-25,Alternative,Alliance,Alliance H.S.,Franklin,high_school_area,25,201
2024-25,Alternative,Alliance,Alliance H.S.,Grant,high_school_area,19,201
2024-25,Alternative,Alliance,Alliance H.S.,Ida B. Wells-Barnett,high_school_area,10,201
2024-25,Alternative,Alliance,Alliance H.S.,Jefferson/Grant,high_school_area,20,201
2024-25,Alternative,Alliance,Alliance H.S.,Jefferson/McDaniel,high_school_area,8,201
2024-25,Alternative,Alliance,Alliance H.S.,Jefferson/Roosevelt,high_school_area,23,201
2024-25,Alternative,Alliance,Alliance H.S.,Lincoln,high_school_area,10,201
2024-25,Alternative,Alliance,Alliance H.S.,McDaniel,high_school_area,39,201
2024-25,Alternative,Alliance,Alliance H.S.,Roosevelt,high_school_area,24,201
2024-25,Alternative,Alliance,Alliance H.S.,Out of District/Undetermined,other,5,201
2024-25,Alternative,Metro. Learning Center,,School's own neighborhood,own_neighborhood,0,319
2024-25,Alternative,Metro. Learning Center,,Cleveland,high_school_area,22,319
2024-25,Alternative,Metro. Learning Center,,Franklin,high_school_area,10,319
2024-25,Alternative,Metro. Learning Center,,Grant,high_school_area,14,319
2024-25,Alternative,Metro. Learning Center,,Ida B. Wells-Barnett,high_school_area,41,319
2024-25,Alternative,Metro. Learning Center,,Jefferson/Grant,high_school_area,29,319
2024-25,Alternative,Metro. Learning Center,,Jefferson/McDaniel,high_school_area,13,319
2024-25,Alternative,Metro. Learning Center,,Jefferson/Roosevelt,high_school_area,72,319
2024-25,Alternative,Metro. Learning Center,,Lincoln,high_school_area,62,319
2024-25,Alternative,Metro. Learning Center,,McDaniel,high_school_area,14,319
2024-25,Alternative,Metro. Learning Center,,Roosevelt,high_school_area,34,319
2024-25,Alternative,Metro. Learning Center,,Out of District/Undetermined,other,8,319
2024-25,CBO,Mt Scott Learning Center,,School's own neighborhood,own_neighborhood,0,100
2024-25,CBO,Mt Scott Learning Center,,Cleveland,high_school_area,21,100
2024-25,CBO,Mt Scott Learning Center,,Franklin,high_school_area,44,100
2024-25,CBO,Mt Scott Learning Center,,Grant,high_school_area,3,100
2024-25,CBO,Mt Scott Learning Center,,Ida B. Wells-Barnett,high_school_area,4,100
2024-25,CBO,Mt Scott Learning Center,,Jefferson/Grant,high_school_area,3,100
2024-25,CBO,Mt Scott Learning Center,,Jefferson/McDaniel,high_school_area,1,100
2024-25,CBO,Mt Scott Learning Center,,Jefferson/Roosevelt,high_school_area,1,100
2024-25,CBO,Mt Scott Learning Center,,Lincoln,high_school_area,1,100
2024-25,CBO,Mt Scott Learning Center,,McDaniel,high_school_area,10,100
2024-25,CBO,Mt Scott Learning Center,,Roosevelt,high_school_area,0,100
2024-25,CBO,Mt Scott Learning Center,,Out of District/Undetermined,other,12,100
2024-25,CBO,NAYA Many Nations Academy,,School's own neighborhood,own_neighborhood,0,50
2024-25,CBO,NAYA Many Nations Academy,,Cleveland,high_school_area,2,50
2024-25,CBO,NAYA Many Nations Academy,,Franklin,high_school_area,4,50
2024-25,CBO,NAYA Many Nations Academy,,Grant,high_school_area,1,50
2024-25,CBO,NAYA Many Nations Academy,,Ida B. Wells-Barnett,high_school_area,0,50
2024-25,CBO,NAYA Many Nations Academy,,Jefferson/Grant,high_school_area,6,50
2024-25,CBO,NAYA Many Nations Academy,,Jefferson/McDaniel,high_school_area,5,50
2024-25,CBO,NAYA Many Nations Academy,,Jefferson/Roosevelt,high_school_area,6,50
2024-25,CBO,NAYA Many Nations Academy,,Lincoln,high_school_area,3,50
2024-25,CBO,NAYA Many Nations Academy,,McDaniel,high_school_area,14,50
2024-25,CBO,NAYA Many Nations Academy,,Roosevelt,high_school_area,3,50
2024-25,CBO,NAYA Many Nations Academy,,Out of District/Undetermined,other,6,50
2024-25,CBO,PCC,P.C.C. H.S. Completion,School's own neighborhood,own_neighborhood,0,167
2024-25,CBO,PCC,P.C.C. H.S. Completion,Cleveland,high_school_area,27,167
2024-25,CBO,PCC,P.C.C. H.S. Completion,Franklin,high_school_area,33,167
2024-25,CBO,PCC,P.C.C. H.S. Completion,Grant,high_school_area,12,167
2024-25,CBO,PCC,P.C.C. H.S. Completion,Ida B. Wells-Barnett,high_school_area,27,167
2024-25,CBO,PCC,P.C.C. H.S. Completion,Jefferson/Grant,high_school_area,9,167
2024-25,CBO,PCC,P.C.C. H.S. Completion,Jefferson/McDaniel,high_school_area,2,167
2024-25,CBO,PCC,P.C.C. H.S. Completion,Jefferson/Roosevelt,high_school_area,5,167
2024-25,CBO,PCC,P.C.C. H.S. Completion,Lincoln,high_school_area,16,167
2024-25,CBO,PCC,P.C.C. H.S. Completion,McDaniel,high_school_area,20,167
2024-25,CBO,PCC,P.C.C. H.S. Completion,Roosevelt,high_school_area,13,167
2024-25,CBO,PCC,P.C.C. H.S. Completion,Out of District/Undetermined,other,3,167
2024-25,CBO,PCC,P.C.C. YES!,School's own neighborhood,own_neighborhood,0,219
2024-25,CBO,PCC,P.C.C. YES!,Cleveland,high_school_area,23,219
2024-25,CBO,PCC,P.C.C. YES!,Franklin,high_school_area,32,219
2024-25,CBO,PCC,P.C.C. YES!,Grant,high_school_area,5,219
2024-25,CBO,PCC,P.C.C. YES!,Ida B. Wells-Barnett,high_school_area,15,219
2024-25,CBO,PCC,P.C.C. YES!,Jefferson/Grant,high_school_area,12,219
2024-25,CBO,PCC,P.C.C. YES!,Jefferson/McDaniel,high_school_area,8,219
2024-25,CBO,PCC,P.C.C. YES!,Jefferson/Roosevelt,high_school_area,25,219
2024-25,CBO,PCC,P.C.C. YES!,Lincoln,high_school_area,19,219
2024-25,CBO,PCC,P.C.C. YES!,McDaniel,high_school_area,31,219
2024-25,CBO,PCC,P.C.C. YES!,Roosevelt,high_school_area,38,219
2024-25,CBO,PCC,P.C.C. YES!,Out of District/Undetermined,other,11,219
2024-25,CBO,Rosemary Anderson,,School's own neighborhood,own_neighborhood,0,245
2024-25,CBO,Rosemary Anderson,,Cleveland,high_school_area,18,245
2024-25,CBO,Rosemary Anderson,,Franklin,high_school_area,34,245
2024-25,CBO,Rosemary Anderson,,Grant,high_school_area,1,245
2024-25,CBO,Rosemary Anderson,,Ida B. Wells-Barnett,high_school_area,5,245
2024-25,CBO,Rosemary Anderson,,Jefferson/Grant,high_school_area,28,245
2024-25,CBO,Rosemary Anderson,,Jefferson/McDaniel,high_school_area,8,245
2024-25,CBO,Rosemary Anderson,,Jefferson/Roosevelt,high_school_area,35,245
2024-25,CBO,Rosemary Anderson,,Lincoln,high_school_area,2,245
2024-25,CBO,Rosemary Anderson,,McDaniel,high_school_area,27,245
2024-25,CBO,Rosemary Anderson,,Roosevelt,high_school_area,73,245
2024-25,CBO,Rosemary Anderson,,Out of District/Undetermined,other,14,245
2024-25,CBO,Youth Builders,,School's own neighborhood,own_neighborhood,0,9
2024-25,CBO,Youth Builders,,Cleveland,high_school_area,3,9
2024-25,CBO,Youth Builders,,Franklin,high_school_area,4,9
2024-25,CBO,Youth Builders,,Grant,high_school_area,0,9
2024-25,CBO,Youth Builders,,Ida B. Wells-Barnett,high_school_area,0,9
2024-25,CBO,Youth Builders,,Jefferson/Grant,high_school_area,0,9
2024-25,CBO,Youth Builders,,Jefferson/McDaniel,high_school_area,0,9
2024-25,CBO,Youth Builders,,Jefferson/Roosevelt,high_school_area,0,9
2024-25,CBO,Youth Builders,,Lincoln,high_school_area,0,9
2024-25,CBO,Youth Builders,,McDaniel,high_school_area,2,9
2024-25,CBO,Youth Builders,,Roosevelt,high_school_area,0,9
2024-25,CBO,Youth Builders,,Out of District/Undetermined,other,0,9
2024-25,CBO,Youth Progress Association,,School's own neighborhood,own_neighborhood,0,4
2024-25,CBO,Youth Progress Association,,Cleveland,high_school_area,3,4
2024-25,CBO,Youth Progress Association,,Franklin,high_school_area,0,4
2024-25,CBO,Youth Progress Association,,Grant,high_school_area,0,4
2024-25,CBO,Youth Progress Association,,Ida B. Wells-Barnett,high_school_area,0,4
2024-25,CBO,Youth Progress Association,,Jefferson/Grant,high_school_area,0,4
2024-25,CBO,Youth Progress Association,,Jefferson/McDaniel,high_school_area,0,4
2024-25,CBO,Youth Progress Association,,Jefferson/Roosevelt,high_school_area,0,4
2024-25,CBO,Youth Progress Association,,Lincoln,high_school_area,0,4
2024-25,CBO,Youth Progress Association,,McDaniel,high_school_area,0,4
2024-25,CBO,Youth Progress Association,,Roosevelt,high_school_area,0,4
2024-25,CBO,Youth Progress Association,,Out of District/Undetermined,other,1,4
2024-25,Special Services,CTC Northeast,,School's own neighborhood,own_neighborhood,0,48
2024-25,Special Services,CTC Northeast,,Cleveland,high_school_area,0,48
2024-25,Special Services,CTC Northeast,,Franklin,high_school_area,0,48
2024-25,Special Services,CTC Northeast,,Grant,high_school_area,2,48
2024-25,Special Services,CTC Northeast,,Ida B. Wells-Barnett,high_school_area,1,48
2024-25,Special Services,CTC Northeast,,Jefferson/Grant,high_school_area,8,48
2024-25,Special Services,CTC Northeast,,Jefferson/McDaniel,high_school_area,4,48
2024-25,Special Services,CTC Northeast,,Jefferson/Roosevelt,high_school_area,7,48
2024-25,Special Services,CTC Northeast,,Lincoln,high_school_area,0,48
2024-25,Special Services,CTC Northeast,,McDaniel,high_school_area,6,48
2024-25,Special Services,CTC Northeast,,Roosevelt,high_school_area,18,48
2024-25,Special Services,CTC Northeast,,Out of District/Undetermined,other,2,48
2024-25,Special Services,CTC Southeast,,School's own neighborhood,own_neighborhood,0,92
2024-25,Special Services,CTC Southeast,,Cleveland,high_school_area,28,92
2024-25,Special Services,CTC Southeast,,Franklin,high_school_area,20,92
2024-25,Special Services,CTC Southeast,,Grant,high_school_area,6,92
2024-25,Special Services,CTC Southeast,,Ida B. Wells-Barnett,high_school_area,11,92
2024-25,Special Services,CTC Southeast,,Jefferson/Grant,high_school_area,3,92
2024-25,Special Services,CTC Southeast,,Jefferson/McDaniel,high_school_area,0,92
2024-25,Special Services,CTC Southeast,,Jefferson/Roosevelt,high_school_area,4,92
2024-25,Special Services,CTC Southeast,,Lincoln,high_school_area,4,92
2024-25,Special Services,CTC Southeast,,McDaniel,high_school_area,7,92
2024-25,Special Services,CTC Southeast,,Roosevelt,high_school_area,2,92
2024-25,Special Services,CTC Southeast,,Out of District/Undetermined,other,7,92
2024-25,Special Services,DART Programs,Counterpoint,School's own neighborhood,own_neighborhood,0,9
2024-25,Special Services,DART Programs,Counterpoint,Cleveland,high_school_area,0,9
2024-25,Special Services,DART Programs,Counterpoint,Franklin,high_school_area,0,9
2024-25,Special Services,DART Programs,Counterpoint,Grant,high_school_area,2,9
2024-25,Special Services,DART Programs,Counterpoint,Ida B. Wells-Barnett,high_school_area,0,9
2024-25,Special Services,DART Programs,Counterpoint,Jefferson/Grant,high_school_area,0,9
2024-25,Special Services,DART Programs,Counterpoint,Jefferson/McDaniel,high_school_area,0,9
2024-25,Special Services,DART Programs,Counterpoint,Jefferson/Roosevelt,high_school_area,0,9
2024-25,Special Services,DART Programs,Counterpoint,Lincoln,high_school_area,0,9
2024-25,Special Services,DART Programs,Counterpoint,McDaniel,high_school_area,1,9
2024-25,Special Services,DART Programs,Counterpoint,Roosevelt,high_school_area,0,9
2024-25,Special Services,DART Programs,Counterpoint,Out of District/Undetermined,other,6,9
2024-25,Special Services,DART Programs,Edwards,School's own neighborhood,own_neighborhood,0,10
2024-25,Special Services,DART Programs,Edwards,Cleveland,high_school_area,1,10
2024-25,Special Services,DART Programs,Edwards,Franklin,high_school_area,1,10
2024-25,Special Services,DART Programs,Edwards,Grant,high_school_area,2,10
2024-25,Special Services,DART Programs,Edwards,Ida B. Wells-Barnett,high_school_area,0,10
2024-25,Special Services,DART Programs,Edwards,Jefferson/Grant,high_school_area,0,10
2024-25,Special Services,DART Programs,Edwards,Jefferson/McDaniel,high_school_area,0,10
2024-25,Special Services,DART Programs,Edwards,Jefferson/Roosevelt,high_school_area,0,10
2024-25,Special Services,DART Programs,Edwards,Lincoln,high_school_area,1,10
2024-25,Special Services,DART Programs,Edwards,McDaniel,high_school_area,1,10
2024-25,Special Services,DART Programs,Edwards,Roosevelt,high_school_area,0,10
2024-25,Special Services,DART Programs,Edwards,Out of District/Undetermined,other,4,10
2024-25,Special Services,DART Programs,Kuumba School,School's own neighborhood,own_neighborhood,0,1
2024-25,Special Services,DART Programs,Kuumba School,Cleveland,high_school_area,0,1
2024-25,Special Services,DART Programs,Kuumba School,Franklin,high_school_area,0,1
2024-25,Special Services,DART Programs,Kuumba School,Grant,high_school_area,0,1
2024-25,Special Services,DART Programs,Kuumba School,Ida B. Wells-Barnett,high_school_area,0,1
2024-25,Special Services,DART Programs,Kuumba School,Jefferson/Grant,high_school_area,0,1
2024-25,Special Services,DART Programs,Kuumba School,Jefferson/McDaniel,high_school_area,0,1
2024-25,Special Services,DART Programs,Kuumba School,Jefferson/Roosevelt,high_school_area,0,1
2024-25,Special Services,DART Programs,Kuumba School,Lincoln,high_school_area,0,1
2024-25,Special Services,DART Programs,Kuumba School,McDaniel,high_school_area,1,1
2024-25,Special Services,DART Programs,Kuumba School,Roosevelt,high_school_area,0,1
2024-25,Special Services,DART Programs,Kuumba School,Out of District/Undetermined,other,0,1
2024-25,Special Services,DART Programs,SAGE,School's own neighborhood,own_neighborhood,0,11
2024-25,Special Services,DART Programs,SAGE,Cleveland,high_school_area,0,11
2024-25,Special Services,DART Programs,SAGE,Franklin,high_school_area,9,11
2024-25,Special Services,DART Programs,SAGE,Grant,high_school_area,0,11
2024-25,Special Services,DART Programs,SAGE,Ida B. Wells-Barnett,high_school_area,0,11
2024-25,Special Services,DART Programs,SAGE,Jefferson/Grant,high_school_area,0,11
2024-25,Special Services,DART Programs,SAGE,Jefferson/McDaniel,high_school_area,0,11
2024-25,Special Services,DART Programs,SAGE,Jefferson/Roosevelt,high_school_area,0,11
2024-25,Special Services,DART Programs,SAGE,Lincoln,high_school_area,1,11
2024-25,Special Services,DART Programs,SAGE,McDaniel,high_school_area,0,11
2024-25,Special Services,DART Programs,SAGE,Roosevelt,high_school_area,0,11
2024-25,Special Services,DART Programs,SAGE,Out of District/Undetermined,other,1,11
2024-25,Special Services,DART Programs,Souther School,School's own neighborhood,own_neighborhood,0,38
2024-25,Special Services,DART Programs,Souther School,Cleveland,high_school_area,34,38
2024-25,Special Services,DART Programs,Souther School,Franklin,high_school_area,0,38
2024-25,Special Services,DART Programs,Souther School,Grant,high_school_area,0,38
2024-25,Special Services,DART Programs,Souther School,Ida B. Wells-Barnett,high_school_area,0,38
2024-25,Special Services,DART Programs,Souther School,Jefferson/Grant,high_school_area,0,38
2024-25,Special Services,DART Programs,Souther School,Jefferson/McDaniel,high_school_area,0,38
2024-25,Special Services,DART Programs,Souther School,Jefferson/Roosevelt,high_school_area,0,38
2024-25,Special Services,DART Programs,Souther School,Lincoln,high_school_area,0,38
2024-25,Special Services,DART Programs,Souther School,McDaniel,high_school_area,0,38
2024-25,Special Services,DART Programs,Souther School,Roosevelt,high_school_area,0,38
2024-25,Special Services,DART Programs,Souther School,Out of District/Undetermined,other,4,38
2024-25,Special Services,PPS Pioneer Programs,Pioneer 5-8 Youngson,School's own neighborhood,own_neighborhood,0,25
2024-25,Special Services,PPS Pioneer Programs,Pioneer 5-8 Youngson,Cleveland,high_school_area,2,25
2024-25,Special Services,PPS Pioneer Programs,Pioneer 5-8 Youngson,Franklin,high_school_area,6,25
2024-25,Special Services,PPS Pioneer Programs,Pioneer 5-8 Youngson,Grant,high_school_area,1,25
2024-25,Special Services,PPS Pioneer Programs,Pioneer 5-8 Youngson,Ida B. Wells-Barnett,high_school_area,1,25
2024-25,Special Services,PPS Pioneer Programs,Pioneer 5-8 Youngson,Jefferson/Grant,high_school_area,1,25
2024-25,Special Services,PPS Pioneer Programs,Pioneer 5-8 Youngson,Jefferson/McDaniel,high_school_area,0,25
2024-25,Special Services,PPS Pioneer Programs,Pioneer 5-8 Youngson,Jefferson/Roosevelt,high_school_area,4,25
2024-25,Special Services,PPS Pioneer Programs,Pioneer 5-8 Youngson,Lincoln,high_school_area,1,25
2024-25,Special Services,PPS Pioneer Programs,Pioneer 5-8 Youngson,McDaniel,high_school_area,3,25
2024-25,Special Services,PPS Pioneer Programs,Pioneer 5-8 Youngson,Roosevelt,high_school_area,3,25
2024-25,Special Services,PPS Pioneer Programs,Pioneer 5-8 Youngson,Out of District/Undetermined,other,3,25
2024-25,Special Services,PPS Pioneer Programs,Pioneer H.S.,School's own neighborhood,own_neighborhood,0,25
2024-25,Special Services,PPS Pioneer Programs,Pioneer H.S.,Cleveland,high_school_area,4,25
2024-25,Special Services,PPS Pioneer Programs,Pioneer H.S.,Franklin,high_school_area,3,25
2024-25,Special Services,PPS Pioneer Programs,Pioneer H.S.,Grant,high_school_area,1,25
2024-25,Special Services,PPS Pioneer Programs,Pioneer H.S.,Ida B. Wells-Barnett,high_school_area,3,25
2024-25,Special Services,PPS Pioneer Programs,Pioneer H.S.,Jefferson/Grant,high_school_area,2,25
2024-25,Special Services,PPS Pioneer Programs,Pioneer H.S.,Jefferson/McDaniel,high_school_area,0,25
2024-25,Special Services,PPS Pioneer Programs,Pioneer H.S.,Jefferson/Roosevelt,high_school_area,4,25
2024-25,Special Services,PPS Pioneer Programs,Pioneer H.S.,Lincoln,high_school_area,2,25
2024-25,Special Services,PPS Pioneer Programs,Pioneer H.S.,McDaniel,high_school_area,1,25
2024-25,Special Services,PPS Pioneer Programs,Pioneer H.S.,Roosevelt,high_school_area,4,25
2024-25,Special Services,PPS Pioneer Programs,Pioneer H.S.,Out of District/Undetermined,other,1,25
2024-25,Special Services,PPS Pioneer Programs,Pioneer K-6 Holladay Center,School's own neighborhood,own_neighborhood,0,24
2024-25,Special Services,PPS Pioneer Programs,Pioneer K-6 Holladay Center,Cleveland,high_school_area,4,24
2024-25,Special Services,PPS Pioneer Programs,Pioneer K-6 Holladay Center,Franklin,high_school_area,2,24
2024-25,Special Services,PPS Pioneer Programs,Pioneer K-6 Holladay Center,Grant,high_school_area,0,24
2024-25,Special Services,PPS Pioneer Programs,Pioneer K-6 Holladay Center,Ida B. Wells-Barnett,high_school_area,1,24
2024-25,Special Services,PPS Pioneer Programs,Pioneer K-6 Holladay Center,Jefferson/Grant,high_school_area,0,24
2024-25,Special Services,PPS Pioneer Programs,Pioneer K-6 Holladay Center,Jefferson/McDaniel,high_school_area,2,24
2024-25,Special Services,PPS Pioneer Programs,Pioneer K-6 Holladay Center,Jefferson/Roosevelt,high_school_area,2,24
2024-25,Special Services,PPS Pioneer Programs,Pioneer K-6 Holladay Center,Lincoln,high_school_area,1,24
2024-25,Special Services,PPS Pioneer Programs,Pioneer K-6 Holladay Center,McDaniel,high_school_area,7,24
2024-25,Special Services,PPS Pioneer Programs,Pioneer K-6 Holladay Center,Roosevelt,high_school_area,2,24
2024-25,Special Services,PPS Pioneer Programs,Pioneer K-6 Holladay Center,Out of District/Undetermined,other,3,24
2024-25,Special Services,Providence Hospital,,School's own neighborhood,own_neighborhood,0,12
2024-25,Special Services,Providence Hospital,,Cleveland,high_school_area,0,12
2024-25,Special Services,Providence Hospital,,Franklin,high_school_area,0,12
2024-25,Special Services,Providence Hospital,,Grant,high_school_area,12,12
2024-25,Special Services,Providence Hospital,,Ida B. Wells-Barnett,high_school_area,0,12
2024-25,Special Services,Providence Hospital,,Jefferson/Grant,high_school_area,0,12
2024-25,Special Services,Providence Hospital,,Jefferson/McDaniel,high_school_area,0,12
2024-25,Special Services,Providence Hospital,,Jefferson/Roosevelt,high_school_area,0,12
2024-25,Special Services,Providence Hospital,,Lincoln,high_school_area,0,12
2024-25,Special Services,Providence Hospital,,McDaniel,high_school_area,0,12
2024-25,Special Services,Providence Hospital,,Roosevelt,high_school_area,0,12
2024-25,Special Services,Providence Hospital,,Out of District/Undetermined,other,0,12
2024-25,Special Services,Serendipity,,School's own neighborhood,own_neighborhood,0,10
2024-25,Special Services,Serendipity,,Cleveland,high_school_area,1,10
2024-25,Special Services,Serendipity,,Franklin,high_school_area,1,10
2024-25,Special Services,Serendipity,,Grant,high_school_area,0,10
2024-25,Special Services,Serendipity,,Ida B. Wells-Barnett,high_school_area,1,10
2024-25,Special Services,Serendipity,,Jefferson/Grant,high_school_area,0,10
2024-25,Special Services,Serendipity,,Jefferson/McDaniel,high_school_area,0,10
2024-25,Special Services,Serendipity,,Jefferson/Roosevelt,high_school_area,0,10
2024-25,Special Services,Serendipity,,Lincoln,high_school_area,0,10
2024-25,Special Services,Serendipity,,McDaniel,high_school_area,5,10
2024-25,Special Services,Serendipity,,Roosevelt,high_school_area,2,10
2024-25,Special Services,Serendipity,,Out of District/Undetermined,other,0,10
2024-25,Special Services,Special Education Instruction,SPED Instruction,School's own neighborhood,own_neighborhood,0,51
2024-25,Special Services,Special Education Instruction,SPED Instruction,Cleveland,high_school_area,5,51
2024-25,Special Services,Special Education Instruction,SPED Instruction,Franklin,high_school_area,2,51
2024-25,Special Services,Special Education Instruction,SPED Instruction,Grant,high_school_area,6,51
2024-25,Special Services,Special Education Instruction,SPED Instruction,Ida B. Wells-Barnett,high_school_area,3,51
2024-25,Special Services,Special Education Instruction,SPED Instruction,Jefferson/Grant,high_school_area,3,51
2024-25,Special Services,Special Education Instruction,SPED Instruction,Jefferson/McDaniel,high_school_area,2,51
2024-25,Special Services,Special Education Instruction,SPED Instruction,Jefferson/Roosevelt,high_school_area,5,51
2024-25,Special Services,Special Education Instruction,SPED Instruction,Lincoln,high_school_area,4,51
2024-25,Special Services,Special Education Instruction,SPED Instruction,McDaniel,high_school_area,6,51
2024-25,Special Services,Special Education Instruction,SPED Instruction,Roosevelt,high_school_area,4,51
2024-25,Special Services,Special Education Instruction,SPED Instruction,Out of District/Undetermined,other,11,51
2024-25,Charter,Arthur Academy,,School's own neighborhood,own_neighborhood,0,166
2024-25,Charter,Arthur Academy,,Cleveland,high_school_area,15,166
2024-25,Charter,Arthur Academy,,Franklin,high_school_area,35,166
2024-25,Charter,Arthur Academy,,Grant,high_school_area,0,166
2024-25,Charter,Arthur Academy,,Ida B. Wells-Barnett,high_school_area,2,166
2024-25,Charter,Arthur Academy,,Jefferson/Grant,high_school_area,0,166
2024-25,Charter,Arthur Academy,,Jefferson/McDaniel,high_school_area,0,166
2024-25,Charter,Arthur Academy,,Jefferson/Roosevelt,high_school_area,2,166
2024-25,Charter,Arthur Academy,,Lincoln,high_school_area,1,166
2024-25,Charter,Arthur Academy,,McDaniel,high_school_area,37,166
2024-25,Charter,Arthur Academy,,Roosevelt,high_school_area,0,166
2024-25,Charter,Arthur Academy,,Out of District/Undetermined,other,74,166
2024-25,Charter,Emerson School,,School's own neighborhood,own_neighborhood,0,130
2024-25,Charter,Emerson School,,Cleveland,high_school_area,8,130
2024-25,Charter,Emerson School,,Franklin,high_school_area,9,130
2024-25,Charter,Emerson School,,Grant,high_school_area,2,130
2024-25,Charter,Emerson School,,Ida B. Wells-Barnett,high_school_area,16,130
2024-25,Charter,Emerson School,,Jefferson/Grant,high_school_area,9,130
2024-25,Charter,Emerson School,,Jefferson/McDaniel,high_school_area,8,130
2024-25,Charter,Emerson School,,Jefferson/Roosevelt,high_school_area,17,130
2024-25,Charter,Emerson School,,Lincoln,high_school_area,18,130
2024-25,Charter,Emerson School,,McDaniel,high_school_area,9,130
2024-25,Charter,Emerson School,,Roosevelt,high_school_area,11,130
2024-25,Charter,Emerson School,,Out of District/Undetermined,other,23,130
2024-25,Charter,Kairos PDX,,School's own neighborhood,own_neighborhood,0,226
2024-25,Charter,Kairos PDX,,Cleveland,high_school_area,9,226
2024-25,Charter,Kairos PDX,,Franklin,high_school_area,9,226
2024-25,Charter,Kairos PDX,,Grant,high_school_area,4,226
2024-25,Charter,Kairos PDX,,Ida B. Wells-Barnett,high_school_area,7,226
2024-25,Charter,Kairos PDX,,Jefferson/Grant,high_school_area,53,226
2024-25,Charter,Kairos PDX,,Jefferson/McDaniel,high_school_area,11,226
2024-25,Charter,Kairos PDX,,Jefferson/Roosevelt,high_school_area,35,226
2024-25,Charter,Kairos PDX,,Lincoln,high_school_area,4,226
2024-25,Charter,Kairos PDX,,McDaniel,high_school_area,21,226
2024-25,Charter,Kairos PDX,,Roosevelt,high_school_area,22,226
2024-25,Charter,Kairos PDX,,Out of District/Undetermined,other,51,226
2024-25,Charter,Le Monde,,School's own neighborhood,own_neighborhood,0,376
2024-25,Charter,Le Monde,,Cleveland,high_school_area,61,376
2024-25,Charter,Le Monde,,Franklin,high_school_area,63,376
2024-25,Charter,Le Monde,,Grant,high_school_area,27,376
2024-25,Charter,Le Monde,,Ida B. Wells-Barnett,high_school_area,30,376
2024-25,Charter,Le Monde,,Jefferson/Grant,high_school_area,46,376
2024-25,Charter,Le Monde,,Jefferson/McDaniel,high_school_area,10,376
2024-25,Charter,Le Monde,,Jefferson/Roosevelt,high_school_area,23,376
2024-25,Charter,Le Monde,,Lincoln,high_school_area,39,376
2024-25,Charter,Le Monde,,McDaniel,high_school_area,48,376
2024-25,Charter,Le Monde,,Roosevelt,high_school_area,10,376
2024-25,Charter,Le Monde,,Out of District/Undetermined,other,19,376
2024-25,Charter,Portland Village School,,School's own neighborhood,own_neighborhood,0,408
2024-25,Charter,Portland Village School,,Cleveland,high_school_area,36,408
2024-25,Charter,Portland Village School,,Franklin,high_school_area,17,408
2024-25,Charter,Portland Village School,,Grant,high_school_area,4,408
2024-25,Charter,Portland Village School,,Ida B. Wells-Barnett,high_school_area,41,408
2024-25,Charter,Portland Village School,,Jefferson/Grant,high_school_area,40,408
2024-25,Charter,Portland Village School,,Jefferson/McDaniel,high_school_area,15,408
2024-25,Charter,Portland Village School,,Jefferson/Roosevelt,high_school_area,71,408
2024-25,Charter,Portland Village School,,Lincoln,high_school_area,21,408
2024-25,Charter,Portland Village School,,McDaniel,high_school_area,26,408
2024-25,Charter,Portland Village School,,Roosevelt,high_school_area,58,408
2024-25,Charter,Portland Village School,,Out of District/Undetermined,other,79,408
2025-26,Elementary,Abernethy,,School's own neighborhood,own_neighborhood,249,269
2025-26,Elementary,Abernethy,,Cleveland,high_school_area,11,269
2025-26,Elementary,Abernethy,,Franklin,high_school_area,6,269
2025-26,Elementary,Abernethy,,Grant,high_school_area,0,269
2025-26,Elementary,Abernethy,,Ida B. Wells-Barnett,high_school_area,0,269
2025-26,Elementary,Abernethy,,Jefferson/Grant,high_school_area,0,269
2025-26,Elementary,Abernethy,,Jefferson/McDaniel,high_school_area,0,269
2025-26,Elementary,Abernethy,,Jefferson/Roosevelt,high_school_area,1,269
2025-26,Elementary,Abernethy,,Lincoln,high_school_area,0,269
2025-26,Elementary,Abernethy,,McDaniel,high_school_area,0,269
2025-26,Elementary,Abernethy,,Roosevelt,high_school_area,1,269
2025-26,Elementary,Abernethy,,Out of District/Undetermined,other,1,269
2025-26,Elementary,Ainsworth,Neighborhood Program,School's own neighborhood,own_neighborhood,256,273
2025-26,Elementary,Ainsworth,Neighborhood Program,Cleveland,high_school_area,0,273
2025-26,Elementary,Ainsworth,Neighborhood Program,Franklin,high_school_area,0,273
2025-26,Elementary,Ainsworth,Neighborhood Program,Grant,high_school_area,0,273
2025-26,Elementary,Ainsworth,Neighborhood Program,Ida B. Wells-Barnett,high_school_area,3,273
2025-26,Elementary,Ainsworth,Neighborhood Program,Jefferson/Grant,high_school_area,0,273
2025-26,Elementary,Ainsworth,Neighborhood Program,Jefferson/McDaniel,high_school_area,1,273
2025-26,Elementary,Ainsworth,Neighborhood Program,Jefferson/Roosevelt,high_school_area,1,273
2025-26,Elementary,Ainsworth,Neighborhood Program,Lincoln,high_school_area,8,273
2025-26,Elementary,Ainsworth,Neighborhood Program,McDaniel,high_school_area,1,273
2025-26,Elementary,Ainsworth,Neighborhood Program,Roosevelt,high_school_area,0,273
2025-26,Elementary,Ainsworth,Neighborhood Program,Out of District/Undetermined,other,3,273
2025-26,Elementary,Ainsworth,Spanish Immersion,School's own neighborhood,own_neighborhood,137,287
2025-26,Elementary,Ainsworth,Spanish Immersion,Cleveland,high_school_area,6,287
2025-26,Elementary,Ainsworth,Spanish Immersion,Franklin,high_school_area,2,287
2025-26,Elementary,Ainsworth,Spanish Immersion,Grant,high_school_area,1,287
2025-26,Elementary,Ainsworth,Spanish Immersion,Ida B. Wells-Barnett,high_school_area,76,287
2025-26,Elementary,Ainsworth,Spanish Immersion,Jefferson/Grant,high_school_area,2,287
2025-26,Elementary,Ainsworth,Spanish Immersion,Jefferson/McDaniel,high_school_area,0,287
2025-26,Elementary,Ainsworth,Spanish Immersion,Jefferson/Roosevelt,high_school_area,3,287
2025-26,Elementary,Ainsworth,Spanish Immersion,Lincoln,high_school_area,54,287
2025-26,Elementary,Ainsworth,Spanish Immersion,McDaniel,high_school_area,1,287
2025-26,Elementary,Ainsworth,Spanish Immersion,Roosevelt,high_school_area,0,287
2025-26,Elementary,Ainsworth,Spanish Immersion,Out of District/Undetermined,other,5,287
2025-26,Elementary,Alameda,,School's own neighborhood,own_neighborhood,469,513
2025-26,Elementary,Alameda,,Cleveland,high_school_area,0,513
2025-26,Elementary,Alameda,,Franklin,high_school_area,0,513
2025-26,Elementary,Alameda,,Grant,high_school_area,6,513
2025-26,Elementary,Alameda,,Ida B. Wells-Barnett,high_school_area,0,513
2025-26,Elementary,Alameda,,Jefferson/Grant,high_school_area,7,513
2025-26,Elementary,Alameda,,Jefferson/McDaniel,high_school_area,9,513
2025-26,Elementary,Alameda,,Jefferson/Roosevelt,high_school_area,8,513
2025-26,Elementary,Alameda,,Lincoln,high_school_area,0,513
2025-26,Elementary,Alameda,,McDaniel,high_school_area,12,513
2025-26,Elementary,Alameda,,Roosevelt,high_school_area,0,513
2025-26,Elementary,Alameda,,Out of District/Undetermined,other,2,513
2025-26,Elementary,Arleta,,School's own neighborhood,own_neighborhood,186,230
2025-26,Elementary,Arleta,,Cleveland,high_school_area,5,230
2025-26,Elementary,Arleta,,Franklin,high_school_area,27,230
2025-26,Elementary,Arleta,,Grant,high_school_area,0,230
2025-26,Elementary,Arleta,,Ida B. Wells-Barnett,high_school_area,0,230
2025-26,Elementary,Arleta,,Jefferson/Grant,high_school_area,0,230
2025-26,Elementary,Arleta,,Jefferson/McDaniel,high_school_area,0,230
2025-26,Elementary,Arleta,,Jefferson/Roosevelt,high_school_area,1,230
2025-26,Elementary,Arleta,,Lincoln,high_school_area,0,230
2025-26,Elementary,Arleta,,McDaniel,high_school_area,2,230
2025-26,Elementary,Arleta,,Roosevelt,high_school_area,0,230
2025-26,Elementary,Arleta,,Out of District/Undetermined,other,9,230
2025-26,Elementary,Astor,,School's own neighborhood,own_neighborhood,333,400
2025-26,Elementary,Astor,,Cleveland,high_school_area,0,400
2025-26,Elementary,Astor,,Franklin,high_school_area,0,400
2025-26,Elementary,Astor,,Grant,high_school_area,0,400
2025-26,Elementary,Astor,,Ida B. Wells-Barnett,high_school_area,0,400
2025-26,Elementary,Astor,,Jefferson/Grant,high_school_area,2,400
2025-26,Elementary,Astor,,Jefferson/McDaniel,high_school_area,0,400
2025-26,Elementary,Astor,,Jefferson/Roosevelt,high_school_area,19,400
2025-26,Elementary,Astor,,Lincoln,high_school_area,0,400
2025-26,Elementary,Astor,,McDaniel,high_school_area,1,400
2025-26,Elementary,Astor,,Roosevelt,high_school_area,45,400
2025-26,Elementary,Astor,,Out of District/Undetermined,other,0,400
2025-26,Elementary,Atkinson,Neighborhood Program,School's own neighborhood,own_neighborhood,156,188
2025-26,Elementary,Atkinson,Neighborhood Program,Cleveland,high_school_area,8,188
2025-26,Elementary,Atkinson,Neighborhood Program,Franklin,high_school_area,15,188
2025-26,Elementary,Atkinson,Neighborhood Program,Grant,high_school_area,0,188
2025-26,Elementary,Atkinson,Neighborhood Program,Ida B. Wells-Barnett,high_school_area,0,188
2025-26,Elementary,Atkinson,Neighborhood Program,Jefferson/Grant,high_school_area,2,188
2025-26,Elementary,Atkinson,Neighborhood Program,Jefferson/McDaniel,high_school_area,1,188
2025-26,Elementary,Atkinson,Neighborhood Program,Jefferson/Roosevelt,high_school_area,1,188
2025-26,Elementary,Atkinson,Neighborhood Program,Lincoln,high_school_area,0,188
2025-26,Elementary,Atkinson,Neighborhood Program,McDaniel,high_school_area,2,188
2025-26,Elementary,Atkinson,Neighborhood Program,Roosevelt,high_school_area,2,188
2025-26,Elementary,Atkinson,Neighborhood Program,Out of District/Undetermined,other,1,188
2025-26,Elementary,Atkinson,Spanish Immersion,School's own neighborhood,own_neighborhood,60,178
2025-26,Elementary,Atkinson,Spanish Immersion,Cleveland,high_school_area,29,178
2025-26,Elementary,Atkinson,Spanish Immersion,Franklin,high_school_area,55,178
2025-26,Elementary,Atkinson,Spanish Immersion,Grant,high_school_area,2,178
2025-26,Elementary,Atkinson,Spanish Immersion,Ida B. Wells-Barnett,high_school_area,0,178
2025-26,Elementary,Atkinson,Spanish Immersion,Jefferson/Grant,high_school_area,0,178
2025-26,Elementary,Atkinson,Spanish Immersion,Jefferson/McDaniel,high_school_area,0,178
2025-26,Elementary,Atkinson,Spanish Immersion,Jefferson/Roosevelt,high_school_area,0,178
2025-26,Elementary,Atkinson,Spanish Immersion,Lincoln,high_school_area,0,178
2025-26,Elementary,Atkinson,Spanish Immersion,McDaniel,high_school_area,21,178
2025-26,Elementary,Atkinson,Spanish Immersion,Roosevelt,high_school_area,0,178
2025-26,Elementary,Atkinson,Spanish Immersion,Out of District/Undetermined,other,11,178
2025-26,Elementary,Beach,Neighborhood Program,School's own neighborhood,own_neighborhood,120,133
2025-26,Elementary,Beach,Neighborhood Program,Cleveland,high_school_area,0,133
2025-26,Elementary,Beach,Neighborhood Program,Franklin,high_school_area,0,133
2025-26,Elementary,Beach,Neighborhood Program,Grant,high_school_area,0,133
2025-26,Elementary,Beach,Neighborhood Program,Ida B. Wells-Barnett,high_school_area,0,133
2025-26,Elementary,Beach,Neighborhood Program,Jefferson/Grant,high_school_area,2,133
2025-26,Elementary,Beach,Neighborhood Program,Jefferson/McDaniel,high_school_area,0,133
2025-26,Elementary,Beach,Neighborhood Program,Jefferson/Roosevelt,high_school_area,8,133
2025-26,Elementary,Beach,Neighborhood Program,Lincoln,high_school_area,1,133
2025-26,Elementary,Beach,Neighborhood Program,McDaniel,high_school_area,0,133
2025-26,Elementary,Beach,Neighborhood Program,Roosevelt,high_school_area,0,133
2025-26,Elementary,Beach,Neighborhood Program,Out of District/Undetermined,other,2,133
2025-26,Elementary,Beach,Spanish Immersion,School's own neighborhood,own_neighborhood,73,155
2025-26,Elementary,Beach,Spanish Immersion,Cleveland,high_school_area,0,155
2025-26,Elementary,Beach,Spanish Immersion,Franklin,high_school_area,0,155
2025-26,Elementary,Beach,Spanish Immersion,Grant,high_school_area,5,155
2025-26,Elementary,Beach,Spanish Immersion,Ida B. Wells-Barnett,high_school_area,0,155
2025-26,Elementary,Beach,Spanish Immersion,Jefferson/Grant,high_school_area,17,155
2025-26,Elementary,Beach,Spanish Immersion,Jefferson/McDaniel,high_school_area,8,155
2025-26,Elementary,Beach,Spanish Immersion,Jefferson/Roosevelt,high_school_area,38,155
2025-26,Elementary,Beach,Spanish Immersion,Lincoln,high_school_area,0,155
2025-26,Elementary,Beach,Spanish Immersion,McDaniel,high_school_area,3,155
2025-26,Elementary,Beach,Spanish Immersion,Roosevelt,high_school_area,11,155
2025-26,Elementary,Beach,Spanish Immersion,Out of District/Undetermined,other,0,155
2025-26,Elementary,Beverly Cleary,,School's own neighborhood,own_neighborhood,428,480
2025-26,Elementary,Beverly Cleary,,Cleveland,high_school_area,4,480
2025-26,Elementary,Beverly Cleary,,Franklin,high_school_area,0,480
2025-26,Elementary,Beverly Cleary,,Grant,high_school_area,5,480
2025-26,Elementary,Beverly Cleary,,Ida B. Wells-Barnett,high_school_area,0,480
2025-26,Elementary,Beverly Cleary,,Jefferson/Grant,high_school_area,18,480
2025-26,Elementary,Beverly Cleary,,Jefferson/McDaniel,high_school_area,2,480
2025-26,Elementary,Beverly Cleary,,Jefferson/Roosevelt,high_school_area,6,480
2025-26,Elementary,Beverly Cleary,,Lincoln,high_school_area,1,480
2025-26,Elementary,Beverly Cleary,,McDaniel,high_school_area,9,480
2025-26,Elementary,Beverly Cleary,,Roosevelt,high_school_area,3,480
2025-26,Elementary,Beverly Cleary,,Out of District/Undetermined,other,4,480
2025-26,Elementary,Boise-Eliot/Humboldt,,School's own neighborhood,own_neighborhood,218,294
2025-26,Elementary,Boise-Eliot/Humboldt,,Cleveland,high_school_area,2,294
2025-26,Elementary,Boise-Eliot/Humboldt,,Franklin,high_school_area,2,294
2025-26,Elementary,Boise-Eliot/Humboldt,,Grant,high_school_area,7,294
2025-26,Elementary,Boise-Eliot/Humboldt,,Ida B. Wells-Barnett,high_school_area,0,294
2025-26,Elementary,Boise-Eliot/Humboldt,,Jefferson/Grant,high_school_area,8,294
2025-26,Elementary,Boise-Eliot/Humboldt,,Jefferson/McDaniel,high_school_area,6,294
2025-26,Elementary,Boise-Eliot/Humboldt,,Jefferson/Roosevelt,high_school_area,22,294
2025-26,Elementary,Boise-Eliot/Humboldt,,Lincoln,high_school_area,3,294
2025-26,Elementary,Boise-Eliot/Humboldt,,McDaniel,high_school_area,8,294
2025-26,Elementary,Boise-Eliot/Humboldt,,Roosevelt,high_school_area,9,294
2025-26,Elementary,Boise-Eliot/Humboldt,,Out of District/Undetermined,other,9,294
2025-26,Elementary,Bridger Creative Science,,School's own neighborhood,own_neighborhood,143,446
2025-26,Elementary,Bridger Creative Science,,Cleveland,high_school_area,23,446
2025-26,Elementary,Bridger Creative Science,,Franklin,high_school_area,137,446
2025-26,Elementary,Bridger Creative Science,,Grant,high_school_area,1,446
2025-26,Elementary,Bridger Creative Science,,Ida B. Wells-Barnett,high_school_area,0,446
2025-26,Elementary,Bridger Creative Science,,Jefferson/Grant,high_school_area,0,446
2025-26,Elementary,Bridger Creative Science,,Jefferson/McDaniel,high_school_area,1,446
2025-26,Elementary,Bridger Creative Science,,Jefferson/Roosevelt,high_school_area,1,446
2025-26,Elementary,Bridger Creative Science,,Lincoln,high_school_area,0,446
2025-26,Elementary,Bridger Creative Science,,McDaniel,high_school_area,118,446
2025-26,Elementary,Bridger Creative Science,,Roosevelt,high_school_area,1,446
2025-26,Elementary,Bridger Creative Science,,Out of District/Undetermined,other,21,446
2025-26,Elementary,Bridlemile,,School's own neighborhood,own_neighborhood,385,423
2025-26,Elementary,Bridlemile,,Cleveland,high_school_area,0,423
2025-26,Elementary,Bridlemile,,Franklin,high_school_area,0,423
2025-26,Elementary,Bridlemile,,Grant,high_school_area,0,423
2025-26,Elementary,Bridlemile,,Ida B. Wells-Barnett,high_school_area,20,423
2025-26,Elementary,Bridlemile,,Jefferson/Grant,high_school_area,0,423
2025-26,Elementary,Bridlemile,,Jefferson/McDaniel,high_school_area,0,423
2025-26,Elementary,Bridlemile,,Jefferson/Roosevelt,high_school_area,0,423
2025-26,Elementary,Bridlemile,,Lincoln,high_school_area,11,423
2025-26,Elementary,Bridlemile,,McDaniel,high_school_area,0,423
2025-26,Elementary,Bridlemile,,Roosevelt,high_school_area,1,423
2025-26,Elementary,Bridlemile,,Out of District/Undetermined,other,6,423
2025-26,Elementary,Buckman,,School's own neighborhood,own_neighborhood,133,283
2025-26,Elementary,Buckman,,Cleveland,high_school_area,24,283
2025-26,Elementary,Buckman,,Franklin,high_school_area,42,283
2025-26,Elementary,Buckman,,Grant,high_school_area,3,283
2025-26,Elementary,Buckman,,Ida B. Wells-Barnett,high_school_area,3,283
2025-26,Elementary,Buckman,,Jefferson/Grant,high_school_area,12,283
2025-26,Elementary,Buckman,,Jefferson/McDaniel,high_school_area,9,283
2025-26,Elementary,Buckman,,Jefferson/Roosevelt,high_school_area,12,283
2025-26,Elementary,Buckman,,Lincoln,high_school_area,3,283
2025-26,Elementary,Buckman,,McDaniel,high_school_area,37,283
2025-26,Elementary,Buckman,,Roosevelt,high_school_area,2,283
2025-26,Elementary,Buckman,,Out of District/Undetermined,other,3,283
2025-26,Elementary,Capitol Hill,,School's own neighborhood,own_neighborhood,303,325
2025-26,Elementary,Capitol Hill,,Cleveland,high_school_area,0,325
2025-26,Elementary,Capitol Hill,,Franklin,high_school_area,0,325
2025-26,Elementary,Capitol Hill,,Grant,high_school_area,0,325
2025-26,Elementary,Capitol Hill,,Ida B. Wells-Barnett,high_school_area,18,325
2025-26,Elementary,Capitol Hill,,Jefferson/Grant,high_school_area,0,325
2025-26,Elementary,Capitol Hill,,Jefferson/McDaniel,high_school_area,0,325
2025-26,Elementary,Capitol Hill,,Jefferson/Roosevelt,high_school_area,0,325
2025-26,Elementary,Capitol Hill,,Lincoln,high_school_area,0,325
2025-26,Elementary,Capitol Hill,,McDaniel,high_school_area,0,325
2025-26,Elementary,Capitol Hill,,Roosevelt,high_school_area,0,325
2025-26,Elementary,Capitol Hill,,Out of District/Undetermined,other,4,325
2025-26,Elementary,César Chávez,Neighborhood Program,School's own neighborhood,own_neighborhood,99,143
2025-26,Elementary,César Chávez,Neighborhood Program,Cleveland,high_school_area,0,143
2025-26,Elementary,César Chávez,Neighborhood Program,Franklin,high_school_area,0,143
2025-26,Elementary,César Chávez,Neighborhood Program,Grant,high_school_area,0,143
2025-26,Elementary,César Chávez,Neighborhood Program,Ida B. Wells-Barnett,high_school_area,0,143
2025-26,Elementary,César Chávez,Neighborhood Program,Jefferson/Grant,high_school_area,2,143
2025-26,Elementary,César Chávez,Neighborhood Program,Jefferson/McDaniel,high_school_area,0,143
2025-26,Elementary,César Chávez,Neighborhood Program,Jefferson/Roosevelt,high_school_area,5,143
2025-26,Elementary,César Chávez,Neighborhood Program,Lincoln,high_school_area,3,143
2025-26,Elementary,César Chávez,Neighborhood Program,McDaniel,high_school_area,2,143
2025-26,Elementary,César Chávez,Neighborhood Program,Roosevelt,high_school_area,28,143
2025-26,Elementary,César Chávez,Neighborhood Program,Out of District/Undetermined,other,4,143
2025-26,Elementary,César Chávez,Spanish Immersion,School's own neighborhood,own_neighborhood,115,300
2025-26,Elementary,César Chávez,Spanish Immersion,Cleveland,high_school_area,0,300
2025-26,Elementary,César Chávez,Spanish Immersion,Franklin,high_school_area,0,300
2025-26,Elementary,César Chávez,Spanish Immersion,Grant,high_school_area,0,300
2025-26,Elementary,César Chávez,Spanish Immersion,Ida B. Wells-Barnett,high_school_area,0,300
2025-26,Elementary,César Chávez,Spanish Immersion,Jefferson/Grant,high_school_area,3,300
2025-26,Elementary,César Chávez,Spanish Immersion,Jefferson/McDaniel,high_school_area,3,300
2025-26,Elementary,César Chávez,Spanish Immersion,Jefferson/Roosevelt,high_school_area,38,300
2025-26,Elementary,César Chávez,Spanish Immersion,Lincoln,high_school_area,0,300
2025-26,Elementary,César Chávez,Spanish Immersion,McDaniel,high_school_area,2,300
2025-26,Elementary,César Chávez,Spanish Immersion,Roosevelt,high_school_area,138,300
2025-26,Elementary,César Chávez,Spanish Immersion,Out of District/Undetermined,other,1,300
2025-26,Elementary,Chapman,,School's own neighborhood,own_neighborhood,322,330
2025-26,Elementary,Chapman,,Cleveland,high_school_area,0,330
2025-26,Elementary,Chapman,,Franklin,high_school_area,0,330
2025-26,Elementary,Chapman,,Grant,high_school_area,0,330
2025-26,Elementary,Chapman,,Ida B. Wells-Barnett,high_school_area,0,330
2025-26,Elementary,Chapman,,Jefferson/Grant,high_school_area,1,330
2025-26,Elementary,Chapman,,Jefferson/McDaniel,high_school_area,0,330
2025-26,Elementary,Chapman,,Jefferson/Roosevelt,high_school_area,1,330
2025-26,Elementary,Chapman,,Lincoln,high_school_area,2,330
2025-26,Elementary,Chapman,,McDaniel,high_school_area,0,330
2025-26,Elementary,Chapman,,Roosevelt,high_school_area,1,330
2025-26,Elementary,Chapman,,Out of District/Undetermined,other,3,330
2025-26,Elementary,Chief Joseph,,School's own neighborhood,own_neighborhood,222,242
2025-26,Elementary,Chief Joseph,,Cleveland,high_school_area,0,242
2025-26,Elementary,Chief Joseph,,Franklin,high_school_area,1,242
2025-26,Elementary,Chief Joseph,,Grant,high_school_area,0,242
2025-26,Elementary,Chief Joseph,,Ida B. Wells-Barnett,high_school_area,0,242
2025-26,Elementary,Chief Joseph,,Jefferson/Grant,high_school_area,0,242
2025-26,Elementary,Chief Joseph,,Jefferson/McDaniel,high_school_area,2,242
2025-26,Elementary,Chief Joseph,,Jefferson/Roosevelt,high_school_area,9,242
2025-26,Elementary,Chief Joseph,,Lincoln,high_school_area,0,242
2025-26,Elementary,Chief Joseph,,McDaniel,high_school_area,0,242
2025-26,Elementary,Chief Joseph,,Roosevelt,high_school_area,7,242
2025-26,Elementary,Chief Joseph,,Out of District/Undetermined,other,1,242
2025-26,Elementary,Clark,Mandarin Immersion,School's own neighborhood,own_neighborhood,71,91
2025-26,Elementary,Clark,Mandarin Immersion,Cleveland,high_school_area,0,91
2025-26,Elementary,Clark,Mandarin Immersion,Franklin,high_school_area,9,91
2025-26,Elementary,Clark,Mandarin Immersion,Grant,high_school_area,0,91
2025-26,Elementary,Clark,Mandarin Immersion,Ida B. Wells-Barnett,high_school_area,1,91
2025-26,Elementary,Clark,Mandarin Immersion,Jefferson/Grant,high_school_area,0,91
2025-26,Elementary,Clark,Mandarin Immersion,Jefferson/McDaniel,high_school_area,0,91
2025-26,Elementary,Clark,Mandarin Immersion,Jefferson/Roosevelt,high_school_area,0,91
2025-26,Elementary,Clark,Mandarin Immersion,Lincoln,high_school_area,0,91
2025-26,Elementary,Clark,Mandarin Immersion,McDaniel,high_school_area,0,91
2025-26,Elementary,Clark,Mandarin Immersion,Roosevelt,high_school_area,0,91
2025-26,Elementary,Clark,Mandarin Immersion,Out of District/Undetermined,other,10,91
2025-26,Elementary,Clark,Neighborhood Program,School's own neighborhood,own_neighborhood,247,273
2025-26,Elementary,Clark,Neighborhood Program,Cleveland,high_school_area,5,273
2025-26,Elementary,Clark,Neighborhood Program,Franklin,high_school_area,9,273
2025-26,Elementary,Clark,Neighborhood Program,Grant,high_school_area,0,273
2025-26,Elementary,Clark,Neighborhood Program,Ida B. Wells-Barnett,high_school_area,0,273
2025-26,Elementary,Clark,Neighborhood Program,Jefferson/Grant,high_school_area,1,273
2025-26,Elementary,Clark,Neighborhood Program,Jefferson/McDaniel,high_school_area,0,273
2025-26,Elementary,Clark,Neighborhood Program,Jefferson/Roosevelt,high_school_area,0,273
2025-26,Elementary,Clark,Neighborhood Program,Lincoln,high_school_area,0,273
2025-26,Elementary,Clark,Neighborhood Program,McDaniel,high_school_area,2,273
2025-26,Elementary,Clark,Neighborhood Program,Roosevelt,high_school_area,1,273
2025-26,Elementary,Clark,Neighborhood Program,Out of District/Undetermined,other,8,273
2025-26,Elementary,Creston,,School's own neighborhood,own_neighborhood,162,213
2025-26,Elementary,Creston,,Cleveland,high_school_area,12,213
2025-26,Elementary,Creston,,Franklin,high_school_area,7,213
2025-26,Elementary,Creston,,Grant,high_school_area,0,213
2025-26,Elementary,Creston,,Ida B. Wells-Barnett,high_school_area,2,213
2025-26,Elementary,Creston,,Jefferson/Grant,high_school_area,0,213
2025-26,Elementary,Creston,,Jefferson/McDaniel,high_school_area,1,213
2025-26,Elementary,Creston,,Jefferson/Roosevelt,high_school_area,1,213
2025-26,Elementary,Creston,,Lincoln,high_school_area,0,213
2025-26,Elementary,Creston,,McDaniel,high_school_area,5,213
2025-26,Elementary,Creston,,Roosevelt,high_school_area,2,213
2025-26,Elementary,Creston,,Out of District/Undetermined,other,21,213
2025-26,Elementary,Duniway,,School's own neighborhood,own_neighborhood,348,362
2025-26,Elementary,Duniway,,Cleveland,high_school_area,10,362
2025-26,Elementary,Duniway,,Franklin,high_school_area,0,362
2025-26,Elementary,Duniway,,Grant,high_school_area,0,362
2025-26,Elementary,Duniway,,Ida B. Wells-Barnett,high_school_area,0,362
2025-26,Elementary,Duniway,,Jefferson/Grant,high_school_area,0,362
2025-26,Elementary,Duniway,,Jefferson/McDaniel,high_school_area,0,362
2025-26,Elementary,Duniway,,Jefferson/Roosevelt,high_school_area,1,362
2025-26,Elementary,Duniway,,Lincoln,high_school_area,0,362
2025-26,Elementary,Duniway,,McDaniel,high_school_area,0,362
2025-26,Elementary,Duniway,,Roosevelt,high_school_area,0,362
2025-26,Elementary,Duniway,,Out of District/Undetermined,other,3,362
2025-26,Elementary,Faubion,,School's own neighborhood,own_neighborhood,521,600
2025-26,Elementary,Faubion,,Cleveland,high_school_area,1,600
2025-26,Elementary,Faubion,,Franklin,high_school_area,5,600
2025-26,Elementary,Faubion,,Grant,high_school_area,0,600
2025-26,Elementary,Faubion,,Ida B. Wells-Barnett,high_school_area,0,600
2025-26,Elementary,Faubion,,Jefferson/Grant,high_school_area,15,600
2025-26,Elementary,Faubion,,Jefferson/McDaniel,high_school_area,5,600
2025-26,Elementary,Faubion,,Jefferson/Roosevelt,high_school_area,16,600
2025-26,Elementary,Faubion,,Lincoln,high_school_area,3,600
2025-26,Elementary,Faubion,,McDaniel,high_school_area,14,600
2025-26,Elementary,Faubion,,Roosevelt,high_school_area,10,600
2025-26,Elementary,Faubion,,Out of District/Undetermined,other,10,600
2025-26,Elementary,Forest Park,,School's own neighborhood,own_neighborhood,263,264
2025-26,Elementary,Forest Park,,Cleveland,high_school_area,0,264
2025-26,Elementary,Forest Park,,Franklin,high_school_area,0,264
2025-26,Elementary,Forest Park,,Grant,high_school_area,0,264
2025-26,Elementary,Forest Park,,Ida B. Wells-Barnett,high_school_area,0,264
2025-26,Elementary,Forest Park,,Jefferson/Grant,high_school_area,0,264
2025-26,Elementary,Forest Park,,Jefferson/McDaniel,high_school_area,0,264
2025-26,Elementary,Forest Park,,Jefferson/Roosevelt,high_school_area,0,264
2025-26,Elementary,Forest Park,,Lincoln,high_school_area,0,264
2025-26,Elementary,Forest Park,,McDaniel,high_school_area,1,264
2025-26,Elementary,Forest Park,,Roosevelt,high_school_area,0,264
2025-26,Elementary,Forest Park,,Out of District/Undetermined,other,0,264
2025-26,Elementary,Glencoe,,School's own neighborhood,own_neighborhood,295,339
2025-26,Elementary,Glencoe,,Cleveland,high_school_area,0,339
2025-26,Elementary,Glencoe,,Franklin,high_school_area,26,339
2025-26,Elementary,Glencoe,,Grant,high_school_area,1,339
2025-26,Elementary,Glencoe,,Ida B. Wells-Barnett,high_school_area,1,339
2025-26,Elementary,Glencoe,,Jefferson/Grant,high_school_area,4,339
2025-26,Elementary,Glencoe,,Jefferson/McDaniel,high_school_area,0,339
2025-26,Elementary,Glencoe,,Jefferson/Roosevelt,high_school_area,1,339
2025-26,Elementary,Glencoe,,Lincoln,high_school_area,0,339
2025-26,Elementary,Glencoe,,McDaniel,high_school_area,3,339
2025-26,Elementary,Glencoe,,Roosevelt,high_school_area,2,339
2025-26,Elementary,Glencoe,,Out of District/Undetermined,other,6,339
2025-26,Elementary,Grout,,School's own neighborhood,own_neighborhood,298,327
2025-26,Elementary,Grout,,Cleveland,high_school_area,6,327
2025-26,Elementary,Grout,,Franklin,high_school_area,15,327
2025-26,Elementary,Grout,,Grant,high_school_area,1,327
2025-26,Elementary,Grout,,Ida B. Wells-Barnett,high_school_area,0,327
2025-26,Elementary,Grout,,Jefferson/Grant,high_school_area,0,327
2025-26,Elementary,Grout,,Jefferson/McDaniel,high_school_area,0,327
2025-26,Elementary,Grout,,Jefferson/Roosevelt,high_school_area,2,327
2025-26,Elementary,Grout,,Lincoln,high_school_area,1,327
2025-26,Elementary,Grout,,McDaniel,high_school_area,2,327
2025-26,Elementary,Grout,,Roosevelt,high_school_area,0,327
2025-26,Elementary,Grout,,Out of District/Undetermined,other,2,327
2025-26,Elementary,Hayhurst,Neighborhood Program,School's own neighborhood,own_neighborhood,262,290
2025-26,Elementary,Hayhurst,Neighborhood Program,Cleveland,high_school_area,1,290
2025-26,Elementary,Hayhurst,Neighborhood Program,Franklin,high_school_area,4,290
2025-26,Elementary,Hayhurst,Neighborhood Program,Grant,high_school_area,0,290
2025-26,Elementary,Hayhurst,Neighborhood Program,Ida B. Wells-Barnett,high_school_area,19,290
2025-26,Elementary,Hayhurst,Neighborhood Program,Jefferson/Grant,high_school_area,0,290
2025-26,Elementary,Hayhurst,Neighborhood Program,Jefferson/McDaniel,high_school_area,0,290
2025-26,Elementary,Hayhurst,Neighborhood Program,Jefferson/Roosevelt,high_school_area,1,290
2025-26,Elementary,Hayhurst,Neighborhood Program,Lincoln,high_school_area,1,290
2025-26,Elementary,Hayhurst,Neighborhood Program,McDaniel,high_school_area,0,290
2025-26,Elementary,Hayhurst,Neighborhood Program,Roosevelt,high_school_area,1,290
2025-26,Elementary,Hayhurst,Neighborhood Program,Out of District/Undetermined,other,1,290
2025-26,Elementary,Irvington,,School's own neighborhood,own_neighborhood,212,259
2025-26,Elementary,Irvington,,Cleveland,high_school_area,4,259
2025-26,Elementary,Irvington,,Franklin,high_school_area,1,259
2025-26,Elementary,Irvington,,Grant,high_school_area,3,259
2025-26,Elementary,Irvington,,Ida B. Wells-Barnett,high_school_area,2,259
2025-26,Elementary,Irvington,,Jefferson/Grant,high_school_area,14,259
2025-26,Elementary,Irvington,,Jefferson/McDaniel,high_school_area,1,259
2025-26,Elementary,Irvington,,Jefferson/Roosevelt,high_school_area,2,259
2025-26,Elementary,Irvington,,Lincoln,high_school_area,1,259
2025-26,Elementary,Irvington,,McDaniel,high_school_area,7,259
2025-26,Elementary,Irvington,,Roosevelt,high_school_area,7,259
2025-26,Elementary,Irvington,,Out of District/Undetermined,other,5,259
2025-26,Elementary,James John,Neighborhood Program,School's own neighborhood,own_neighborhood,199,232
2025-26,Elementary,James John,Neighborhood Program,Cleveland,high_school_area,1,232
2025-26,Elementary,James John,Neighborhood Program,Franklin,high_school_area,0,232
2025-26,Elementary,James John,Neighborhood Program,Grant,high_school_area,0,232
2025-26,Elementary,James John,Neighborhood Program,Ida B. Wells-Barnett,high_school_area,0,232
2025-26,Elementary,James John,Neighborhood Program,Jefferson/Grant,high_school_area,3,232
2025-26,Elementary,James John,Neighborhood Program,Jefferson/McDaniel,high_school_area,0,232
2025-26,Elementary,James John,Neighborhood Program,Jefferson/Roosevelt,high_school_area,1,232
2025-26,Elementary,James John,Neighborhood Program,Lincoln,high_school_area,0,232
2025-26,Elementary,James John,Neighborhood Program,McDaniel,high_school_area,0,232
2025-26,Elementary,James John,Neighborhood Program,Roosevelt,high_school_area,24,232
2025-26,Elementary,James John,Neighborhood Program,Out of District/Undetermined,other,4,232
2025-26,Elementary,James John,Spanish Immersion,School's own neighborhood,own_neighborhood,96,133
2025-26,Elementary,James John,Spanish Immersion,Cleveland,high_school_area,2,133
2025-26,Elementary,James John,Spanish Immersion,Franklin,high_school_area,0,133
2025-26,Elementary,James John,Spanish Immersion,Grant,high_school_area,0,133
2025-26,Elementary,James John,Spanish Immersion,Ida B. Wells-Barnett,high_school_area,0,133
2025-26,Elementary,James John,Spanish Immersion,Jefferson/Grant,high_school_area,0,133
2025-26,Elementary,James John,Spanish Immersion,Jefferson/McDaniel,high_school_area,0,133
2025-26,Elementary,James John,Spanish Immersion,Jefferson/Roosevelt,high_school_area,6,133
2025-26,Elementary,James John,Spanish Immersion,Lincoln,high_school_area,0,133
2025-26,Elementary,James John,Spanish Immersion,McDaniel,high_school_area,0,133
2025-26,Elementary,James John,Spanish Immersion,Roosevelt,high_school_area,28,133
2025-26,Elementary,James John,Spanish Immersion,Out of District/Undetermined,other,1,133
2025-26,Elementary,Kelly,Neighborhood Program,School's own neighborhood,own_neighborhood,213,268
2025-26,Elementary,Kelly,Neighborhood Program,Cleveland,high_school_area,12,268
2025-26,Elementary,Kelly,Neighborhood Program,Franklin,high_school_area,20,268
2025-26,Elementary,Kelly,Neighborhood Program,Grant,high_school_area,0,268
2025-26,Elementary,Kelly,Neighborhood Program,Ida B. Wells-Barnett,high_school_area,0,268
2025-26,Elementary,Kelly,Neighborhood Program,Jefferson/Grant,high_school_area,0,268
2025-26,Elementary,Kelly,Neighborhood Program,Jefferson/McDaniel,high_school_area,1,268
2025-26,Elementary,Kelly,Neighborhood Program,Jefferson/Roosevelt,high_school_area,1,268
2025-26,Elementary,Kelly,Neighborhood Program,Lincoln,high_school_area,0,268
2025-26,Elementary,Kelly,Neighborhood Program,McDaniel,high_school_area,9,268
2025-26,Elementary,Kelly,Neighborhood Program,Roosevelt,high_school_area,3,268
2025-26,Elementary,Kelly,Neighborhood Program,Out of District/Undetermined,other,9,268
2025-26,Elementary,Kelly,Russian Immersion,School's own neighborhood,own_neighborhood,13,143
2025-26,Elementary,Kelly,Russian Immersion,Cleveland,high_school_area,6,143
2025-26,Elementary,Kelly,Russian Immersion,Franklin,high_school_area,14,143
2025-26,Elementary,Kelly,Russian Immersion,Grant,high_school_area,0,143
2025-26,Elementary,Kelly,Russian Immersion,Ida B. Wells-Barnett,high_school_area,2,143
2025-26,Elementary,Kelly,Russian Immersion,Jefferson/Grant,high_school_area,2,143
2025-26,Elementary,Kelly,Russian Immersion,Jefferson/McDaniel,high_school_area,0,143
2025-26,Elementary,Kelly,Russian Immersion,Jefferson/Roosevelt,high_school_area,0,143
2025-26,Elementary,Kelly,Russian Immersion,Lincoln,high_school_area,1,143
2025-26,Elementary,Kelly,Russian Immersion,McDaniel,high_school_area,7,143
2025-26,Elementary,Kelly,Russian Immersion,Roosevelt,high_school_area,0,143
2025-26,Elementary,Kelly,Russian Immersion,Out of District/Undetermined,other,98,143
2025-26,Elementary,Laurelhurst,,School's own neighborhood,own_neighborhood,572,610
2025-26,Elementary,Laurelhurst,,Cleveland,high_school_area,4,610
2025-26,Elementary,Laurelhurst,,Franklin,high_school_area,5,610
2025-26,Elementary,Laurelhurst,,Grant,high_school_area,8,610
2025-26,Elementary,Laurelhurst,,Ida B. Wells-Barnett,high_school_area,0,610
2025-26,Elementary,Laurelhurst,,Jefferson/Grant,high_school_area,5,610
2025-26,Elementary,Laurelhurst,,Jefferson/McDaniel,high_school_area,2,610
2025-26,Elementary,Laurelhurst,,Jefferson/Roosevelt,high_school_area,5,610
2025-26,Elementary,Laurelhurst,,Lincoln,high_school_area,0,610
2025-26,Elementary,Laurelhurst,,McDaniel,high_school_area,7,610
2025-26,Elementary,Laurelhurst,,Roosevelt,high_school_area,0,610
2025-26,Elementary,Laurelhurst,,Out of District/Undetermined,other,2,610
2025-26,Elementary,Lee,,School's own neighborhood,own_neighborhood,208,251
2025-26,Elementary,Lee,,Cleveland,high_school_area,0,251
2025-26,Elementary,Lee,,Franklin,high_school_area,4,251
2025-26,Elementary,Lee,,Grant,high_school_area,2,251
2025-26,Elementary,Lee,,Ida B. Wells-Barnett,high_school_area,1,251
2025-26,Elementary,Lee,,Jefferson/Grant,high_school_area,0,251
2025-26,Elementary,Lee,,Jefferson/McDaniel,high_school_area,1,251
2025-26,Elementary,Lee,,Jefferson/Roosevelt,high_school_area,2,251
2025-26,Elementary,Lee,,Lincoln,high_school_area,0,251
2025-26,Elementary,Lee,,McDaniel,high_school_area,25,251
2025-26,Elementary,Lee,,Roosevelt,high_school_area,2,251
2025-26,Elementary,Lee,,Out of District/Undetermined,other,6,251
2025-26,Elementary,Lent,Spanish Immersion,School's own neighborhood,own_neighborhood,80,256
2025-26,Elementary,Lent,Spanish Immersion,Cleveland,high_school_area,22,256
2025-26,Elementary,Lent,Spanish Immersion,Franklin,high_school_area,92,256
2025-26,Elementary,Lent,Spanish Immersion,Grant,high_school_area,0,256
2025-26,Elementary,Lent,Spanish Immersion,Ida B. Wells-Barnett,high_school_area,0,256
2025-26,Elementary,Lent,Spanish Immersion,Jefferson/Grant,high_school_area,2,256
2025-26,Elementary,Lent,Spanish Immersion,Jefferson/McDaniel,high_school_area,0,256
2025-26,Elementary,Lent,Spanish Immersion,Jefferson/Roosevelt,high_school_area,0,256
2025-26,Elementary,Lent,Spanish Immersion,Lincoln,high_school_area,0,256
2025-26,Elementary,Lent,Spanish Immersion,McDaniel,high_school_area,32,256
2025-26,Elementary,Lent,Spanish Immersion,Roosevelt,high_school_area,0,256
2025-26,Elementary,Lent,Spanish Immersion,Out of District/Undetermined,other,28,256
2025-26,Elementary,Lewis,,School's own neighborhood,own_neighborhood,180,259
2025-26,Elementary,Lewis,,Cleveland,high_school_area,47,259
2025-26,Elementary,Lewis,,Franklin,high_school_area,14,259
2025-26,Elementary,Lewis,,Grant,high_school_area,0,259
2025-26,Elementary,Lewis,,Ida B. Wells-Barnett,high_school_area,0,259
2025-26,Elementary,Lewis,,Jefferson/Grant,high_school_area,1,259
2025-26,Elementary,Lewis,,Jefferson/McDaniel,high_school_area,0,259
2025-26,Elementary,Lewis,,Jefferson/Roosevelt,high_school_area,0,259
2025-26,Elementary,Lewis,,Lincoln,high_school_area,0,259
2025-26,Elementary,Lewis,,McDaniel,high_school_area,4,259
2025-26,Elementary,Lewis,,Roosevelt,high_school_area,0,259
2025-26,Elementary,Lewis,,Out of District/Undetermined,other,13,259
2025-26,Elementary,Llewellyn,,School's own neighborhood,own_neighborhood,303,345
2025-26,Elementary,Llewellyn,,Cleveland,high_school_area,17,345
2025-26,Elementary,Llewellyn,,Franklin,high_school_area,6,345
2025-26,Elementary,Llewellyn,,Grant,high_school_area,1,345
2025-26,Elementary,Llewellyn,,Ida B. Wells-Barnett,high_school_area,0,345
2025-26,Elementary,Llewellyn,,Jefferson/Grant,high_school_area,0,345
2025-26,Elementary,Llewellyn,,Jefferson/McDaniel,high_school_area,1,345
2025-26,Elementary,Llewellyn,,Jefferson/Roosevelt,high_school_area,0,345
2025-26,Elementary,Llewellyn,,Lincoln,high_school_area,3,345
2025-26,Elementary,Llewellyn,,McDaniel,high_school_area,2,345
2025-26,Elementary,Llewellyn,,Roosevelt,high_school_area,1,345
2025-26,Elementary,Llewellyn,,Out of District/Undetermined,other,11,345
2025-26,Elementary,Maplewood,,School's own neighborhood,own_neighborhood,256,287
2025-26,Elementary,Maplewood,,Cleveland,high_school_area,0,287
2025-26,Elementary,Maplewood,,Franklin,high_school_area,0,287
2025-26,Elementary,Maplewood,,Grant,high_school_area,0,287
2025-26,Elementary,Maplewood,,Ida B. Wells-Barnett,high_school_area,23,287
2025-26,Elementary,Maplewood,,Jefferson/Grant,high_school_area,0,287
2025-26,Elementary,Maplewood,,Jefferson/McDaniel,high_school_area,0,287
2025-26,Elementary,Maplewood,,Jefferson/Roosevelt,high_school_area,0,287
2025-26,Elementary,Maplewood,,Lincoln,high_school_area,7,287
2025-26,Elementary,Maplewood,,McDaniel,high_school_area,0,287
2025-26,Elementary,Maplewood,,Roosevelt,high_school_area,0,287
2025-26,Elementary,Maplewood,,Out of District/Undetermined,other,1,287
2025-26,Elementary,Markham,,School's own neighborhood,own_neighborhood,322,339
2025-26,Elementary,Markham,,Cleveland,high_school_area,0,339
2025-26,Elementary,Markham,,Franklin,high_school_area,0,339
2025-26,Elementary,Markham,,Grant,high_school_area,0,339
2025-26,Elementary,Markham,,Ida B. Wells-Barnett,high_school_area,11,339
2025-26,Elementary,Markham,,Jefferson/Grant,high_school_area,0,339
2025-26,Elementary,Markham,,Jefferson/McDaniel,high_school_area,0,339
2025-26,Elementary,Markham,,Jefferson/Roosevelt,high_school_area,0,339
2025-26,Elementary,Markham,,Lincoln,high_school_area,3,339
2025-26,Elementary,Markham,,McDaniel,high_school_area,0,339
2025-26,Elementary,Markham,,Roosevelt,high_school_area,1,339
2025-26,Elementary,Markham,,Out of District/Undetermined,other,2,339
2025-26,Elementary,Marysville,,School's own neighborhood,own_neighborhood,167,307
2025-26,Elementary,Marysville,,Cleveland,high_school_area,5,307
2025-26,Elementary,Marysville,,Franklin,high_school_area,115,307
2025-26,Elementary,Marysville,,Grant,high_school_area,0,307
2025-26,Elementary,Marysville,,Ida B. Wells-Barnett,high_school_area,0,307
2025-26,Elementary,Marysville,,Jefferson/Grant,high_school_area,0,307
2025-26,Elementary,Marysville,,Jefferson/McDaniel,high_school_area,1,307
2025-26,Elementary,Marysville,,Jefferson/Roosevelt,high_school_area,0,307
2025-26,Elementary,Marysville,,Lincoln,high_school_area,0,307
2025-26,Elementary,Marysville,,McDaniel,high_school_area,6,307
2025-26,Elementary,Marysville,,Roosevelt,high_school_area,0,307
2025-26,Elementary,Marysville,,Out of District/Undetermined,other,13,307
2025-26,Elementary,MLK Jr,Mandarin Immersion,School's own neighborhood,own_neighborhood,41,193
2025-26,Elementary,MLK Jr,Mandarin Immersion,Cleveland,high_school_area,1,193
2025-26,Elementary,MLK Jr,Mandarin Immersion,Franklin,high_school_area,2,193
2025-26,Elementary,MLK Jr,Mandarin Immersion,Grant,high_school_area,5,193
2025-26,Elementary,MLK Jr,Mandarin Immersion,Ida B. Wells-Barnett,high_school_area,1,193
2025-26,Elementary,MLK Jr,Mandarin Immersion,Jefferson/Grant,high_school_area,47,193
2025-26,Elementary,MLK Jr,Mandarin Immersion,Jefferson/McDaniel,high_school_area,15,193
2025-26,Elementary,MLK Jr,Mandarin Immersion,Jefferson/Roosevelt,high_school_area,42,193
2025-26,Elementary,MLK Jr,Mandarin Immersion,Lincoln,high_school_area,2,193
2025-26,Elementary,MLK Jr,Mandarin Immersion,McDaniel,high_school_area,15,193
2025-26,Elementary,MLK Jr,Mandarin Immersion,Roosevelt,high_school_area,12,193
2025-26,Elementary,MLK Jr,Mandarin Immersion,Out of District/Undetermined,other,10,193
2025-26,Elementary,MLK Jr,Neighborhood Program,School's own neighborhood,own_neighborhood,74,126
2025-26,Elementary,MLK Jr,Neighborhood Program,Cleveland,high_school_area,2,126
2025-26,Elementary,MLK Jr,Neighborhood Program,Franklin,high_school_area,0,126
2025-26,Elementary,MLK Jr,Neighborhood Program,Grant,high_school_area,2,126
2025-26,Elementary,MLK Jr,Neighborhood Program,Ida B. Wells-Barnett,high_school_area,2,126
2025-26,Elementary,MLK Jr,Neighborhood Program,Jefferson/Grant,high_school_area,14,126
2025-26,Elementary,MLK Jr,Neighborhood Program,Jefferson/McDaniel,high_school_area,2,126
2025-26,Elementary,MLK Jr,Neighborhood Program,Jefferson/Roosevelt,high_school_area,17,126
2025-26,Elementary,MLK Jr,Neighborhood Program,Lincoln,high_school_area,3,126
2025-26,Elementary,MLK Jr,Neighborhood Program,McDaniel,high_school_area,4,126
2025-26,Elementary,MLK Jr,Neighborhood Program,Roosevelt,high_school_area,2,126
2025-26,Elementary,MLK Jr,Neighborhood Program,Out of District/Undetermined,other,4,126
2025-26,Elementary,Odyssey,,School's own neighborhood,own_neighborhood,0,217
2025-26,Elementary,Odyssey,,Cleveland,high_school_area,4,217
2025-26,Elementary,Odyssey,,Franklin,high_school_area,0,217
2025-26,Elementary,Odyssey,,Grant,high_school_area,0,217
2025-26,Elementary,Odyssey,,Ida B. Wells-Barnett,high_school_area,151,217
2025-26,Elementary,Odyssey,,Jefferson/Grant,high_school_area,6,217
2025-26,Elementary,Odyssey,,Jefferson/McDaniel,high_school_area,0,217
2025-26,Elementary,Odyssey,,Jefferson/Roosevelt,high_school_area,4,217
2025-26,Elementary,Odyssey,,Lincoln,high_school_area,46,217
2025-26,Elementary,Odyssey,,McDaniel,high_school_area,2,217
2025-26,Elementary,Odyssey,,Roosevelt,high_school_area,1,217
2025-26,Elementary,Odyssey,,Out of District/Undetermined,other,3,217
2025-26,Elementary,Peninsula,,School's own neighborhood,own_neighborhood,195,239
2025-26,Elementary,Peninsula,,Cleveland,high_school_area,0,239
2025-26,Elementary,Peninsula,,Franklin,high_school_area,3,239
2025-26,Elementary,Peninsula,,Grant,high_school_area,0,239
2025-26,Elementary,Peninsula,,Ida B. Wells-Barnett,high_school_area,0,239
2025-26,Elementary,Peninsula,,Jefferson/Grant,high_school_area,7,239
2025-26,Elementary,Peninsula,,Jefferson/McDaniel,high_school_area,0,239
2025-26,Elementary,Peninsula,,Jefferson/Roosevelt,high_school_area,5,239
2025-26,Elementary,Peninsula,,Lincoln,high_school_area,1,239
2025-26,Elementary,Peninsula,,McDaniel,high_school_area,1,239
2025-26,Elementary,Peninsula,,Roosevelt,high_school_area,26,239
2025-26,Elementary,Peninsula,,Out of District/Undetermined,other,1,239
2025-26,Elementary,Richmond,,School's own neighborhood,own_neighborhood,0,512
2025-26,Elementary,Richmond,,Cleveland,high_school_area,117,512
2025-26,Elementary,Richmond,,Franklin,high_school_area,213,512
2025-26,Elementary,Richmond,,Grant,high_school_area,20,512
2025-26,Elementary,Richmond,,Ida B. Wells-Barnett,high_school_area,14,512
2025-26,Elementary,Richmond,,Jefferson/Grant,high_school_area,8,512
2025-26,Elementary,Richmond,,Jefferson/McDaniel,high_school_area,13,512
2025-26,Elementary,Richmond,,Jefferson/Roosevelt,high_school_area,27,512
2025-26,Elementary,Richmond,,Lincoln,high_school_area,14,512
2025-26,Elementary,Richmond,,McDaniel,high_school_area,55,512
2025-26,Elementary,Richmond,,Roosevelt,high_school_area,11,512
2025-26,Elementary,Richmond,,Out of District/Undetermined,other,20,512
2025-26,Elementary,Rieke,,School's own neighborhood,own_neighborhood,243,264
2025-26,Elementary,Rieke,,Cleveland,high_school_area,0,264
2025-26,Elementary,Rieke,,Franklin,high_school_area,0,264
2025-26,Elementary,Rieke,,Grant,high_school_area,0,264
2025-26,Elementary,Rieke,,Ida B. Wells-Barnett,high_school_area,18,264
2025-26,Elementary,Rieke,,Jefferson/Grant,high_school_area,1,264
2025-26,Elementary,Rieke,,Jefferson/McDaniel,high_school_area,1,264
2025-26,Elementary,Rieke,,Jefferson/Roosevelt,high_school_area,0,264
2025-26,Elementary,Rieke,,Lincoln,high_school_area,1,264
2025-26,Elementary,Rieke,,McDaniel,high_school_area,0,264
2025-26,Elementary,Rieke,,Roosevelt,high_school_area,0,264
2025-26,Elementary,Rieke,,Out of District/Undetermined,other,0,264
2025-26,Elementary,Rigler,,School's own neighborhood,own_neighborhood,215,289
2025-26,Elementary,Rigler,,Cleveland,high_school_area,0,289
2025-26,Elementary,Rigler,,Franklin,high_school_area,1,289
2025-26,Elementary,Rigler,,Grant,high_school_area,13,289
2025-26,Elementary,Rigler,,Ida B. Wells-Barnett,high_school_area,0,289
2025-26,Elementary,Rigler,,Jefferson/Grant,high_school_area,5,289
2025-26,Elementary,Rigler,,Jefferson/McDaniel,high_school_area,7,289
2025-26,Elementary,Rigler,,Jefferson/Roosevelt,high_school_area,3,289
2025-26,Elementary,Rigler,,Lincoln,high_school_area,1,289
2025-26,Elementary,Rigler,,McDaniel,high_school_area,17,289
2025-26,Elementary,Rigler,,Roosevelt,high_school_area,2,289
2025-26,Elementary,Rigler,,Out of District/Undetermined,other,25,289
2025-26,Elementary,Rosa Parks,,School's own neighborhood,own_neighborhood,129,160
2025-26,Elementary,Rosa Parks,,Cleveland,high_school_area,0,160
2025-26,Elementary,Rosa Parks,,Franklin,high_school_area,0,160
2025-26,Elementary,Rosa Parks,,Grant,high_school_area,0,160
2025-26,Elementary,Rosa Parks,,Ida B. Wells-Barnett,high_school_area,1,160
2025-26,Elementary,Rosa Parks,,Jefferson/Grant,high_school_area,1,160
2025-26,Elementary,Rosa Parks,,Jefferson/McDaniel,high_school_area,0,160
2025-26,Elementary,Rosa Parks,,Jefferson/Roosevelt,high_school_area,4,160
2025-26,Elementary,Rosa Parks,,Lincoln,high_school_area,0,160
2025-26,Elementary,Rosa Parks,,McDaniel,high_school_area,0,160
2025-26,Elementary,Rosa Parks,,Roosevelt,high_school_area,25,160
2025-26,Elementary,Rosa Parks,,Out of District/Undetermined,other,0,160
2025-26,Elementary,Rose City Park,Neighborhood Program,School's own neighborhood,own_neighborhood,187,210
2025-26,Elementary,Rose City Park,Neighborhood Program,Cleveland,high_school_area,0,210
2025-26,Elementary,Rose City Park,Neighborhood Program,Franklin,high_school_area,2,210
2025-26,Elementary,Rose City Park,Neighborhood Program,Grant,high_school_area,6,210
2025-26,Elementary,Rose City Park,Neighborhood Program,Ida B. Wells-Barnett,high_school_area,0,210
2025-26,Elementary,Rose City Park,Neighborhood Program,Jefferson/Grant,high_school_area,0,210
2025-26,Elementary,Rose City Park,Neighborhood Program,Jefferson/McDaniel,high_school_area,1,210
2025-26,Elementary,Rose City Park,Neighborhood Program,Jefferson/Roosevelt,high_school_area,1,210
2025-26,Elementary,Rose City Park,Neighborhood Program,Lincoln,high_school_area,0,210
2025-26,Elementary,Rose City Park,Neighborhood Program,McDaniel,high_school_area,10,210
2025-26,Elementary,Rose City Park,Neighborhood Program,Roosevelt,high_school_area,0,210
2025-26,Elementary,Rose City Park,Neighborhood Program,Out of District/Undetermined,other,3,210
2025-26,Elementary,Rose City Park,Vietnamese Immersion,School's own neighborhood,own_neighborhood,69,207
2025-26,Elementary,Rose City Park,Vietnamese Immersion,Cleveland,high_school_area,8,207
2025-26,Elementary,Rose City Park,Vietnamese Immersion,Franklin,high_school_area,25,207
2025-26,Elementary,Rose City Park,Vietnamese Immersion,Grant,high_school_area,2,207
2025-26,Elementary,Rose City Park,Vietnamese Immersion,Ida B. Wells-Barnett,high_school_area,1,207
2025-26,Elementary,Rose City Park,Vietnamese Immersion,Jefferson/Grant,high_school_area,0,207
2025-26,Elementary,Rose City Park,Vietnamese Immersion,Jefferson/McDaniel,high_school_area,5,207
2025-26,Elementary,Rose City Park,Vietnamese Immersion,Jefferson/Roosevelt,high_school_area,4,207
2025-26,Elementary,Rose City Park,Vietnamese Immersion,Lincoln,high_school_area,0,207
2025-26,Elementary,Rose City Park,Vietnamese Immersion,McDaniel,high_school_area,57,207
2025-26,Elementary,Rose City Park,Vietnamese Immersion,Roosevelt,high_school_area,0,207
2025-26,Elementary,Rose City Park,Vietnamese Immersion,Out of District/Undetermined,other,36,207
2025-26,Elementary,Sabin,,School's own neighborhood,own_neighborhood,215,269
2025-26,Elementary,Sabin,,Cleveland,high_school_area,2,269
2025-26,Elementary,Sabin,,Franklin,high_school_area,1,269
2025-26,Elementary,Sabin,,Grant,high_school_area,1,269
2025-26,Elementary,Sabin,,Ida B. Wells-Barnett,high_school_area,0,269
2025-26,Elementary,Sabin,,Jefferson/Grant,high_school_area,8,269
2025-26,Elementary,Sabin,,Jefferson/McDaniel,high_school_area,7,269
2025-26,Elementary,Sabin,,Jefferson/Roosevelt,high_school_area,10,269
2025-26,Elementary,Sabin,,Lincoln,high_school_area,5,269
2025-26,Elementary,Sabin,,McDaniel,high_school_area,19,269
2025-26,Elementary,Sabin,,Roosevelt,high_school_area,1,269
2025-26,Elementary,Sabin,,Out of District/Undetermined,other,0,269
2025-26,Elementary,Scott,Neighborhood Program,School's own neighborhood,own_neighborhood,136,254
2025-26,Elementary,Scott,Neighborhood Program,Cleveland,high_school_area,3,254
2025-26,Elementary,Scott,Neighborhood Program,Franklin,high_school_area,1,254
2025-26,Elementary,Scott,Neighborhood Program,Grant,high_school_area,2,254
2025-26,Elementary,Scott,Neighborhood Program,Ida B. Wells-Barnett,high_school_area,0,254
2025-26,Elementary,Scott,Neighborhood Program,Jefferson/Grant,high_school_area,0,254
2025-26,Elementary,Scott,Neighborhood Program,Jefferson/McDaniel,high_school_area,2,254
2025-26,Elementary,Scott,Neighborhood Program,Jefferson/Roosevelt,high_school_area,3,254
2025-26,Elementary,Scott,Neighborhood Program,Lincoln,high_school_area,0,254
2025-26,Elementary,Scott,Neighborhood Program,McDaniel,high_school_area,105,254
2025-26,Elementary,Scott,Neighborhood Program,Roosevelt,high_school_area,1,254
2025-26,Elementary,Scott,Neighborhood Program,Out of District/Undetermined,other,1,254
2025-26,Elementary,Scott,Spanish Immersion,School's own neighborhood,own_neighborhood,182,222
2025-26,Elementary,Scott,Spanish Immersion,Cleveland,high_school_area,2,222
2025-26,Elementary,Scott,Spanish Immersion,Franklin,high_school_area,0,222
2025-26,Elementary,Scott,Spanish Immersion,Grant,high_school_area,1,222
2025-26,Elementary,Scott,Spanish Immersion,Ida B. Wells-Barnett,high_school_area,0,222
2025-26,Elementary,Scott,Spanish Immersion,Jefferson/Grant,high_school_area,1,222
2025-26,Elementary,Scott,Spanish Immersion,Jefferson/McDaniel,high_school_area,2,222
2025-26,Elementary,Scott,Spanish Immersion,Jefferson/Roosevelt,high_school_area,0,222
2025-26,Elementary,Scott,Spanish Immersion,Lincoln,high_school_area,0,222
2025-26,Elementary,Scott,Spanish Immersion,McDaniel,high_school_area,27,222
2025-26,Elementary,Scott,Spanish Immersion,Roosevelt,high_school_area,1,222
2025-26,Elementary,Scott,Spanish Immersion,Out of District/Undetermined,other,6,222
2025-26,Elementary,Sitton,Neighborhood Program,School's own neighborhood,own_neighborhood,180,207
2025-26,Elementary,Sitton,Neighborhood Program,Cleveland,high_school_area,0,207
2025-26,Elementary,Sitton,Neighborhood Program,Franklin,high_school_area,0,207
2025-26,Elementary,Sitton,Neighborhood Program,Grant,high_school_area,0,207
2025-26,Elementary,Sitton,Neighborhood Program,Ida B. Wells-Barnett,high_school_area,0,207
2025-26,Elementary,Sitton,Neighborhood Program,Jefferson/Grant,high_school_area,2,207
2025-26,Elementary,Sitton,Neighborhood Program,Jefferson/McDaniel,high_school_area,1,207
2025-26,Elementary,Sitton,Neighborhood Program,Jefferson/Roosevelt,high_school_area,4,207
2025-26,Elementary,Sitton,Neighborhood Program,Lincoln,high_school_area,2,207
2025-26,Elementary,Sitton,Neighborhood Program,McDaniel,high_school_area,2,207
2025-26,Elementary,Sitton,Neighborhood Program,Roosevelt,high_school_area,15,207
2025-26,Elementary,Sitton,Neighborhood Program,Out of District/Undetermined,other,1,207
2025-26,Elementary,Sitton,Spanish Immersion,School's own neighborhood,own_neighborhood,118,138
2025-26,Elementary,Sitton,Spanish Immersion,Cleveland,high_school_area,0,138
2025-26,Elementary,Sitton,Spanish Immersion,Franklin,high_school_area,0,138
2025-26,Elementary,Sitton,Spanish Immersion,Grant,high_school_area,0,138
2025-26,Elementary,Sitton,Spanish Immersion,Ida B. Wells-Barnett,high_school_area,0,138
2025-26,Elementary,Sitton,Spanish Immersion,Jefferson/Grant,high_school_area,1,138
2025-26,Elementary,Sitton,Spanish Immersion,Jefferson/McDaniel,high_school_area,0,138
2025-26,Elementary,Sitton,Spanish Immersion,Jefferson/Roosevelt,high_school_area,3,138
2025-26,Elementary,Sitton,Spanish Immersion,Lincoln,high_school_area,0,138
2025-26,Elementary,Sitton,Spanish Immersion,McDaniel,high_school_area,0,138
2025-26,Elementary,Sitton,Spanish Immersion,Roosevelt,high_school_area,16,138
2025-26,Elementary,Sitton,Spanish Immersion,Out of District/Undetermined,other,0,138
2025-26,Elementary,Skyline,,School's own neighborhood,own_neighborhood,194,207
2025-26,Elementary,Skyline,,Cleveland,high_school_area,0,207
2025-26,Elementary,Skyline,,Franklin,high_school_area,1,207
2025-26,Elementary,Skyline,,Grant,high_school_area,0,207
2025-26,Elementary,Skyline,,Ida B. Wells-Barnett,high_school_area,0,207
2025-26,Elementary,Skyline,,Jefferson/Grant,high_school_area,0,207
2025-26,Elementary,Skyline,,Jefferson/McDaniel,high_school_area,0,207
2025-26,Elementary,Skyline,,Jefferson/Roosevelt,high_school_area,2,207
2025-26,Elementary,Skyline,,Lincoln,high_school_area,3,207
2025-26,Elementary,Skyline,,McDaniel,high_school_area,0,207
2025-26,Elementary,Skyline,,Roosevelt,high_school_area,4,207
2025-26,Elementary,Skyline,,Out of District/Undetermined,other,3,207
2025-26,Elementary,Stephenson,,School's own neighborhood,own_neighborhood,250,281
2025-26,Elementary,Stephenson,,Cleveland,high_school_area,0,281
2025-26,Elementary,Stephenson,,Franklin,high_school_area,0,281
2025-26,Elementary,Stephenson,,Grant,high_school_area,0,281
2025-26,Elementary,Stephenson,,Ida B. Wells-Barnett,high_school_area,23,281
2025-26,Elementary,Stephenson,,Jefferson/Grant,high_school_area,0,281
2025-26,Elementary,Stephenson,,Jefferson/McDaniel,high_school_area,0,281
2025-26,Elementary,Stephenson,,Jefferson/Roosevelt,high_school_area,0,281
2025-26,Elementary,Stephenson,,Lincoln,high_school_area,2,281
2025-26,Elementary,Stephenson,,McDaniel,high_school_area,0,281
2025-26,Elementary,Stephenson,,Roosevelt,high_school_area,0,281
2025-26,Elementary,Stephenson,,Out of District/Undetermined,other,6,281
2025-26,Elementary,Sunnyside Environmental,,School's own neighborhood,own_neighborhood,219,485
2025-26,Elementary,Sunnyside Environmental,,Cleveland,high_school_area,76,485
2025-26,Elementary,Sunnyside Environmental,,Franklin,high_school_area,98,485
2025-26,Elementary,Sunnyside Environmental,,Grant,high_school_area,16,485
2025-26,Elementary,Sunnyside Environmental,,Ida B. Wells-Barnett,high_school_area,2,485
2025-26,Elementary,Sunnyside Environmental,,Jefferson/Grant,high_school_area,12,485
2025-26,Elementary,Sunnyside Environmental,,Jefferson/McDaniel,high_school_area,10,485
2025-26,Elementary,Sunnyside Environmental,,Jefferson/Roosevelt,high_school_area,9,485
2025-26,Elementary,Sunnyside Environmental,,Lincoln,high_school_area,3,485
2025-26,Elementary,Sunnyside Environmental,,McDaniel,high_school_area,33,485
2025-26,Elementary,Sunnyside Environmental,,Roosevelt,high_school_area,1,485
2025-26,Elementary,Sunnyside Environmental,,Out of District/Undetermined,other,6,485
2025-26,Elementary,Vernon,,School's own neighborhood,own_neighborhood,433,541
2025-26,Elementary,Vernon,,Cleveland,high_school_area,2,541
2025-26,Elementary,Vernon,,Franklin,high_school_area,3,541
2025-26,Elementary,Vernon,,Grant,high_school_area,4,541
2025-26,Elementary,Vernon,,Ida B. Wells-Barnett,high_school_area,0,541
2025-26,Elementary,Vernon,,Jefferson/Grant,high_school_area,12,541
2025-26,Elementary,Vernon,,Jefferson/McDaniel,high_school_area,14,541
2025-26,Elementary,Vernon,,Jefferson/Roosevelt,high_school_area,38,541
2025-26,Elementary,Vernon,,Lincoln,high_school_area,2,541
2025-26,Elementary,Vernon,,McDaniel,high_school_area,23,541
2025-26,Elementary,Vernon,,Roosevelt,high_school_area,4,541
2025-26,Elementary,Vernon,,Out of District/Undetermined,other,6,541
2025-26,Elementary,Vestal,,School's own neighborhood,own_neighborhood,241,283
2025-26,Elementary,Vestal,,Cleveland,high_school_area,2,283
2025-26,Elementary,Vestal,,Franklin,high_school_area,7,283
2025-26,Elementary,Vestal,,Grant,high_school_area,1,283
2025-26,Elementary,Vestal,,Ida B. Wells-Barnett,high_school_area,0,283
2025-26,Elementary,Vestal,,Jefferson/Grant,high_school_area,1,283
2025-26,Elementary,Vestal,,Jefferson/McDaniel,high_school_area,3,283
2025-26,Elementary,Vestal,,Jefferson/Roosevelt,high_school_area,3,283
2025-26,Elementary,Vestal,,Lincoln,high_school_area,1,283
2025-26,Elementary,Vestal,,McDaniel,high_school_area,12,283
2025-26,Elementary,Vestal,,Roosevelt,high_school_area,2,283
2025-26,Elementary,Vestal,,Out of District/Undetermined,other,10,283
2025-26,Elementary,Whitman,,School's own neighborhood,own_neighborhood,183,194
2025-26,Elementary,Whitman,,Cleveland,high_school_area,1,194
2025-26,Elementary,Whitman,,Franklin,high_school_area,5,194
2025-26,Elementary,Whitman,,Grant,high_school_area,0,194
2025-26,Elementary,Whitman,,Ida B. Wells-Barnett,high_school_area,0,194
2025-26,Elementary,Whitman,,Jefferson/Grant,high_school_area,0,194
2025-26,Elementary,Whitman,,Jefferson/McDaniel,high_school_area,0,194
2025-26,Elementary,Whitman,,Jefferson/Roosevelt,high_school_area,0,194
2025-26,Elementary,Whitman,,Lincoln,high_school_area,0,194
2025-26,Elementary,Whitman,,McDaniel,high_school_area,0,194
2025-26,Elementary,Whitman,,Roosevelt,high_school_area,0,194
2025-26,Elementary,Whitman,,Out of District/Undetermined,other,5,194
2025-26,Elementary,Winterhaven,,School's own neighborhood,own_neighborhood,0,316
2025-26,Elementary,Winterhaven,,Cleveland,high_school_area,161,316
2025-26,Elementary,Winterhaven,,Franklin,high_school_area,71,316
2025-26,Elementary,Winterhaven,,Grant,high_school_area,9,316
2025-26,Elementary,Winterhaven,,Ida B. Wells-Barnett,high_school_area,8,316
2025-26,Elementary,Winterhaven,,Jefferson/Grant,high_school_area,13,316
2025-26,Elementary,Winterhaven,,Jefferson/McDaniel,high_school_area,5,316
2025-26,Elementary,Winterhaven,,Jefferson/Roosevelt,high_school_area,9,316
2025-26,Elementary,Winterhaven,,Lincoln,high_school_area,6,316
2025-26,Elementary,Winterhaven,,McDaniel,high_school_area,18,316
2025-26,Elementary,Winterhaven,,Roosevelt,high_school_area,1,316
2025-26,Elementary,Winterhaven,,Out of District/Undetermined,other,15,316
2025-26,Elementary,Woodlawn,,School's own neighborhood,own_neighborhood,270,323
2025-26,Elementary,Woodlawn,,Cleveland,high_school_area,1,323
2025-26,Elementary,Woodlawn,,Franklin,high_school_area,1,323
2025-26,Elementary,Woodlawn,,Grant,high_school_area,1,323
2025-26,Elementary,Woodlawn,,Ida B. Wells-Barnett,high_school_area,0,323
2025-26,Elementary,Woodlawn,,Jefferson/Grant,high_school_area,7,323
2025-26,Elementary,Woodlawn,,Jefferson/McDaniel,high_school_area,7,323
2025-26,Elementary,Woodlawn,,Jefferson/Roosevelt,high_school_area,18,323
2025-26,Elementary,Woodlawn,,Lincoln,high_school_area,0,323
2025-26,Elementary,Woodlawn,,McDaniel,high_school_area,4,323
2025-26,Elementary,Woodlawn,,Roosevelt,high_school_area,11,323
2025-26,Elementary,Woodlawn,,Out of District/Undetermined,other,3,323
2025-26,Elementary,Woodmere,,School's own neighborhood,own_neighborhood,141,227
2025-26,Elementary,Woodmere,,Cleveland,high_school_area,12,227
2025-26,Elementary,Woodmere,,Franklin,high_school_area,50,227
2025-26,Elementary,Woodmere,,Grant,high_school_area,2,227
2025-26,Elementary,Woodmere,,Ida B. Wells-Barnett,high_school_area,0,227
2025-26,Elementary,Woodmere,,Jefferson/Grant,high_school_area,0,227
2025-26,Elementary,Woodmere,,Jefferson/McDaniel,high_school_area,0,227
2025-26,Elementary,Woodmere,,Jefferson/Roosevelt,high_school_area,3,227
2025-26,Elementary,Woodmere,,Lincoln,high_school_area,1,227
2025-26,Elementary,Woodmere,,McDaniel,high_school_area,5,227
2025-26,Elementary,Woodmere,,Roosevelt,high_school_area,0,227
2025-26,Elementary,Woodmere,,Out of District/Undetermined,other,13,227
2025-26,Elementary,Woodstock,Mandarin Immersion,School's own neighborhood,own_neighborhood,49,190
2025-26,Elementary,Woodstock,Mandarin Immersion,Cleveland,high_school_area,53,190
2025-26,Elementary,Woodstock,Mandarin Immersion,Franklin,high_school_area,55,190
2025-26,Elementary,Woodstock,Mandarin Immersion,Grant,high_school_area,3,190
2025-26,Elementary,Woodstock,Mandarin Immersion,Ida B. Wells-Barnett,high_school_area,2,190
2025-26,Elementary,Woodstock,Mandarin Immersion,Jefferson/Grant,high_school_area,0,190
2025-26,Elementary,Woodstock,Mandarin Immersion,Jefferson/McDaniel,high_school_area,0,190
2025-26,Elementary,Woodstock,Mandarin Immersion,Jefferson/Roosevelt,high_school_area,0,190
2025-26,Elementary,Woodstock,Mandarin Immersion,Lincoln,high_school_area,1,190
2025-26,Elementary,Woodstock,Mandarin Immersion,McDaniel,high_school_area,17,190
2025-26,Elementary,Woodstock,Mandarin Immersion,Roosevelt,high_school_area,0,190
2025-26,Elementary,Woodstock,Mandarin Immersion,Out of District/Undetermined,other,10,190
2025-26,Elementary,Woodstock,Neighborhood Program,School's own neighborhood,own_neighborhood,118,177
2025-26,Elementary,Woodstock,Neighborhood Program,Cleveland,high_school_area,39,177
2025-26,Elementary,Woodstock,Neighborhood Program,Franklin,high_school_area,13,177
2025-26,Elementary,Woodstock,Neighborhood Program,Grant,high_school_area,0,177
2025-26,Elementary,Woodstock,Neighborhood Program,Ida B. Wells-Barnett,high_school_area,0,177
2025-26,Elementary,Woodstock,Neighborhood Program,Jefferson/Grant,high_school_area,0,177
2025-26,Elementary,Woodstock,Neighborhood Program,Jefferson/McDaniel,high_school_area,1,177
2025-26,Elementary,Woodstock,Neighborhood Program,Jefferson/Roosevelt,high_school_area,0,177
2025-26,Elementary,Woodstock,Neighborhood Program,Lincoln,high_school_area,1,177
2025-26,Elementary,Woodstock,Neighborhood Program,McDaniel,high_school_area,4,177
2025-26,Elementary,Woodstock,Neighborhood Program,Roosevelt,high_school_area,0,177
2025-26,Elementary,Woodstock,Neighborhood Program,Out of District/Undetermined,other,1,177
2025-26,Middle,Beaumont,Neighborhood Program,School's own neighborhood,own_neighborhood,271,315
2025-26,Middle,Beaumont,Neighborhood Program,Cleveland,high_school_area,3,315
2025-26,Middle,Beaumont,Neighborhood Program,Franklin,high_school_area,0,315
2025-26,Middle,Beaumont,Neighborhood Program,Grant,high_school_area,3,315
2025-26,Middle,Beaumont,Neighborhood Program,Ida B. Wells-Barnett,high_school_area,0,315
2025-26,Middle,Beaumont,Neighborhood Program,Jefferson/Grant,high_school_area,3,315
2025-26,Middle,Beaumont,Neighborhood Program,Jefferson/McDaniel,high_school_area,18,315
2025-26,Middle,Beaumont,Neighborhood Program,Jefferson/Roosevelt,high_school_area,9,315
2025-26,Middle,Beaumont,Neighborhood Program,Lincoln,high_school_area,1,315
2025-26,Middle,Beaumont,Neighborhood Program,McDaniel,high_school_area,7,315
2025-26,Middle,Beaumont,Neighborhood Program,Roosevelt,high_school_area,0,315
2025-26,Middle,Beaumont,Neighborhood Program,Out of District/Undetermined,other,0,315
2025-26,Middle,Beaumont,Spanish Immersion,School's own neighborhood,own_neighborhood,74,101
2025-26,Middle,Beaumont,Spanish Immersion,Cleveland,high_school_area,0,101
2025-26,Middle,Beaumont,Spanish Immersion,Franklin,high_school_area,1,101
2025-26,Middle,Beaumont,Spanish Immersion,Grant,high_school_area,2,101
2025-26,Middle,Beaumont,Spanish Immersion,Ida B. Wells-Barnett,high_school_area,0,101
2025-26,Middle,Beaumont,Spanish Immersion,Jefferson/Grant,high_school_area,0,101
2025-26,Middle,Beaumont,Spanish Immersion,Jefferson/McDaniel,high_school_area,6,101
2025-26,Middle,Beaumont,Spanish Immersion,Jefferson/Roosevelt,high_school_area,1,101
2025-26,Middle,Beaumont,Spanish Immersion,Lincoln,high_school_area,0,101
2025-26,Middle,Beaumont,Spanish Immersion,McDaniel,high_school_area,12,101
2025-26,Middle,Beaumont,Spanish Immersion,Roosevelt,high_school_area,1,101
2025-26,Middle,Beaumont,Spanish Immersion,Out of District/Undetermined,other,4,101
2025-26,Middle,da Vinci,,School's own neighborhood,own_neighborhood,0,429
2025-26,Middle,da Vinci,,Cleveland,high_school_area,67,429
2025-26,Middle,da Vinci,,Franklin,high_school_area,86,429
2025-26,Middle,da Vinci,,Grant,high_school_area,27,429
2025-26,Middle,da Vinci,,Ida B. Wells-Barnett,high_school_area,4,429
2025-26,Middle,da Vinci,,Jefferson/Grant,high_school_area,56,429
2025-26,Middle,da Vinci,,Jefferson/McDaniel,high_school_area,21,429
2025-26,Middle,da Vinci,,Jefferson/Roosevelt,high_school_area,63,429
2025-26,Middle,da Vinci,,Lincoln,high_school_area,7,429
2025-26,Middle,da Vinci,,McDaniel,high_school_area,62,429
2025-26,Middle,da Vinci,,Roosevelt,high_school_area,30,429
2025-26,Middle,da Vinci,,Out of District/Undetermined,other,6,429
2025-26,Middle,George,,School's own neighborhood,own_neighborhood,333,358
2025-26,Middle,George,,Cleveland,high_school_area,0,358
2025-26,Middle,George,,Franklin,high_school_area,0,358
2025-26,Middle,George,,Grant,high_school_area,0,358
2025-26,Middle,George,,Ida B. Wells-Barnett,high_school_area,0,358
2025-26,Middle,George,,Jefferson/Grant,high_school_area,1,358
2025-26,Middle,George,,Jefferson/McDaniel,high_school_area,1,358
2025-26,Middle,George,,Jefferson/Roosevelt,high_school_area,10,358
2025-26,Middle,George,,Lincoln,high_school_area,0,358
2025-26,Middle,George,,McDaniel,high_school_area,0,358
2025-26,Middle,George,,Roosevelt,high_school_area,13,358
2025-26,Middle,George,,Out of District/Undetermined,other,0,358
2025-26,Middle,Gray,,School's own neighborhood,own_neighborhood,408,432
2025-26,Middle,Gray,,Cleveland,high_school_area,3,432
2025-26,Middle,Gray,,Franklin,high_school_area,0,432
2025-26,Middle,Gray,,Grant,high_school_area,0,432
2025-26,Middle,Gray,,Ida B. Wells-Barnett,high_school_area,14,432
2025-26,Middle,Gray,,Jefferson/Grant,high_school_area,0,432
2025-26,Middle,Gray,,Jefferson/McDaniel,high_school_area,0,432
2025-26,Middle,Gray,,Jefferson/Roosevelt,high_school_area,0,432
2025-26,Middle,Gray,,Lincoln,high_school_area,5,432
2025-26,Middle,Gray,,McDaniel,high_school_area,0,432
2025-26,Middle,Gray,,Roosevelt,high_school_area,1,432
2025-26,Middle,Gray,,Out of District/Undetermined,other,1,432
2025-26,Middle,Harriet Tubman,Mandarin Immersion,School's own neighborhood,own_neighborhood,19,48
2025-26,Middle,Harriet Tubman,Mandarin Immersion,Cleveland,high_school_area,0,48
2025-26,Middle,Harriet Tubman,Mandarin Immersion,Franklin,high_school_area,1,48
2025-26,Middle,Harriet Tubman,Mandarin Immersion,Grant,high_school_area,2,48
2025-26,Middle,Harriet Tubman,Mandarin Immersion,Ida B. Wells-Barnett,high_school_area,1,48
2025-26,Middle,Harriet Tubman,Mandarin Immersion,Jefferson/Grant,high_school_area,0,48
2025-26,Middle,Harriet Tubman,Mandarin Immersion,Jefferson/McDaniel,high_school_area,2,48
2025-26,Middle,Harriet Tubman,Mandarin Immersion,Jefferson/Roosevelt,high_school_area,13,48
2025-26,Middle,Harriet Tubman,Mandarin Immersion,Lincoln,high_school_area,2,48
2025-26,Middle,Harriet Tubman,Mandarin Immersion,McDaniel,high_school_area,6,48
2025-26,Middle,Harriet Tubman,Mandarin Immersion,Roosevelt,high_school_area,2,48
2025-26,Middle,Harriet Tubman,Mandarin Immersion,Out of District/Undetermined,other,0,48
2025-26,Middle,Harriet Tubman,Neighborhood Program,School's own neighborhood,own_neighborhood,329,354
2025-26,Middle,Harriet Tubman,Neighborhood Program,Cleveland,high_school_area,3,354
2025-26,Middle,Harriet Tubman,Neighborhood Program,Franklin,high_school_area,1,354
2025-26,Middle,Harriet Tubman,Neighborhood Program,Grant,high_school_area,1,354
2025-26,Middle,Harriet Tubman,Neighborhood Program,Ida B. Wells-Barnett,high_school_area,0,354
2025-26,Middle,Harriet Tubman,Neighborhood Program,Jefferson/Grant,high_school_area,0,354
2025-26,Middle,Harriet Tubman,Neighborhood Program,Jefferson/McDaniel,high_school_area,3,354
2025-26,Middle,Harriet Tubman,Neighborhood Program,Jefferson/Roosevelt,high_school_area,6,354
2025-26,Middle,Harriet Tubman,Neighborhood Program,Lincoln,high_school_area,3,354
2025-26,Middle,Harriet Tubman,Neighborhood Program,McDaniel,high_school_area,5,354
2025-26,Middle,Harriet Tubman,Neighborhood Program,Roosevelt,high_school_area,2,354
2025-26,Middle,Harriet Tubman,Neighborhood Program,Out of District/Undetermined,other,1,354
2025-26,Middle,Harrison Park,Mandarin Immersion,School's own neighborhood,own_neighborhood,36,111
2025-26,Middle,Harrison Park,Mandarin Immersion,Cleveland,high_school_area,40,111
2025-26,Middle,Harrison Park,Mandarin Immersion,Franklin,high_school_area,20,111
2025-26,Middle,Harrison Park,Mandarin Immersion,Grant,high_school_area,1,111
2025-26,Middle,Harrison Park,Mandarin Immersion,Ida B. Wells-Barnett,high_school_area,1,111
2025-26,Middle,Harrison Park,Mandarin Immersion,Jefferson/Grant,high_school_area,0,111
2025-26,Middle,Harrison Park,Mandarin Immersion,Jefferson/McDaniel,high_school_area,0,111
2025-26,Middle,Harrison Park,Mandarin Immersion,Jefferson/Roosevelt,high_school_area,0,111
2025-26,Middle,Harrison Park,Mandarin Immersion,Lincoln,high_school_area,0,111
2025-26,Middle,Harrison Park,Mandarin Immersion,McDaniel,high_school_area,0,111
2025-26,Middle,Harrison Park,Mandarin Immersion,Roosevelt,high_school_area,0,111
2025-26,Middle,Harrison Park,Mandarin Immersion,Out of District/Undetermined,other,13,111
2025-26,Middle,Harrison Park,Neighborhood Program,School's own neighborhood,own_neighborhood,273,308
2025-26,Middle,Harrison Park,Neighborhood Program,Cleveland,high_school_area,2,308
2025-26,Middle,Harrison Park,Neighborhood Program,Franklin,high_school_area,14,308
2025-26,Middle,Harrison Park,Neighborhood Program,Grant,high_school_area,0,308
2025-26,Middle,Harrison Park,Neighborhood Program,Ida B. Wells-Barnett,high_school_area,0,308
2025-26,Middle,Harrison Park,Neighborhood Program,Jefferson/Grant,high_school_area,0,308
2025-26,Middle,Harrison Park,Neighborhood Program,Jefferson/McDaniel,high_school_area,0,308
2025-26,Middle,Harrison Park,Neighborhood Program,Jefferson/Roosevelt,high_school_area,0,308
2025-26,Middle,Harrison Park,Neighborhood Program,Lincoln,high_school_area,1,308
2025-26,Middle,Harrison Park,Neighborhood Program,McDaniel,high_school_area,2,308
2025-26,Middle,Harrison Park,Neighborhood Program,Roosevelt,high_school_area,0,308
2025-26,Middle,Harrison Park,Neighborhood Program,Out of District/Undetermined,other,16,308
2025-26,Middle,Hosford,,School's own neighborhood,own_neighborhood,487,528
2025-26,Middle,Hosford,,Cleveland,high_school_area,20,528
2025-26,Middle,Hosford,,Franklin,high_school_area,9,528
2025-26,Middle,Hosford,,Grant,high_school_area,0,528
2025-26,Middle,Hosford,,Ida B. Wells-Barnett,high_school_area,0,528
2025-26,Middle,Hosford,,Jefferson/Grant,high_school_area,2,528
2025-26,Middle,Hosford,,Jefferson/McDaniel,high_school_area,1,528
2025-26,Middle,Hosford,,Jefferson/Roosevelt,high_school_area,0,528
2025-26,Middle,Hosford,,Lincoln,high_school_area,1,528
2025-26,Middle,Hosford,,McDaniel,high_school_area,3,528
2025-26,Middle,Hosford,,Roosevelt,high_school_area,0,528
2025-26,Middle,Hosford,,Out of District/Undetermined,other,5,528
2025-26,Middle,Jackson,,School's own neighborhood,own_neighborhood,678,689
2025-26,Middle,Jackson,,Cleveland,high_school_area,0,689
2025-26,Middle,Jackson,,Franklin,high_school_area,0,689
2025-26,Middle,Jackson,,Grant,high_school_area,0,689
2025-26,Middle,Jackson,,Ida B. Wells-Barnett,high_school_area,7,689
2025-26,Middle,Jackson,,Jefferson/Grant,high_school_area,0,689
2025-26,Middle,Jackson,,Jefferson/McDaniel,high_school_area,0,689
2025-26,Middle,Jackson,,Jefferson/Roosevelt,high_school_area,0,689
2025-26,Middle,Jackson,,Lincoln,high_school_area,2,689
2025-26,Middle,Jackson,,McDaniel,high_school_area,0,689
2025-26,Middle,Jackson,,Roosevelt,high_school_area,1,689
2025-26,Middle,Jackson,,Out of District/Undetermined,other,1,689
2025-26,Middle,Kellogg,Neighborhood Program,School's own neighborhood,own_neighborhood,300,330
2025-26,Middle,Kellogg,Neighborhood Program,Cleveland,high_school_area,5,330
2025-26,Middle,Kellogg,Neighborhood Program,Franklin,high_school_area,13,330
2025-26,Middle,Kellogg,Neighborhood Program,Grant,high_school_area,0,330
2025-26,Middle,Kellogg,Neighborhood Program,Ida B. Wells-Barnett,high_school_area,0,330
2025-26,Middle,Kellogg,Neighborhood Program,Jefferson/Grant,high_school_area,0,330
2025-26,Middle,Kellogg,Neighborhood Program,Jefferson/McDaniel,high_school_area,0,330
2025-26,Middle,Kellogg,Neighborhood Program,Jefferson/Roosevelt,high_school_area,2,330
2025-26,Middle,Kellogg,Neighborhood Program,Lincoln,high_school_area,1,330
2025-26,Middle,Kellogg,Neighborhood Program,McDaniel,high_school_area,6,330
2025-26,Middle,Kellogg,Neighborhood Program,Roosevelt,high_school_area,0,330
2025-26,Middle,Kellogg,Neighborhood Program,Out of District/Undetermined,other,3,330
2025-26,Middle,Kellogg,Spanish Immersion,School's own neighborhood,own_neighborhood,45,201
2025-26,Middle,Kellogg,Spanish Immersion,Cleveland,high_school_area,24,201
2025-26,Middle,Kellogg,Spanish Immersion,Franklin,high_school_area,93,201
2025-26,Middle,Kellogg,Spanish Immersion,Grant,high_school_area,1,201
2025-26,Middle,Kellogg,Spanish Immersion,Ida B. Wells-Barnett,high_school_area,0,201
2025-26,Middle,Kellogg,Spanish Immersion,Jefferson/Grant,high_school_area,0,201
2025-26,Middle,Kellogg,Spanish Immersion,Jefferson/McDaniel,high_school_area,0,201
2025-26,Middle,Kellogg,Spanish Immersion,Jefferson/Roosevelt,high_school_area,0,201
2025-26,Middle,Kellogg,Spanish Immersion,Lincoln,high_school_area,0,201
2025-26,Middle,Kellogg,Spanish Immersion,McDaniel,high_school_area,19,201
2025-26,Middle,Kellogg,Spanish Immersion,Roosevelt,high_school_area,0,201
2025-26,Middle,Kellogg,Spanish Immersion,Out of District/Undetermined,other,19,201
2025-26,Middle,Lane,Neighborhood Program,School's own neighborhood,own_neighborhood,384,411
2025-26,Middle,Lane,Neighborhood Program,Cleveland,high_school_area,3,411
2025-26,Middle,Lane,Neighborhood Program,Franklin,high_school_area,9,411
2025-26,Middle,Lane,Neighborhood Program,Grant,high_school_area,0,411
2025-26,Middle,Lane,Neighborhood Program,Ida B. Wells-Barnett,high_school_area,0,411
2025-26,Middle,Lane,Neighborhood Program,Jefferson/Grant,high_school_area,0,411
2025-26,Middle,Lane,Neighborhood Program,Jefferson/McDaniel,high_school_area,0,411
2025-26,Middle,Lane,Neighborhood Program,Jefferson/Roosevelt,high_school_area,1,411
2025-26,Middle,Lane,Neighborhood Program,Lincoln,high_school_area,0,411
2025-26,Middle,Lane,Neighborhood Program,McDaniel,high_school_area,6,411
2025-26,Middle,Lane,Neighborhood Program,Roosevelt,high_school_area,0,411
2025-26,Middle,Lane,Neighborhood Program,Out of District/Undetermined,other,8,411
2025-26,Middle,Lane,Russian Immersion,School's own neighborhood,own_neighborhood,8,36
2025-26,Middle,Lane,Russian Immersion,Cleveland,high_school_area,1,36
2025-26,Middle,Lane,Russian Immersion,Franklin,high_school_area,5,36
2025-26,Middle,Lane,Russian Immersion,Grant,high_school_area,0,36
2025-26,Middle,Lane,Russian Immersion,Ida B. Wells-Barnett,high_school_area,0,36
2025-26,Middle,Lane,Russian Immersion,Jefferson/Grant,high_school_area,0,36
2025-26,Middle,Lane,Russian Immersion,Jefferson/McDaniel,high_school_area,0,36
2025-26,Middle,Lane,Russian Immersion,Jefferson/Roosevelt,high_school_area,0,36
2025-26,Middle,Lane,Russian Immersion,Lincoln,high_school_area,0,36
2025-26,Middle,Lane,Russian Immersion,McDaniel,high_school_area,3,36
2025-26,Middle,Lane,Russian Immersion,Roosevelt,high_school_area,0,36
2025-26,Middle,Lane,Russian Immersion,Out of District/Undetermined,other,19,36
2025-26,Middle,Mt Tabor,Japanese Immersion,School's own neighborhood,own_neighborhood,26,222
2025-26,Middle,Mt Tabor,Japanese Immersion,Cleveland,high_school_area,35,222
2025-26,Middle,Mt Tabor,Japanese Immersion,Franklin,high_school_area,66,222
2025-26,Middle,Mt Tabor,Japanese Immersion,Grant,high_school_area,17,222
2025-26,Middle,Mt Tabor,Japanese Immersion,Ida B. Wells-Barnett,high_school_area,7,222
2025-26,Middle,Mt Tabor,Japanese Immersion,Jefferson/Grant,high_school_area,10,222
2025-26,Middle,Mt Tabor,Japanese Immersion,Jefferson/McDaniel,high_school_area,11,222
2025-26,Middle,Mt Tabor,Japanese Immersion,Jefferson/Roosevelt,high_school_area,10,222
2025-26,Middle,Mt Tabor,Japanese Immersion,Lincoln,high_school_area,2,222
2025-26,Middle,Mt Tabor,Japanese Immersion,McDaniel,high_school_area,33,222
2025-26,Middle,Mt Tabor,Japanese Immersion,Roosevelt,high_school_area,1,222
2025-26,Middle,Mt Tabor,Japanese Immersion,Out of District/Undetermined,other,4,222
2025-26,Middle,Mt Tabor,Neighborhood Program,School's own neighborhood,own_neighborhood,170,208
2025-26,Middle,Mt Tabor,Neighborhood Program,Cleveland,high_school_area,2,208
2025-26,Middle,Mt Tabor,Neighborhood Program,Franklin,high_school_area,15,208
2025-26,Middle,Mt Tabor,Neighborhood Program,Grant,high_school_area,1,208
2025-26,Middle,Mt Tabor,Neighborhood Program,Ida B. Wells-Barnett,high_school_area,1,208
2025-26,Middle,Mt Tabor,Neighborhood Program,Jefferson/Grant,high_school_area,3,208
2025-26,Middle,Mt Tabor,Neighborhood Program,Jefferson/McDaniel,high_school_area,0,208
2025-26,Middle,Mt Tabor,Neighborhood Program,Jefferson/Roosevelt,high_school_area,1,208
2025-26,Middle,Mt Tabor,Neighborhood Program,Lincoln,high_school_area,0,208
2025-26,Middle,Mt Tabor,Neighborhood Program,McDaniel,high_school_area,8,208
2025-26,Middle,Mt Tabor,Neighborhood Program,Roosevelt,high_school_area,1,208
2025-26,Middle,Mt Tabor,Neighborhood Program,Out of District/Undetermined,other,6,208
2025-26,Middle,Ockley Green,Neighborhood Program,School's own neighborhood,own_neighborhood,374,397
2025-26,Middle,Ockley Green,Neighborhood Program,Cleveland,high_school_area,1,397
2025-26,Middle,Ockley Green,Neighborhood Program,Franklin,high_school_area,1,397
2025-26,Middle,Ockley Green,Neighborhood Program,Grant,high_school_area,0,397
2025-26,Middle,Ockley Green,Neighborhood Program,Ida B. Wells-Barnett,high_school_area,0,397
2025-26,Middle,Ockley Green,Neighborhood Program,Jefferson/Grant,high_school_area,4,397
2025-26,Middle,Ockley Green,Neighborhood Program,Jefferson/McDaniel,high_school_area,5,397
2025-26,Middle,Ockley Green,Neighborhood Program,Jefferson/Roosevelt,high_school_area,2,397
2025-26,Middle,Ockley Green,Neighborhood Program,Lincoln,high_school_area,0,397
2025-26,Middle,Ockley Green,Neighborhood Program,McDaniel,high_school_area,2,397
2025-26,Middle,Ockley Green,Neighborhood Program,Roosevelt,high_school_area,8,397
2025-26,Middle,Ockley Green,Neighborhood Program,Out of District/Undetermined,other,0,397
2025-26,Middle,Ockley Green,Spanish Immersion,School's own neighborhood,own_neighborhood,52,63
2025-26,Middle,Ockley Green,Spanish Immersion,Cleveland,high_school_area,0,63
2025-26,Middle,Ockley Green,Spanish Immersion,Franklin,high_school_area,0,63
2025-26,Middle,Ockley Green,Spanish Immersion,Grant,high_school_area,0,63
2025-26,Middle,Ockley Green,Spanish Immersion,Ida B. Wells-Barnett,high_school_area,0,63
2025-26,Middle,Ockley Green,Spanish Immersion,Jefferson/Grant,high_school_area,7,63
2025-26,Middle,Ockley Green,Spanish Immersion,Jefferson/McDaniel,high_school_area,2,63
2025-26,Middle,Ockley Green,Spanish Immersion,Jefferson/Roosevelt,high_school_area,0,63
2025-26,Middle,Ockley Green,Spanish Immersion,Lincoln,high_school_area,0,63
2025-26,Middle,Ockley Green,Spanish Immersion,McDaniel,high_school_area,0,63
2025-26,Middle,Ockley Green,Spanish Immersion,Roosevelt,high_school_area,2,63
2025-26,Middle,Ockley Green,Spanish Immersion,Out of District/Undetermined,other,0,63
2025-26,Middle,Roseway Heights,Neighborhood Program,School's own neighborhood,own_neighborhood,307,415
2025-26,Middle,Roseway Heights,Neighborhood Program,Cleveland,high_school_area,1,415
2025-26,Middle,Roseway Heights,Neighborhood Program,Franklin,high_school_area,7,415
2025-26,Middle,Roseway Heights,Neighborhood Program,Grant,high_school_area,2,415
2025-26,Middle,Roseway Heights,Neighborhood Program,Ida B. Wells-Barnett,high_school_area,1,415
2025-26,Middle,Roseway Heights,Neighborhood Program,Jefferson/Grant,high_school_area,0,415
2025-26,Middle,Roseway Heights,Neighborhood Program,Jefferson/McDaniel,high_school_area,4,415
2025-26,Middle,Roseway Heights,Neighborhood Program,Jefferson/Roosevelt,high_school_area,2,415
2025-26,Middle,Roseway Heights,Neighborhood Program,Lincoln,high_school_area,0,415
2025-26,Middle,Roseway Heights,Neighborhood Program,McDaniel,high_school_area,79,415
2025-26,Middle,Roseway Heights,Neighborhood Program,Roosevelt,high_school_area,0,415
2025-26,Middle,Roseway Heights,Neighborhood Program,Out of District/Undetermined,other,12,415
2025-26,Middle,Roseway Heights,Spanish Immersion,School's own neighborhood,own_neighborhood,72,93
2025-26,Middle,Roseway Heights,Spanish Immersion,Cleveland,high_school_area,0,93
2025-26,Middle,Roseway Heights,Spanish Immersion,Franklin,high_school_area,1,93
2025-26,Middle,Roseway Heights,Spanish Immersion,Grant,high_school_area,2,93
2025-26,Middle,Roseway Heights,Spanish Immersion,Ida B. Wells-Barnett,high_school_area,0,93
2025-26,Middle,Roseway Heights,Spanish Immersion,Jefferson/Grant,high_school_area,0,93
2025-26,Middle,Roseway Heights,Spanish Immersion,Jefferson/McDaniel,high_school_area,0,93
2025-26,Middle,Roseway Heights,Spanish Immersion,Jefferson/Roosevelt,high_school_area,0,93
2025-26,Middle,Roseway Heights,Spanish Immersion,Lincoln,high_school_area,0,93
2025-26,Middle,Roseway Heights,Spanish Immersion,McDaniel,high_school_area,11,93
2025-26,Middle,Roseway Heights,Spanish Immersion,Roosevelt,high_school_area,0,93
2025-26,Middle,Roseway Heights,Spanish Immersion,Out of District/Undetermined,other,7,93
2025-26,Middle,Roseway Heights,Vietnamese Immersion,School's own neighborhood,own_neighborhood,22,64
2025-26,Middle,Roseway Heights,Vietnamese Immersion,Cleveland,high_school_area,1,64
2025-26,Middle,Roseway Heights,Vietnamese Immersion,Franklin,high_school_area,7,64
2025-26,Middle,Roseway Heights,Vietnamese Immersion,Grant,high_school_area,2,64
2025-26,Middle,Roseway Heights,Vietnamese Immersion,Ida B. Wells-Barnett,high_school_area,0,64
2025-26,Middle,Roseway Heights,Vietnamese Immersion,Jefferson/Grant,high_school_area,0,64
2025-26,Middle,Roseway Heights,Vietnamese Immersion,Jefferson/McDaniel,high_school_area,1,64
2025-26,Middle,Roseway Heights,Vietnamese Immersion,Jefferson/Roosevelt,high_school_area,2,64
2025-26,Middle,Roseway Heights,Vietnamese Immersion,Lincoln,high_school_area,0,64
2025-26,Middle,Roseway Heights,Vietnamese Immersion,McDaniel,high_school_area,15,64
2025-26,Middle,Roseway Heights,Vietnamese Immersion,Roosevelt,high_school_area,0,64
2025-26,Middle,Roseway Heights,Vietnamese Immersion,Out of District/Undetermined,other,14,64
2025-26,Middle,Sellwood,,School's own neighborhood,own_neighborhood,534,564
2025-26,Middle,Sellwood,,Cleveland,high_school_area,16,564
2025-26,Middle,Sellwood,,Franklin,high_school_area,2,564
2025-26,Middle,Sellwood,,Grant,high_school_area,0,564
2025-26,Middle,Sellwood,,Ida B. Wells-Barnett,high_school_area,0,564
2025-26,Middle,Sellwood,,Jefferson/Grant,high_school_area,0,564
2025-26,Middle,Sellwood,,Jefferson/McDaniel,high_school_area,2,564
2025-26,Middle,Sellwood,,Jefferson/Roosevelt,high_school_area,1,564
2025-26,Middle,Sellwood,,Lincoln,high_school_area,1,564
2025-26,Middle,Sellwood,,McDaniel,high_school_area,0,564
2025-26,Middle,Sellwood,,Roosevelt,high_school_area,1,564
2025-26,Middle,Sellwood,,Out of District/Undetermined,other,7,564
2025-26,Middle,West Sylvan,Neighborhood Program,School's own neighborhood,own_neighborhood,539,567
2025-26,Middle,West Sylvan,Neighborhood Program,Cleveland,high_school_area,2,567
2025-26,Middle,West Sylvan,Neighborhood Program,Franklin,high_school_area,1,567
2025-26,Middle,West Sylvan,Neighborhood Program,Grant,high_school_area,0,567
2025-26,Middle,West Sylvan,Neighborhood Program,Ida B. Wells-Barnett,high_school_area,12,567
2025-26,Middle,West Sylvan,Neighborhood Program,Jefferson/Grant,high_school_area,0,567
2025-26,Middle,West Sylvan,Neighborhood Program,Jefferson/McDaniel,high_school_area,0,567
2025-26,Middle,West Sylvan,Neighborhood Program,Jefferson/Roosevelt,high_school_area,0,567
2025-26,Middle,West Sylvan,Neighborhood Program,Lincoln,high_school_area,4,567
2025-26,Middle,West Sylvan,Neighborhood Program,McDaniel,high_school_area,1,567
2025-26,Middle,West Sylvan,Neighborhood Program,Roosevelt,high_school_area,2,567
2025-26,Middle,West Sylvan,Neighborhood Program,Out of District/Undetermined,other,6,567
2025-26,Middle,West Sylvan,Spanish Immersion,School's own neighborhood,own_neighborhood,74,116
2025-26,Middle,West Sylvan,Spanish Immersion,Cleveland,high_school_area,1,116
2025-26,Middle,West Sylvan,Spanish Immersion,Franklin,high_school_area,1,116
2025-26,Middle,West Sylvan,Spanish Immersion,Grant,high_school_area,0,116
2025-26,Middle,West Sylvan,Spanish Immersion,Ida B. Wells-Barnett,high_school_area,36,116
2025-26,Middle,West Sylvan,Spanish Immersion,Jefferson/Grant,high_school_area,0,116
2025-26,Middle,West Sylvan,Spanish Immersion,Jefferson/McDaniel,high_school_area,0,116
2025-26,Middle,West Sylvan,Spanish Immersion,Jefferson/Roosevelt,high_school_area,1,116
2025-26,Middle,West Sylvan,Spanish Immersion,Lincoln,high_school_area,0,116
2025-26,Middle,West Sylvan,Spanish Immersion,McDaniel,high_school_area,1,116
2025-26,Middle,West Sylvan,Spanish Immersion,Roosevelt,high_school_area,0,116
2025-26,Middle,West Sylvan,Spanish Immersion,Out of District/Undetermined,other,2,116
2025-26,High,Benson,,School's own neighborhood,own_neighborhood,0,1025
2025-26,High,Benson,,Cleveland,high_school_area,225,1025
2025-26,High,Benson,,Franklin,high_school_area,173,1025
2025-26,High,Benson,,Grant,high_school_area,36,1025
2025-26,High,Benson,,Ida B. Wells-Barnett,high_school_area,45,1025
2025-26,High,Benson,,Jefferson/Grant,high_school_area,78,1025
2025-26,High,Benson,,Jefferson/McDaniel,high_school_area,39,1025
2025-26,High,Benson,,Jefferson/Roosevelt,high_school_area,143,1025
2025-26,High,Benson,,Lincoln,high_school_area,14,1025
2025-26,High,Benson,,McDaniel,high_school_area,145,1025
2025-26,High,Benson,,Roosevelt,high_school_area,73,1025
2025-26,High,Benson,,Out of District/Undetermined,other,54,1025
2025-26,High,Cleveland,Mandarin Immersion,School's own neighborhood,own_neighborhood,69,115
2025-26,High,Cleveland,Mandarin Immersion,Cleveland,high_school_area,0,115
2025-26,High,Cleveland,Mandarin Immersion,Franklin,high_school_area,27,115
2025-26,High,Cleveland,Mandarin Immersion,Grant,high_school_area,0,115
2025-26,High,Cleveland,Mandarin Immersion,Ida B. Wells-Barnett,high_school_area,1,115
2025-26,High,Cleveland,Mandarin Immersion,Jefferson/Grant,high_school_area,1,115
2025-26,High,Cleveland,Mandarin Immersion,Jefferson/McDaniel,high_school_area,0,115
2025-26,High,Cleveland,Mandarin Immersion,Jefferson/Roosevelt,high_school_area,1,115
2025-26,High,Cleveland,Mandarin Immersion,Lincoln,high_school_area,0,115
2025-26,High,Cleveland,Mandarin Immersion,McDaniel,high_school_area,9,115
2025-26,High,Cleveland,Mandarin Immersion,Roosevelt,high_school_area,0,115
2025-26,High,Cleveland,Mandarin Immersion,Out of District/Undetermined,other,7,115
2025-26,High,Cleveland,Neighborhood Program,School's own neighborhood,own_neighborhood,1265,1336
2025-26,High,Cleveland,Neighborhood Program,Cleveland,high_school_area,0,1336
2025-26,High,Cleveland,Neighborhood Program,Franklin,high_school_area,34,1336
2025-26,High,Cleveland,Neighborhood Program,Grant,high_school_area,0,1336
2025-26,High,Cleveland,Neighborhood Program,Ida B. Wells-Barnett,high_school_area,2,1336
2025-26,High,Cleveland,Neighborhood Program,Jefferson/Grant,high_school_area,2,1336
2025-26,High,Cleveland,Neighborhood Program,Jefferson/McDaniel,high_school_area,2,1336
2025-26,High,Cleveland,Neighborhood Program,Jefferson/Roosevelt,high_school_area,3,1336
2025-26,High,Cleveland,Neighborhood Program,Lincoln,high_school_area,2,1336
2025-26,High,Cleveland,Neighborhood Program,McDaniel,high_school_area,10,1336
2025-26,High,Cleveland,Neighborhood Program,Roosevelt,high_school_area,1,1336
2025-26,High,Cleveland,Neighborhood Program,Out of District/Undetermined,other,15,1336
2025-26,High,Franklin,Neighborhood Program,School's own neighborhood,own_neighborhood,1481,1578
2025-26,High,Franklin,Neighborhood Program,Cleveland,high_school_area,45,1578
2025-26,High,Franklin,Neighborhood Program,Franklin,high_school_area,0,1578
2025-26,High,Franklin,Neighborhood Program,Grant,high_school_area,5,1578
2025-26,High,Franklin,Neighborhood Program,Ida B. Wells-Barnett,high_school_area,0,1578
2025-26,High,Franklin,Neighborhood Program,Jefferson/Grant,high_school_area,1,1578
2025-26,High,Franklin,Neighborhood Program,Jefferson/McDaniel,high_school_area,0,1578
2025-26,High,Franklin,Neighborhood Program,Jefferson/Roosevelt,high_school_area,3,1578
2025-26,High,Franklin,Neighborhood Program,Lincoln,high_school_area,0,1578
2025-26,High,Franklin,Neighborhood Program,McDaniel,high_school_area,13,1578
2025-26,High,Franklin,Neighborhood Program,Roosevelt,high_school_area,1,1578
2025-26,High,Franklin,Neighborhood Program,Out of District/Undetermined,other,29,1578
2025-26,High,Franklin,Russian Immersion,School's own neighborhood,own_neighborhood,13,29
2025-26,High,Franklin,Russian Immersion,Cleveland,high_school_area,1,29
2025-26,High,Franklin,Russian Immersion,Franklin,high_school_area,0,29
2025-26,High,Franklin,Russian Immersion,Grant,high_school_area,0,29
2025-26,High,Franklin,Russian Immersion,Ida B. Wells-Barnett,high_school_area,0,29
2025-26,High,Franklin,Russian Immersion,Jefferson/Grant,high_school_area,0,29
2025-26,High,Franklin,Russian Immersion,Jefferson/McDaniel,high_school_area,0,29
2025-26,High,Franklin,Russian Immersion,Jefferson/Roosevelt,high_school_area,0,29
2025-26,High,Franklin,Russian Immersion,Lincoln,high_school_area,0,29
2025-26,High,Franklin,Russian Immersion,McDaniel,high_school_area,1,29
2025-26,High,Franklin,Russian Immersion,Roosevelt,high_school_area,0,29
2025-26,High,Franklin,Russian Immersion,Out of District/Undetermined,other,14,29
2025-26,High,Franklin,Spanish Immersion,School's own neighborhood,own_neighborhood,144,173
2025-26,High,Franklin,Spanish Immersion,Cleveland,high_school_area,20,173
2025-26,High,Franklin,Spanish Immersion,Franklin,high_school_area,0,173
2025-26,High,Franklin,Spanish Immersion,Grant,high_school_area,0,173
2025-26,High,Franklin,Spanish Immersion,Ida B. Wells-Barnett,high_school_area,0,173
2025-26,High,Franklin,Spanish Immersion,Jefferson/Grant,high_school_area,0,173
2025-26,High,Franklin,Spanish Immersion,Jefferson/McDaniel,high_school_area,0,173
2025-26,High,Franklin,Spanish Immersion,Jefferson/Roosevelt,high_school_area,0,173
2025-26,High,Franklin,Spanish Immersion,Lincoln,high_school_area,0,173
2025-26,High,Franklin,Spanish Immersion,McDaniel,high_school_area,5,173
2025-26,High,Franklin,Spanish Immersion,Roosevelt,high_school_area,0,173
2025-26,High,Franklin,Spanish Immersion,Out of District/Undetermined,other,4,173
2025-26,High,Grant,Japanese Immersion,School's own neighborhood,own_neighborhood,28,265
2025-26,High,Grant,Japanese Immersion,Cleveland,high_school_area,47,265
2025-26,High,Grant,Japanese Immersion,Franklin,high_school_area,75,265
2025-26,High,Grant,Japanese Immersion,Grant,high_school_area,0,265
2025-26,High,Grant,Japanese Immersion,Ida B. Wells-Barnett,high_school_area,14,265
2025-26,High,Grant,Japanese Immersion,Jefferson/Grant,high_school_area,10,265
2025-26,High,Grant,Japanese Immersion,Jefferson/McDaniel,high_school_area,19,265
2025-26,High,Grant,Japanese Immersion,Jefferson/Roosevelt,high_school_area,13,265
2025-26,High,Grant,Japanese Immersion,Lincoln,high_school_area,3,265
2025-26,High,Grant,Japanese Immersion,McDaniel,high_school_area,40,265
2025-26,High,Grant,Japanese Immersion,Roosevelt,high_school_area,5,265
2025-26,High,Grant,Japanese Immersion,Out of District/Undetermined,other,11,265
2025-26,High,Grant,Neighborhood Program,School's own neighborhood,own_neighborhood,1039,1809
2025-26,High,Grant,Neighborhood Program,Cleveland,high_school_area,14,1809
2025-26,High,Grant,Neighborhood Program,Franklin,high_school_area,28,1809
2025-26,High,Grant,Neighborhood Program,Grant,high_school_area,0,1809
2025-26,High,Grant,Neighborhood Program,Ida B. Wells-Barnett,high_school_area,2,1809
2025-26,High,Grant,Neighborhood Program,Jefferson/Grant,high_school_area,652,1809
2025-26,High,Grant,Neighborhood Program,Jefferson/McDaniel,high_school_area,17,1809
2025-26,High,Grant,Neighborhood Program,Jefferson/Roosevelt,high_school_area,17,1809
2025-26,High,Grant,Neighborhood Program,Lincoln,high_school_area,1,1809
2025-26,High,Grant,Neighborhood Program,McDaniel,high_school_area,23,1809
2025-26,High,Grant,Neighborhood Program,Roosevelt,high_school_area,9,1809
2025-26,High,Grant,Neighborhood Program,Out of District/Undetermined,other,7,1809
2025-26,High,Ida B. Wells-Barnett,,School's own neighborhood,own_neighborhood,1539,1574
2025-26,High,Ida B. Wells-Barnett,,Cleveland,high_school_area,4,1574
2025-26,High,Ida B. Wells-Barnett,,Franklin,high_school_area,3,1574
2025-26,High,Ida B. Wells-Barnett,,Grant,high_school_area,0,1574
2025-26,High,Ida B. Wells-Barnett,,Ida B. Wells-Barnett,high_school_area,0,1574
2025-26,High,Ida B. Wells-Barnett,,Jefferson/Grant,high_school_area,2,1574
2025-26,High,Ida B. Wells-Barnett,,Jefferson/McDaniel,high_school_area,1,1574
2025-26,High,Ida B. Wells-Barnett,,Jefferson/Roosevelt,high_school_area,1,1574
2025-26,High,Ida B. Wells-Barnett,,Lincoln,high_school_area,10,1574
2025-26,High,Ida B. Wells-Barnett,,McDaniel,high_school_area,1,1574
2025-26,High,Ida B. Wells-Barnett,,Roosevelt,high_school_area,0,1574
2025-26,High,Ida B. Wells-Barnett,,Out of District/Undetermined,other,13,1574
2025-26,High,Jefferson,Mandarin Immersion,School's own neighborhood,own_neighborhood,9,14
2025-26,High,Jefferson,Mandarin Immersion,Cleveland,high_school_area,0,14
2025-26,High,Jefferson,Mandarin Immersion,Franklin,high_school_area,0,14
2025-26,High,Jefferson,Mandarin Immersion,Grant,high_school_area,0,14
2025-26,High,Jefferson,Mandarin Immersion,Ida B. Wells-Barnett,high_school_area,1,14
2025-26,High,Jefferson,Mandarin Immersion,Jefferson/Grant,high_school_area,0,14
2025-26,High,Jefferson,Mandarin Immersion,Jefferson/McDaniel,high_school_area,0,14
2025-26,High,Jefferson,Mandarin Immersion,Jefferson/Roosevelt,high_school_area,0,14
2025-26,High,Jefferson,Mandarin Immersion,Lincoln,high_school_area,0,14
2025-26,High,Jefferson,Mandarin Immersion,McDaniel,high_school_area,0,14
2025-26,High,Jefferson,Mandarin Immersion,Roosevelt,high_school_area,3,14
2025-26,High,Jefferson,Mandarin Immersion,Out of District/Undetermined,other,1,14
2025-26,High,Jefferson,Neighborhood Program,School's own neighborhood,own_neighborhood,322,377
2025-26,High,Jefferson,Neighborhood Program,Cleveland,high_school_area,2,377
2025-26,High,Jefferson,Neighborhood Program,Franklin,high_school_area,3,377
2025-26,High,Jefferson,Neighborhood Program,Grant,high_school_area,3,377
2025-26,High,Jefferson,Neighborhood Program,Ida B. Wells-Barnett,high_school_area,1,377
2025-26,High,Jefferson,Neighborhood Program,Jefferson/Grant,high_school_area,0,377
2025-26,High,Jefferson,Neighborhood Program,Jefferson/McDaniel,high_school_area,0,377
2025-26,High,Jefferson,Neighborhood Program,Jefferson/Roosevelt,high_school_area,0,377
2025-26,High,Jefferson,Neighborhood Program,Lincoln,high_school_area,3,377
2025-26,High,Jefferson,Neighborhood Program,McDaniel,high_school_area,10,377
2025-26,High,Jefferson,Neighborhood Program,Roosevelt,high_school_area,26,377
2025-26,High,Jefferson,Neighborhood Program,Out of District/Undetermined,other,7,377
2025-26,High,Lincoln,Neighborhood Program,School's own neighborhood,own_neighborhood,1302,1469
2025-26,High,Lincoln,Neighborhood Program,Cleveland,high_school_area,16,1469
2025-26,High,Lincoln,Neighborhood Program,Franklin,high_school_area,11,1469
2025-26,High,Lincoln,Neighborhood Program,Grant,high_school_area,9,1469
2025-26,High,Lincoln,Neighborhood Program,Ida B. Wells-Barnett,high_school_area,48,1469
2025-26,High,Lincoln,Neighborhood Program,Jefferson/Grant,high_school_area,14,1469
2025-26,High,Lincoln,Neighborhood Program,Jefferson/McDaniel,high_school_area,3,1469
2025-26,High,Lincoln,Neighborhood Program,Jefferson/Roosevelt,high_school_area,16,1469
2025-26,High,Lincoln,Neighborhood Program,Lincoln,high_school_area,0,1469
2025-26,High,Lincoln,Neighborhood Program,McDaniel,high_school_area,5,1469
2025-26,High,Lincoln,Neighborhood Program,Roosevelt,high_school_area,8,1469
2025-26,High,Lincoln,Neighborhood Program,Out of District/Undetermined,other,37,1469
2025-26,High,Lincoln,Spanish Immersion,School's own neighborhood,own_neighborhood,116,178
2025-26,High,Lincoln,Spanish Immersion,Cleveland,high_school_area,1,178
2025-26,High,Lincoln,Spanish Immersion,Franklin,high_school_area,2,178
2025-26,High,Lincoln,Spanish Immersion,Grant,high_school_area,0,178
2025-26,High,Lincoln,Spanish Immersion,Ida B. Wells-Barnett,high_school_area,52,178
2025-26,High,Lincoln,Spanish Immersion,Jefferson/Grant,high_school_area,1,178
2025-26,High,Lincoln,Spanish Immersion,Jefferson/McDaniel,high_school_area,0,178
2025-26,High,Lincoln,Spanish Immersion,Jefferson/Roosevelt,high_school_area,3,178
2025-26,High,Lincoln,Spanish Immersion,Lincoln,high_school_area,0,178
2025-26,High,Lincoln,Spanish Immersion,McDaniel,high_school_area,0,178
2025-26,High,Lincoln,Spanish Immersion,Roosevelt,high_school_area,1,178
2025-26,High,Lincoln,Spanish Immersion,Out of District/Undetermined,other,2,178
2025-26,High,McDaniel,Neighborhood Program,School's own neighborhood,own_neighborhood,975,1325
2025-26,High,McDaniel,Neighborhood Program,Cleveland,high_school_area,9,1325
2025-26,High,McDaniel,Neighborhood Program,Franklin,high_school_area,39,1325
2025-26,High,McDaniel,Neighborhood Program,Grant,high_school_area,7,1325
2025-26,High,McDaniel,Neighborhood Program,Ida B. Wells-Barnett,high_school_area,0,1325
2025-26,High,McDaniel,Neighborhood Program,Jefferson/Grant,high_school_area,10,1325
2025-26,High,McDaniel,Neighborhood Program,Jefferson/McDaniel,high_school_area,208,1325
2025-26,High,McDaniel,Neighborhood Program,Jefferson/Roosevelt,high_school_area,14,1325
2025-26,High,McDaniel,Neighborhood Program,Lincoln,high_school_area,1,1325
2025-26,High,McDaniel,Neighborhood Program,McDaniel,high_school_area,0,1325
2025-26,High,McDaniel,Neighborhood Program,Roosevelt,high_school_area,8,1325
2025-26,High,McDaniel,Neighborhood Program,Out of District/Undetermined,other,54,1325
2025-26,High,McDaniel,Portland International Scholars,School's own neighborhood,own_neighborhood,38,65
2025-26,High,McDaniel,Portland International Scholars,Cleveland,high_school_area,4,65
2025-26,High,McDaniel,Portland International Scholars,Franklin,high_school_area,2,65
2025-26,High,McDaniel,Portland International Scholars,Grant,high_school_area,2,65
2025-26,High,McDaniel,Portland International Scholars,Ida B. Wells-Barnett,high_school_area,1,65
2025-26,High,McDaniel,Portland International Scholars,Jefferson/Grant,high_school_area,3,65
2025-26,High,McDaniel,Portland International Scholars,Jefferson/McDaniel,high_school_area,0,65
2025-26,High,McDaniel,Portland International Scholars,Jefferson/Roosevelt,high_school_area,0,65
2025-26,High,McDaniel,Portland International Scholars,Lincoln,high_school_area,6,65
2025-26,High,McDaniel,Portland International Scholars,McDaniel,high_school_area,0,65
2025-26,High,McDaniel,Portland International Scholars,Roosevelt,high_school_area,0,65
2025-26,High,McDaniel,Portland International Scholars,Out of District/Undetermined,other,9,65
2025-26,High,McDaniel,Spanish Immersion,School's own neighborhood,own_neighborhood,178,205
2025-26,High,McDaniel,Spanish Immersion,Cleveland,high_school_area,0,205
2025-26,High,McDaniel,Spanish Immersion,Franklin,high_school_area,3,205
2025-26,High,McDaniel,Spanish Immersion,Grant,high_school_area,2,205
2025-26,High,McDaniel,Spanish Immersion,Ida B. Wells-Barnett,high_school_area,0,205
2025-26,High,McDaniel,Spanish Immersion,Jefferson/Grant,high_school_area,1,205
2025-26,High,McDaniel,Spanish Immersion,Jefferson/McDaniel,high_school_area,6,205
2025-26,High,McDaniel,Spanish Immersion,Jefferson/Roosevelt,high_school_area,0,205
2025-26,High,McDaniel,Spanish Immersion,Lincoln,high_school_area,0,205
2025-26,High,McDaniel,Spanish Immersion,McDaniel,high_school_area,0,205
2025-26,High,McDaniel,Spanish Immersion,Roosevelt,high_school_area,1,205
2025-26,High,McDaniel,Spanish Immersion,Out of District/Undetermined,other,14,205
2025-26,High,McDaniel,Vietnamese Immersion,School's own neighborhood,own_neighborhood,16,34
2025-26,High,McDaniel,Vietnamese Immersion,Cleveland,high_school_area,0,34
2025-26,High,McDaniel,Vietnamese Immersion,Franklin,high_school_area,5,34
2025-26,High,McDaniel,Vietnamese Immersion,Grant,high_school_area,0,34
2025-26,High,McDaniel,Vietnamese Immersion,Ida B. Wells-Barnett,high_school_area,2,34
2025-26,High,McDaniel,Vietnamese Immersion,Jefferson/Grant,high_school_area,0,34
2025-26,High,McDaniel,Vietnamese Immersion,Jefferson/McDaniel,high_school_area,2,34
2025-26,High,McDaniel,Vietnamese Immersion,Jefferson/Roosevelt,high_school_area,1,34
2025-26,High,McDaniel,Vietnamese Immersion,Lincoln,high_school_area,0,34
2025-26,High,McDaniel,Vietnamese Immersion,McDaniel,high_school_area,0,34
2025-26,High,McDaniel,Vietnamese Immersion,Roosevelt,high_school_area,0,34
2025-26,High,McDaniel,Vietnamese Immersion,Out of District/Undetermined,other,8,34
2025-26,High,Roosevelt,Neighborhood Program,School's own neighborhood,own_neighborhood,659,1082
2025-26,High,Roosevelt,Neighborhood Program,Cleveland,high_school_area,0,1082
2025-26,High,Roosevelt,Neighborhood Program,Franklin,high_school_area,0,1082
2025-26,High,Roosevelt,Neighborhood Program,Grant,high_school_area,1,1082
2025-26,High,Roosevelt,Neighborhood Program,Ida B. Wells-Barnett,high_school_area,0,1082
2025-26,High,Roosevelt,Neighborhood Program,Jefferson/Grant,high_school_area,10,1082
2025-26,High,Roosevelt,Neighborhood Program,Jefferson/McDaniel,high_school_area,2,1082
2025-26,High,Roosevelt,Neighborhood Program,Jefferson/Roosevelt,high_school_area,395,1082
2025-26,High,Roosevelt,Neighborhood Program,Lincoln,high_school_area,3,1082
2025-26,High,Roosevelt,Neighborhood Program,McDaniel,high_school_area,7,1082
2025-26,High,Roosevelt,Neighborhood Program,Roosevelt,high_school_area,0,1082
2025-26,High,Roosevelt,Neighborhood Program,Out of District/Undetermined,other,5,1082
2025-26,High,Roosevelt,Portland International Scholars,School's own neighborhood,own_neighborhood,33,38
2025-26,High,Roosevelt,Portland International Scholars,Cleveland,high_school_area,0,38
2025-26,High,Roosevelt,Portland International Scholars,Franklin,high_school_area,0,38
2025-26,High,Roosevelt,Portland International Scholars,Grant,high_school_area,0,38
2025-26,High,Roosevelt,Portland International Scholars,Ida B. Wells-Barnett,high_school_area,0,38
2025-26,High,Roosevelt,Portland International Scholars,Jefferson/Grant,high_school_area,0,38
2025-26,High,Roosevelt,Portland International Scholars,Jefferson/McDaniel,high_school_area,0,38
2025-26,High,Roosevelt,Portland International Scholars,Jefferson/Roosevelt,high_school_area,5,38
2025-26,High,Roosevelt,Portland International Scholars,Lincoln,high_school_area,0,38
2025-26,High,Roosevelt,Portland International Scholars,McDaniel,high_school_area,0,38
2025-26,High,Roosevelt,Portland International Scholars,Roosevelt,high_school_area,0,38
2025-26,High,Roosevelt,Portland International Scholars,Out of District/Undetermined,other,0,38
2025-26,High,Roosevelt,Spanish Immersion,School's own neighborhood,own_neighborhood,218,299
2025-26,High,Roosevelt,Spanish Immersion,Cleveland,high_school_area,0,299
2025-26,High,Roosevelt,Spanish Immersion,Franklin,high_school_area,0,299
2025-26,High,Roosevelt,Spanish Immersion,Grant,high_school_area,0,299
2025-26,High,Roosevelt,Spanish Immersion,Ida B. Wells-Barnett,high_school_area,0,299
2025-26,High,Roosevelt,Spanish Immersion,Jefferson/Grant,high_school_area,1,299
2025-26,High,Roosevelt,Spanish Immersion,Jefferson/McDaniel,high_school_area,5,299
2025-26,High,Roosevelt,Spanish Immersion,Jefferson/Roosevelt,high_school_area,73,299
2025-26,High,Roosevelt,Spanish Immersion,Lincoln,high_school_area,0,299
2025-26,High,Roosevelt,Spanish Immersion,McDaniel,high_school_area,0,299
2025-26,High,Roosevelt,Spanish Immersion,Roosevelt,high_school_area,0,299
2025-26,High,Roosevelt,Spanish Immersion,Out of District/Undetermined,other,2,299
2025-26,Alternative,ACCESS,,School's own neighborhood,own_neighborhood,0,324
2025-26,Alternative,ACCESS,,Cleveland,high_school_area,54,324
2025-26,Alternative,ACCESS,,Franklin,high_school_area,46,324
2025-26,Alternative,ACCESS,,Grant,high_school_area,34,324
2025-26,Alternative,ACCESS,,Ida B. Wells-Barnett,high_school_area,56,324
2025-26,Alternative,ACCESS,,Jefferson/Grant,high_school_area,31,324
2025-26,Alternative,ACCESS,,Jefferson/McDaniel,high_school_area,7,324
2025-26,Alternative,ACCESS,,Jefferson/Roosevelt,high_school_area,22,324
2025-26,Alternative,ACCESS,,Lincoln,high_school_area,27,324
2025-26,Alternative,ACCESS,,McDaniel,high_school_area,29,324
2025-26,Alternative,ACCESS,,Roosevelt,high_school_area,12,324
2025-26,Alternative,ACCESS,,Out of District/Undetermined,other,6,324
2025-26,Alternative,Alliance,Alliance - Alder,School's own neighborhood,own_neighborhood,0,130
2025-26,Alternative,Alliance,Alliance - Alder,Cleveland,high_school_area,14,130
2025-26,Alternative,Alliance,Alliance - Alder,Franklin,high_school_area,7,130
2025-26,Alternative,Alliance,Alliance - Alder,Grant,high_school_area,14,130
2025-26,Alternative,Alliance,Alliance - Alder,Ida B. Wells-Barnett,high_school_area,7,130
2025-26,Alternative,Alliance,Alliance - Alder,Jefferson/Grant,high_school_area,16,130
2025-26,Alternative,Alliance,Alliance - Alder,Jefferson/McDaniel,high_school_area,5,130
2025-26,Alternative,Alliance,Alliance - Alder,Jefferson/Roosevelt,high_school_area,16,130
2025-26,Alternative,Alliance,Alliance - Alder,Lincoln,high_school_area,7,130
2025-26,Alternative,Alliance,Alliance - Alder,McDaniel,high_school_area,28,130
2025-26,Alternative,Alliance,Alliance - Alder,Roosevelt,high_school_area,12,130
2025-26,Alternative,Alliance,Alliance - Alder,Out of District/Undetermined,other,4,130
2025-26,Alternative,Alliance,Alliance - Cedar,School's own neighborhood,own_neighborhood,0,87
2025-26,Alternative,Alliance,Alliance - Cedar,Cleveland,high_school_area,14,87
2025-26,Alternative,Alliance,Alliance - Cedar,Franklin,high_school_area,5,87
2025-26,Alternative,Alliance,Alliance - Cedar,Grant,high_school_area,5,87
2025-26,Alternative,Alliance,Alliance - Cedar,Ida B. Wells-Barnett,high_school_area,3,87
2025-26,Alternative,Alliance,Alliance - Cedar,Jefferson/Grant,high_school_area,9,87
2025-26,Alternative,Alliance,Alliance - Cedar,Jefferson/McDaniel,high_school_area,2,87
2025-26,Alternative,Alliance,Alliance - Cedar,Jefferson/Roosevelt,high_school_area,17,87
2025-26,Alternative,Alliance,Alliance - Cedar,Lincoln,high_school_area,9,87
2025-26,Alternative,Alliance,Alliance - Cedar,McDaniel,high_school_area,9,87
2025-26,Alternative,Alliance,Alliance - Cedar,Roosevelt,high_school_area,13,87
2025-26,Alternative,Alliance,Alliance - Cedar,Out of District/Undetermined,other,1,87
2025-26,Alternative,Metro. Learning Center,,School's own neighborhood,own_neighborhood,0,275
2025-26,Alternative,Metro. Learning Center,,Cleveland,high_school_area,19,275
2025-26,Alternative,Metro. Learning Center,,Franklin,high_school_area,10,275
2025-26,Alternative,Metro. Learning Center,,Grant,high_school_area,10,275
2025-26,Alternative,Metro. Learning Center,,Ida B. Wells-Barnett,high_school_area,35,275
2025-26,Alternative,Metro. Learning Center,,Jefferson/Grant,high_school_area,25,275
2025-26,Alternative,Metro. Learning Center,,Jefferson/McDaniel,high_school_area,11,275
2025-26,Alternative,Metro. Learning Center,,Jefferson/Roosevelt,high_school_area,63,275
2025-26,Alternative,Metro. Learning Center,,Lincoln,high_school_area,49,275
2025-26,Alternative,Metro. Learning Center,,McDaniel,high_school_area,14,275
2025-26,Alternative,Metro. Learning Center,,Roosevelt,high_school_area,32,275
2025-26,Alternative,Metro. Learning Center,,Out of District/Undetermined,other,7,275
2025-26,CBO,Mt Scott Learning Center,,School's own neighborhood,own_neighborhood,0,84
2025-26,CBO,Mt Scott Learning Center,,Cleveland,high_school_area,16,84
2025-26,CBO,Mt Scott Learning Center,,Franklin,high_school_area,42,84
2025-26,CBO,Mt Scott Learning Center,,Grant,high_school_area,1,84
2025-26,CBO,Mt Scott Learning Center,,Ida B. Wells-Barnett,high_school_area,4,84
2025-26,CBO,Mt Scott Learning Center,,Jefferson/Grant,high_school_area,2,84
2025-26,CBO,Mt Scott Learning Center,,Jefferson/McDaniel,high_school_area,1,84
2025-26,CBO,Mt Scott Learning Center,,Jefferson/Roosevelt,high_school_area,0,84
2025-26,CBO,Mt Scott Learning Center,,Lincoln,high_school_area,0,84
2025-26,CBO,Mt Scott Learning Center,,McDaniel,high_school_area,11,84
2025-26,CBO,Mt Scott Learning Center,,Roosevelt,high_school_area,0,84
2025-26,CBO,Mt Scott Learning Center,,Out of District/Undetermined,other,7,84
2025-26,CBO,NAYA Many Nations Academy,,School's own neighborhood,own_neighborhood,0,55
2025-26,CBO,NAYA Many Nations Academy,,Cleveland,high_school_area,4,55
2025-26,CBO,NAYA Many Nations Academy,,Franklin,high_school_area,5,55
2025-26,CBO,NAYA Many Nations Academy,,Grant,high_school_area,1,55
2025-26,CBO,NAYA Many Nations Academy,,Ida B. Wells-Barnett,high_school_area,0,55
2025-26,CBO,NAYA Many Nations Academy,,Jefferson/Grant,high_school_area,4,55
2025-26,CBO,NAYA Many Nations Academy,,Jefferson/McDaniel,high_school_area,2,55
2025-26,CBO,NAYA Many Nations Academy,,Jefferson/Roosevelt,high_school_area,7,55
2025-26,CBO,NAYA Many Nations Academy,,Lincoln,high_school_area,4,55
2025-26,CBO,NAYA Many Nations Academy,,McDaniel,high_school_area,16,55
2025-26,CBO,NAYA Many Nations Academy,,Roosevelt,high_school_area,4,55
2025-26,CBO,NAYA Many Nations Academy,,Out of District/Undetermined,other,8,55
2025-26,CBO,PCC,P.C.C. H.S. Completion,School's own neighborhood,own_neighborhood,0,207
2025-26,CBO,PCC,P.C.C. H.S. Completion,Cleveland,high_school_area,21,207
2025-26,CBO,PCC,P.C.C. H.S. Completion,Franklin,high_school_area,40,207
2025-26,CBO,PCC,P.C.C. H.S. Completion,Grant,high_school_area,15,207
2025-26,CBO,PCC,P.C.C. H.S. Completion,Ida B. Wells-Barnett,high_school_area,46,207
2025-26,CBO,PCC,P.C.C. H.S. Completion,Jefferson/Grant,high_school_area,17,207
2025-26,CBO,PCC,P.C.C. H.S. Completion,Jefferson/McDaniel,high_school_area,7,207
2025-26,CBO,PCC,P.C.C. H.S. Completion,Jefferson/Roosevelt,high_school_area,12,207
2025-26,CBO,PCC,P.C.C. H.S. Completion,Lincoln,high_school_area,21,207
2025-26,CBO,PCC,P.C.C. H.S. Completion,McDaniel,high_school_area,14,207
2025-26,CBO,PCC,P.C.C. H.S. Completion,Roosevelt,high_school_area,11,207
2025-26,CBO,PCC,P.C.C. H.S. Completion,Out of District/Undetermined,other,3,207
2025-26,CBO,PCC,P.C.C. YES!,School's own neighborhood,own_neighborhood,0,192
2025-26,CBO,PCC,P.C.C. YES!,Cleveland,high_school_area,20,192
2025-26,CBO,PCC,P.C.C. YES!,Franklin,high_school_area,32,192
2025-26,CBO,PCC,P.C.C. YES!,Grant,high_school_area,4,192
2025-26,CBO,PCC,P.C.C. YES!,Ida B. Wells-Barnett,high_school_area,19,192
2025-26,CBO,PCC,P.C.C. YES!,Jefferson/Grant,high_school_area,11,192
2025-26,CBO,PCC,P.C.C. YES!,Jefferson/McDaniel,high_school_area,11,192
2025-26,CBO,PCC,P.C.C. YES!,Jefferson/Roosevelt,high_school_area,15,192
2025-26,CBO,PCC,P.C.C. YES!,Lincoln,high_school_area,24,192
2025-26,CBO,PCC,P.C.C. YES!,McDaniel,high_school_area,30,192
2025-26,CBO,PCC,P.C.C. YES!,Roosevelt,high_school_area,24,192
2025-26,CBO,PCC,P.C.C. YES!,Out of District/Undetermined,other,2,192
2025-26,CBO,Rosemary Anderson,,School's own neighborhood,own_neighborhood,0,193
2025-26,CBO,Rosemary Anderson,,Cleveland,high_school_area,5,193
2025-26,CBO,Rosemary Anderson,,Franklin,high_school_area,26,193
2025-26,CBO,Rosemary Anderson,,Grant,high_school_area,2,193
2025-26,CBO,Rosemary Anderson,,Ida B. Wells-Barnett,high_school_area,6,193
2025-26,CBO,Rosemary Anderson,,Jefferson/Grant,high_school_area,18,193
2025-26,CBO,Rosemary Anderson,,Jefferson/McDaniel,high_school_area,6,193
2025-26,CBO,Rosemary Anderson,,Jefferson/Roosevelt,high_school_area,34,193
2025-26,CBO,Rosemary Anderson,,Lincoln,high_school_area,4,193
2025-26,CBO,Rosemary Anderson,,McDaniel,high_school_area,30,193
2025-26,CBO,Rosemary Anderson,,Roosevelt,high_school_area,51,193
2025-26,CBO,Rosemary Anderson,,Out of District/Undetermined,other,11,193
2025-26,CBO,Youth Builders,,School's own neighborhood,own_neighborhood,0,6
2025-26,CBO,Youth Builders,,Cleveland,high_school_area,2,6
2025-26,CBO,Youth Builders,,Franklin,high_school_area,2,6
2025-26,CBO,Youth Builders,,Grant,high_school_area,1,6
2025-26,CBO,Youth Builders,,Ida B. Wells-Barnett,high_school_area,0,6
2025-26,CBO,Youth Builders,,Jefferson/Grant,high_school_area,0,6
2025-26,CBO,Youth Builders,,Jefferson/McDaniel,high_school_area,0,6
2025-26,CBO,Youth Builders,,Jefferson/Roosevelt,high_school_area,0,6
2025-26,CBO,Youth Builders,,Lincoln,high_school_area,0,6
2025-26,CBO,Youth Builders,,McDaniel,high_school_area,1,6
2025-26,CBO,Youth Builders,,Roosevelt,high_school_area,0,6
2025-26,CBO,Youth Builders,,Out of District/Undetermined,other,0,6
2025-26,CBO,Youth Progress Association,,School's own neighborhood,own_neighborhood,0,3
2025-26,CBO,Youth Progress Association,,Cleveland,high_school_area,3,3
2025-26,CBO,Youth Progress Association,,Franklin,high_school_area,0,3
2025-26,CBO,Youth Progress Association,,Grant,high_school_area,0,3
2025-26,CBO,Youth Progress Association,,Ida B. Wells-Barnett,high_school_area,0,3
2025-26,CBO,Youth Progress Association,,Jefferson/Grant,high_school_area,0,3
2025-26,CBO,Youth Progress Association,,Jefferson/McDaniel,high_school_area,0,3
2025-26,CBO,Youth Progress Association,,Jefferson/Roosevelt,high_school_area,0,3
2025-26,CBO,Youth Progress Association,,Lincoln,high_school_area,0,3
2025-26,CBO,Youth Progress Association,,McDaniel,high_school_area,0,3
2025-26,CBO,Youth Progress Association,,Roosevelt,high_school_area,0,3
2025-26,CBO,Youth Progress Association,,Out of District/Undetermined,other,0,3
2025-26,Special Services,CTC Northeast,,School's own neighborhood,own_neighborhood,0,41
2025-26,Special Services,CTC Northeast,,Cleveland,high_school_area,0,41
2025-26,Special Services,CTC Northeast,,Franklin,high_school_area,0,41
2025-26,Special Services,CTC Northeast,,Grant,high_school_area,1,41
2025-26,Special Services,CTC Northeast,,Ida B. Wells-Barnett,high_school_area,1,41
2025-26,Special Services,CTC Northeast,,Jefferson/Grant,high_school_area,7,41
2025-26,Special Services,CTC Northeast,,Jefferson/McDaniel,high_school_area,0,41
2025-26,Special Services,CTC Northeast,,Jefferson/Roosevelt,high_school_area,8,41
2025-26,Special Services,CTC Northeast,,Lincoln,high_school_area,0,41
2025-26,Special Services,CTC Northeast,,McDaniel,high_school_area,7,41
2025-26,Special Services,CTC Northeast,,Roosevelt,high_school_area,16,41
2025-26,Special Services,CTC Northeast,,Out of District/Undetermined,other,1,41
2025-26,Special Services,CTC Southeast,,School's own neighborhood,own_neighborhood,0,88
2025-26,Special Services,CTC Southeast,,Cleveland,high_school_area,29,88
2025-26,Special Services,CTC Southeast,,Franklin,high_school_area,29,88
2025-26,Special Services,CTC Southeast,,Grant,high_school_area,4,88
2025-26,Special Services,CTC Southeast,,Ida B. Wells-Barnett,high_school_area,6,88
2025-26,Special Services,CTC Southeast,,Jefferson/Grant,high_school_area,2,88
2025-26,Special Services,CTC Southeast,,Jefferson/McDaniel,high_school_area,1,88
2025-26,Special Services,CTC Southeast,,Jefferson/Roosevelt,high_school_area,3,88
2025-26,Special Services,CTC Southeast,,Lincoln,high_school_area,4,88
2025-26,Special Services,CTC Southeast,,McDaniel,high_school_area,7,88
2025-26,Special Services,CTC Southeast,,Roosevelt,high_school_area,1,88
2025-26,Special Services,CTC Southeast,,Out of District/Undetermined,other,2,88
2025-26,Special Services,DART Programs,Counterpoint,School's own neighborhood,own_neighborhood,0,9
2025-26,Special Services,DART Programs,Counterpoint,Cleveland,high_school_area,0,9
2025-26,Special Services,DART Programs,Counterpoint,Franklin,high_school_area,0,9
2025-26,Special Services,DART Programs,Counterpoint,Grant,high_school_area,0,9
2025-26,Special Services,DART Programs,Counterpoint,Ida B. Wells-Barnett,high_school_area,0,9
2025-26,Special Services,DART Programs,Counterpoint,Jefferson/Grant,high_school_area,2,9
2025-26,Special Services,DART Programs,Counterpoint,Jefferson/McDaniel,high_school_area,0,9
2025-26,Special Services,DART Programs,Counterpoint,Jefferson/Roosevelt,high_school_area,0,9
2025-26,Special Services,DART Programs,Counterpoint,Lincoln,high_school_area,0,9
2025-26,Special Services,DART Programs,Counterpoint,McDaniel,high_school_area,0,9
2025-26,Special Services,DART Programs,Counterpoint,Roosevelt,high_school_area,0,9
2025-26,Special Services,DART Programs,Counterpoint,Out of District/Undetermined,other,7,9
2025-26,Special Services,DART Programs,Edwards,School's own neighborhood,own_neighborhood,0,19
2025-26,Special Services,DART Programs,Edwards,Cleveland,high_school_area,1,19
2025-26,Special Services,DART Programs,Edwards,Franklin,high_school_area,2,19
2025-26,Special Services,DART Programs,Edwards,Grant,high_school_area,1,19
2025-26,Special Services,DART Programs,Edwards,Ida B. Wells-Barnett,high_school_area,0,19
2025-26,Special Services,DART Programs,Edwards,Jefferson/Grant,high_school_area,1,19
2025-26,Special Services,DART Programs,Edwards,Jefferson/McDaniel,high_school_area,0,19
2025-26,Special Services,DART Programs,Edwards,Jefferson/Roosevelt,high_school_area,0,19
2025-26,Special Services,DART Programs,Edwards,Lincoln,high_school_area,0,19
2025-26,Special Services,DART Programs,Edwards,McDaniel,high_school_area,1,19
2025-26,Special Services,DART Programs,Edwards,Roosevelt,high_school_area,0,19
2025-26,Special Services,DART Programs,Edwards,Out of District/Undetermined,other,13,19
2025-26,Special Services,DART Programs,Kuumba School,School's own neighborhood,own_neighborhood,0,1
2025-26,Special Services,DART Programs,Kuumba School,Cleveland,high_school_area,1,1
2025-26,Special Services,DART Programs,Kuumba School,Franklin,high_school_area,0,1
2025-26,Special Services,DART Programs,Kuumba School,Grant,high_school_area,0,1
2025-26,Special Services,DART Programs,Kuumba School,Ida B. Wells-Barnett,high_school_area,0,1
2025-26,Special Services,DART Programs,Kuumba School,Jefferson/Grant,high_school_area,0,1
2025-26,Special Services,DART Programs,Kuumba School,Jefferson/McDaniel,high_school_area,0,1
2025-26,Special Services,DART Programs,Kuumba School,Jefferson/Roosevelt,high_school_area,0,1
2025-26,Special Services,DART Programs,Kuumba School,Lincoln,high_school_area,0,1
2025-26,Special Services,DART Programs,Kuumba School,McDaniel,high_school_area,0,1
2025-26,Special Services,DART Programs,Kuumba School,Roosevelt,high_school_area,0,1
2025-26,Special Services,DART Programs,Kuumba School,Out of District/Undetermined,other,0,1
2025-26,Special Services,DART Programs,SAGE,School's own neighborhood,own_neighborhood,0,10
2025-26,Special Services,DART Programs,SAGE,Cleveland,high_school_area,0,10
2025-26,Special Services,DART Programs,SAGE,Franklin,high_school_area,6,10
2025-26,Special Services,DART Programs,SAGE,Grant,high_school_area,0,10
2025-26,Special Services,DART Programs,SAGE,Ida B. Wells-Barnett,high_school_area,0,10
2025-26,Special Services,DART Programs,SAGE,Jefferson/Grant,high_school_area,0,10
2025-26,Special Services,DART Programs,SAGE,Jefferson/McDaniel,high_school_area,0,10
2025-26,Special Services,DART Programs,SAGE,Jefferson/Roosevelt,high_school_area,0,10
2025-26,Special Services,DART Programs,SAGE,Lincoln,high_school_area,0,10
2025-26,Special Services,DART Programs,SAGE,McDaniel,high_school_area,0,10
2025-26,Special Services,DART Programs,SAGE,Roosevelt,high_school_area,0,10
2025-26,Special Services,DART Programs,SAGE,Out of District/Undetermined,other,4,10
2025-26,Special Services,DART Programs,Souther School,School's own neighborhood,own_neighborhood,0,43
2025-26,Special Services,DART Programs,Souther School,Cleveland,high_school_area,34,43
2025-26,Special Services,DART Programs,Souther School,Franklin,high_school_area,1,43
2025-26,Special Services,DART Programs,Souther School,Grant,high_school_area,0,43
2025-26,Special Services,DART Programs,Souther School,Ida B. Wells-Barnett,high_school_area,0,43
2025-26,Special Services,DART Programs,Souther School,Jefferson/Grant,high_school_area,1,43
2025-26,Special Services,DART Programs,Souther School,Jefferson/McDaniel,high_school_area,0,43
2025-26,Special Services,DART Programs,Souther School,Jefferson/Roosevelt,high_school_area,0,43
2025-26,Special Services,DART Programs,Souther School,Lincoln,high_school_area,0,43
2025-26,Special Services,DART Programs,Souther School,McDaniel,high_school_area,1,43
2025-26,Special Services,DART Programs,Souther School,Roosevelt,high_school_area,1,43
2025-26,Special Services,DART Programs,Souther School,Out of District/Undetermined,other,5,43
2025-26,Special Services,PPS Pioneer Programs,Pioneer 5-8 Youngson,School's own neighborhood,own_neighborhood,0,20
2025-26,Special Services,PPS Pioneer Programs,Pioneer 5-8 Youngson,Cleveland,high_school_area,5,20
2025-26,Special Services,PPS Pioneer Programs,Pioneer 5-8 Youngson,Franklin,high_school_area,5,20
2025-26,Special Services,PPS Pioneer Programs,Pioneer 5-8 Youngson,Grant,high_school_area,0,20
2025-26,Special Services,PPS Pioneer Programs,Pioneer 5-8 Youngson,Ida B. Wells-Barnett,high_school_area,1,20
2025-26,Special Services,PPS Pioneer Programs,Pioneer 5-8 Youngson,Jefferson/Grant,high_school_area,3,20
2025-26,Special Services,PPS Pioneer Programs,Pioneer 5-8 Youngson,Jefferson/McDaniel,high_school_area,0,20
2025-26,Special Services,PPS Pioneer Programs,Pioneer 5-8 Youngson,Jefferson/Roosevelt,high_school_area,3,20
2025-26,Special Services,PPS Pioneer Programs,Pioneer 5-8 Youngson,Lincoln,high_school_area,1,20
2025-26,Special Services,PPS Pioneer Programs,Pioneer 5-8 Youngson,McDaniel,high_school_area,0,20
2025-26,Special Services,PPS Pioneer Programs,Pioneer 5-8 Youngson,Roosevelt,high_school_area,1,20
2025-26,Special Services,PPS Pioneer Programs,Pioneer 5-8 Youngson,Out of District/Undetermined,other,1,20
2025-26,Special Services,PPS Pioneer Programs,Pioneer H.S.,School's own neighborhood,own_neighborhood,0,19
2025-26,Special Services,PPS Pioneer Programs,Pioneer H.S.,Cleveland,high_school_area,2,19
2025-26,Special Services,PPS Pioneer Programs,Pioneer H.S.,Franklin,high_school_area,4,19
2025-26,Special Services,PPS Pioneer Programs,Pioneer H.S.,Grant,high_school_area,0,19
2025-26,Special Services,PPS Pioneer Programs,Pioneer H.S.,Ida B. Wells-Barnett,high_school_area,1,19
2025-26,Special Services,PPS Pioneer Programs,Pioneer H.S.,Jefferson/Grant,high_school_area,0,19
2025-26,Special Services,PPS Pioneer Programs,Pioneer H.S.,Jefferson/McDaniel,high_school_area,0,19
2025-26,Special Services,PPS Pioneer Programs,Pioneer H.S.,Jefferson/Roosevelt,high_school_area,3,19
2025-26,Special Services,PPS Pioneer Programs,Pioneer H.S.,Lincoln,high_school_area,2,19
2025-26,Special Services,PPS Pioneer Programs,Pioneer H.S.,McDaniel,high_school_area,3,19
2025-26,Special Services,PPS Pioneer Programs,Pioneer H.S.,Roosevelt,high_school_area,2,19
2025-26,Special Services,PPS Pioneer Programs,Pioneer H.S.,Out of District/Undetermined,other,2,19
2025-26,Special Services,PPS Pioneer Programs,Pioneer K-6 Holladay Center,School's own neighborhood,own_neighborhood,0,24
2025-26,Special Services,PPS Pioneer Programs,Pioneer K-6 Holladay Center,Cleveland,high_school_area,2,24
2025-26,Special Services,PPS Pioneer Programs,Pioneer K-6 Holladay Center,Franklin,high_school_area,5,24
2025-26,Special Services,PPS Pioneer Programs,Pioneer K-6 Holladay Center,Grant,high_school_area,1,24
2025-26,Special Services,PPS Pioneer Programs,Pioneer K-6 Holladay Center,Ida B. Wells-Barnett,high_school_area,3,24
2025-26,Special Services,PPS Pioneer Programs,Pioneer K-6 Holladay Center,Jefferson/Grant,high_school_area,1,24
2025-26,Special Services,PPS Pioneer Programs,Pioneer K-6 Holladay Center,Jefferson/McDaniel,high_school_area,1,24
2025-26,Special Services,PPS Pioneer Programs,Pioneer K-6 Holladay Center,Jefferson/Roosevelt,high_school_area,2,24
2025-26,Special Services,PPS Pioneer Programs,Pioneer K-6 Holladay Center,Lincoln,high_school_area,2,24
2025-26,Special Services,PPS Pioneer Programs,Pioneer K-6 Holladay Center,McDaniel,high_school_area,3,24
2025-26,Special Services,PPS Pioneer Programs,Pioneer K-6 Holladay Center,Roosevelt,high_school_area,3,24
2025-26,Special Services,PPS Pioneer Programs,Pioneer K-6 Holladay Center,Out of District/Undetermined,other,1,24
2025-26,Special Services,Providence Hospital,,School's own neighborhood,own_neighborhood,0,13
2025-26,Special Services,Providence Hospital,,Cleveland,high_school_area,0,13
2025-26,Special Services,Providence Hospital,,Franklin,high_school_area,0,13
2025-26,Special Services,Providence Hospital,,Grant,high_school_area,13,13
2025-26,Special Services,Providence Hospital,,Ida B. Wells-Barnett,high_school_area,0,13
2025-26,Special Services,Providence Hospital,,Jefferson/Grant,high_school_area,0,13
2025-26,Special Services,Providence Hospital,,Jefferson/McDaniel,high_school_area,0,13
2025-26,Special Services,Providence Hospital,,Jefferson/Roosevelt,high_school_area,0,13
2025-26,Special Services,Providence Hospital,,Lincoln,high_school_area,0,13
2025-26,Special Services,Providence Hospital,,McDaniel,high_school_area,0,13
2025-26,Special Services,Providence Hospital,,Roosevelt,high_school_area,0,13
2025-26,Special Services,Providence Hospital,,Out of District/Undetermined,other,0,13
2025-26,Special Services,Serendipity,,School's own neighborhood,own_neighborhood,0,4
2025-26,Special Services,Serendipity,,Cleveland,high_school_area,0,4
2025-26,Special Services,Serendipity,,Franklin,high_school_area,0,4
2025-26,Special Services,Serendipity,,Grant,high_school_area,0,4
2025-26,Special Services,Serendipity,,Ida B. Wells-Barnett,high_school_area,1,4
2025-26,Special Services,Serendipity,,Jefferson/Grant,high_school_area,0,4
2025-26,Special Services,Serendipity,,Jefferson/McDaniel,high_school_area,0,4
2025-26,Special Services,Serendipity,,Jefferson/Roosevelt,high_school_area,1,4
2025-26,Special Services,Serendipity,,Lincoln,high_school_area,0,4
2025-26,Special Services,Serendipity,,McDaniel,high_school_area,1,4
2025-26,Special Services,Serendipity,,Roosevelt,high_school_area,1,4
2025-26,Special Services,Serendipity,,Out of District/Undetermined,other,0,4
2025-26,Special Services,Special Education Instruction,SPED Instruction,School's own neighborhood,own_neighborhood,0,51
2025-26,Special Services,Special Education Instruction,SPED Instruction,Cleveland,high_school_area,4,51
2025-26,Special Services,Special Education Instruction,SPED Instruction,Franklin,high_school_area,9,51
2025-26,Special Services,Special Education Instruction,SPED Instruction,Grant,high_school_area,5,51
2025-26,Special Services,Special Education Instruction,SPED Instruction,Ida B. Wells-Barnett,high_school_area,1,51
2025-26,Special Services,Special Education Instruction,SPED Instruction,Jefferson/Grant,high_school_area,1,51
2025-26,Special Services,Special Education Instruction,SPED Instruction,Jefferson/McDaniel,high_school_area,1,51
2025-26,Special Services,Special Education Instruction,SPED Instruction,Jefferson/Roosevelt,high_school_area,9,51
2025-26,Special Services,Special Education Instruction,SPED Instruction,Lincoln,high_school_area,2,51
2025-26,Special Services,Special Education Instruction,SPED Instruction,McDaniel,high_school_area,3,51
2025-26,Special Services,Special Education Instruction,SPED Instruction,Roosevelt,high_school_area,0,51
2025-26,Special Services,Special Education Instruction,SPED Instruction,Out of District/Undetermined,other,16,51
2025-26,Charter,Arthur Academy,,School's own neighborhood,own_neighborhood,0,167
2025-26,Charter,Arthur Academy,,Cleveland,high_school_area,15,167
2025-26,Charter,Arthur Academy,,Franklin,high_school_area,41,167
2025-26,Charter,Arthur Academy,,Grant,high_school_area,0,167
2025-26,Charter,Arthur Academy,,Ida B. Wells-Barnett,high_school_area,2,167
2025-26,Charter,Arthur Academy,,Jefferson/Grant,high_school_area,2,167
2025-26,Charter,Arthur Academy,,Jefferson/McDaniel,high_school_area,0,167
2025-26,Charter,Arthur Academy,,Jefferson/Roosevelt,high_school_area,1,167
2025-26,Charter,Arthur Academy,,Lincoln,high_school_area,0,167
2025-26,Charter,Arthur Academy,,McDaniel,high_school_area,35,167
2025-26,Charter,Arthur Academy,,Roosevelt,high_school_area,0,167
2025-26,Charter,Arthur Academy,,Out of District/Undetermined,other,71,167
2025-26,Charter,Emerson School,,School's own neighborhood,own_neighborhood,0,139
2025-26,Charter,Emerson School,,Cleveland,high_school_area,12,139
2025-26,Charter,Emerson School,,Franklin,high_school_area,11,139
2025-26,Charter,Emerson School,,Grant,high_school_area,2,139
2025-26,Charter,Emerson School,,Ida B. Wells-Barnett,high_school_area,11,139
2025-26,Charter,Emerson School,,Jefferson/Grant,high_school_area,12,139
2025-26,Charter,Emerson School,,Jefferson/McDaniel,high_school_area,6,139
2025-26,Charter,Emerson School,,Jefferson/Roosevelt,high_school_area,19,139
2025-26,Charter,Emerson School,,Lincoln,high_school_area,20,139
2025-26,Charter,Emerson School,,McDaniel,high_school_area,12,139
2025-26,Charter,Emerson School,,Roosevelt,high_school_area,9,139
2025-26,Charter,Emerson School,,Out of District/Undetermined,other,25,139
2025-26,Charter,Kairos PDX,,School's own neighborhood,own_neighborhood,0,178
2025-26,Charter,Kairos PDX,,Cleveland,high_school_area,6,178
2025-26,Charter,Kairos PDX,,Franklin,high_school_area,6,178
2025-26,Charter,Kairos PDX,,Grant,high_school_area,3,178
2025-26,Charter,Kairos PDX,,Ida B. Wells-Barnett,high_school_area,6,178
2025-26,Charter,Kairos PDX,,Jefferson/Grant,high_school_area,45,178
2025-26,Charter,Kairos PDX,,Jefferson/McDaniel,high_school_area,9,178
2025-26,Charter,Kairos PDX,,Jefferson/Roosevelt,high_school_area,29,178
2025-26,Charter,Kairos PDX,,Lincoln,high_school_area,3,178
2025-26,Charter,Kairos PDX,,McDaniel,high_school_area,20,178
2025-26,Charter,Kairos PDX,,Roosevelt,high_school_area,11,178
2025-26,Charter,Kairos PDX,,Out of District/Undetermined,other,40,178
2025-26,Charter,Le Monde,,School's own neighborhood,own_neighborhood,0,385
2025-26,Charter,Le Monde,,Cleveland,high_school_area,52,385
2025-26,Charter,Le Monde,,Franklin,high_school_area,66,385
2025-26,Charter,Le Monde,,Grant,high_school_area,32,385
2025-26,Charter,Le Monde,,Ida B. Wells-Barnett,high_school_area,31,385
2025-26,Charter,Le Monde,,Jefferson/Grant,high_school_area,54,385
2025-26,Charter,Le Monde,,Jefferson/McDaniel,high_school_area,11,385
2025-26,Charter,Le Monde,,Jefferson/Roosevelt,high_school_area,26,385
2025-26,Charter,Le Monde,,Lincoln,high_school_area,38,385
2025-26,Charter,Le Monde,,McDaniel,high_school_area,44,385
2025-26,Charter,Le Monde,,Roosevelt,high_school_area,12,385
2025-26,Charter,Le Monde,,Out of District/Undetermined,other,19,385
2025-26,Charter,Portland Village School,,School's own neighborhood,own_neighborhood,0,434
2025-26,Charter,Portland Village School,,Cleveland,high_school_area,38,434
2025-26,Charter,Portland Village School,,Franklin,high_school_area,19,434
2025-26,Charter,Portland Village School,,Grant,high_school_area,3,434
2025-26,Charter,Portland Village School,,Ida B. Wells-Barnett,high_school_area,68,434
2025-26,Charter,Portland Village School,,Jefferson/Grant,high_school_area,34,434
2025-26,Charter,Portland Village School,,Jefferson/McDaniel,high_school_area,15,434
2025-26,Charter,Portland Village School,,Jefferson/Roosevelt,high_school_area,55,434
2025-26,Charter,Portland Village School,,Lincoln,high_school_area,25,434
2025-26,Charter,Portland Village School,,McDaniel,high_school_area,26,434
2025-26,Charter,Portland Village School,,Roosevelt,high_school_area,46,434
2025-26,Charter,Portland Village School,,Out of District/Undetermined,other,105,434
