school,proposal_label,why_considering,what_proposed,what_gain,what_else_considered,what_about_special_ed,current_program,district_size_goal,building_notes,snapshot_raw,source_file,pdf_moddate
ACCESS,Options A and B,Stable program: ACCESS continues to serve its specific alternative program model with steady participation.,No changes are planned for ACCESS at this time.,Keeping the same learning program: Students would remain in their learning program without disruption.,Unique district program: ACCESS would remain open because it is the only alternative program of its kind in Portland Public Schools.,,2-8 special-focus program,More than 500 students (general district goal),None,SCHOOL SNAPSHOT DETAILS Current program 2-8 special-focus program Expected enrollment with no changes 310 in 2027-28; 275 in 2031-32 District school size goal More than 500 students (general district goal) Students living within 1 mile Not applicable Building notes None,ACCESS.pdf,2026-10-08 11:40:51
Abernethy,,"Enrollment is dropping: Abernethy can hold 441 students, but enrollment is expected to drop to 241 without changes. Filling open space: Welcoming Buckman students would bring Abernethy up to a healthy size and help keep student numbers steady.",Abernethy would remain open as a neighborhood K-5 school. Abernethy would welcome half of the student population from Buckman.,More support and programs: Welcoming new students creates a steady student numbers so Abernethy helps keep staffing steady for classrooms and programs. On-site childcare: Families would continue to have access to reliable before- and after-school childcare,"Abernethy was chosen to stay open because the Buckman building needs urgent, major structural and repairs to make the building safer in an earthquake.",,K-5 neighborhood,More than 360 students,None,SCHOOL SNAPSHOT DETAILS Current program K-5 neighborhood Expected enrollment with no changes 242 in 2027-28; 241 in 2031-32 District school size goal More than 360 students Students living within 1 mile 58.2% Building notes None,Abernethy.pdf,2026-10-08 11:40:50
Ainsworth,Options A and B,Steady enrollment: Ainsworth currently has steady enrollment numbers and efficient classroom use.,No changes are planned for Ainsworth at this time.,"Keeping familiar routines: Students and families would keep their current schedules, teachers, and school routines.",Essential school serving the area: Ainsworth would remain a combined Dual Language Immersion (DLI) and neighborhood school because it is the main DLI option serving the West Side.,,K-5 neighborhood/language immersion,More than 360 students,School space is described below.,SCHOOL SNAPSHOT DETAILS Current program K-5 neighborhood/language immersion Expected enrollment with no changes 555 in 2027-28; 557 in 2031-32 District school size goal More than 360 students Students living within 1 mile 25.0% Building notes School space is described below.,Ainsworth.pdf,2026-10-08 11:40:51
Alameda,Options A and B,"Reliable student numbers: Alameda keeps steady, consistent enrollment levels.",No changes are planned for Alameda at this time.,Continuous community experience: Students would keep their current school pathways and school resources.,Steady student numbers: No changes were planned because Alameda’s student numbers remain dependable long-term.,,K-5 neighborhood,More than 360 students,None,SCHOOL SNAPSHOT DETAILS Current program K-5 neighborhood Expected enrollment with no changes 498 in 2027-28; 492 in 2031-32 District school size goal More than 360 students Students living within 1 mile 59.7% Building notes None,Alameda.pdf,2026-10-08 11:40:52
Arleta,Options A and B,"Large school space: Arleta has 28 regular classrooms and can comfortably hold up to 653 students. This proposal keeps the enrollment well above current enrollment but well below the most students the building can hold. Major building upgrades: Arleta is getting a brand-new heating and cooling (HVAC) system in Summer 2027, has an elevator and access for people with disabilities, and has a full kitchen setup.",Arleta would remain open as a neighborhood K-5 school. Arleta would welcome the entire neighborhood school area and student body from Marysville.,"Upgraded learning spaces: Students would gain modern air quality and heating, and large spaces for learning and play.Stronger school programs: Combining communities allows Arleta to offer programs that can continue over time and student support services.","Arleta chosen for building size: While building conditions at Arleta and Marysville were similar, Marysville was too small to fit both school communities together.","Arleta currently supports Social Emotional Skills programming for students in grades 3–5. As we prepare to merge with Marysville Elementary, this vital programming will continue uninterrupted. Looking ahead, we are committed to partnering closely with the Marysville community to understand and support what being an Inclusive Community School will mean for students, staff, and families. When combining school communities with distinct Special Education programming, we are planning and ensuring tailored support through the transition.",K-5 neighborhood,More than 360 students,Building updates are described below.,SCHOOL SNAPSHOT DETAILS Current program K-5 neighborhood Expected enrollment with no changes 213 in 2027-28; 210 in 2031-32 District school size goal More than 360 students Students living within 1 mile 87.6% Building notes Building updates are described below.,Arleta.pdf,2026-10-08 11:40:52
Astor,Options A and B,Room for more students: Astor has space in its building to welcome additional students in the region. Serving local shelter needs: Including the Bybee Lake Shelter boundary makes sure those students go to a school as close as possible to where they live.,Astor would remain open as a neighborhood K-8 school. Astor would expand its boundary slightly to include students living near the Bybee Lake Shelter area.,Shorter commutes: Students residing near Bybee Lake Shelter would gain direct access to a neighborhood school much closer to home. Kept K-8 model: Families keep their established K-8 school structure.,Keeping K-8 open: Astor remains one of the few K-8 neighborhood schools because nearby middle schools do not currently have room to take Astor's middle grade students.,,K-8 neighborhood,More than 500 students,School space is described below.,SCHOOL SNAPSHOT DETAILS Current program K-8 neighborhood Expected enrollment with no changes 412 in 2027-28; 418 in 2031-32 District school size goal More than 500 students Students living within 1 mile 85.9% Building notes School space is described below.,Astor.pdf,2026-10-08 11:40:53
Atkinson,Options A and B,"Creating space for neighborhood students: Moving Spanish DLI to Lent creates the physical space needed at Atkinson to welcome neighborhood students from Creston. DLI Schools serving each area: Spanish DLI is moved into schools serving each area of the district. For southeast Portland, this is Lent. Closer to Kellogg: Creston students north of Powell live closer to Atkinson and Kellogg Middle School.",Atkinson would remain open as a neighborhood K-5 school. The Spanish Dual Language Immersion (DLI) program would move to Lent K-5. Atkinson would welcome neighborhood K-5 students from Creston. Middle and high school pathway: All students in the new Atkinson boundary would go together to Kellogg for middle school and Franklin for high school.,"Safer, modern classrooms: Moving Creston students into Atkinson gives them upgraded spaces and more classmates to learn with. Concentrated DLI program: Moving Spanish DLI to Lent builds a focused language center with full teacher collaboration. Smooth middle and high school moves: Clear pathways keep friend groups together from elementary all the way through Franklin High School.",Atkinson's central location: Atkinson was chosen to stay open over Creston because it is larger and more central to where families live in the new boundary. Lent DLI school serving the area: Lent was chosen as the DLI school serving the area in the Southeast because it already functions as a full immersion school and families accessing Spanish DLI in this part of town live closer to Lent than Atkinson.,,K-5 neighborhood/language immersion,More than 360 students,School space is described below.,SCHOOL SNAPSHOT DETAILS Current program K-5 neighborhood/language immersion Expected enrollment with no changes 363 in 2027-28; 386 in 2031-32 District school size goal More than 360 students Students living within 1 mile 85.9% Building notes School space is described below.,Atkinson.pdf,2026-10-08 11:40:54
Beach,Options A and B,"The Beach building needs major repairs. The roof and building structure require urgent, expensive fixes to make it safe and modern. We want stronger programs in safer buildings. Moving students out of Beach fixes safety concerns while bringing students together into stronger, fully supported schools.",Beach School would close as a school building. The Spanish Dual Language Immersion (DLI) program would move to César Chávez K-5. Students who live in the Beach neighborhood would now go to Chief Joseph.,"Better, safer classrooms: Students would move into buildings with upgraded spaces, learn alongside more classmates, and have access to more teachers and staff. A stronger Spanish DLI program: Bringing all Spanish DLI students together at César Chávez creates a full, rich language learning community from kindergarten through 5th grade. It also lets Spanish-speaking teachers work together and plan as a team. More Stability: Bringing communities together means schools have steadier funding and an increased access to resources for years to come.","Chief Joseph is easier to reach: Chief Joseph is closer to where most families in the new school area live. Chief Joseph has plenty of space: Even though Beach is a larger building, Chief Joseph has more than enough room for all students. Chief Joseph is already updated: Chief Joseph recently received major improvements funded by local school bonds, including roof repairs and updated classrooms for general and special education.",,K-5 neighborhood/language immersion,More than 360 students,Repair needs are described below.,SCHOOL SNAPSHOT DETAILS Current program K-5 neighborhood/language immersion Expected enrollment with no changes 284 in 2027-28; 287 in 2031-32 District school size goal More than 360 students Students living within 1 mile 94.2% Building notes Repair needs are described below.,Beach.pdf,2026-10-08 11:40:54
Beaumont,Options A and B,"Beverly Cleary is changing to K-5: Beverly Cleary is changing from a K-8 to a K-5 model, so middle grade students need a comprehensive middle school location. Avoids temporary building moves: Welcoming Beverly Cleary middle schoolers to Beaumont keeps students close to home and prevents them from having to move to temporary buildings during Beverly Cleary's planned summer 2027 seismic construction. Logical school pathways: Adding the former Irvington boundary creates clear, connected middle school pathways for all students in the area. Bringing DLI programs together: Moving the Spanish DLI from Beaumont to Roseway Heights builds a middle school serving the area for the Spanish DLI program that then moves to McDaniel for High School.","Beaumont would remain open as a neighborhood middle school (grades 6-8). Beaumont would welcome 6th-8th grade students from Beverly Cleary, including students from the former Irvington boundary. The Spanish Dual Language Immersion (DLI) program at Beaumont would move to Roseway Heights Middle School.","Full middle school options: Middle school students gain access to broader electives, athletics, middle school sports, and learning options. Concentrated DLI program: Moving Spanish DLI to Roseway Heights builds a strong, focused language program location where teachers can plan and work together.",Direct neighborhood access: Beaumont provides nearby building space that allows middle grade students to stay in their local community.,,Middle School neighborhood/language immersion,More than 500 students,Repair needs are described below.,SCHOOL SNAPSHOT DETAILS Current program Middle School neighborhood/language immersion Expected enrollment with no changes 410 in 2027-28; 418 in 2031-32 District school size goal More than 500 students Students living within 1 mile 74.2% Building notes Repair needs are described below.,Beaumont.pdf,2026-10-08 11:40:55
Benson,Options A and B,Stable enrollment: Student numbers and building use at Benson remain steady and meet target levels.,No changes are planned for Benson High School at this time. Benson would remain open as a districtwide CTE (Career Job-skills education) special-focus choice high school.,Continued hands-on learning: Students keep continued access to career job-skills education pathways and modern high school buildings.,Strong program demand: Benson's career programs continue to see strong districtwide interest.,,High School,"More than 1,100 students",School space is described below.,"SCHOOL SNAPSHOT DETAILS Current program High School Expected enrollment with no changes 1,200 in 2027-28; 1,213 in 2031-32 District school size goal More than 1,100 students Students living within 1 mile Not Applicable Building notes School space is described below.",Benson.pdf,2026-10-08 11:40:56
Beverly Cleary,Options A and B,Central location and space: Beverly Cleary has plenty of space and a central location to serve elementary students. Major seismic construction: Planned seismic upgrades make changing to K-5 ideal to reduce the need for middle grade students to move to temporary buildings during construction.,Beverly Cleary would change from a K-8 school to a neighborhood K-5 school. Middle grade (6th-8th) students would move to Beaumont Middle School. Beverly Cleary's boundary would expand to include K-5 students from the Irvington neighborhood.,"School designed for younger students: Elementary students benefit from a school focused entirely on K-5 learning and development. Enough students to support programs: By combining Irvington and Beverly Cleary K-5, students and families will benefit from long-term steady student numbers. Safe and improved building: Once seismic upgrades are completed in the summer of 2028, both communities will benefit from a seismically safe school with upgraded spaces. Full middle school options: 6th-8th graders gain access to comprehensive middle school electives, sports programs, and activities at Beaumont. Swing Site Considerations: Evaluation will take place to determine if the current Irvington site can house both communities for the 27-28 school year while the Beverly Cleary site undergoes construction.",Avoiding temporary moves: Moving middle grade students to Beaumont in Fall 2027 significantly reduces how many students need to move to temporary sites during construction. Chosen over Irvington: Beverly Cleary was selected over Irvington because it is more central and its planned building upgrades will create an improved space for Irvington students.,"Students who receive specialized programming in a closing school/grade band will be assigned a new location for their IEP-identified services. The 6–8 Intensive Skills Classroom currently located at Beverly Cleary will be relocated to Harriet Tubman Middle School. When combining school communities with distinct Special Education programming, we are planning and ensuring tailored support through the transition.",K-8 neighborhood,More than 500 students,Repair needs are described below.,SCHOOL SNAPSHOT DETAILS Current program K-8 neighborhood Expected enrollment with no changes 430 in 2027-28; 389 in 2031-32 District school size goal More than 500 students Students living within 1 mile 93.5% Building notes Repair needs are described below.,Beverly Cleary.pdf,2026-10-08 11:40:56
Boise-Eliot-Humboldt,Options A and B,"Using open classroom space: Boise- Eliot/Humbodlt(BEH) has room for up to 632 students, but enrollment was expected to drop without adding programs. School building setup: BEH has the physical space and special-focus classroom setup ready to host an expanded language program.",Boise-Eliot/Humboldt (BEH) would remain open as a neighborhood K-5 school. BEH would receive the Mandarin Dual Language Immersion (DLI) program from Dr. Martin Luther King Jr. Elementary.,"Support over time: Adding the DLI program brings BEH's enrollment up to a healthy size, securing stable funding for full-time staff and specialists.",Frees up space at MLK Jr.: Moving Mandarin DLI to BEH creates the needed physical space at Dr. MLK Jr. Elementary to welcome neighborhood students from Sabin.,,K-5 neighborhood,More than 360 students,School space is described below.,SCHOOL SNAPSHOT DETAILS Current program K-5 neighborhood Expected enrollment with no changes 314 in 2027-28; 308 in 2031-32 District school size goal More than 360 students Students living within 1 mile 78.9% Building notes School space is described below.,Boise-Eliot-Humboldt.pdf,2026-10-08 11:40:57
Brentwood,Options A and B,Building a healthy student body: Welcoming Duniway and Lewis elementary areas helps keep steady student numbers at Brentwood's enrollment while accommodating neighborhood elementary changes.,Brentwood Middle School would expand its boundary to welcome 6th-8th grade students from Duniway and Lewis. Neighborhood middle school students from Kelly would shift to Harrison Park Middle School. The Russian DLI program would remain at Brentwood.,More electives and activities: A larger student body allows Brentwood to offer broader elective classes and after-school activities. Connected community paths: Connects middle school pathways so friend groups move logically together from school to school.,"High school paths: Duniway and Lewis students would continue to Cleveland High School, while Whitman and Woodmere students would move to Franklin High School.",,Middle School neighborhood/language immersion,More than 500 students,School space is described below.,SCHOOL SNAPSHOT DETAILS Current program Middle School neighborhood/language immersion Expected enrollment with no changes 417 in 2027-28; 357 in 2031-32 District school size goal More than 500 students Students living within 1 mile 27.6% Building notes School space is described below.,Brentwood.pdf,2026-10-08 11:40:58
Bridger-Creative Science,Options A and B,Steady student numbers: Changing to K-5 boosts middle school enrollment in neighborhood schools while protecting its unique learning program.,Bridger Creative Science would change from a K-8 to a K-5 school. The school would keep both its neighborhood school area and its Creative Science special-focus choice program. Current middle grade (6th and 7th) students would be reassigned to Harrison Park Middle School or could choose to return to their neighborhood middle school.,Focused early childhood school: Elementary students benefit from a school and playground designed for younger children. Richer middle school options: 6th-8th grade students gain access to broader middle school electives and learning options at a comprehensive middle school.,"Preserving student enrollment: Keeping both the neighborhood area and the special-focus choice program protects student enrollment and honors the school's unique community history. Southeast Guiding Coalition: Because of many recent changes, the decision was made to preserve the special-focus choice portion of Bridger Creative Science to ensure steady support after many other changes.",,K-8 neighborhood & choice program,More than 500 students (general district goal),None,SCHOOL SNAPSHOT DETAILS Current program K-8 neighborhood & choice program Expected enrollment with no changes 450 in 2027-28; 415 in 2031-32 District school size goal More than 500 students (general district goal) Students living within 1 mile 97.9% Building notes None,Bridger-Creative Science.pdf,2026-10-08 11:40:58
Bridlemile,Options A and B,"Steady student numbers: Enrollment and classroom use at Bridlemile remain within healthy, stable ranges.",No changes are planned for Bridlemile at this time. Bridlemile would remain open as a neighborhood K-5 school in its current school boundary.,"Daily predictability: Families keep their current schedules, teachers, and neighborhood walk-to-school routines.","Middle school pathways: District teams looked into fixing middle school split school pathways, but changing boundaries would negatively impact middle school enrollment at both Robert Gray and West Sylvan Middle Schools.",,K-5 neighborhood,More than 360 students,School space is described below.,SCHOOL SNAPSHOT DETAILS Current program K-5 neighborhood Expected enrollment with no changes 419 in 2027-28; 413 in 2031-32 District school size goal More than 360 students Students living within 1 mile 29.9% Building notes School space is described below.,Bridlemile.pdf,2026-10-08 11:40:59
Buckman,Options A and B,"The Buckman building needs major repairs. The school requires urgent structural fixes and heavy maintenance to make it safe and modern. Enrollment is dropping. Buckman is expected to drop to just 239 students over the next few years, making it difficult to fund full programs and staffing. Nearby schools are in better shape. Both Abernethy and Sunnyside have better buildings and are in good locations to welcome Buckman families.",Buckman School would close as a school building. The Arts special-focus choice program would close. Neighborhood boundary split: Half of the neighborhood goes to Abernethy K-5: Students living north of Hawthorne and south of Burnside would move to Abernethy. Half of the neighborhood goes to Sunnyside K-5: Students living north of Burnside would move to an updated Sunnyside K-5.,"Better, safer classrooms: Moving to Abernethy and Sunnyside means learning in updated buildings with better resources and learning spaces. More support and activities: Combining school communities gives students access to more classmates, full-time staff, and steady classroom support. Support over time: Bringing students together creates larger, stronger schools that keep their funding and programs reliable over time.","Building condition over size: Even though Buckman is a larger building than Abernethy, Buckman’s building repair needs are severe.Title I Funding Support: District teams considered Buckman’s Title I status carefully to ensure students moving to receiving schools continue to get strong learning and family support services.","As we combine school communities with distinct Special Education programming, we are carefully planning each step to ensure tailored, continuous support throughout the transition. Students who receive specialized programming in a closing school will be assigned a new location for their IEP-identified services. Buckman is currently a regional site for special education Social Emotional Skills programming. Students served in the Social Emotional Skills classroom in the K–2 or 3–5 grade bands at Buckman will receive their services in dedicated SES classrooms at Sunnyside Elementary School.",K-5 neighborhood & arts choice program,More than 360 students (general district goal),Repair needs are described below.,SCHOOL SNAPSHOT DETAILS Current program K-5 neighborhood & arts choice program Expected enrollment with no changes 244 in 2027-28; 239 in 2031-32 District school size goal More than 360 students (general district goal) Students living within 1 mile 82.0% Building notes Repair needs are described below.,Buckman.pdf,2026-10-08 11:41:00
Capitol Hill,Options A and B,Filling open classroom space: Capitol Hill was expected to drop below steady enrollment levels. Welcoming Stephenson students fills available space and helps keep student numbers steady at around 379 students. Planned building upgrades: Targeted seismic bond work is scheduled for Summer 2027 and Summer 2028.,Capitol Hill would remain open as a neighborhood K-5 school. Capitol Hill would welcome 30% of the neighborhood school boundary from the closing Stephenson K-5 school. Stephenson's special education classroom would move to Capitol Hill.,Stronger learning support: Adding students creates stable school enrollment. Upgraded safety: Students would benefit from planned seismic safety improvements to the building.,Capitol Hill's central location: Capitol Hill was chosen to stay open over Stephenson because it sits in a more central location to serve the broader community.,"The Communication Behavior Classroom currently located at Stephenson Elementary School will be relocated to Capitol Hill Elementary School. To ensure a seamless transition, school and district leaders will conduct site walk-throughs to evaluate programmatic readiness, space, transportation, and ADA accessibility. Special education administrators will work closely with school principals to ensure every site is prepared to meet student IEP requirements.",K-5 neighborhood,More than 360 students,Repair needs are described below.,SCHOOL SNAPSHOT DETAILS Current program K-5 neighborhood Expected enrollment with no changes 310 in 2027-28; 311 in 2031-32 District school size goal More than 360 students Students living within 1 mile 37.3% Building notes Repair needs are described below.,Capitol Hill.pdf,2026-10-08 11:41:00
Cesar Chavez,Options A and B,"Complex school setup: Hosting multiple complex programs (DLI, neighborhood K-8, special education) on one school created unbalanced class sizes and operational issues. Focused language focus: Moving to a single-focus K-5 DLI school creates a regional Spanish language program location.","César Chávez would change from a K-8 to a focused K-5 regional Spanish DLI school. It would welcome Spanish DLI students from Beach, Sitton, and James John. Neighborhood (non-DLI) K-5 students would move to Rosa Parks K-5. Middle grade (6th-8th) students would move to George Middle School.","Vibrant language culture: Creates a school-wide focus on reading and writing in Spanish and English where DLI teachers plan and work together in grade-level teams. Full middle school options: 6th-8th graders move to George Middle School for broader electives, athletics, and middle school buildings. Building Upgrades: K-5 neighborhood students moving to Rosa Parks will enjoy an updated building.",Regional domino effect: Changing César Chávez opens up the necessary space at Sitton and Chief Joseph to welcome neighborhood students from closing schools.,,K-8 neighborhood/language immersion,More than 500 students,None,SCHOOL SNAPSHOT DETAILS Current program K-8 neighborhood/language immersion Expected enrollment with no changes 413 in 2027-28; 392 in 2031-32 District school size goal More than 500 students Students living within 1 mile 82.8% Building notes None,Cesar Chavez.pdf,2026-10-08 11:41:04
Chapman,Options A and B,"Geographic isolation: Although Chapman’s enrollment sits below steady target levels, there are no nearby schools close enough to make a school boundary change practical.",No changes are planned for Chapman at this time. Chapman would remain open as a neighborhood K-5 school in its current setup and boundary.,"Keeping familiar routines: Families and students keep their existing neighborhood school community, teachers, and daily schedules.","No viable options: District teams explored ways to increase enrollment, but no practical boundary adjustments existed in the immediate area.",,K-5 neighborhood,More than 360 students,None,SCHOOL SNAPSHOT DETAILS Current program K-5 neighborhood Expected enrollment with no changes 316 in 2027-28; 333 in 2031-32 District school size goal More than 360 students Students living within 1 mile 32.6% Building notes None,Chapman.pdf,2026-10-08 11:41:01
Chief Joseph,Options A and B,Central location and updated school: Chief Joseph sits in a central location features better building conditions than Beach. Better use of space: Receiving neighborhood students from Beach helps keep student numbers steady for both communities.,Chief Joseph would remain open as a neighborhood K-5 school. Chief Joseph would expand its school boundary to welcome 100% of the closing Beach neighborhood school area.,Upgraded learning environments: Students learn in improved classrooms equipped with focused special education spaces and roof improvements funded by recent bonds. Central community gathering place: Families gain a central school location that keeps travel times reasonable across the combined boundary.,"Chief Joseph chosen over Beach: Chief Joseph was selected as the receiving school over Beach because it is closer to where students live, even though Beach had a slightly more room for students.",,K-5 neighborhood,More than 360 students,Building updates are described below.,SCHOOL SNAPSHOT DETAILS Current program K-5 neighborhood Expected enrollment with no changes 245 in 2027-28; 238 in 2031-32 District school size goal More than 360 students Students living within 1 mile 78.8% Building notes Building updates are described below.,Chief Joseph.pdf,2026-10-08 11:41:01
Clark,Options A and B,"Low program enrollment: Enrollment in Clark's Mandarin DLI program dropped below 8 kindergarteners, making it difficult to keep as a stand-alone program. Focusing on neighborhood core: Moving DLI reduces operational complexity and lets Clark focus entirely on its neighborhood elementary program.",Clark would remain open as a neighborhood K-5 school. The Mandarin Dual Language Immersion (DLI) program would move and bring students together at Woodstock K-5.,"Focused neighborhood focus: Clark can dedicate all its classroom space and staff to neighborhood elementary learning. Concentrated DLI program: Mandarin DLI students get a larger, fully supported language learning program at Woodstock.",At one school language program location: Concentrating Mandarin DLI programs at Woodstock creates a single language program with enough students to continue on the east side.,,K-5 neighborhood/language immersion,More than 360 students,None,SCHOOL SNAPSHOT DETAILS Current program K-5 neighborhood/language immersion Expected enrollment with no changes 360 in 2027-28; 343 in 2031-32 District school size goal More than 360 students Students living within 1 mile 39.3% Building notes None,Clark.pdf,2026-10-08 11:41:02
Cleveland,Options A and B,Matching middle and high school paths: School boundary changes connect high school pathways with elementary and middle school changes across the region while balancing student numbers.,Cleveland High School would expand its boundary to include the Sunnyside school area. Any remaining sections of Woodmere and Whitman would move into the Franklin High School boundary.,Consistent peer groups: Students move together with their middle school classmates directly into high school. Stable high school size: Keeps high school enrollment steady so Cleveland can keep full course offerings and electives.,Students already enrolled: Students currently attending Cleveland or Franklin High School would be allowed to stay through graduation.,,High School,"More than 1,100 students",None,"SCHOOL SNAPSHOT DETAILS Current program High School Expected enrollment with no changes 1,460 in 2027-28; 1,318 in 2031-32 District school size goal More than 1,100 students Students living within 1 mile 20.8% Building notes None",Cleveland.pdf,2026-10-08 11:41:03
Creston,Options A and B,"Enrollment is dropping: Creston is expected to drop to just 187 students over the next few years, making it too small to support full staffing and programs. Nearby schools have plenty of space: Neighboring schools like Atkinson have the room and buildings ready to welcome Creston students. Better pathways for special-focus programs: Moving the Deaf and Hard of Hearing (DHH) program to Glencoe connects students with the Mt. Tabor Middle School pathway.",Creston School would close as a K-5 school building. Neighborhood K-5 students would move to Atkinson K-5. The Deaf and Hard of Hearing (DHH) program would move to Glencoe K-5. Clear middle and high school pathways: All K-5 students in the new neighborhood boundary would go together to Kellogg for middle school and Franklin for high school. Early learning stays: The Creston Annex preschool building would stay open as a preschool center.,"Better, safer classrooms: Moving to Atkinson gives students updated learning spaces, modern classrooms, and more classmates to learn with. More support and staff: Combining school communities gives students access to more teachers, full-time support staff, and stronger programs. Smooth moves to middle and high school: Clear pathways mean friend groups stay together as they move from elementary school to Kellogg Middle School and Franklin High School.","Atkinson is easier to reach: Atkinson was chosen over Creston because it has the space needed and is more central to where families live in the new boundary.Peaceful Villa Housing: We took into account the new students who will be attending school from this new housing unit. Creston currently partners with Columbia Regional Inclusive Services (CRIS) to deliver services to students served in the Deaf and Hard of Hearing (DHH) Program. This is a regional program serving students from across the region, extending to communities such as Molalla and West Linn-Wilsonville. The program currently partners with Mt. Tabor Middle School for students continuing from Creston to Middle School programming in CRIS classrooms. When combining school communities with distinct Special Education programming, we are planning and ensuring tailored support through the transition. Students in the Deaf and Hard of Hearing program at Creston will receive their services in a DHH program based out of Glencoe Elementary School, a feeder for Mt. Tabor Middle School.",,K-5 neighborhood,More than 360 students,School space is described below.,SCHOOL SNAPSHOT DETAILS Current program K-5 neighborhood Expected enrollment with no changes 201 in 2027-28; 187 in 2031-32 District school size goal More than 360 students Students living within 1 mile 85.2% Building notes School space is described below.,Creston.pdf,2026-10-08 11:41:03
Dr. Martin Luther King Jr.,Options A and B,"Strong school features: MLK Jr. features a large 4.9-acre site, turfed field, large building (618 students),and a newly upgraded roof. Frees up room for Sabin: Moving Mandarin DLI to Boise-Eliot/Humboldt (BEH) classroom space needed at MLK Jr. to welcome Sabin neighborhood families.",Dr. Martin Luther King Jr. Elementary would remain open as a neighborhood K-5 school. The Mandarin Dual Language Immersion (DLI) program would move to Boise-Eliot/Humboldt (BEH). MLK Jr. would expand its neighborhood boundary to welcome 100% of the closing Sabin school area.,"Upgraded school buildings: Incoming Sabin students gain access to modern turfed fields, large outdoor spaces, and an updated roof. Supporting the school over time: Expanding MLK Jr.'s historically small boundary increases student enrollment to stable levels.",Fixing low enrollment: Expanding neighborhood boundary lines builds long-term steady student numbers for the school community.,Students receiving specialized programming at a closing school will be reassigned to a location for their IEP-identified services as close to their neighborhood school as possible. King will welcome students from Sabin into a K–5 SES classroom. The Special Education Department is collaborating with school teams and families to determine individual placements and will communicate directly with families regarding final locations.,K-5 neighborhood/language immersion,More than 360 students,Building updates are described below.,SCHOOL SNAPSHOT DETAILS Current program K-5 neighborhood/language immersion Expected enrollment with no changes 337 in 2027-28; 337 in 2031-32 District school size goal More than 360 students Students living within 1 mile 100.0% Building notes Building updates are described below.,Dr. Martin Luther King Jr..pdf,2026-10-08 11:41:25
Duniway,Options A and B,"Central location and space: Duniway offers a central location, plenty of school space, and strong building conditions to welcome incoming Lewis students. Closer neighborhood access: Shifting the far west boundary to Llewellyn assigns students to the school physically closest to them.",Duniway would remain open as a neighborhood K-5 school. Duniway would welcome neighborhood students from the closing Lewis K-5 school in Scenario A only. Duniway's boundary area west of McLoughlin Blvd would move to Llewellyn in Scenario A only. Middle and high school pathway: All Duniway students would go to Brentwood for middle school and Cleveland for high school in both Scenario A and B.,"Enough students to support programs: Incoming Lewis students join a strong, lasting school with full learning and staff support. Logical boundary lines: Neighborhood areas are assigned to schools with shorter, safer walks.","Duniway chosen over Lewis: When reviewing both schools together, Duniway was chosen to remain open because the building can support more students.",,K-5 neighborhood,More than 360 students,School space is described below.,SCHOOL SNAPSHOT DETAILS Current program K-5 neighborhood Expected enrollment with no changes 338 in 2027-28; 345 in 2031-32 District school size goal More than 360 students Students living within 1 mile 66.4% Building notes School space is described below.,Duniway.pdf,2026-10-08 11:41:05
Faubion,Options A and B,"Richer middle school options: Providing a full suite of middle school electives, athletics, and algebra pathways has proven challenging within this K-8 model. Focused early learning focus: Changing to a K-5 model allows Faubion entirely to elementary development.",Faubion would change from a K-8 school to a neighborhood K-5 school. Middle grade (6th-8th) students would move to Ockley Green Middle School. The Bybee Lake Shelter school area would move from Faubion to Astor.,"Comprehensive middle school access: 6th-8th graders gain access to broader electives, sports teams, and middle school buildings at Ockley Green. Elementary-focused school: Elementary students benefit from spaces and routines designed specifically for younger children.","Avoiding overcrowding: District teams considered adding extra elementary areas to Faubion, but it would have made Faubitoo large or disrupted nearby communities at Vernon and Woodlawn.",,K-8 neighborhood,More than 500 students,School space is described below.,SCHOOL SNAPSHOT DETAILS Current program K-8 neighborhood Expected enrollment with no changes 618 in 2027-28; 602 in 2031-32 District school size goal More than 500 students Students living within 1 mile 51.4% Building notes School space is described below.,Faubion.pdf,2026-10-08 11:41:06
Forest Park,Options A and B,Distance between schools: Forest Park serves a separate area with no nearby schools close enough for practical boundary adjustments.,No changes are planned for Forest Park at this time. Forest Park would remain open as a neighborhood K-5 school in its current setup and boundary.,"Keeping familiar routines: Families and students keep their existing neighborhood school community, teachers, and daily routines.","No viable options: Teams reviewed options to increase enrollment, but distance made boundary shifts impractical.",,K-5 neighborhood,More than 360 students,None,SCHOOL SNAPSHOT DETAILS Current program K-5 neighborhood Expected enrollment with no changes 260 in 2027-28; 258 in 2031-32 District school size goal More than 360 students Students living within 1 mile 49.4% Building notes None,Forest Park.pdf,2026-10-08 11:41:07
Franklin,Options A and B,Matching middle and high school pathways: High school boundary tweaks connect high school pathways with elementary and middle school changes across the region while balancing student numbers.,Franklin High School would adjust its school boundary to welcome students from the expanded Whitman area (former Whitman and Woodmere boundaries). The full Sunnyside boundary would shift to Cleveland High School. A small section of the Vestal boundary would move to McDaniel High School instead of Franklin.,Connected peer groups: Connects school pathways so student groups move logically together from elementary to middle and high school.,"Legacy policy: Students currently enrolled at Franklin or Cleveland High School would be permitted to stay through graduation, with sibling preferences applied.",,High School,"More than 1,100 students",None,"SCHOOL SNAPSHOT DETAILS Current program High School Expected enrollment with no changes 1,689 in 2027-28; 1,492 in 2031-32 District school size goal More than 1,100 students Students living within 1 mile 21.1% Building notes None",Franklin.pdf,2026-10-08 11:41:07
George,Options A and B,"Single language program serving the area: Brings together Spanish DLI into a single school serving the area leading directly to Roosevelt High School. Recent building investments: George recently received bond-funded science lab upgrades, asbestos remediation (2025), and special education classroom upgrades.",George Middle School would remain open as a neighborhood 6-8 middle school and become the regional 6-8 Spanish DLI school serving the area. George would welcome Spanish DLI middle grade students from Ockley Green and César Chávez. George would welcome neighborhood middle grade students from Peninsula (shifting from Ockley Green). Students from the Peninsula boundary who are currently enrolled at Ockley Green could stay at Ockley Green through the highest grade.,"Concentrated DLI pathway: Creates a deep language learning student group with shared DLI teaching teams. Coherent route to middle and high schools: By making these shifts, it ensures that all students moving to Roosevelt High School are in a consistent route to middle and high school. Updated learning spaces: Students benefit from updated science labs and upgraded classroom environments.","Space limits: District teams considered all middle grade students in the region, but George did not have the room to also house middle grade students from Astor K-8.",,Middle School neighborhood/language immersion,More than 500 students,Building updates are described below.,SCHOOL SNAPSHOT DETAILS Current program Middle School neighborhood/language immersion Expected enrollment with no changes 391 in 2027-28; 390 in 2031-32 District school size goal More than 500 students Students living within 1 mile 41.1% Building notes Building updates are described below.,George.pdf,2026-10-08 11:41:08
Glencoe,Options A and B,Clear middle school path: Moving Creston's Deaf and Hard of Hearing Program students directly with the Mt. Tabor Middle School feeder pathway.,"Glencoe would remain open as a neighborhood K-5 school. Glencoe will partner with Columbia Regional Inclusive Services (CRIS) to welcome students in the Deaf and Hard of Hearing (DHH) Program, which serves students across the region, including communities such as Molalla and West Linn- Wilsonville. Glencoe Elementary School serves as a feeder for Mt. Tabor Middle School, ensuring continuity for students who will move on to middle school CRIS programming at Mt. Tabor. To ensure a seamless transition, school and district leaders will conduct site walk-throughs to evaluate programmatic readiness, space, transportation, and ADA accessibility, and special education administrators will work closely with school principals to meet all student IEP requirements.","Connected special education pathway: DHH students gain a direct, logical move from elementary to Mt. Tabor Middle School. Efficient building use: Bringing DHH to Glencoe uses classroom space more efficiently while keeping enrollment stable.","Route to middle and high school cohesion: Surrounding schools were evaluated, but space numbers and route to high schools made Glencoe the best fit for the DHH program",,K-5 neighborhood,More than 360 students,None,SCHOOL SNAPSHOT DETAILS Current program K-5 neighborhood Expected enrollment with no changes 311 in 2027-28; 296 in 2031-32 District school size goal More than 360 students Students living within 1 mile 77.6% Building notes None,Glencoe.pdf,2026-10-08 11:41:09
Grant,Options A and B,"Stable enrollment: Student numbers and use of school space at Grant remain within healthy, target ranges. Enrollment changes are because of the ending of Dual Assignment.",No changes are planned for Grant High School at this time. Grant would remain open as a neighborhood high school hosting the Japanese DLI program.,"High school steady support: Students keep continued access to their existing classes and programs, athletics, and language pathways.",Healthy space: No School boundary changes were needed to keep target school size.,,High School,"More than 1,100 students",School space is described below.,"SCHOOL SNAPSHOT DETAILS Current program High School Expected enrollment with no changes 1,935 in 2027-28; 1,487 in 2031-32 District school size goal More than 1,100 students Students living within 1 mile 33.9% Building notes School space is described below.",Grant.pdf,2026-10-08 11:41:09
Gray,Options A and B,Filling open classroom space: Robert Gray's enrollment was expected to drop below steady levels without boundary adjustments. Reaching the district’s school size goal: Receiving Maplewood middle schoolers brings Gray above 500 students and uses over 80% of building space. Recent building repairs: Gray received significant building repairs following the Winter Storm of 2024.,Robert Gray Middle School would remain open as a neighborhood middle school. Gray would expand its school boundary to welcome middle grade students from the Maplewood area.,Vibrant middle school culture: A larger student body supports full music programs and broader electives. Upgraded school: Students benefit from recent storm repairs and school improvements.,Sibling preference: Families with older siblings currently attending Jackson Middle School would be granted sibling preference. Building conditions: Robert Gray was chosen to receive Maplewood students because Maplewood students are proposed to go to Hayhurst and Rieke which already move to Robert Gray Middle School.,,Middle School neighborhood,More than 500 students,School space is described below.,SCHOOL SNAPSHOT DETAILS Current program Middle School neighborhood Expected enrollment with no changes 427 in 2027-28; 368 in 2031-32 District school size goal More than 500 students Students living within 1 mile 18.4% Building notes School space is described below.,Gray.pdf,2026-10-08 11:41:10
Grout,Options A and B,"Keeping the school community together: Although enrollment sits below target levels, no changes are planned at this time.",No changes are planned for Grout at this time. Grout would remain open as a neighborhood K-5 school in its current setup and boundary.,Keeping the neighborhood school: Students remain in their familiar school building with their current teachers and classmates.,"Core walking school: Grout would continue serving its neighborhood community without boundary or program shifts. Low enrollment: While we considered other school boundary changes, there were no other schools that could logically shift after other proposed moves in the scenarios.",,K-5 neighborhood,More than 360 students,None,SCHOOL SNAPSHOT DETAILS Current program K-5 neighborhood Expected enrollment with no changes 303 in 2027-28; 280 in 2031-32 District school size goal More than 360 students Students living within 1 mile 85.2% Building notes None,Grout.pdf,2026-10-08 11:41:11
Harriet Tubman,Options A and B,"Changing Vernon: Changing Vernon from a K-8 to a K-5 school requires a middle school location for 6th-8th grade students. Building a healthy student body: Harriet Tubman provides nearby classroom space, helping keep student numbers steady while ensuring students access a full range of middle school programs. Fewer split middle schools: The Irvington community would move to Beverly Cleary and to Beaumont to reduce split route to high schools in the region.",Harriet Tubman would remain open as a neighborhood middle school. Harriet Tubman would welcome 6th-8th grade students from Vernon as Vernon moves to a K-5 model. Middle grade students residing in the current Irvington school area would move to Beaumont Middle School.,"Full middle school experience: Incoming Vernon students gain access to broader electives, athletics, and learning options at a comprehensive middle school. Stable school programs: Higher student numbers help support full-time middle school teachers and support staff.",Option to stay: Policies would allow middle grade students currently living in the Irvington school area the option to stay at Harriet Tubman through 8th grade.,"The 6–8 Intensive Skills Classroom currently located at Beverly Cleary will be relocated to Harriet Tubman Middle School and paired with the current Intensive Skills Classroom located at Tubman. To ensure a seamless transition, school and district leaders will conduct site walk-throughs to evaluate programmatic readiness, space, transportation, and ADA accessibility. Special education administrators will work closely with school principals to ensure every site is prepared to meet student IEP requirements.",Middle School neighborhood/language immersion,More than 500 students,School space is described below.,SCHOOL SNAPSHOT DETAILS Current program Middle School neighborhood/language immersion Expected enrollment with no changes 457 in 2027-28; 374 in 2031-32 District school size goal More than 500 students Students living within 1 mile 23.7% Building notes School space is described below.,Harriet Tubman.pdf,2026-10-08 11:41:11
Harrison Park,Options A and B,Connecting elementary and middle schools: Boundary adjustments make better use of middle school space and connect school pathways following elementary changes in southeast Portland. Protecting language access: Native Mandarin-speaking families have direct geographic access to Harrison Park and actively choose this program.,Harrison Park would remain open as a neighborhood middle school. Harrison Park would expand its boundary to welcome elementary graduates from the Lent and Kelly school areas. Atkinson neighborhood students would shift to Kellogg Middle School. Harrison Park would continue to offer its Mandarin Chinese DLI program.,Str o nger neighborhood pathways: Connects school pathways where possible so student groups move logically together from elementary to middle and high school. Steady student numbers: Helps keep student numbers steady at Harrison Park following past Southeast Guiding Coalition changes.,"Geographic sense: District teams explored reducing split school pathways to high schools, but moving the Bridger 6-8 area out of Harrison Park or Franklin did not make geographical sense.",,Middle School neighborhood/language immersion,More than 500 students,School space is described below.,SCHOOL SNAPSHOT DETAILS Current program Middle School neighborhood/language immersion Expected enrollment with no changes 427 in 2027-28; 417 in 2031-32 District school size goal More than 500 students Students living within 1 mile 42.1% Building notes School space is described below.,Harrison Park.pdf,2026-10-08 11:41:12
Hayhurst,Options A and B,"Reaching a healthy school size: Without school boundary changes, Hayhurst’s enrollment was expected to drop to 266 students (below target). Room to welcome new students: Hayhurst has room for over 500 students, allowing it to comfortably welcome Maplewood families and help keep student numbers steady above 400.",Hayhurst would remain open as a neighborhood K-5 school. Hayhurst would welcome 70% of the school boundary from the closing Maplewood K-5 school. A portion of Hayhurst's current boundary would shift to Rieke.,Short travel distances: Hayhurst is located closer to the majority of Maplewood families than other neighboring schools. Full school resources: Higher student numbers support more stable staffing.,Primary receiving school: Hayhurst was chosen as the primary location for Maplewood families because it is the most accessible option.,,K-5 neighborhood,More than 360 students,School space is described below.,SCHOOL SNAPSHOT DETAILS Current program K-5 neighborhood Expected enrollment with no changes 274 in 2027-28; 266 in 2031-32 District school size goal More than 360 students Students living within 1 mile 30.5% Building notes School space is described below.,Hayhurst.pdf,2026-10-08 11:41:13
Hosford,Options A and B,"Changing Sunnyside: Changing Sunnyside to a K-5 neighborhood school (to welcome students from closing Buckman) requires 6th-8th graders to move to a comprehensive middle school. Sellwood building needs: Sellwood Middle School faces major building needs requiring an entire mechanical system replacement, leading to its planned closure in 2028.",Hosford Middle School would expand its boundary to welcome middle schoolers from Sunnyside as well as the Llewellyn area (from the Sellwood closure). Duniway students moving to Llewellyn would also attend Hosford for middle school.,Upgraded middle school building: Students move into a school with better building systems and space. Broader course offerings: A larger middle school student body supports expanded electives and classes.,"Hosford chosen over Sellwood: When evaluating both middle schools, Hosford has better building conditions and closer proximity to a larger number of students.",,Middle School neighborhood,More than 500 students,School space is described below.,SCHOOL SNAPSHOT DETAILS Current program Middle School neighborhood Expected enrollment with no changes 482 in 2027-28; 374 in 2031-32 District school size goal More than 500 students Students living within 1 mile 45.6% Building notes School space is described below.,Hosford.pdf,2026-10-08 11:41:13
Ida B Wells,Options A and B,"Stable enrollment: Student numbers and building use at Ida B. Wells-Barnett remain within healthy, target ranges.",No changes are planned for Ida B. Wells-Barnett High School at this time. Ida B. Wells-Barnett would remain open as a neighborhood high school in its current setup and boundary.,"Daily predictability: High school students keep their established learning, athletic, and after-school routines while looking forward to a brand-new updated school in Fall 2029.",Upcoming school opening: The school would continue moving forward to the updated high school opening in 2029.,,High School,"More than 1,100 students",School space is described below.,"SCHOOL SNAPSHOT DETAILS Current program High School Expected enrollment with no changes 1,524 in 2027-28; 1,457 in 2031-32 District school size goal More than 1,100 students Students living within 1 mile 11.9% Building notes School space is described below.",Ida B Wells.pdf,2026-10-08 11:41:14
Irvington,Options A and B,Low enrollment numbers: Irvington was expected to drop to just 223 students by 2031-32 (well below target levels). Updated buildings: Bringing together Irvington into Beverly Cleary expands student access to updated buildings and eliminates split middle school paths.,Irvington School would close as a neighborhood K-5 school building. K-5 students would move to Beverly Cleary K-5. Middle grade (6th-8th) students would from move Tubman to Beaumont Middle School.,Better learning spaces: Students move into an upgraded Beverly Cleary building. Full student support: Bringing communities together creates a stronger student body size that supports more stable staffing.,"Central location: Beverly Cleary offers a more central location than Irvington. Temporary construction site: Irvington is being considered as a potential temporary ""swing site"" for Beverly Cleary K-5 students during Beverly Cleary's Summer 2027 seismic upgrades.",,K-5 neighborhood,More than 360 students,Building updates are described below.,SCHOOL SNAPSHOT DETAILS Current program K-5 neighborhood Expected enrollment with no changes 240 in 2027-28; 223 in 2031-32 District school size goal More than 360 students Students living within 1 mile 96.7% Building notes Building updates are described below.,Irvington.pdf,2026-10-08 11:41:14
Jackson,Options A and B,Balancing enrollment across Southwest: Moving Maplewood students to Robert Gray Middle School balances middle school space across the Wells cluster.,Jackson Middle School would remain open as a neighborhood middle school. Jackson's boundary would be adjusted as middle grade students from the Maplewood area shift to Robert Gray Middle School.,Sibling preference: District policy would grant sibling preferences to incoming 6th graders with older siblings currently attending Jackson so families can stay together. Connected school paths: Connects school pathways so student groups move logically together to high school.,"Building condition trade-offs: Although this shift lowers Jackson's expected enrollment, Robert Gray offers better building conditions to welcome Maplewood families.",,Middle School neighborhood,More than 500 students,None,SCHOOL SNAPSHOT DETAILS Current program Middle School neighborhood Expected enrollment with no changes 661 in 2027-28; 515 in 2031-32 District school size goal More than 500 students Students living within 1 mile 8.3% Building notes None,Jackson.pdf,2026-10-08 11:41:15
James John,Options A and B,"Building layout constraints: James John faces structural building limits and multi-story accessibility challenges. Accessible and special-focus centers: Bringing together neighborhood students into Sitton (a single-story school) and DLI students into César Chávez creates fully accessible, focused centers.",James John would close as a school building. Neighborhood K-5 students would move to Sitton K-5. Spanish Dual Language Immersion (DLI) students would move to César Chávez K-5.,100% accessible school: Sitton’s single-story layout provides improved physical accessibility for all students compared to James John. Concentrated DLI center: DLI students join a focused regional Spanish language center at César Chávez.,"Shared support services: Both James John and Sitton offer support for students with and without disabilities, SUN school and community support programs, and on-site food pantries.","As an Inclusive Community School, James John has led significant work to support all students with disabilities in their neighborhood school. As James John joins with Sitton—also an Inclusive Community School—that foundation will carry forward as the two communities unite into one Inclusive Community School. Portland Public Schools will maintain the complete continuum of Special Education services throughout the rightsizing process. We remain fully committed to delivering all IEP-determined programming and supports for every student. To ensure a seamless transition, school and district leaders will conduct site walk-throughs to evaluate programmatic readiness, space, transportation, and ADA accessibility. Special education administrators will work closely with school principals to ensure every site is prepared to meet student IEP requirements.",K-5 neighborhood/language immersion,More than 360 students,Repair needs are described below.,SCHOOL SNAPSHOT DETAILS Current program K-5 neighborhood/language immersion Expected enrollment with no changes 359 in 2027-28; 352 in 2031-32 District school size goal More than 360 students Students living within 1 mile 70.9% Building notes Repair needs are described below.,James John.pdf,2026-10-08 11:41:16
Jefferson,Options A and B,Connecting elementary and high school paths: Adjusting attendance lines connects high school boundaries with elementary changes near Bybee Lake Shelter (which shifted to Astor K-8).,"Jefferson High School would remain open as a neighborhood high school. Jefferson would make a minor boundary adjustment, shifting the Bybee Lake Shelter area to Roosevelt High School.",Connected community paths: Keeps shelter families matched with the same regional school pathway as their elementary school. Logical attendance zones: Ensures neighborhood boundaries match local community adjustments.,Proximity to Roosevelt: Shifting the shelter boundary to Roosevelt keeps families closer to their assigned high school site.,,High School,"More than 1,100 students",None,"SCHOOL SNAPSHOT DETAILS Current program High School Expected enrollment with no changes 564 in 2027-28; 1,183 in 2031-32 District school size goal More than 1,100 students Students living within 1 mile 35.7% Building notes None",Jefferson.pdf,2026-10-08 11:41:16
Kellogg,Options A and B,Connecting elementary and middle schools: Ensures Atkinson and Creston students move together into Kellogg and to Franklin High School.,Kellogg Middle School would expand its boundary to welcome neighborhood students from Atkinson and Creston. All Spanish Immersion in the southeast remains at Kellogg. Lent neighborhood students would shift from Kellogg to Harrison Park Middle School.,"State-of-the-art building: More students get to learn in Kellogg's modern, recently rebuilt middle school building. Single middle and high school path: All neighborhood students within Kellogg’s new boundary would feed directly to Franklin High School.",Maximizing modern space: Uses available building space at newly built Kellogg efficiently while building a strong student body.,,Middle School neighborhood/language immersion,More than 500 students,None,SCHOOL SNAPSHOT DETAILS Current program Middle School neighborhood/language immersion Expected enrollment with no changes 513 in 2027-28; 471 in 2031-32 District school size goal More than 500 students Students living within 1 mile 31.7% Building notes None,Kellogg.pdf,2026-10-08 11:41:17
Kelly,Options A and B,Organizing southeast pathways: Reorganizes elementary and middle school paths while protecting focused Russian DLI pathways.,Kelly would remain open as a neighborhood K-5 school. Kelly would welcome neighborhood students from Lent (previously assigned to Marysville). Special Education classroom(s) from Woodmere K-5 would move to Kelly. Neighborhood middle schoolers would shift to Harrison Park Middle School. Russian Dual Language Immersion (DLI) students would continue their middle school path at Brentwood.,Kept language track: Russian DLI students keep their focused middle school path to Brentwood. Stronger neighborhood student groups: Connects neighborhood students logically with Harrison Park Middle School.,Regional balance: Shifting neighborhood students to Harrison Park balances middle school size across the Southeast region.,"The Communication Behavior (CB) Classrooms currently located at Woodmere will be relocated to Kelly Elementary. Portland Public Schools will maintain the complete continuum of Special Education services throughout the rightsizing process, ensuring programming is available in all regions of the District. The Special Education Department is collaborating with school teams and families to identify individual student placements for the upcoming school year",K-5 neighborhood/language immersion,More than 360 students,None,SCHOOL SNAPSHOT DETAILS Current program K-5 neighborhood/language immersion Expected enrollment with no changes 402 in 2027-28; 391 in 2031-32 District school size goal More than 360 students Students living within 1 mile 58.2% Building notes None,Kelly.pdf,2026-10-08 11:41:18
Laurelhurst,Options A and B,Balances enrollment: Balances enrollment at Mt. Tabor Middle School after significant impacts from the Southeast Guiding Coalition. Programs that can continue over time: Moving 6-8 students to a focused middle school will create sustainable programming. This means students will have more access to educational activities.,Laurelhurst would change from a K-8 school to a neighborhood K-5 school. Middle grade (6th-8th) students would move to Mt. Tabor Middle School and continue to Grant High School.,Elementary-focused school: Allows Laurelhurst to dedicate all school spaces and playgrounds specifically to K-5 learning.,"Direct Grant High pathway: Laurelhurst middle grade students join Mt. Tabor DLI student groups, leading directly to Grant High School.",,K-8 neighborhood,More than 500 students,Not Applicable,SCHOOL SNAPSHOT DETAILS Current program K-8 neighborhood Expected enrollment with no changes 607 in 2027-28; 525 in 2031-32 District school size goal More than 500 students Students living within 1 mile 99.3% Building notes Not Applicable,Laurelhurst.pdf,2026-10-08 11:41:18
Lent,Options A and B,Language programs serving each area: Concentrates Spanish DLI into schools serving each area across the district to strengthen language immersion. Reaching steady enrollment: Moving Atkinson DLI to Lent brings Lent's student numbers above steady target levels (400+ students).,"Lent remains a focused K-5 Spanish DLI school serving the area, welcoming Spanish DLI students from Atkinson. Lent's neighborhood boundary would move to Kelly K-5.",Unifies DLI programs into a single school where language teachers plan and work together. Supporting the school over time: Secures steady enrollment and stable programs.,Room for more students: Lent’s spacious building is ideally suited for a DLI program serving the area.,,K-5 language immersion,More than 360 students,None,SCHOOL SNAPSHOT DETAILS Current program K-5 language immersion Expected enrollment with no changes 256 in 2027-28; 274 in 2031-32 District school size goal More than 360 students Students living within 1 mile 58.2% Building notes None,Lent.pdf,2026-10-08 11:41:19
Lewis,Options A and B,"Low enrollment numbers: Lewis enrollment was expected to drop to 201 students by 2031-32. Better building conditions and space: Duniway offers a central location, more room for students, and better building conditions to serve both communities.","In Scenario A, Lewis School would close as a school building. In Scenario A, neighborhood K-5 students would move to Duniway K-5. In Scenario B, Lewis receives a portion of the current Whitman K-5 boundary. In both scenarios students move to Brentwood Middle School for 6-8 and then onto Cleveland High School.",Updated building environment: Students move to an updated Duniway school with strong building systems. Full student support: Bringing communities together creates a larger student body that supports programs and student supports.,Duniway chosen as receiving school: Evaluated both school buildings together; Duniway was chosen because it can support more students.,"Students who receive specialized programming in a closing school will be assigned a new location for their IEP-identified services. Students in the Communication Behavior (CB) Classroom at Lewis will receive their services in CB classrooms at Woodstock Elementary School. When combining school communities with distinct Special Education programming, we are planning and ensuring tailored support through the transition.",K-5 neighborhood,More than 360 students,School space is described below.,SCHOOL SNAPSHOT DETAILS Current program K-5 neighborhood Expected enrollment with no changes 224 in 2027-28; 201 in 2031-32 District school size goal More than 360 students Students living within 1 mile 93.9% Building notes School space is described below.,Lewis.pdf,2026-10-08 11:41:20
Lincoln,Options A and B,Shorter travel times: Reassigning rural Skyline high schoolers to Roosevelt significantly cuts daily transit distance across the West Hills for those families.,Lincoln High School would remain open as a neighborhood high school. Lincoln's school boundary would contract slightly as Skyline students move to Roosevelt High School.,"Keeps Lincoln operating at healthy, stable enrollment levels without overcrowding.",Simpler travel to and from school: Adjusting the perimeter reduces long travel times for families in the far western areas.,,High School,"More than 1,100 students",None,"SCHOOL SNAPSHOT DETAILS Current program High School Expected enrollment with no changes 1,598 in 2027-28; 1,411 in 2031-32 District school size goal More than 1,100 students Students living within 1 mile 15.7% Building notes None",Lincoln.pdf,2026-10-08 11:41:20
Llewellyn,Options A and B,Closer neighborhood walk: Students living west of McLoughlin Blvd are by location much closer to Llewellyn than Duniway. Sellwood building needs: Sellwood Middle School would close in 2028 because of major building replacement needs.,"Llewellyn would remain open as a neighborhood K-5 school. In Scenario A, Llewellyn would expand its boundary to welcome students from Duniway living west of McLoughlin Blvd. Middle and high school pathway: Students would move to Hosford for Middle School instead of Sellwood.","Shorter commute: Families west of McLoughlin gain a closer elementary school. Direct middle school move: Provides a smooth, direct move to Hosford Middle School. Stable enrollment: Students at both Duniway and Llewelyn would reach district enrollment goals and remain stable over time.","Logical boundary lines: McLoughlin Blvd forms a natural, boundary line for neighborhood assignments.",,K-5 neighborhood,More than 360 students,School space is described below.,SCHOOL SNAPSHOT DETAILS Current program K-5 neighborhood Expected enrollment with no changes 312 in 2027-28; 312 in 2031-32 District school size goal More than 360 students Students living within 1 mile 85.1% Building notes School space is described below.,Llewellyn.pdf,2026-10-08 11:41:21
Maplewood,Options A and B,Low Expected enrollment: Maplewood’s enrollment was expected to drop to 247 students against a building space of 465. Nearby Hayhurst and Rieke have available space to welcome these families.,"Maplewood School would close as a school building. 70% of the neighborhood boundary would move to Hayhurst K-5, and 30% would move to Rieke K-5. Middle grade students would move to Robert Gray Middle School instead of Jackson. The K-2 Intensive Skills Classroom would move to Markham K-5 to rejoin the 3-5 classroom.","United special education care: Brings K-2 and 3-5 Intensive Skills Special Education classrooms together under one roof at Markham. Stronger school communities: By moving students into nearby schools, district enrollment goals can be reached for all K-5 students in this area.","Geographic split: 70% of students would move to Hayhurst because most of the Maplewood area is closer to Hayhurst.As we look at who bears the burden of moving, we wanted to reduce the impact on students experiencing poverty and underserved communities and that is a contributing factor for moving Maplewood to Hayhurst.","Students who have specialized programming in a closing school will be assigned a new location for their IEP-identified programming. Students in the ISC at Maplewood will return to receiving their services in an ISC room at Markham Elementary School. When combining school communities with distinct Special Education programming, we are planning and ensuring tailored support through the transition.",K-5 neighborhood,More than 360 students,School space is described below.,SCHOOL SNAPSHOT DETAILS Current program K-5 neighborhood Expected enrollment with no changes 278 in 2027-28; 247 in 2031-32 District school size goal More than 360 students Students living within 1 mile 44.9% Building notes School space is described below.,Maplewood.pdf,2026-10-08 11:41:22
Markham,Options A and B,Filling open classroom space: Absorbing 70% of the Stephenson boundary increases Markham’s classroom use above 90% and helps keep student numbers steadily above 500 students.,Markham would remain open as a neighborhood K-5 school. Markham would expand its boundary to welcome 70% of the students from the closing Stephenson K-5 school. Markham would welcome the K-2 Intensive Skills Classroom from Maplewood (uniting it with the 3-5 classroom).,Combined special education services: Brings K-5 Intensive Skills Special Education classrooms together under one roof. Stable funding and programs: Strong student numbers ensure stable enrollment over time.,Room for more students: Both Markham and Capitol Hill offer more room than Stephenson to comfortably house incoming students.,"The Intensive Skills Classroom currently located at Maplewood Elementary School will return to Markham Elementary School. To ensure a seamless transition, school and district leaders will conduct site walk-throughs to evaluate programmatic readiness, space, transportation, and ADA accessibility. Special education administrators will work closely with school principals to ensure every site is prepared to meet student IEP requirements.",K-5 neighborhood,More than 360 students,School space is described below.,SCHOOL SNAPSHOT DETAILS Current program K-5 neighborhood Expected enrollment with no changes 312 in 2027-28; 347 in 2031-32 District school size goal More than 360 students Students living within 1 mile 47.2% Building notes School space is described below.,Markham.pdf,2026-10-08 11:41:22
Marysville,Options A and B,"Building size advantages: Arleta has room for 653 students (with 28 main classrooms) compared to Marysville's space of 410, allowing Arleta to comfortably house both communities. New uses for the building: Moving out of the Marysville building allows it to possibly serve as a regional preschool center, childcare center, or community partner space.","Marysville School would close as a K-5 school. The pre-SEGC neighborhood K-5 school boundary would move to Arleta K-5, the pre-SEGC Lent neighborhood non-DLI boundary would move to Kelly. The PPS Pre-K program at Marysville would move to Kelly.",Updated Arleta school: Students gain new HVAC heating and cooling systems (Summer 2027) and full elevator access at Arleta. Kept early learning: Moving Pre-K to Kelly preserves focused early childhood care in the area.,Avoiding multiple moves: Delaying full implementation ensures students previously impacted by Southeast Guiding Coalition changes do not experience multiple school moves during elementary school.,"As an Inclusive Community School, Marysville has led significant work to serve the needs of all students with disabilities in their neighborhood school. As Marysville joins with Arleta, that foundation will carry forward as the two communities unite into one Inclusive Community School. Portland Public Schools will maintain the complete continuum of Special Education services throughout the rightsizing process. We remain fully committed to delivering all IEP-determined programming and supports for every student. The Special Education Department will collaborate with school teams and families to identify individual student placements for the implementation year. To ensure a seamless transition, school and district leaders will conduct site walk-throughs to evaluate programmatic readiness, space, transportation, and ADA accessibility. Special education administrators will work closely with school principals to ensure every site is prepared to meet student IEP requirements.",K-5 neighborhood,More than 360 students,School space is described below.,SCHOOL SNAPSHOT DETAILS Current program K-5 neighborhood Expected enrollment with no changes 300 in 2027-28; 312 in 2031-32 District school size goal More than 360 students Students living within 1 mile 90.4% Building notes School space is described below.,Marysville.pdf,2026-10-08 11:41:23
McDaniel,Options A and B,Matching school pathways: Reassigning a small section of Vestal connects high school boundary lines cleanly with elementary neighborhood boundaries.,McDaniel High School would receive a small portion of the Vestal boundary (shifting from Franklin).,Connected peer groups: Keeps elementary and middle school friend groups moving logically together into high school.,Route to middle and high school cohesion: Fixing minor geographic split school pathways was the primary consideration.,,High School,"More than 1,100 students",None,"SCHOOL SNAPSHOT DETAILS Current program High School Expected enrollment with no changes 1,528 in 2027-28; 1,261 in 2031-32 District school size goal More than 1,100 students Students living within 1 mile 10.6% Building notes None",McDaniel.pdf,2026-10-08 11:41:24
Metropolitan Learning Center,Options A and B,"Matching grade structures: Changing MLC to K-8 matches district grade structures while creating space to co-locate MLC and Odyssey. Teaching models: Both programs center hands-on learning, allowing for the potential of shared resources.","Metropolitan Learning Center (MLC) would change from a K-12 to a K-8 alternative (choice) school.High school (9th-12th) students would transition to another PPS alternative school, attend a focus option or return to their designated neighborhood high schools. The Odyssey K-8 program would co-locate onto the MLC school facility.","Strong hands-on learning: Creates co-located vibrant K-8 schools centered on hands-on learning. Neighborhood high school access: High schoolers attend their neighborhood comprehensive high school with full high school athletics, advanced placement (AP) courses, and electives.","Move timing: High schoolers would move in Fall 2027, while Odyssey moves when physical site preparation at MLC is complete.",,K-12 alternative school,Alternative school setting,School space is described below.,SCHOOL SNAPSHOT DETAILS Current program K-12 alternative school Expected enrollment with no changes 245 in 2027-28; 199 in 2031-32 District school size goal Alternative school setting Students living within 1 mile Not applicable Building notes School space is described below.,Metropolitan Learning Center.pdf,2026-10-08 11:41:24
Mt. Tabor,Options A and B,Home for Laurelhurst middle grades: Changing Laurelhurst to a K-5 model requires a middle school home for 6th-8th grade students. Space and direct pathway: Mt. Tabor provides nearby building space and connects elementary students with a direct middle and high school path into Grant High School.,Mt. Tabor Middle School would expand its school boundary to welcome 6th-8th grade students from Laurelhurst as Laurelhurst becomes a K-5 school.,"Unified high school path: Laurelhurst middle grade students join Mt. Tabor Japanese DLI students, leading directly to Grant High School. Restored student enrollment: Restores student numbers at Mt. Tabor following past boundary reductions.",Rebuilding student body size: Helps restore Mt. Tabor’s enrollment after past Southeast Guiding Coalition changes.,,Middle School neighborhood/language immersion,More than 500 students,School space is described below.,SCHOOL SNAPSHOT DETAILS Current program Middle School neighborhood/language immersion Expected enrollment with no changes 406 in 2027-28; 354 in 2031-32 District school size goal More than 500 students Students living within 1 mile 58.2% Building notes School space is described below.,Mt. Tabor.pdf,2026-10-08 11:41:26
Ockley Green,Options A and B,DLI program serving the area: Moving middle grade Spanish DLI to George Middle School establishes a language program serving the area in North/Northeast Portland. One high school destination: Welcoming middle grade students from Faubion helps keep steady student numbers at Ockley Green and eliminates split route to high schools.,Ockley Green would remain open as a neighborhood middle school. The Spanish Dual Language Immersion (DLI) program would move to George Middle School. Ockley Green would welcome 6th-8th grade students from Faubion K-5. The former Peninsula school area would shift to George Middle School.,"Clear high school pathways: Resolves split route to high schools so all Ockley Green students move together to Jefferson high school. Expanded electives: A stable student body supports full music programs, electives, and middle school athletics.",Middle and high school cohesion: Fixes historical split route to high schools in the Jefferson cluster.,,Middle School neighborhood/language immersion,More than 500 students,None,SCHOOL SNAPSHOT DETAILS Current program Middle School neighborhood/language immersion Expected enrollment with no changes 442 in 2027-28; 436 in 2031-32 District school size goal More than 500 students Students living within 1 mile 38.5% Building notes None,Ockley Green.pdf,2026-10-08 13:41:43
Odyssey,Options A and B,"Shared teaching approach: Odyssey would move from the East Sylvan site to co-locate at MLC because both programs share hands-on learning models, creating opportunities for shared buildings and teacher teamwork. Closing an aging building: Moving the program closes the aging East Sylvan building.",The Odyssey K-8 special-focus choice program would move to the Metropolitan Learning Center (MLC) school. The East Sylvan building would close.,"Teacher teamwork: Combining two hands-on programs allows teachers to work together, plan together, and share special-focus learning resources. Upgraded school environment: Students join a vibrant downtown alternative school building.",Move timing: Physical move timing may occur in fall 2027 or fall 2028 depending on needed building preparation at MLC.,,K-8 choice program,More than 500 students (general district goal),School space is described below.,SCHOOL SNAPSHOT DETAILS Current program K-8 choice program Expected enrollment with no changes 220 in 2027-28; 224 in 2031-32 District school size goal More than 500 students (general district goal) Students living within 1 mile Not applicable Building notes School space is described below.,Odyssey.pdf,2026-10-08 11:41:27
Peninsula,Options A and B,Low enrollment numbers: Peninsula’s current enrollment is 239 students and is expected to remain low at 236 students by 2031-32 (over 100 students below target levels). Updated building space: Bringing Peninsula into Rosa Parks helps keep steady student numbers at elementary enrollment across the Roosevelt cluster using an updated school with more room for students.,Peninsula School would close as a school building. Its full neighborhood K-5 school boundary would move to Rosa Parks K-5.,"Updated school: Students move into Rosa Parks’ updated classrooms, learning spaces, and buildings. Complete community support: Rosa Parks offers early learning classrooms, SUN school and community support programs, and an on-site food pantry.","Shared support models: Both Peninsula and Rosa Parks are Title I schools with SUN school and community support programs, food pantries, and support for students with and without disabilities. Building quality: Rosa Parks offers updated an building compared to Peninsula.","As an Inclusive Community School, Peninsula has led significant work to support all students with disabilities in their neighborhood school. As Peninsula joins with Rosa Parks—also an Inclusive Community School—that foundation will carry forward as the two communities unite into one Inclusive Community School. Portland Public Schools will maintain the complete continuum of Special Education services throughout the rightsizing process. We remain fully committed to delivering all IEP-determined programming and supports for every student. To ensure a seamless transition, school and district leaders will conduct site walk-throughs to evaluate programmatic readiness, space, transportation, and ADA accessibility. Special education administrators will work closely with school principals to ensure every site is prepared to meet student IEP requirements.",K-5 neighborhood,More than 360 students,Building updates are described below.,SCHOOL SNAPSHOT DETAILS Current program K-5 neighborhood Expected enrollment with no changes 250 in 2027-28; 236 in 2031-32 District school size goal More than 360 students Students living within 1 mile 95.9% Building notes Building updates are described below.,Peninsula.pdf,2026-10-08 11:41:28
Richmond,Options A and B,"Stable program: Enrollment and program structures at Richmond remain within healthy, stable target ranges.",No changes are planned for Richmond at this time. Richmond would remain open as a focused Japanese Dual Language Immersion (DLI) K-5 focus school in its current setup.,Keeping the language program: Students keep their established Japanese DLI immersion pathway without disruption.,Stand-alone focus model: Richmond would continue to serve as a successful stand-alone Japanese DLI elementary program.,,K-5 language immersion,More than 360 students,None,SCHOOL SNAPSHOT DETAILS Current program K-5 language immersion Expected enrollment with no changes 504 in 2027-28; 497 in 2031-32 District school size goal More than 360 students Students living within 1 mile Not applicable Building notes None,Richmond.pdf,2026-10-08 11:41:28
Rieke,Options A and B,"Filling open classroom space: Both Rieke and Maplewood were projected below steady enrollment levels. Reaching steady enrollment: Receiving 30% of the closing Maplewood school boundary makes better use of school space and helps keep student numbers steady at Rieke. Connected boundary lines: Rieke receives a portion of the Hayhurst boundary to create a logical, connected boundary between Rieke and Hayhurst.",Rieke would remain open as a neighborhood K-5 school. Rieke would expand its school boundary to receive 30% of the students from the closing Maplewood K-5. A portion of the Hayhurst boundary would be adjusted to Rieke. Middle and high school pathway: Students would continue to Robert Gray Middle School and Ida B. Wells High School.,"Large school footprint: Students benefit from Rieke’s large acreage and outdoor grounds, facility condition between Maplewood and Rieke are similar. Direct middle school path: Provides a logical, Connected middle school pathway directly to Robert Gray Middle School and Ida B. Wells High School.",Proximity to Wells HS: Rieke’s large school footprint and close proximity to Ida B. Wells High School make it a strong neighborhood school.,,K-5 neighborhood,More than 360 students,School space is described below.,SCHOOL SNAPSHOT DETAILS Current program K-5 neighborhood Expected enrollment with no changes 252 in 2027-28; 311 in 2031-32 District school size goal More than 360 students Students living within 1 mile 73.7% Building notes School space is described below.,Rieke.pdf,2026-10-08 11:41:29
Rigler,Options A and B,DLI program serving the area: Moving Scott Spanish DLI to Rigler follows the district model of creating focused Spanish DLI schools serving each area. Reaching steady enrollment: Welcoming these students brings Rigler's enrollment above steady target levels.,Rigler would remain open as a focused regional Spanish DLI K-5 school. Rigler would receive Spanish DLI students from Scott K-5. Rigler’s non-DLI neighborhood boundary would shift to Scott K-5. Middle and high school pathway: All K-5 Spanish DLI students would move to Roseway Heights Middle School and then to McDaniel High School.,"School-wide language culture: Unifies dual language programs into a single school, creating a vibrant language learning culture where DLI teachers plan and work together. Connected middle school path: Ensures a clear, connected DLI pathway through middle and high school.",Regional DLI model: Follows the districtwide strategy for concentrated language program locations.,,K-5 neighborhood/language immersion,More than 360 students,None,SCHOOL SNAPSHOT DETAILS Current program K-5 neighborhood/language immersion Expected enrollment with no changes 306 in 2027-28; 321 in 2031-32 District school size goal More than 360 students Students living within 1 mile Not applicable Building notes None,Rigler.pdf,2026-10-08 11:41:29
Roosevelt,Options A and B,Shorter commute times: Reassigning the rural Skyline school area to Roosevelt connects high school routes to middle and high school with western neighborhood boundaries and makes better use of student enrollment.,Roosevelt High School would remain open as a neighborhood high school. Roosevelt would expand its school boundary to receive high school students from Skyline.,"Reduced travel distance: Significantly decreases daily transit time and distance for high school students living in the northern and western rural areas. Expanded course options: Higher enrollment helps keep broad elective classes, athletics, and student support services.",Travel routes: Shifting Skyline to Roosevelt provides more direct transit routes than traveling across the West Hills.,,High School,"More than 1,100 students",None,"SCHOOL SNAPSHOT DETAILS Current program High School Expected enrollment with no changes 1,312 in 2027-28; 1,117 in 2031-32 District school size goal More than 1,100 students Students living within 1 mile 22.5% Building notes None",Roosevelt.pdf,2026-10-08 11:41:30
Rosa Parks,Options A and B,"Updated school setup: Rosa Parks is an updated school with more room for students, an early learning classroom, SUN school and community support programs, and an on-site food pantry. Filling open classroom space: Receiving students from Peninsula (site closure) and non-DLI neighborhood students from César Chávez increases building use and helps keep steady student numbers at elementary enrollment in the Roosevelt cluster.",Rosa Parks would remain open as a neighborhood K-5 school. Rosa Parks would expand its boundary to receive 100% of the closing Peninsula K-5 boundary. Rosa Parks would receive neighborhood (non-DLI) students from César Chávez K-5.,"Upgraded learning spaces: Incoming Peninsula students gain access to modern classrooms, updated building, and strong community support services.",Maximizing modern space: Uses available building space at newly built Rosa Parks efficiently while building a strong student body,"As an Inclusive Community School, Rosa Parks will welcome Peninsula students and staff into their community. Like Rosa Parks, Peninsula has built a strong foundation as an Inclusive Community School, providing the full continuum of services to students with disabilities in their neighborhood school. Together, these communities will unite as one Inclusive Community School. Portland Public Schools will maintain the complete continuum of Special Education services throughout the rightsizing and school closure process. We remain fully committed to delivering all IEP-determined programming and supports for every student. To ensure a seamless transition, school and district leaders will conduct site walk-throughs to evaluate programmatic readiness, space, transportation, and ADA accessibility. Special education administrators will work closely with school principals to ensure every site is prepared to meet student IEP requirements.",K-5 neighborhood,More than 360 students,Building updates are described below.,SCHOOL SNAPSHOT DETAILS Current program K-5 neighborhood Expected enrollment with no changes 159 in 2027-28; 168 in 2031-32 District school size goal More than 360 students Students living within 1 mile 100.0% Building notes Building updates are described below.,Rosa Parks.pdf,2026-10-08 11:41:31
Rose City Park,Options A and B,"Urgent building repairs: Rose City Park faces major building risks, including very old building systems and critical maintenance failures requiring a full seismic overhaul. Avoiding temporary moves: Bringing together the school moves neighborhood students to Scott K-5 and moves Vietnamese DLI to Vestal K-5, avoiding expensive temporary construction moves.","In Scenario A, Rose City Park Elementary would close as a school building. In Scenario A, 100% of its neighborhood K-5boundary would move to Scott K-5. In Scenario A, its Vietnamese Dual Language Immersion (DLI) program would move to Vestal K-5. Middle grade Vietnamese DLI students would remain at Roseway Heights Middle School. In Scenario B, Rose City Park would remain open.","Safer building conditions: Students move out of an aging building into safer, updated learning environments. Protected language path: Vietnamese DLI stays in place at Vestal with no change to middle school plans.",Primary driver: Severe building conditions were the primary reason considered for school closure in Scenario A.,,K-5 neighborhood/language immersion,More than 360 students,Repair needs are described below.,SCHOOL SNAPSHOT DETAILS Current program K-5 neighborhood/language immersion Expected enrollment with no changes 391 in 2027-28; 370 in 2031-32 District school size goal More than 360 students Students living within 1 mile 93.0% Building notes Repair needs are described below.,Rose City Park.pdf,2026-10-08 11:41:31
Roseway Heights,Options A and B,Middle school DLI school serving the area: Moving Spanish DLI middle grade students from Beaumont to Roseway Heights brings together middle and high school Spanish language pathways and matches middle school changes across the region.,Roseway Heights would remain open as a neighborhood middle school. Roseway Heights would receive Spanish DLI middle grade (6th-8th) students from Beaumont Middle School. The Vietnamese DLI program would remain at Roseway Heights.,"Dual language program location: Houses both Spanish and Vietnamese DLI middle school pathways on one school. Teacher teamwork: Concentrating dual language programs allows DLI teachers to work together, plan together, and grow alongside fellow language educators.",Program strength: Keeping both DLI programs together was chosen because both language tracks continue to show student growth.,,Middle School neighborhood/language immersion,More than 500 students,None,SCHOOL SNAPSHOT DETAILS Current program Middle School neighborhood/language immersion Expected enrollment with no changes 554 in 2027-28; 498 in 2031-32 District school size goal More than 500 students Students living within 1 mile 33.6% Building notes None,Roseway Heights.pdf,2026-10-08 11:41:32
Sabin,Options A and B,"Low enrollment and building risks: Sabin's enrollment was expected to remain low (235 students), and the building faces major plumbing and heating system replacement needs, alongside dependencies on leased spaces for early learning. Upgraded school features: Bringing together Sabin and with a newly upgraded roof, larger grounds (4.9 acres), and strong school features.",Sabin School would close as a school building. Its full neighborhood K-5 school boundary would move to Dr. Martin Luther King Jr. Elementary.,"Better school grounds: Sabin students gain access to modern turfed fields, large outdoor spaces, and an updated roof. Unified services: All elementary programs and early childhood services exist together under one roof.","Coordinated move: Moving Sabin to Dr. MLK Jr. Elementary coincides with moving Mandarin DLI from MLK Jr. to BEH, opening up the physical classroom space needed to welcome the Sabin community.",Students receiving specialized programming at a closing school will be reassigned to a location for their IEP-identified services as close to their neighborhood school as possible. Students in the SES program at Sabin will attend either a K–5 SES classroom at Vernon Elementary School or Martin Luther King Jr. Elementary School. The Special Education Department is collaborating with school teams and families to determine individual placements and will communicate directly with families regarding final locations.,K-5 neighborhood,More than 360 students,Building updates are described below.,SCHOOL SNAPSHOT DETAILS Current program K-5 neighborhood Expected enrollment with no changes 236 in 2027-28; 235 in 2031-32 District school size goal More than 360 students Students living within 1 mile 100.0% Building notes Building updates are described below.,Sabin.pdf,2026-10-08 11:41:33
Scott,Options A and B,DLI program serving the area: Moving Spanish DLI to Rigler establishes Rigler as a focused regional Spanish language center. Neighborhood elementary home: Scott expands its footprint to serve as the neighborhood elementary home for incoming Rose City Park students in Scenario A.,"In Scenarios A and B, Scott would remain open as a neighborhood K-5 school. Its Spanish DLI program would move to Rigler K-5. In Scenario A, Scott would expand its boundary to welcome neighborhood (non-DLI) students from the closing Rose City Park K-5 school. In Scenario B, Rose City Park would remain open.",Neighborhood walking school: Serves as a strong neighborhood elementary school for the combined community. Room to welcome new families: Moving Spanish DLI creates the internal building space needed to house Rose City Park's neighborhood student population.,Space balance: Moving Spanish DLI out created the exact room needed to welcome Rose City Park families.,,K-5 neighborhood/language immersion,More than 360 students,None,SCHOOL SNAPSHOT DETAILS Current program K-5 neighborhood/language immersion Expected enrollment with no changes 500 in 2027-28; 470 in 2031-32 District school size goal More than 360 students Students living within 1 mile 91.9% Building notes None,Scott.pdf,2026-10-08 13:44:16
Sellwood,Options A and B,Major building repairs needed: Sellwood Middle School faces major building concerns requiring an entire mechanical system replacement. Dropping enrollment: Expected enrollment at Sellwood drops to 350 students by 2031-32. Better building conditions: Moving its school pathway areas to Hosford and Brentwood Middle Schools brings together middle grade students into schools with more room for students and better building conditions.,Sellwood Middle School would close as a school building in 2028. Middle grade students from the Llewellyn boundary would move to Hosford Middle School. Middle grade students from the Duniway and closing Lewis boundaries would move to Brentwood Middle School. Middle and high school path: All areas would continue to feed into Cleveland High School.,Upgraded buildings: Students move into schools with better building systems and layout space. Consistent high school path: All student groups keep their path directly to Cleveland High School.,Hosford proximity: Hosford offers closer proximity and better building systems for Llewellyn students compared to Sellwood.,,Middle School neighborhood,More than 500 students,Repair needs are described below.,SCHOOL SNAPSHOT DETAILS Current program Middle School neighborhood Expected enrollment with no changes 523 in 2027-28; 350 in 2031-32 District school size goal More than 500 students Students living within 1 mile 33.1% Building notes Repair needs are described below.,Sellwood.pdf,2026-10-08 11:41:34
Sitton,Options A and B,"Single-story accessible building: Sitton is a single-story, fully accessible school in better physical condition than James John, with a higher concentration of neighborhood students living nearby. Frees up room for James John: Moving Sitton’s Spanish DLI program to César Chávez frees up building space for Sitton to serve as a unified, accessible neighborhood elementary school.",Sitton would remain open as a neighborhood K-5 school. Its Spanish Dual Language Immersion (DLI) program would move to César Chávez K-5. Sitton would expand its school boundary to receive 100% of neighborhood K-5 students from the closing James John school.,"100% physically accessible school: Sitton’s single-story layout enhances physical accessibility for all students and staff. Concentrated DLI center: DLI students join a focused regional Spanish language center at César Chávez. Keeping community supports: Both communities carry forward their support for students with and without disabilities, SUN school and community support programs, and on-site food pantries.",Building accessibility: Sitton was selected as the receiving school over James John primarily because its single-story layout provides total physical accessibility.,"As an Inclusive Community School, Sitton will welcome James John students and staff into their community. Like Sitton, James John has built a strong foundation as an Inclusive Community School, providing the full continuum of services to students with disabilities in their neighborhood school. Together, these communities will unite as one Inclusive Community School. Portland Public Schools will maintain the complete continuum of Special Education services throughout the rightsizing and school closure process. We remain fully committed to delivering all IEP- determined programming and supports for every student. To ensure a seamless transition, school and district leaders will conduct site walk-throughs to evaluate programmatic readiness, space, transportation, and ADA accessibility. Special education administrators will work closely with school principals to ensure every site is prepared to meet student IEP requirements.",K-5 neighborhood/language immersion,More than 360 students,School space is described below.,SCHOOL SNAPSHOT DETAILS Current program K-5 neighborhood/language immersion Expected enrollment with no changes 333 in 2027-28; 311 in 2031-32 District school size goal More than 360 students Students living within 1 mile 70.6% Building notes School space is described below.,Sitton.pdf,2026-10-08 11:41:35
Skyline,Options A and B,Shorter travel times: Reassigning Skyline’s high school route from Lincoln to Roosevelt significantly decreases travel for rural western students. Preserving K-8 structure: Skyline remains a neighborhood K-8 school because of its distance from other schools.,Skyline would remain open as a neighborhood K-8 school. Its high school building pathway assignment would shift from Lincoln High School to Roosevelt High School.,Reduced commute times: Less travel time on buses crossing the West Hills for high school students. Keeping the neighborhood school: Families keep their established K-8 neighborhood school structure.,Distance between schools: Kept as a K-8 school because distance to other middle school buildings is too far to combine with other schools.,,K-8 neighborhood,More than 500 students,None,SCHOOL SNAPSHOT DETAILS Current program K-8 neighborhood Expected enrollment with no changes 196 in 2027-28; 177 in 2031-32 District school size goal More than 500 students Students living within 1 mile 7.7% Building notes None,Skyline.pdf,2026-10-08 11:41:35
Stephenson,Options A and B,"Geographic isolation and low enrollment: Stephenson is isolated, with enrollment expected to drop to 261 students by 2031-32. Neighboring Capacity: Closest schools (Markham and Capitol Hill) offer more room to comfortably accommodate the student body.","Stephenson School would close as a school building in Scenario A. In Scenario A, 70% of its neighborhood school boundary would move to Markham K-5, and 30% would move to Capitol Hill K-5. In Scenario B, Stephenson would remain open.","Full student support networks: Joining Markham and Capitol Hill gives students access to larger student body sizes that support full-time PE, art, music, and support staff. Updated buildings: Capitol Hill and Markham feature plenty of school space and planned building safety upgrades.","Choosing the school students would move to: Stephenson was chosen for closure over Markham and Capitol Hill because of room for students and distance from where students live. As we look at who bears the burden of moving, we wanted to reduce the impact on students experiencing poverty and underserved communities and that is a contributing factor for moving Stephenson to Markham.","When combining school communities with distinct Special Education programming, we are planning and ensuring tailored support through the transition. Students who have specialized programming in a closing school will be assigned a new location for their IEP-identified programming. Students in the Communication Behavior Classroom (CB) at Stephenson will be receiving their services in a CB classroom at Capitol Hill Elementary School.",K-5 neighborhood,More than 360 students,School space is described below.,SCHOOL SNAPSHOT DETAILS Current program K-5 neighborhood Expected enrollment with no changes 271 in 2027-28; 261 in 2031-32 District school size goal More than 360 students Students living within 1 mile 29.2% Building notes School space is described below.,Stephenson.pdf,2026-10-08 11:41:36
Sunnyside,Options A and B,Richer middle school options: Changing Sunnyside from a K-8 special-focus choice school to a K-5 neighborhood school allows 6th-8th grade students to access a focused middle school with sustainable programming. This means students will have more access to educational activities. Better building conditions: Sunnyside provides a central location and better building conditions compared to the closing Buckman school.,Sunnyside would change to a K-5 neighborhood school and would no longer take lottery transfers. Sunnyside would welcome 50% of the neighborhood school boundary from Buckman (the area north of Burnside). Middle grade (6th-8th) students would move to Hosford Middle School. Middle and high school path: High school students would move to Cleveland High School instead of Franklin High School.,"Updated building environment: Incoming Buckman students move into an updated Sunnyside building. Comprehensive middle school access: Neighborhood 6th-8th graders join Hosford for broader electives, athletics,and middle school staff.",Current lottery protection: Current out-of-neighborhood students admitted through the lottery would be permitted to remain through 5th grade. Sunnyside shifts support balancing nearby elementary schools.,"As we combine school communities with distinct Special Education programming, we are carefully planning each step to ensure tailored, continuous support throughout the transition. The Social Emotional Skills (SES) Classrooms currently located at Buckman Elementary School will be relocated to Sunnyside Elementary School. To ensure a seamless transition, special education administrators will work closely with school leaders to evaluate programmatic readiness, space, transportation, and ADA accessibility to meet all student IEP requirements.",K-8 neighborhood & choice program,More than 360,School space is described below.,SCHOOL SNAPSHOT DETAILS Current program K-8 neighborhood & choice program Expected enrollment with no changes 484 in 2027-28; 475 in 2031-32 District school size goal More than 360 Students living within 1 mile 96.8% Building notes School space is described below.,Sunnyside.pdf,2026-10-08 13:29:08
Sunrise,Options A and B,"Geographic isolation: Although enrollment is projected below district enrollment goals, no changes are planned at this time because of distance from other schools.",No changes are planned for Sunrise at this time. Sunrise would remain open as a neighborhood K-5 school with its current boundary.,"Keeping the neighborhood school: Families keep their neighborhood school, schedules, and staff.","Distance factors: While we considered various ways to boost enrollment, Sunrise remains a neighborhood K-5 because of this distance from other schools.",,K-5 neighborhood,More than 360 students,None,SCHOOL SNAPSHOT DETAILS Current program K-5 neighborhood Expected enrollment with no changes 245 in 2027-28; 254 in 2031-32 District school size goal More than 360 students Students living within 1 mile 66.8% Building notes None,Sunrise.pdf,2026-10-08 11:41:37
Vernon,Options A and B,"Comprehensive middle school access: Changing Vernon from a K-8 to a K-5 model provides middle grade students access to Harriet Tubman Middle School, helping keep student numbers steady at Tubman. Seismically upgraded building: Vernon received a full seismic retrofit in Summer 2026, offering strong building conditions for elementary learning.",Vernon would change from a K-8 school to a neighborhood K-5 school. Middle grade (6th-8th) students would move to Harriet Tubman Middle School.,"Elementary-focused school: Allows elementary students to benefit from a school designed entirely for early childhood development. Full middle school experience: Middle school students gain access to the broader electives, athletics, and learning options of a comprehensive middle school.",Middle grade enrollment support: Moving middle grades to Harriet Tubman supports middle grades enrollment across the cluster.,Students receiving specialized programming at a closing school will be reassigned to a location for their IEP-identified services as close to their neighborhood school as possible. Vernon will welcome students from Sabin into a K–5 SES classroom. The Special Education Department is collaborating with school teams and families to determine individual placements and will communicate directly with families regarding final locations.,K-8 neighborhood,More than 500 students,Repair needs are described below.,SCHOOL SNAPSHOT DETAILS Current program K-8 neighborhood Expected enrollment with no changes 492 in 2027-28; 453 in 2031-32 District school size goal More than 500 students Students living within 1 mile 60.7% Building notes Repair needs are described below.,Vernon.pdf,2026-10-08 11:41:38
Vestal,Options A and B,Reaching the district’s school size goal: Vestal is below the district enrollment goal if there are no changes. Proximity for VDLI families: Vietnamese DLI community lives close Vestal above the district enrollment goal.,"Vestal would remain open as a neighborhood K-5 school and receive the Vietnamese Dual Language Immersion (DLI) program from Rose City Park in Scenario A. In Scenario B, Rose City Park remains open so there would be no changes at Vestal.",Upgraded school building: Vestal has seen recent building investments and this option keeps the same middle and high school pathway.,Building conditions and location: Building conditions and proximity were major considerations in this decision.,,K-5 neighborhood,More than 360 students,None,SCHOOL SNAPSHOT DETAILS Current program K-5 neighborhood Expected enrollment with no changes 294 in 2027-28; 279 in 2031-32 District school size goal More than 360 students Students living within 1 mile 80.5% Building notes None,Vestal.pdf,2026-10-08 11:41:39
West Sylvan,Options A and B,Stable enrollment: Enrollment and use of school space at West Sylvan Middle School remain within district enrollment goals.,No changes are planned for West Sylvan Middle School at this time. West Sylvan would remain open as a neighborhood middle school hosting Spanish DLI programs in its current grades and school boundary.,"Keeping current programs: Students keep their middle school schedules, electives, and language programs.",Lincoln route to high school: West Sylvan would continues its designated route to Lincoln High School.,,Middle School neighborhood/language immersion,More than 500 students,School space is described below.,SCHOOL SNAPSHOT DETAILS Current program Middle School neighborhood/language immersion Expected enrollment with no changes 687 in 2027-28; 620 in 2031-32 District school size goal More than 500 students Students living within 1 mile 4.6% Building notes School space is described below.,West Sylvan.pdf,2026-10-08 11:41:39
Whitman,Options A and B,"Low neighborhood enrollment: Both Whitman and Woodmere are significantly under district enrollment goals, with Woodmere's enrollment remaining in the low 220s. Central school space: Whitman has room for 416 students, and receiving students from Woodmere makes better use of school space in a centrally located school with planned schoolyard improvements.","Whitman would remain open as a neighborhood K-5 school and expand its school boundary to receive 100% of the student from the closing Woodmere k-5 school in Scenario A and B, in Scenario B, Lewis remains open and a portion of the Whitman boundary moves to Lewis. Middle and high school pathway: All students in this new boundary move to Brentwood Middle School and then to Franklin High School.","Upgraded school grounds: Benefit from planned schoolyard improvements and a central location. Combined school strength: Combining both schools helps keep student numbers steady, allowing for stronger learning options, focused staff and upgraded learning environments.",Whitman chosen over Woodmere: Whitman was chosen over Woodmere because of being more central to where students live and having similar amounts of space and building conditions.,"As an inclusive neighborhood school, the Whitman community has led significant work to support all students with disabilities in their neighborhood school. This will continue moving forward as Whitman welcomes the Woodmere community. The Communication Behavior (CB) Classrooms currently located at Woodmere will be relocated to Kelly Elementary. Portland Public Schools will maintain the complete continuum of Special Education services throughout the rightsizing process, ensuring programming is available in all regions of the District. The Special Education Department will collaborate with school teams and families to identify individual student placements for the upcoming school year: • Continued Focused Programming: Provided in the CB Classrooms at Kelly Elementary. • Transition to Whitman Elementary: Joining an inclusive neighborhood school environment with their peers. School teams will contact families in the coming weeks to discuss individual transition plans and answer any questions. Thank you for your ongoing partnership.",K-5 neighborhood,More than 360 students,Building updates are described below.,SCHOOL SNAPSHOT DETAILS Current program K-5 neighborhood Expected enrollment with no changes 205 in 2027-28; 223 in 2031-32 District school size goal More than 360 students Students living within 1 mile 81.4% Building notes Building updates are described below.,Whitman.pdf,2026-10-08 11:41:40
Winterhaven,Options A and B,Stable program demand: Program demand and enrollment at Winterhaven K-8 special-focus choice remain stable.,No changes are planned for Winterhaven at this time. Winterhaven would remain open as a K-8 STEM special-focus choice school with its current grades and programs.,"Keeping the STEM program: Students keep their hands-on science, technology, engineering, and math (STEM) focus learning environment.","Minimal impact from closure: District teams explored closing Winterhaven, but there was no significant impact on enrollment increases to other schools.",,K-8 choice program,More than 500 students (general district goal),None,SCHOOL SNAPSHOT DETAILS Current program K-8 choice program Expected enrollment with no changes 311 in 2027-28; 310 in 2031-32 District school size goal More than 500 students (general district goal) Students living within 1 mile Not applicable Building notes None,Winterhaven.pdf,2026-10-08 11:41:41
Woodlawn,Options A and B,"Keeping the school community together: Although enrollment and program structures at Woodlawn remain below district enrollment goals, no changes are planned at this time.",No changes are planned for Woodlawn at this time. Woodlawn would remain open as a neighborhood K-5 school with its current grades and school boundary.,"Keeping the neighborhood school: Students keep their familiar teachers, staff, and walk-to-school community.",Surrounding space limits: Woodlawn would continue serving its neighborhood community because surrounding schools were not an option for boosting enrollment or consolidation because of limited space for students.,,K-5 neighborhood,More than 360 students,None,SCHOOL SNAPSHOT DETAILS Current program K-5 neighborhood Expected enrollment with no changes 300 in 2027-28; 289 in 2031-32 District school size goal More than 360 students Students living within 1 mile 81.9% Building notes None,Woodlawn.pdf,2026-10-08 11:41:41
Woodmere,Options A and B,"Low enrollment numbers: Both Woodmere and Whitman face enrollment challenges below district enrollment goals, with Woodmere remaining in the low 220s. Central school space: Whitman is closer to where students live, has additional space improvements.",Woodmere School would close as a school building. 100% of its neighborhood K-5 school boundary would shift to Whitman K-5. Middle and high school pathway: All students in this combined boundary move to Brentwood Middle School and then to Franklin High School.,"Full student support: Combining school communities gives students access to more classmates, full-time staff, and stable classroom support.",Whitman was selected as the receiving school over Woodmere because of its central location relative to where students live.,"The Communication Behavior (CB) classrooms currently located at Woodmere would be moved to Kelly Elementary. The Special Education Department would work together with the school team and families to identify individual student placements for the upcoming school year: Special education classrooms: Provided in the CB Classrooms at Kelly Elementary. Move to Whitman Elementary: Joining a neighborhood school supporting students with and without disabilities. As a neighborhood school supporting students with and without disabilities, Whitman provides the full range of special education services. School teams would contact families in the coming weeks to discuss individual move plans and answer any questions.",K-5 neighborhood,More than 360 students,Building updates are described below.,SCHOOL SNAPSHOT DETAILS Current program K-5 neighborhood Expected enrollment with no changes 224 in 2027-28; 225 in 2031-32 District school size goal More than 360 students Students living within 1 mile 90.8% Building notes Building updates are described below.,Woodmere.pdf,2026-10-08 11:41:42
Woodstock,Options A and B,"Strengthening DLI learning Moving the Mandarin DLI program from Clark to Woodstock strengthens the DLI learning at a single school. Clark DLI enrollment is too small: Clark's current Mandarin DLI kindergarten class is fewer than 8 students, making a separate program too small.",Woodstock would remain open as a neighborhood K-5 school and receive the Mandarin Dual Language Immersion (DLI) program from Clark K-5.,"Vibrant language community: Bringing together the program at Woodstock builds one language program with enough students to continue and creates a school-wide culture centered on language learning. Teacher teamwork: Enables DLI teachers to work together, plan together, and grow alongside fellow language educators.",Keeping the program going: Concentrating Mandarin DLI programs at Woodstock expands program support and supports teacher collaboration.,"The Communication Behavior Classrooms currently located at Lewis Elementary School will be relocated to Woodstock Elementary School and join the current K-5 CB classroom. To ensure a seamless transition, school and district leaders will conduct site walk-throughs to evaluate programmatic readiness, space, transportation, and ADA accessibility. Special education administrators will work closely with school principals to ensure every site is prepared to meet student IEP requirements.",K-5 neighborhood/language immersion,More than 360 students,None,SCHOOL SNAPSHOT DETAILS Current program K-5 neighborhood/language immersion Expected enrollment with no changes 342 in 2027-28; 325 in 2031-32 District school size goal More than 360 students Students living within 1 mile 100.0% Building notes None,Woodstock.pdf,2026-10-08 11:41:42
da Vinci,Options A and B,High family demand: The program keeps high family interest and steady enrollment numbers.,No changes are planned for da Vinci Middle School at this time. Da Vinci would remain open as an arts special-focus choice middle school.,Arts focus: Students retain access to a special-focus arts-focused middle school pathway.,Preserving district choice: Balancing choice and neighborhood schools was taken into consideration. Keeping a range of special-focus school choices like da Vinci protects valuable choices for families.,,Middle School choice program,More than 500 students (general district goal),Not Applicable,SCHOOL SNAPSHOT DETAILS Current program Middle School choice program Expected enrollment with no changes 430 in 2027-28; 419 in 2031-32 District school size goal More than 500 students (general district goal) Students living within 1 mile Not Applicable Building notes Not Applicable,da Vinci.pdf,2026-10-08 11:41:05
