school,option,scenario,year,enrollment,status,printed_row,note,source_file,pdf_moddate
ACCESS,No changes,sq,2027-28,310,open,yes,,ACCESS.pdf,2026-10-08 11:40:51
ACCESS,No changes,sq,2028-29,296,open,yes,,ACCESS.pdf,2026-10-08 11:40:51
ACCESS,No changes,sq,2029-30,286,open,yes,,ACCESS.pdf,2026-10-08 11:40:51
ACCESS,No changes,sq,2030-31,278,open,yes,,ACCESS.pdf,2026-10-08 11:40:51
ACCESS,No changes,sq,2031-32,275,open,yes,,ACCESS.pdf,2026-10-08 11:40:51
ACCESS,Options A and B,a,2027-28,310,open,yes,,ACCESS.pdf,2026-10-08 11:40:51
ACCESS,Options A and B,b,2027-28,310,open,yes,,ACCESS.pdf,2026-10-08 11:40:51
ACCESS,Options A and B,a,2028-29,296,open,yes,,ACCESS.pdf,2026-10-08 11:40:51
ACCESS,Options A and B,b,2028-29,296,open,yes,,ACCESS.pdf,2026-10-08 11:40:51
ACCESS,Options A and B,a,2029-30,286,open,yes,,ACCESS.pdf,2026-10-08 11:40:51
ACCESS,Options A and B,b,2029-30,286,open,yes,,ACCESS.pdf,2026-10-08 11:40:51
ACCESS,Options A and B,a,2030-31,278,open,yes,,ACCESS.pdf,2026-10-08 11:40:51
ACCESS,Options A and B,b,2030-31,278,open,yes,,ACCESS.pdf,2026-10-08 11:40:51
ACCESS,Options A and B,a,2031-32,275,open,yes,,ACCESS.pdf,2026-10-08 11:40:51
ACCESS,Options A and B,b,2031-32,275,open,yes,,ACCESS.pdf,2026-10-08 11:40:51
Abernethy,No changes,sq,2027-28,242,open,yes,,Abernethy.pdf,2026-10-08 11:40:50
Abernethy,No changes,sq,2028-29,242,open,yes,,Abernethy.pdf,2026-10-08 11:40:50
Abernethy,No changes,sq,2029-30,247,open,yes,,Abernethy.pdf,2026-10-08 11:40:50
Abernethy,No changes,sq,2030-31,244,open,yes,,Abernethy.pdf,2026-10-08 11:40:50
Abernethy,No changes,sq,2031-32,241,open,yes,,Abernethy.pdf,2026-10-08 11:40:50
Abernethy,Options A and B,a,2027-28,354,open,yes,,Abernethy.pdf,2026-10-08 11:40:50
Abernethy,Options A and B,b,2027-28,354,open,yes,,Abernethy.pdf,2026-10-08 11:40:50
Abernethy,Options A and B,a,2028-29,358,open,yes,,Abernethy.pdf,2026-10-08 11:40:50
Abernethy,Options A and B,b,2028-29,358,open,yes,,Abernethy.pdf,2026-10-08 11:40:50
Abernethy,Options A and B,a,2029-30,369,open,yes,,Abernethy.pdf,2026-10-08 11:40:50
Abernethy,Options A and B,b,2029-30,369,open,yes,,Abernethy.pdf,2026-10-08 11:40:50
Abernethy,Options A and B,a,2030-31,368,open,yes,,Abernethy.pdf,2026-10-08 11:40:50
Abernethy,Options A and B,b,2030-31,368,open,yes,,Abernethy.pdf,2026-10-08 11:40:50
Abernethy,Options A and B,a,2031-32,365,open,yes,,Abernethy.pdf,2026-10-08 11:40:50
Abernethy,Options A and B,b,2031-32,365,open,yes,,Abernethy.pdf,2026-10-08 11:40:50
Ainsworth,No changes,sq,2027-28,555,open,yes,,Ainsworth.pdf,2026-10-08 11:40:51
Ainsworth,No changes,sq,2028-29,568,open,yes,,Ainsworth.pdf,2026-10-08 11:40:51
Ainsworth,No changes,sq,2029-30,551,open,yes,,Ainsworth.pdf,2026-10-08 11:40:51
Ainsworth,No changes,sq,2030-31,551,open,yes,,Ainsworth.pdf,2026-10-08 11:40:51
Ainsworth,No changes,sq,2031-32,557,open,yes,,Ainsworth.pdf,2026-10-08 11:40:51
Ainsworth,Options A and B,a,2027-28,555,open,yes,,Ainsworth.pdf,2026-10-08 11:40:51
Ainsworth,Options A and B,b,2027-28,555,open,yes,,Ainsworth.pdf,2026-10-08 11:40:51
Ainsworth,Options A and B,a,2028-29,568,open,yes,,Ainsworth.pdf,2026-10-08 11:40:51
Ainsworth,Options A and B,b,2028-29,568,open,yes,,Ainsworth.pdf,2026-10-08 11:40:51
Ainsworth,Options A and B,a,2029-30,551,open,yes,,Ainsworth.pdf,2026-10-08 11:40:51
Ainsworth,Options A and B,b,2029-30,551,open,yes,,Ainsworth.pdf,2026-10-08 11:40:51
Ainsworth,Options A and B,a,2030-31,551,open,yes,,Ainsworth.pdf,2026-10-08 11:40:51
Ainsworth,Options A and B,b,2030-31,551,open,yes,,Ainsworth.pdf,2026-10-08 11:40:51
Ainsworth,Options A and B,a,2031-32,557,open,yes,,Ainsworth.pdf,2026-10-08 11:40:51
Ainsworth,Options A and B,b,2031-32,557,open,yes,,Ainsworth.pdf,2026-10-08 11:40:51
Alameda,No changes,sq,2027-28,498,open,yes,,Alameda.pdf,2026-10-08 11:40:52
Alameda,No changes,sq,2028-29,503,open,yes,,Alameda.pdf,2026-10-08 11:40:52
Alameda,No changes,sq,2029-30,507,open,yes,,Alameda.pdf,2026-10-08 11:40:52
Alameda,No changes,sq,2030-31,502,open,yes,,Alameda.pdf,2026-10-08 11:40:52
Alameda,No changes,sq,2031-32,492,open,yes,,Alameda.pdf,2026-10-08 11:40:52
Alameda,Options A and B,a,2027-28,498,open,yes,,Alameda.pdf,2026-10-08 11:40:52
Alameda,Options A and B,b,2027-28,498,open,yes,,Alameda.pdf,2026-10-08 11:40:52
Alameda,Options A and B,a,2028-29,503,open,yes,,Alameda.pdf,2026-10-08 11:40:52
Alameda,Options A and B,b,2028-29,503,open,yes,,Alameda.pdf,2026-10-08 11:40:52
Alameda,Options A and B,a,2029-30,508,open,yes,,Alameda.pdf,2026-10-08 11:40:52
Alameda,Options A and B,b,2029-30,508,open,yes,,Alameda.pdf,2026-10-08 11:40:52
Alameda,Options A and B,a,2030-31,503,open,yes,,Alameda.pdf,2026-10-08 11:40:52
Alameda,Options A and B,b,2030-31,503,open,yes,,Alameda.pdf,2026-10-08 11:40:52
Alameda,Options A and B,a,2031-32,493,open,yes,,Alameda.pdf,2026-10-08 11:40:52
Alameda,Options A and B,b,2031-32,493,open,yes,,Alameda.pdf,2026-10-08 11:40:52
Arleta,No changes,sq,2027-28,213,open,yes,,Arleta.pdf,2026-10-08 11:40:52
Arleta,No changes,sq,2028-29,214,open,yes,,Arleta.pdf,2026-10-08 11:40:52
Arleta,No changes,sq,2029-30,212,open,yes,,Arleta.pdf,2026-10-08 11:40:52
Arleta,No changes,sq,2030-31,216,open,yes,,Arleta.pdf,2026-10-08 11:40:52
Arleta,No changes,sq,2031-32,210,open,yes,,Arleta.pdf,2026-10-08 11:40:52
Arleta,Options A and B,a,2027-28,224,open,yes,,Arleta.pdf,2026-10-08 11:40:52
Arleta,Options A and B,b,2027-28,224,open,yes,,Arleta.pdf,2026-10-08 11:40:52
Arleta,Options A and B,a,2028-29,536,open,yes,,Arleta.pdf,2026-10-08 11:40:52
Arleta,Options A and B,b,2028-29,536,open,yes,,Arleta.pdf,2026-10-08 11:40:52
Arleta,Options A and B,a,2029-30,545,open,yes,,Arleta.pdf,2026-10-08 11:40:52
Arleta,Options A and B,b,2029-30,545,open,yes,,Arleta.pdf,2026-10-08 11:40:52
Arleta,Options A and B,a,2030-31,552,open,yes,,Arleta.pdf,2026-10-08 11:40:52
Arleta,Options A and B,b,2030-31,552,open,yes,,Arleta.pdf,2026-10-08 11:40:52
Arleta,Options A and B,a,2031-32,543,open,yes,,Arleta.pdf,2026-10-08 11:40:52
Arleta,Options A and B,b,2031-32,543,open,yes,,Arleta.pdf,2026-10-08 11:40:52
Astor,No changes,sq,2027-28,412,open,yes,,Astor.pdf,2026-10-08 11:40:53
Astor,No changes,sq,2028-29,409,open,yes,,Astor.pdf,2026-10-08 11:40:53
Astor,No changes,sq,2029-30,443,open,yes,,Astor.pdf,2026-10-08 11:40:53
Astor,No changes,sq,2030-31,426,open,yes,,Astor.pdf,2026-10-08 11:40:53
Astor,No changes,sq,2031-32,418,open,yes,,Astor.pdf,2026-10-08 11:40:53
Astor,Options A and B,a,2027-28,422,open,yes,,Astor.pdf,2026-10-08 11:40:53
Astor,Options A and B,b,2027-28,422,open,yes,,Astor.pdf,2026-10-08 11:40:53
Astor,Options A and B,a,2028-29,420,open,yes,,Astor.pdf,2026-10-08 11:40:53
Astor,Options A and B,b,2028-29,420,open,yes,,Astor.pdf,2026-10-08 11:40:53
Astor,Options A and B,a,2029-30,455,open,yes,,Astor.pdf,2026-10-08 11:40:53
Astor,Options A and B,b,2029-30,455,open,yes,,Astor.pdf,2026-10-08 11:40:53
Astor,Options A and B,a,2030-31,438,open,yes,,Astor.pdf,2026-10-08 11:40:53
Astor,Options A and B,b,2030-31,438,open,yes,,Astor.pdf,2026-10-08 11:40:53
Astor,Options A and B,a,2031-32,430,open,yes,,Astor.pdf,2026-10-08 11:40:53
Astor,Options A and B,b,2031-32,430,open,yes,,Astor.pdf,2026-10-08 11:40:53
Atkinson,No changes,sq,2027-28,363,open,yes,,Atkinson.pdf,2026-10-08 11:40:54
Atkinson,No changes,sq,2028-29,375,open,yes,,Atkinson.pdf,2026-10-08 11:40:54
Atkinson,No changes,sq,2029-30,378,open,yes,,Atkinson.pdf,2026-10-08 11:40:54
Atkinson,No changes,sq,2030-31,386,open,yes,,Atkinson.pdf,2026-10-08 11:40:54
Atkinson,No changes,sq,2031-32,386,open,yes,,Atkinson.pdf,2026-10-08 11:40:54
Atkinson,Options A and B,a,2027-28,395,open,yes,,Atkinson.pdf,2026-10-08 11:40:54
Atkinson,Options A and B,b,2027-28,395,open,yes,,Atkinson.pdf,2026-10-08 11:40:54
Atkinson,Options A and B,a,2028-29,394,open,yes,,Atkinson.pdf,2026-10-08 11:40:54
Atkinson,Options A and B,b,2028-29,394,open,yes,,Atkinson.pdf,2026-10-08 11:40:54
Atkinson,Options A and B,a,2029-30,395,open,yes,,Atkinson.pdf,2026-10-08 11:40:54
Atkinson,Options A and B,b,2029-30,395,open,yes,,Atkinson.pdf,2026-10-08 11:40:54
Atkinson,Options A and B,a,2030-31,412,open,yes,,Atkinson.pdf,2026-10-08 11:40:54
Atkinson,Options A and B,b,2030-31,412,open,yes,,Atkinson.pdf,2026-10-08 11:40:54
Atkinson,Options A and B,a,2031-32,413,open,yes,,Atkinson.pdf,2026-10-08 11:40:54
Atkinson,Options A and B,b,2031-32,413,open,yes,,Atkinson.pdf,2026-10-08 11:40:54
Beach,No changes,sq,2027-28,284,open,yes,,Beach.pdf,2026-10-08 11:40:54
Beach,No changes,sq,2028-29,288,open,yes,,Beach.pdf,2026-10-08 11:40:54
Beach,No changes,sq,2029-30,291,open,yes,,Beach.pdf,2026-10-08 11:40:54
Beach,No changes,sq,2030-31,297,open,yes,,Beach.pdf,2026-10-08 11:40:54
Beach,No changes,sq,2031-32,287,open,yes,,Beach.pdf,2026-10-08 11:40:54
Beach,Options A and B,a,2027-28,,closes,no,,Beach.pdf,2026-10-08 11:40:54
Beach,Options A and B,b,2027-28,,closes,no,,Beach.pdf,2026-10-08 11:40:54
Beach,Options A and B,a,2028-29,,closes,no,,Beach.pdf,2026-10-08 11:40:54
Beach,Options A and B,b,2028-29,,closes,no,,Beach.pdf,2026-10-08 11:40:54
Beach,Options A and B,a,2029-30,,closes,no,,Beach.pdf,2026-10-08 11:40:54
Beach,Options A and B,b,2029-30,,closes,no,,Beach.pdf,2026-10-08 11:40:54
Beach,Options A and B,a,2030-31,,closes,no,,Beach.pdf,2026-10-08 11:40:54
Beach,Options A and B,b,2030-31,,closes,no,,Beach.pdf,2026-10-08 11:40:54
Beach,Options A and B,a,2031-32,,closes,no,,Beach.pdf,2026-10-08 11:40:54
Beach,Options A and B,b,2031-32,,closes,no,,Beach.pdf,2026-10-08 11:40:54
Beaumont,No changes,sq,2027-28,410,open,yes,,Beaumont.pdf,2026-10-08 11:40:55
Beaumont,No changes,sq,2028-29,388,open,yes,,Beaumont.pdf,2026-10-08 11:40:55
Beaumont,No changes,sq,2029-30,390,open,yes,,Beaumont.pdf,2026-10-08 11:40:55
Beaumont,No changes,sq,2030-31,390,open,yes,,Beaumont.pdf,2026-10-08 11:40:55
Beaumont,No changes,sq,2031-32,418,open,yes,,Beaumont.pdf,2026-10-08 11:40:55
Beaumont,Options A and B,a,2027-28,506,open,yes,,Beaumont.pdf,2026-10-08 11:40:55
Beaumont,Options A and B,b,2027-28,506,open,yes,,Beaumont.pdf,2026-10-08 11:40:55
Beaumont,Options A and B,a,2028-29,502,open,yes,,Beaumont.pdf,2026-10-08 11:40:55
Beaumont,Options A and B,b,2028-29,502,open,yes,,Beaumont.pdf,2026-10-08 11:40:55
Beaumont,Options A and B,a,2029-30,501,open,yes,,Beaumont.pdf,2026-10-08 11:40:55
Beaumont,Options A and B,b,2029-30,501,open,yes,,Beaumont.pdf,2026-10-08 11:40:55
Beaumont,Options A and B,a,2030-31,490,open,yes,,Beaumont.pdf,2026-10-08 11:40:55
Beaumont,Options A and B,b,2030-31,490,open,yes,,Beaumont.pdf,2026-10-08 11:40:55
Beaumont,Options A and B,a,2031-32,498,open,yes,,Beaumont.pdf,2026-10-08 11:40:55
Beaumont,Options A and B,b,2031-32,498,open,yes,,Beaumont.pdf,2026-10-08 11:40:55
Benson,No changes,sq,2027-28,1200,open,yes,,Benson.pdf,2026-10-08 11:40:56
Benson,No changes,sq,2028-29,1216,open,yes,,Benson.pdf,2026-10-08 11:40:56
Benson,No changes,sq,2029-30,1215,open,yes,,Benson.pdf,2026-10-08 11:40:56
Benson,No changes,sq,2030-31,1215,open,yes,,Benson.pdf,2026-10-08 11:40:56
Benson,No changes,sq,2031-32,1213,open,yes,,Benson.pdf,2026-10-08 11:40:56
Benson,Options A and B,a,2027-28,1200,open,yes,,Benson.pdf,2026-10-08 11:40:56
Benson,Options A and B,b,2027-28,1200,open,yes,,Benson.pdf,2026-10-08 11:40:56
Benson,Options A and B,a,2028-29,1216,open,yes,,Benson.pdf,2026-10-08 11:40:56
Benson,Options A and B,b,2028-29,1216,open,yes,,Benson.pdf,2026-10-08 11:40:56
Benson,Options A and B,a,2029-30,1215,open,yes,,Benson.pdf,2026-10-08 11:40:56
Benson,Options A and B,b,2029-30,1215,open,yes,,Benson.pdf,2026-10-08 11:40:56
Benson,Options A and B,a,2030-31,1215,open,yes,,Benson.pdf,2026-10-08 11:40:56
Benson,Options A and B,b,2030-31,1215,open,yes,,Benson.pdf,2026-10-08 11:40:56
Benson,Options A and B,a,2031-32,1213,open,yes,,Benson.pdf,2026-10-08 11:40:56
Benson,Options A and B,b,2031-32,1213,open,yes,,Benson.pdf,2026-10-08 11:40:56
Beverly Cleary,No changes,sq,2027-28,430,open,yes,,Beverly Cleary.pdf,2026-10-08 11:40:56
Beverly Cleary,No changes,sq,2028-29,412,open,yes,,Beverly Cleary.pdf,2026-10-08 11:40:56
Beverly Cleary,No changes,sq,2029-30,407,open,yes,,Beverly Cleary.pdf,2026-10-08 11:40:56
Beverly Cleary,No changes,sq,2030-31,398,open,yes,,Beverly Cleary.pdf,2026-10-08 11:40:56
Beverly Cleary,No changes,sq,2031-32,389,open,yes,,Beverly Cleary.pdf,2026-10-08 11:40:56
Beverly Cleary,Options A and B,a,2027-28,503,open,yes,,Beverly Cleary.pdf,2026-10-08 11:40:56
Beverly Cleary,Options A and B,b,2027-28,503,open,yes,,Beverly Cleary.pdf,2026-10-08 11:40:56
Beverly Cleary,Options A and B,a,2028-29,494,open,yes,,Beverly Cleary.pdf,2026-10-08 11:40:56
Beverly Cleary,Options A and B,b,2028-29,494,open,yes,,Beverly Cleary.pdf,2026-10-08 11:40:56
Beverly Cleary,Options A and B,a,2029-30,496,open,yes,,Beverly Cleary.pdf,2026-10-08 11:40:56
Beverly Cleary,Options A and B,b,2029-30,496,open,yes,,Beverly Cleary.pdf,2026-10-08 11:40:56
Beverly Cleary,Options A and B,a,2030-31,478,open,yes,,Beverly Cleary.pdf,2026-10-08 11:40:56
Beverly Cleary,Options A and B,b,2030-31,478,open,yes,,Beverly Cleary.pdf,2026-10-08 11:40:56
Beverly Cleary,Options A and B,a,2031-32,484,open,yes,,Beverly Cleary.pdf,2026-10-08 11:40:56
Beverly Cleary,Options A and B,b,2031-32,484,open,yes,,Beverly Cleary.pdf,2026-10-08 11:40:56
Boise-Eliot-Humboldt,No changes,sq,2027-28,314,open,yes,,Boise-Eliot-Humboldt.pdf,2026-10-08 11:40:57
Boise-Eliot-Humboldt,No changes,sq,2028-29,333,open,yes,,Boise-Eliot-Humboldt.pdf,2026-10-08 11:40:57
Boise-Eliot-Humboldt,No changes,sq,2029-30,324,open,yes,,Boise-Eliot-Humboldt.pdf,2026-10-08 11:40:57
Boise-Eliot-Humboldt,No changes,sq,2030-31,322,open,yes,,Boise-Eliot-Humboldt.pdf,2026-10-08 11:40:57
Boise-Eliot-Humboldt,No changes,sq,2031-32,308,open,yes,,Boise-Eliot-Humboldt.pdf,2026-10-08 11:40:57
Boise-Eliot-Humboldt,Options A and B,a,2027-28,521,open,yes,,Boise-Eliot-Humboldt.pdf,2026-10-08 11:40:57
Boise-Eliot-Humboldt,Options A and B,b,2027-28,521,open,yes,,Boise-Eliot-Humboldt.pdf,2026-10-08 11:40:57
Boise-Eliot-Humboldt,Options A and B,a,2028-29,540,open,yes,,Boise-Eliot-Humboldt.pdf,2026-10-08 11:40:57
Boise-Eliot-Humboldt,Options A and B,b,2028-29,540,open,yes,,Boise-Eliot-Humboldt.pdf,2026-10-08 11:40:57
Boise-Eliot-Humboldt,Options A and B,a,2029-30,533,open,yes,,Boise-Eliot-Humboldt.pdf,2026-10-08 11:40:57
Boise-Eliot-Humboldt,Options A and B,b,2029-30,533,open,yes,,Boise-Eliot-Humboldt.pdf,2026-10-08 11:40:57
Boise-Eliot-Humboldt,Options A and B,a,2030-31,533,open,yes,,Boise-Eliot-Humboldt.pdf,2026-10-08 11:40:57
Boise-Eliot-Humboldt,Options A and B,b,2030-31,533,open,yes,,Boise-Eliot-Humboldt.pdf,2026-10-08 11:40:57
Boise-Eliot-Humboldt,Options A and B,a,2031-32,512,open,yes,,Boise-Eliot-Humboldt.pdf,2026-10-08 11:40:57
Boise-Eliot-Humboldt,Options A and B,b,2031-32,512,open,yes,,Boise-Eliot-Humboldt.pdf,2026-10-08 11:40:57
Brentwood,No changes,sq,2027-28,417,open,yes,,Brentwood.pdf,2026-10-08 11:40:58
Brentwood,No changes,sq,2028-29,402,open,yes,,Brentwood.pdf,2026-10-08 11:40:58
Brentwood,No changes,sq,2029-30,393,open,yes,,Brentwood.pdf,2026-10-08 11:40:58
Brentwood,No changes,sq,2030-31,372,open,yes,,Brentwood.pdf,2026-10-08 11:40:58
Brentwood,No changes,sq,2031-32,357,open,yes,,Brentwood.pdf,2026-10-08 11:40:58
Brentwood,Option A,a,2027-28,384,open,yes,,Brentwood.pdf,2026-10-08 11:40:58
Brentwood,Option A,a,2028-29,586,open,yes,,Brentwood.pdf,2026-10-08 11:40:58
Brentwood,Option A,a,2029-30,525,open,yes,,Brentwood.pdf,2026-10-08 11:40:58
Brentwood,Option A,a,2030-31,480,open,yes,,Brentwood.pdf,2026-10-08 11:40:58
Brentwood,Option A,a,2031-32,457,open,yes,,Brentwood.pdf,2026-10-08 11:40:58
Brentwood,Option B,b,2027-28,384,open,yes,,Brentwood.pdf,2026-10-08 11:40:58
Brentwood,Option B,b,2028-29,664,open,yes,,Brentwood.pdf,2026-10-08 11:40:58
Brentwood,Option B,b,2029-30,596,open,yes,,Brentwood.pdf,2026-10-08 11:40:58
Brentwood,Option B,b,2030-31,542,open,yes,,Brentwood.pdf,2026-10-08 11:40:58
Brentwood,Option B,b,2031-32,512,open,yes,,Brentwood.pdf,2026-10-08 11:40:58
Bridger-Creative Science,No changes,sq,2027-28,450,open,yes,,Bridger-Creative Science.pdf,2026-10-08 11:40:58
Bridger-Creative Science,No changes,sq,2028-29,444,open,yes,,Bridger-Creative Science.pdf,2026-10-08 11:40:58
Bridger-Creative Science,No changes,sq,2029-30,440,open,yes,,Bridger-Creative Science.pdf,2026-10-08 11:40:58
Bridger-Creative Science,No changes,sq,2030-31,421,open,yes,,Bridger-Creative Science.pdf,2026-10-08 11:40:58
Bridger-Creative Science,No changes,sq,2031-32,415,open,yes,,Bridger-Creative Science.pdf,2026-10-08 11:40:58
Bridger-Creative Science,Options A and B,a,2027-28,310,open,yes,,Bridger-Creative Science.pdf,2026-10-08 11:40:58
Bridger-Creative Science,Options A and B,b,2027-28,310,open,yes,,Bridger-Creative Science.pdf,2026-10-08 11:40:58
Bridger-Creative Science,Options A and B,a,2028-29,304,open,yes,,Bridger-Creative Science.pdf,2026-10-08 11:40:58
Bridger-Creative Science,Options A and B,b,2028-29,304,open,yes,,Bridger-Creative Science.pdf,2026-10-08 11:40:58
Bridger-Creative Science,Options A and B,a,2029-30,313,open,yes,,Bridger-Creative Science.pdf,2026-10-08 11:40:58
Bridger-Creative Science,Options A and B,b,2029-30,313,open,yes,,Bridger-Creative Science.pdf,2026-10-08 11:40:58
Bridger-Creative Science,Options A and B,a,2030-31,313,open,yes,,Bridger-Creative Science.pdf,2026-10-08 11:40:58
Bridger-Creative Science,Options A and B,b,2030-31,313,open,yes,,Bridger-Creative Science.pdf,2026-10-08 11:40:58
Bridger-Creative Science,Options A and B,a,2031-32,305,open,yes,,Bridger-Creative Science.pdf,2026-10-08 11:40:58
Bridger-Creative Science,Options A and B,b,2031-32,305,open,yes,,Bridger-Creative Science.pdf,2026-10-08 11:40:58
Bridlemile,No changes,sq,2027-28,419,open,yes,,Bridlemile.pdf,2026-10-08 11:40:59
Bridlemile,No changes,sq,2028-29,414,open,yes,,Bridlemile.pdf,2026-10-08 11:40:59
Bridlemile,No changes,sq,2029-30,414,open,yes,,Bridlemile.pdf,2026-10-08 11:40:59
Bridlemile,No changes,sq,2030-31,422,open,yes,,Bridlemile.pdf,2026-10-08 11:40:59
Bridlemile,No changes,sq,2031-32,413,open,yes,,Bridlemile.pdf,2026-10-08 11:40:59
Bridlemile,Options A and B,a,2027-28,419,open,yes,,Bridlemile.pdf,2026-10-08 11:40:59
Bridlemile,Options A and B,b,2027-28,419,open,yes,,Bridlemile.pdf,2026-10-08 11:40:59
Bridlemile,Options A and B,a,2028-29,414,open,yes,,Bridlemile.pdf,2026-10-08 11:40:59
Bridlemile,Options A and B,b,2028-29,414,open,yes,,Bridlemile.pdf,2026-10-08 11:40:59
Bridlemile,Options A and B,a,2029-30,414,open,yes,,Bridlemile.pdf,2026-10-08 11:40:59
Bridlemile,Options A and B,b,2029-30,414,open,yes,,Bridlemile.pdf,2026-10-08 11:40:59
Bridlemile,Options A and B,a,2030-31,422,open,yes,,Bridlemile.pdf,2026-10-08 11:40:59
Bridlemile,Options A and B,b,2030-31,422,open,yes,,Bridlemile.pdf,2026-10-08 11:40:59
Bridlemile,Options A and B,a,2031-32,413,open,yes,,Bridlemile.pdf,2026-10-08 11:40:59
Bridlemile,Options A and B,b,2031-32,413,open,yes,,Bridlemile.pdf,2026-10-08 11:40:59
Buckman,No changes,sq,2027-28,244,open,yes,,Buckman.pdf,2026-10-08 11:41:00
Buckman,No changes,sq,2028-29,245,open,yes,,Buckman.pdf,2026-10-08 11:41:00
Buckman,No changes,sq,2029-30,248,open,yes,,Buckman.pdf,2026-10-08 11:41:00
Buckman,No changes,sq,2030-31,246,open,yes,,Buckman.pdf,2026-10-08 11:41:00
Buckman,No changes,sq,2031-32,239,open,yes,,Buckman.pdf,2026-10-08 11:41:00
Buckman,Options A and B,a,2027-28,,closes,no,,Buckman.pdf,2026-10-08 11:41:00
Buckman,Options A and B,b,2027-28,,closes,no,,Buckman.pdf,2026-10-08 11:41:00
Buckman,Options A and B,a,2028-29,,closes,no,,Buckman.pdf,2026-10-08 11:41:00
Buckman,Options A and B,b,2028-29,,closes,no,,Buckman.pdf,2026-10-08 11:41:00
Buckman,Options A and B,a,2029-30,,closes,no,,Buckman.pdf,2026-10-08 11:41:00
Buckman,Options A and B,b,2029-30,,closes,no,,Buckman.pdf,2026-10-08 11:41:00
Buckman,Options A and B,a,2030-31,,closes,no,,Buckman.pdf,2026-10-08 11:41:00
Buckman,Options A and B,b,2030-31,,closes,no,,Buckman.pdf,2026-10-08 11:41:00
Buckman,Options A and B,a,2031-32,,closes,no,,Buckman.pdf,2026-10-08 11:41:00
Buckman,Options A and B,b,2031-32,,closes,no,,Buckman.pdf,2026-10-08 11:41:00
Capitol Hill,No changes,sq,2027-28,310,open,yes,,Capitol Hill.pdf,2026-10-08 11:41:00
Capitol Hill,No changes,sq,2028-29,301,open,yes,,Capitol Hill.pdf,2026-10-08 11:41:00
Capitol Hill,No changes,sq,2029-30,306,open,yes,,Capitol Hill.pdf,2026-10-08 11:41:00
Capitol Hill,No changes,sq,2030-31,319,open,yes,,Capitol Hill.pdf,2026-10-08 11:41:00
Capitol Hill,No changes,sq,2031-32,311,open,yes,,Capitol Hill.pdf,2026-10-08 11:41:00
Capitol Hill,Option A,a,2027-28,381,open,yes,,Capitol Hill.pdf,2026-10-08 11:41:00
Capitol Hill,Option A,a,2028-29,370,open,yes,,Capitol Hill.pdf,2026-10-08 11:41:00
Capitol Hill,Option A,a,2029-30,370,open,yes,,Capitol Hill.pdf,2026-10-08 11:41:00
Capitol Hill,Option A,a,2030-31,387,open,yes,,Capitol Hill.pdf,2026-10-08 11:41:00
Capitol Hill,Option A,a,2031-32,379,open,yes,,Capitol Hill.pdf,2026-10-08 11:41:00
Capitol Hill,Option B,b,2027-28,310,open,yes,,Capitol Hill.pdf,2026-10-08 11:41:00
Capitol Hill,Option B,b,2028-29,301,open,yes,,Capitol Hill.pdf,2026-10-08 11:41:00
Capitol Hill,Option B,b,2029-30,306,open,yes,,Capitol Hill.pdf,2026-10-08 11:41:00
Capitol Hill,Option B,b,2030-31,319,open,yes,,Capitol Hill.pdf,2026-10-08 11:41:00
Capitol Hill,Option B,b,2031-32,311,open,yes,,Capitol Hill.pdf,2026-10-08 11:41:00
Cesar Chavez,No changes,sq,2027-28,413,open,yes,,Cesar Chavez.pdf,2026-10-08 11:41:04
Cesar Chavez,No changes,sq,2028-29,403,open,yes,,Cesar Chavez.pdf,2026-10-08 11:41:04
Cesar Chavez,No changes,sq,2029-30,404,open,yes,,Cesar Chavez.pdf,2026-10-08 11:41:04
Cesar Chavez,No changes,sq,2030-31,405,open,yes,,Cesar Chavez.pdf,2026-10-08 11:41:04
Cesar Chavez,No changes,sq,2031-32,392,open,yes,,Cesar Chavez.pdf,2026-10-08 11:41:04
Cesar Chavez,Options A and B,a,2027-28,541,open,yes,,Cesar Chavez.pdf,2026-10-08 11:41:04
Cesar Chavez,Options A and B,b,2027-28,541,open,yes,,Cesar Chavez.pdf,2026-10-08 11:41:04
Cesar Chavez,Options A and B,a,2028-29,532,open,yes,,Cesar Chavez.pdf,2026-10-08 11:41:04
Cesar Chavez,Options A and B,b,2028-29,532,open,yes,,Cesar Chavez.pdf,2026-10-08 11:41:04
Cesar Chavez,Options A and B,a,2029-30,525,open,yes,,Cesar Chavez.pdf,2026-10-08 11:41:04
Cesar Chavez,Options A and B,b,2029-30,525,open,yes,,Cesar Chavez.pdf,2026-10-08 11:41:04
Cesar Chavez,Options A and B,a,2030-31,528,open,yes,,Cesar Chavez.pdf,2026-10-08 11:41:04
Cesar Chavez,Options A and B,b,2030-31,528,open,yes,,Cesar Chavez.pdf,2026-10-08 11:41:04
Cesar Chavez,Options A and B,a,2031-32,527,open,yes,,Cesar Chavez.pdf,2026-10-08 11:41:04
Cesar Chavez,Options A and B,b,2031-32,527,open,yes,,Cesar Chavez.pdf,2026-10-08 11:41:04
Chapman,No changes,sq,2027-28,316,open,yes,,Chapman.pdf,2026-10-08 11:41:01
Chapman,No changes,sq,2028-29,338,open,yes,,Chapman.pdf,2026-10-08 11:41:01
Chapman,No changes,sq,2029-30,333,open,yes,,Chapman.pdf,2026-10-08 11:41:01
Chapman,No changes,sq,2030-31,324,open,yes,,Chapman.pdf,2026-10-08 11:41:01
Chapman,No changes,sq,2031-32,333,open,yes,,Chapman.pdf,2026-10-08 11:41:01
Chapman,Options A and B,a,2027-28,316,open,yes,,Chapman.pdf,2026-10-08 11:41:01
Chapman,Options A and B,b,2027-28,316,open,yes,,Chapman.pdf,2026-10-08 11:41:01
Chapman,Options A and B,a,2028-29,338,open,yes,,Chapman.pdf,2026-10-08 11:41:01
Chapman,Options A and B,b,2028-29,338,open,yes,,Chapman.pdf,2026-10-08 11:41:01
Chapman,Options A and B,a,2029-30,333,open,yes,,Chapman.pdf,2026-10-08 11:41:01
Chapman,Options A and B,b,2029-30,333,open,yes,,Chapman.pdf,2026-10-08 11:41:01
Chapman,Options A and B,a,2030-31,324,open,yes,,Chapman.pdf,2026-10-08 11:41:01
Chapman,Options A and B,b,2030-31,324,open,yes,,Chapman.pdf,2026-10-08 11:41:01
Chapman,Options A and B,a,2031-32,333,open,yes,,Chapman.pdf,2026-10-08 11:41:01
Chapman,Options A and B,b,2031-32,333,open,yes,,Chapman.pdf,2026-10-08 11:41:01
Chief Joseph,No changes,sq,2027-28,245,open,yes,,Chief Joseph.pdf,2026-10-08 11:41:01
Chief Joseph,No changes,sq,2028-29,248,open,yes,,Chief Joseph.pdf,2026-10-08 11:41:01
Chief Joseph,No changes,sq,2029-30,240,open,yes,,Chief Joseph.pdf,2026-10-08 11:41:01
Chief Joseph,No changes,sq,2030-31,234,open,yes,,Chief Joseph.pdf,2026-10-08 11:41:01
Chief Joseph,No changes,sq,2031-32,238,open,yes,,Chief Joseph.pdf,2026-10-08 11:41:01
Chief Joseph,Options A and B,a,2027-28,420,open,yes,,Chief Joseph.pdf,2026-10-08 11:41:01
Chief Joseph,Options A and B,b,2027-28,420,open,yes,,Chief Joseph.pdf,2026-10-08 11:41:01
Chief Joseph,Options A and B,a,2028-29,426,open,yes,,Chief Joseph.pdf,2026-10-08 11:41:01
Chief Joseph,Options A and B,b,2028-29,426,open,yes,,Chief Joseph.pdf,2026-10-08 11:41:01
Chief Joseph,Options A and B,a,2029-30,424,open,yes,,Chief Joseph.pdf,2026-10-08 11:41:01
Chief Joseph,Options A and B,b,2029-30,424,open,yes,,Chief Joseph.pdf,2026-10-08 11:41:01
Chief Joseph,Options A and B,a,2030-31,421,open,yes,,Chief Joseph.pdf,2026-10-08 11:41:01
Chief Joseph,Options A and B,b,2030-31,421,open,yes,,Chief Joseph.pdf,2026-10-08 11:41:01
Chief Joseph,Options A and B,a,2031-32,417,open,yes,,Chief Joseph.pdf,2026-10-08 11:41:01
Chief Joseph,Options A and B,b,2031-32,417,open,yes,,Chief Joseph.pdf,2026-10-08 11:41:01
Clark,No changes,sq,2027-28,360,open,yes,,Clark.pdf,2026-10-08 11:41:02
Clark,No changes,sq,2028-29,355,open,yes,,Clark.pdf,2026-10-08 11:41:02
Clark,No changes,sq,2029-30,356,open,yes,,Clark.pdf,2026-10-08 11:41:02
Clark,No changes,sq,2030-31,350,open,yes,,Clark.pdf,2026-10-08 11:41:02
Clark,No changes,sq,2031-32,343,open,yes,,Clark.pdf,2026-10-08 11:41:02
Clark,Options A and B,a,2027-28,276,open,yes,,Clark.pdf,2026-10-08 11:41:02
Clark,Options A and B,b,2027-28,276,open,yes,,Clark.pdf,2026-10-08 11:41:02
Clark,Options A and B,a,2028-29,277,open,yes,,Clark.pdf,2026-10-08 11:41:02
Clark,Options A and B,b,2028-29,277,open,yes,,Clark.pdf,2026-10-08 11:41:02
Clark,Options A and B,a,2029-30,279,open,yes,,Clark.pdf,2026-10-08 11:41:02
Clark,Options A and B,b,2029-30,279,open,yes,,Clark.pdf,2026-10-08 11:41:02
Clark,Options A and B,a,2030-31,275,open,yes,,Clark.pdf,2026-10-08 11:41:02
Clark,Options A and B,b,2030-31,275,open,yes,,Clark.pdf,2026-10-08 11:41:02
Clark,Options A and B,a,2031-32,272,open,yes,,Clark.pdf,2026-10-08 11:41:02
Clark,Options A and B,b,2031-32,272,open,yes,,Clark.pdf,2026-10-08 11:41:02
Cleveland,No changes,sq,2027-28,1460,open,yes,,Cleveland.pdf,2026-10-08 11:41:03
Cleveland,No changes,sq,2028-29,1467,open,yes,,Cleveland.pdf,2026-10-08 11:41:03
Cleveland,No changes,sq,2029-30,1419,open,yes,,Cleveland.pdf,2026-10-08 11:41:03
Cleveland,No changes,sq,2030-31,1403,open,yes,,Cleveland.pdf,2026-10-08 11:41:03
Cleveland,No changes,sq,2031-32,1318,open,yes,,Cleveland.pdf,2026-10-08 11:41:03
Cleveland,Option A,a,2027-28,1465,open,yes,,Cleveland.pdf,2026-10-08 11:41:03
Cleveland,Option A,a,2028-29,1469,open,yes,,Cleveland.pdf,2026-10-08 11:41:03
Cleveland,Option A,a,2029-30,1422,open,yes,,Cleveland.pdf,2026-10-08 11:41:03
Cleveland,Option A,a,2030-31,1404,open,yes,,Cleveland.pdf,2026-10-08 11:41:03
Cleveland,Option A,a,2031-32,1322,open,yes,,Cleveland.pdf,2026-10-08 11:41:03
Cleveland,Option B,b,2027-28,1480,open,yes,,Cleveland.pdf,2026-10-08 11:41:03
Cleveland,Option B,b,2028-29,1501,open,yes,,Cleveland.pdf,2026-10-08 11:41:03
Cleveland,Option B,b,2029-30,1465,open,yes,,Cleveland.pdf,2026-10-08 11:41:03
Cleveland,Option B,b,2030-31,1458,open,yes,,Cleveland.pdf,2026-10-08 11:41:03
Cleveland,Option B,b,2031-32,1371,open,yes,,Cleveland.pdf,2026-10-08 11:41:03
Creston,No changes,sq,2027-28,201,open,yes,,Creston.pdf,2026-10-08 11:41:03
Creston,No changes,sq,2028-29,191,open,yes,,Creston.pdf,2026-10-08 11:41:03
Creston,No changes,sq,2029-30,189,open,yes,,Creston.pdf,2026-10-08 11:41:03
Creston,No changes,sq,2030-31,188,open,yes,,Creston.pdf,2026-10-08 11:41:03
Creston,No changes,sq,2031-32,187,open,yes,,Creston.pdf,2026-10-08 11:41:03
Creston,Options A and B,a,2027-28,,closes,no,,Creston.pdf,2026-10-08 11:41:03
Creston,Options A and B,b,2027-28,,closes,no,,Creston.pdf,2026-10-08 11:41:03
Creston,Options A and B,a,2028-29,,closes,no,,Creston.pdf,2026-10-08 11:41:03
Creston,Options A and B,b,2028-29,,closes,no,,Creston.pdf,2026-10-08 11:41:03
Creston,Options A and B,a,2029-30,,closes,no,,Creston.pdf,2026-10-08 11:41:03
Creston,Options A and B,b,2029-30,,closes,no,,Creston.pdf,2026-10-08 11:41:03
Creston,Options A and B,a,2030-31,,closes,no,,Creston.pdf,2026-10-08 11:41:03
Creston,Options A and B,b,2030-31,,closes,no,,Creston.pdf,2026-10-08 11:41:03
Creston,Options A and B,a,2031-32,,closes,no,,Creston.pdf,2026-10-08 11:41:03
Creston,Options A and B,b,2031-32,,closes,no,,Creston.pdf,2026-10-08 11:41:03
Dr. Martin Luther King Jr.,No changes,sq,2027-28,337,open,yes,,Dr. Martin Luther King Jr..pdf,2026-10-08 11:41:25
Dr. Martin Luther King Jr.,No changes,sq,2028-29,343,open,yes,,Dr. Martin Luther King Jr..pdf,2026-10-08 11:41:25
Dr. Martin Luther King Jr.,No changes,sq,2029-30,346,open,yes,,Dr. Martin Luther King Jr..pdf,2026-10-08 11:41:25
Dr. Martin Luther King Jr.,No changes,sq,2030-31,350,open,yes,,Dr. Martin Luther King Jr..pdf,2026-10-08 11:41:25
Dr. Martin Luther King Jr.,No changes,sq,2031-32,337,open,yes,,Dr. Martin Luther King Jr..pdf,2026-10-08 11:41:25
Dr. Martin Luther King Jr.,Options A and B,a,2027-28,376,open,yes,,Dr. Martin Luther King Jr..pdf,2026-10-08 11:41:25
Dr. Martin Luther King Jr.,Options A and B,b,2027-28,376,open,yes,,Dr. Martin Luther King Jr..pdf,2026-10-08 11:41:25
Dr. Martin Luther King Jr.,Options A and B,a,2028-29,395,open,yes,,Dr. Martin Luther King Jr..pdf,2026-10-08 11:41:25
Dr. Martin Luther King Jr.,Options A and B,b,2028-29,395,open,yes,,Dr. Martin Luther King Jr..pdf,2026-10-08 11:41:25
Dr. Martin Luther King Jr.,Options A and B,a,2029-30,389,open,yes,,Dr. Martin Luther King Jr..pdf,2026-10-08 11:41:25
Dr. Martin Luther King Jr.,Options A and B,b,2029-30,389,open,yes,,Dr. Martin Luther King Jr..pdf,2026-10-08 11:41:25
Dr. Martin Luther King Jr.,Options A and B,a,2030-31,386,open,yes,,Dr. Martin Luther King Jr..pdf,2026-10-08 11:41:25
Dr. Martin Luther King Jr.,Options A and B,b,2030-31,386,open,yes,,Dr. Martin Luther King Jr..pdf,2026-10-08 11:41:25
Dr. Martin Luther King Jr.,Options A and B,a,2031-32,383,open,yes,,Dr. Martin Luther King Jr..pdf,2026-10-08 11:41:25
Dr. Martin Luther King Jr.,Options A and B,b,2031-32,383,open,yes,,Dr. Martin Luther King Jr..pdf,2026-10-08 11:41:25
Duniway,No changes,sq,2027-28,338,open,yes,,Duniway.pdf,2026-10-08 11:41:05
Duniway,No changes,sq,2028-29,347,open,yes,,Duniway.pdf,2026-10-08 11:41:05
Duniway,No changes,sq,2029-30,344,open,yes,,Duniway.pdf,2026-10-08 11:41:05
Duniway,No changes,sq,2030-31,348,open,yes,,Duniway.pdf,2026-10-08 11:41:05
Duniway,No changes,sq,2031-32,345,open,yes,,Duniway.pdf,2026-10-08 11:41:05
Duniway,Option A,a,2027-28,544,open,yes,,Duniway.pdf,2026-10-08 11:41:05
Duniway,Option A,a,2028-29,517,open,yes,,Duniway.pdf,2026-10-08 11:41:05
Duniway,Option A,a,2029-30,505,open,yes,,Duniway.pdf,2026-10-08 11:41:05
Duniway,Option A,a,2030-31,482,open,yes,,Duniway.pdf,2026-10-08 11:41:05
Duniway,Option A,a,2031-32,463,open,yes,,Duniway.pdf,2026-10-08 11:41:05
Duniway,Option B,b,2027-28,338,open,yes,,Duniway.pdf,2026-10-08 11:41:05
Duniway,Option B,b,2028-29,347,open,yes,,Duniway.pdf,2026-10-08 11:41:05
Duniway,Option B,b,2029-30,344,open,yes,,Duniway.pdf,2026-10-08 11:41:05
Duniway,Option B,b,2030-31,348,open,yes,,Duniway.pdf,2026-10-08 11:41:05
Duniway,Option B,b,2031-32,345,open,yes,,Duniway.pdf,2026-10-08 11:41:05
Faubion,No changes,sq,2027-28,618,open,yes,,Faubion.pdf,2026-10-08 11:41:06
Faubion,No changes,sq,2028-29,606,open,yes,,Faubion.pdf,2026-10-08 11:41:06
Faubion,No changes,sq,2029-30,606,open,yes,,Faubion.pdf,2026-10-08 11:41:06
Faubion,No changes,sq,2030-31,606,open,yes,,Faubion.pdf,2026-10-08 11:41:06
Faubion,No changes,sq,2031-32,602,open,yes,,Faubion.pdf,2026-10-08 11:41:06
Faubion,Options A and B,a,2027-28,425,open,yes,,Faubion.pdf,2026-10-08 11:41:06
Faubion,Options A and B,b,2027-28,425,open,yes,,Faubion.pdf,2026-10-08 11:41:06
Faubion,Options A and B,a,2028-29,423,open,yes,,Faubion.pdf,2026-10-08 11:41:06
Faubion,Options A and B,b,2028-29,423,open,yes,,Faubion.pdf,2026-10-08 11:41:06
Faubion,Options A and B,a,2029-30,414,open,yes,,Faubion.pdf,2026-10-08 11:41:06
Faubion,Options A and B,b,2029-30,414,open,yes,,Faubion.pdf,2026-10-08 11:41:06
Faubion,Options A and B,a,2030-31,416,open,yes,,Faubion.pdf,2026-10-08 11:41:06
Faubion,Options A and B,b,2030-31,416,open,yes,,Faubion.pdf,2026-10-08 11:41:06
Faubion,Options A and B,a,2031-32,407,open,yes,,Faubion.pdf,2026-10-08 11:41:06
Faubion,Options A and B,b,2031-32,407,open,yes,,Faubion.pdf,2026-10-08 11:41:06
Forest Park,No changes,sq,2027-28,260,open,yes,,Forest Park.pdf,2026-10-08 11:41:07
Forest Park,No changes,sq,2028-29,260,open,yes,,Forest Park.pdf,2026-10-08 11:41:07
Forest Park,No changes,sq,2029-30,257,open,yes,,Forest Park.pdf,2026-10-08 11:41:07
Forest Park,No changes,sq,2030-31,252,open,yes,,Forest Park.pdf,2026-10-08 11:41:07
Forest Park,No changes,sq,2031-32,258,open,yes,,Forest Park.pdf,2026-10-08 11:41:07
Forest Park,Options A and B,a,2027-28,260,open,yes,,Forest Park.pdf,2026-10-08 11:41:07
Forest Park,Options A and B,b,2027-28,260,open,yes,,Forest Park.pdf,2026-10-08 11:41:07
Forest Park,Options A and B,a,2028-29,260,open,yes,,Forest Park.pdf,2026-10-08 11:41:07
Forest Park,Options A and B,b,2028-29,260,open,yes,,Forest Park.pdf,2026-10-08 11:41:07
Forest Park,Options A and B,a,2029-30,257,open,yes,,Forest Park.pdf,2026-10-08 11:41:07
Forest Park,Options A and B,b,2029-30,257,open,yes,,Forest Park.pdf,2026-10-08 11:41:07
Forest Park,Options A and B,a,2030-31,252,open,yes,,Forest Park.pdf,2026-10-08 11:41:07
Forest Park,Options A and B,b,2030-31,252,open,yes,,Forest Park.pdf,2026-10-08 11:41:07
Forest Park,Options A and B,a,2031-32,258,open,yes,,Forest Park.pdf,2026-10-08 11:41:07
Forest Park,Options A and B,b,2031-32,258,open,yes,,Forest Park.pdf,2026-10-08 11:41:07
Franklin,No changes,sq,2027-28,1689,open,yes,,Franklin.pdf,2026-10-08 11:41:07
Franklin,No changes,sq,2028-29,1607,open,yes,,Franklin.pdf,2026-10-08 11:41:07
Franklin,No changes,sq,2029-30,1567,open,yes,,Franklin.pdf,2026-10-08 11:41:07
Franklin,No changes,sq,2030-31,1530,open,yes,,Franklin.pdf,2026-10-08 11:41:07
Franklin,No changes,sq,2031-32,1492,open,yes,,Franklin.pdf,2026-10-08 11:41:07
Franklin,Option A,a,2027-28,1686,open,yes,,Franklin.pdf,2026-10-08 11:41:07
Franklin,Option A,a,2028-29,1601,open,yes,,Franklin.pdf,2026-10-08 11:41:07
Franklin,Option A,a,2029-30,1556,open,yes,,Franklin.pdf,2026-10-08 11:41:07
Franklin,Option A,a,2030-31,1516,open,yes,,Franklin.pdf,2026-10-08 11:41:07
Franklin,Option A,a,2031-32,1476,open,yes,,Franklin.pdf,2026-10-08 11:41:07
Franklin,Option B,b,2027-28,1672,open,yes,,Franklin.pdf,2026-10-08 11:41:07
Franklin,Option B,b,2028-29,1571,open,yes,,Franklin.pdf,2026-10-08 11:41:07
Franklin,Option B,b,2029-30,1515,open,yes,,Franklin.pdf,2026-10-08 11:41:07
Franklin,Option B,b,2030-31,1466,open,yes,,Franklin.pdf,2026-10-08 11:41:07
Franklin,Option B,b,2031-32,1429,open,yes,,Franklin.pdf,2026-10-08 11:41:07
George,No changes,sq,2027-28,391,open,yes,,George.pdf,2026-10-08 11:41:08
George,No changes,sq,2028-29,405,open,yes,,George.pdf,2026-10-08 11:41:08
George,No changes,sq,2029-30,402,open,yes,,George.pdf,2026-10-08 11:41:08
George,No changes,sq,2030-31,396,open,yes,,George.pdf,2026-10-08 11:41:08
George,No changes,sq,2031-32,390,open,yes,,George.pdf,2026-10-08 11:41:08
George,Options A and B,a,2027-28,604,open,yes,,George.pdf,2026-10-08 11:41:08
George,Options A and B,b,2027-28,604,open,yes,,George.pdf,2026-10-08 11:41:08
George,Options A and B,a,2028-29,637,open,yes,,George.pdf,2026-10-08 11:41:08
George,Options A and B,b,2028-29,637,open,yes,,George.pdf,2026-10-08 11:41:08
George,Options A and B,a,2029-30,669,open,yes,,George.pdf,2026-10-08 11:41:08
George,Options A and B,b,2029-30,669,open,yes,,George.pdf,2026-10-08 11:41:08
George,Options A and B,a,2030-31,649,open,yes,,George.pdf,2026-10-08 11:41:08
George,Options A and B,b,2030-31,649,open,yes,,George.pdf,2026-10-08 11:41:08
George,Options A and B,a,2031-32,636,open,yes,,George.pdf,2026-10-08 11:41:08
George,Options A and B,b,2031-32,636,open,yes,,George.pdf,2026-10-08 11:41:08
Glencoe,No changes,sq,2027-28,311,open,yes,,Glencoe.pdf,2026-10-08 11:41:09
Glencoe,No changes,sq,2028-29,292,open,yes,,Glencoe.pdf,2026-10-08 11:41:09
Glencoe,No changes,sq,2029-30,295,open,yes,,Glencoe.pdf,2026-10-08 11:41:09
Glencoe,No changes,sq,2030-31,301,open,yes,,Glencoe.pdf,2026-10-08 11:41:09
Glencoe,No changes,sq,2031-32,296,open,yes,,Glencoe.pdf,2026-10-08 11:41:09
Glencoe,Options A and B,a,2027-28,318,open,yes,,Glencoe.pdf,2026-10-08 11:41:09
Glencoe,Options A and B,b,2027-28,318,open,yes,,Glencoe.pdf,2026-10-08 11:41:09
Glencoe,Options A and B,a,2028-29,302,open,yes,,Glencoe.pdf,2026-10-08 11:41:09
Glencoe,Options A and B,b,2028-29,302,open,yes,,Glencoe.pdf,2026-10-08 11:41:09
Glencoe,Options A and B,a,2029-30,309,open,yes,,Glencoe.pdf,2026-10-08 11:41:09
Glencoe,Options A and B,b,2029-30,309,open,yes,,Glencoe.pdf,2026-10-08 11:41:09
Glencoe,Options A and B,a,2030-31,318,open,yes,,Glencoe.pdf,2026-10-08 11:41:09
Glencoe,Options A and B,b,2030-31,318,open,yes,,Glencoe.pdf,2026-10-08 11:41:09
Glencoe,Options A and B,a,2031-32,317,open,yes,,Glencoe.pdf,2026-10-08 11:41:09
Glencoe,Options A and B,b,2031-32,317,open,yes,,Glencoe.pdf,2026-10-08 11:41:09
Grant,No changes,sq,2027-28,1935,open,yes,,Grant.pdf,2026-10-08 11:41:09
Grant,No changes,sq,2028-29,1822,open,yes,,Grant.pdf,2026-10-08 11:41:09
Grant,No changes,sq,2029-30,1713,open,yes,,Grant.pdf,2026-10-08 11:41:09
Grant,No changes,sq,2030-31,1576,open,yes,,Grant.pdf,2026-10-08 11:41:09
Grant,No changes,sq,2031-32,1487,open,yes,,Grant.pdf,2026-10-08 11:41:09
Grant,Options A and B,a,2027-28,1935,open,yes,,Grant.pdf,2026-10-08 11:41:09
Grant,Options A and B,b,2027-28,1935,open,yes,,Grant.pdf,2026-10-08 11:41:09
Grant,Options A and B,a,2028-29,1822,open,yes,,Grant.pdf,2026-10-08 11:41:09
Grant,Options A and B,b,2028-29,1822,open,yes,,Grant.pdf,2026-10-08 11:41:09
Grant,Options A and B,a,2029-30,1713,open,yes,,Grant.pdf,2026-10-08 11:41:09
Grant,Options A and B,b,2029-30,1713,open,yes,,Grant.pdf,2026-10-08 11:41:09
Grant,Options A and B,a,2030-31,1576,open,yes,,Grant.pdf,2026-10-08 11:41:09
Grant,Options A and B,b,2030-31,1576,open,yes,,Grant.pdf,2026-10-08 11:41:09
Grant,Options A and B,a,2031-32,1487,open,yes,,Grant.pdf,2026-10-08 11:41:09
Grant,Options A and B,b,2031-32,1487,open,yes,,Grant.pdf,2026-10-08 11:41:09
Gray,No changes,sq,2027-28,427,open,yes,,Gray.pdf,2026-10-08 11:41:10
Gray,No changes,sq,2028-29,412,open,yes,,Gray.pdf,2026-10-08 11:41:10
Gray,No changes,sq,2029-30,403,open,yes,,Gray.pdf,2026-10-08 11:41:10
Gray,No changes,sq,2030-31,376,open,yes,,Gray.pdf,2026-10-08 11:41:10
Gray,No changes,sq,2031-32,368,open,yes,,Gray.pdf,2026-10-08 11:41:10
Gray,Options A and B,a,2027-28,481,open,yes,,Gray.pdf,2026-10-08 11:41:10
Gray,Options A and B,b,2027-28,481,open,yes,,Gray.pdf,2026-10-08 11:41:10
Gray,Options A and B,a,2028-29,518,open,yes,,Gray.pdf,2026-10-08 11:41:10
Gray,Options A and B,b,2028-29,518,open,yes,,Gray.pdf,2026-10-08 11:41:10
Gray,Options A and B,a,2029-30,551,open,yes,,Gray.pdf,2026-10-08 11:41:10
Gray,Options A and B,b,2029-30,551,open,yes,,Gray.pdf,2026-10-08 11:41:10
Gray,Options A and B,a,2030-31,508,open,yes,,Gray.pdf,2026-10-08 11:41:10
Gray,Options A and B,b,2030-31,508,open,yes,,Gray.pdf,2026-10-08 11:41:10
Gray,Options A and B,a,2031-32,490,open,yes,,Gray.pdf,2026-10-08 11:41:10
Gray,Options A and B,b,2031-32,490,open,yes,,Gray.pdf,2026-10-08 11:41:10
Grout,No changes,sq,2027-28,303,open,yes,,Grout.pdf,2026-10-08 11:41:11
Grout,No changes,sq,2028-29,300,open,yes,,Grout.pdf,2026-10-08 11:41:11
Grout,No changes,sq,2029-30,297,open,yes,,Grout.pdf,2026-10-08 11:41:11
Grout,No changes,sq,2030-31,285,open,yes,,Grout.pdf,2026-10-08 11:41:11
Grout,No changes,sq,2031-32,280,open,yes,,Grout.pdf,2026-10-08 11:41:11
Grout,Options A and B,a,2027-28,303,open,yes,,Grout.pdf,2026-10-08 11:41:11
Grout,Options A and B,b,2027-28,303,open,yes,,Grout.pdf,2026-10-08 11:41:11
Grout,Options A and B,a,2028-29,300,open,yes,,Grout.pdf,2026-10-08 11:41:11
Grout,Options A and B,b,2028-29,300,open,yes,,Grout.pdf,2026-10-08 11:41:11
Grout,Options A and B,a,2029-30,297,open,yes,,Grout.pdf,2026-10-08 11:41:11
Grout,Options A and B,b,2029-30,297,open,yes,,Grout.pdf,2026-10-08 11:41:11
Grout,Options A and B,a,2030-31,285,open,yes,,Grout.pdf,2026-10-08 11:41:11
Grout,Options A and B,b,2030-31,285,open,yes,,Grout.pdf,2026-10-08 11:41:11
Grout,Options A and B,a,2031-32,280,open,yes,,Grout.pdf,2026-10-08 11:41:11
Grout,Options A and B,b,2031-32,280,open,yes,,Grout.pdf,2026-10-08 11:41:11
Harriet Tubman,No changes,sq,2027-28,457,open,yes,,Harriet Tubman.pdf,2026-10-08 11:41:11
Harriet Tubman,No changes,sq,2028-29,414,open,yes,,Harriet Tubman.pdf,2026-10-08 11:41:11
Harriet Tubman,No changes,sq,2029-30,389,open,yes,,Harriet Tubman.pdf,2026-10-08 11:41:11
Harriet Tubman,No changes,sq,2030-31,368,open,yes,,Harriet Tubman.pdf,2026-10-08 11:41:11
Harriet Tubman,No changes,sq,2031-32,374,open,yes,,Harriet Tubman.pdf,2026-10-08 11:41:11
Harriet Tubman,Options A and B,a,2027-28,608,open,yes,,Harriet Tubman.pdf,2026-10-08 11:41:11
Harriet Tubman,Options A and B,b,2027-28,608,open,yes,,Harriet Tubman.pdf,2026-10-08 11:41:11
Harriet Tubman,Options A and B,a,2028-29,546,open,yes,,Harriet Tubman.pdf,2026-10-08 11:41:11
Harriet Tubman,Options A and B,b,2028-29,546,open,yes,,Harriet Tubman.pdf,2026-10-08 11:41:11
Harriet Tubman,Options A and B,a,2029-30,492,open,yes,,Harriet Tubman.pdf,2026-10-08 11:41:11
Harriet Tubman,Options A and B,b,2029-30,492,open,yes,,Harriet Tubman.pdf,2026-10-08 11:41:11
Harriet Tubman,Options A and B,a,2030-31,465,open,yes,,Harriet Tubman.pdf,2026-10-08 11:41:11
Harriet Tubman,Options A and B,b,2030-31,465,open,yes,,Harriet Tubman.pdf,2026-10-08 11:41:11
Harriet Tubman,Options A and B,a,2031-32,455,open,yes,,Harriet Tubman.pdf,2026-10-08 11:41:11
Harriet Tubman,Options A and B,b,2031-32,455,open,yes,,Harriet Tubman.pdf,2026-10-08 11:41:11
Harrison Park,No changes,sq,2027-28,427,open,yes,,Harrison Park.pdf,2026-10-08 11:41:12
Harrison Park,No changes,sq,2028-29,416,open,yes,,Harrison Park.pdf,2026-10-08 11:41:12
Harrison Park,No changes,sq,2029-30,419,open,yes,,Harrison Park.pdf,2026-10-08 11:41:12
Harrison Park,No changes,sq,2030-31,400,open,yes,,Harrison Park.pdf,2026-10-08 11:41:12
Harrison Park,No changes,sq,2031-32,417,open,yes,,Harrison Park.pdf,2026-10-08 11:41:12
Harrison Park,Options A and B,a,2027-28,642,open,yes,,Harrison Park.pdf,2026-10-08 11:41:12
Harrison Park,Options A and B,b,2027-28,642,open,yes,,Harrison Park.pdf,2026-10-08 11:41:12
Harrison Park,Options A and B,a,2028-29,625,open,yes,,Harrison Park.pdf,2026-10-08 11:41:12
Harrison Park,Options A and B,b,2028-29,625,open,yes,,Harrison Park.pdf,2026-10-08 11:41:12
Harrison Park,Options A and B,a,2029-30,614,open,yes,,Harrison Park.pdf,2026-10-08 11:41:12
Harrison Park,Options A and B,b,2029-30,614,open,yes,,Harrison Park.pdf,2026-10-08 11:41:12
Harrison Park,Options A and B,a,2030-31,578,open,yes,,Harrison Park.pdf,2026-10-08 11:41:12
Harrison Park,Options A and B,b,2030-31,578,open,yes,,Harrison Park.pdf,2026-10-08 11:41:12
Harrison Park,Options A and B,a,2031-32,591,open,yes,,Harrison Park.pdf,2026-10-08 11:41:12
Harrison Park,Options A and B,b,2031-32,591,open,yes,,Harrison Park.pdf,2026-10-08 11:41:12
Hayhurst,No changes,sq,2027-28,274,open,yes,,Hayhurst.pdf,2026-10-08 11:41:13
Hayhurst,No changes,sq,2028-29,270,open,yes,,Hayhurst.pdf,2026-10-08 11:41:13
Hayhurst,No changes,sq,2029-30,266,open,yes,,Hayhurst.pdf,2026-10-08 11:41:13
Hayhurst,No changes,sq,2030-31,263,open,yes,,Hayhurst.pdf,2026-10-08 11:41:13
Hayhurst,No changes,sq,2031-32,266,open,yes,,Hayhurst.pdf,2026-10-08 11:41:13
Hayhurst,Options A and B,a,2027-28,472,open,yes,,Hayhurst.pdf,2026-10-08 11:41:13
Hayhurst,Options A and B,b,2027-28,472,open,yes,,Hayhurst.pdf,2026-10-08 11:41:13
Hayhurst,Options A and B,a,2028-29,451,open,yes,,Hayhurst.pdf,2026-10-08 11:41:13
Hayhurst,Options A and B,b,2028-29,451,open,yes,,Hayhurst.pdf,2026-10-08 11:41:13
Hayhurst,Options A and B,a,2029-30,435,open,yes,,Hayhurst.pdf,2026-10-08 11:41:13
Hayhurst,Options A and B,b,2029-30,435,open,yes,,Hayhurst.pdf,2026-10-08 11:41:13
Hayhurst,Options A and B,a,2030-31,424,open,yes,,Hayhurst.pdf,2026-10-08 11:41:13
Hayhurst,Options A and B,b,2030-31,424,open,yes,,Hayhurst.pdf,2026-10-08 11:41:13
Hayhurst,Options A and B,a,2031-32,410,open,yes,,Hayhurst.pdf,2026-10-08 11:41:13
Hayhurst,Options A and B,b,2031-32,410,open,yes,,Hayhurst.pdf,2026-10-08 11:41:13
Hosford,No changes,sq,2027-28,482,open,yes,,Hosford.pdf,2026-10-08 11:41:13
Hosford,No changes,sq,2028-29,445,open,yes,,Hosford.pdf,2026-10-08 11:41:13
Hosford,No changes,sq,2029-30,390,open,yes,,Hosford.pdf,2026-10-08 11:41:13
Hosford,No changes,sq,2030-31,375,open,yes,,Hosford.pdf,2026-10-08 11:41:13
Hosford,No changes,sq,2031-32,374,open,yes,,Hosford.pdf,2026-10-08 11:41:13
Hosford,Option A,a,2027-28,602,open,yes,,Hosford.pdf,2026-10-08 11:41:13
Hosford,Option A,a,2028-29,747,open,yes,,Hosford.pdf,2026-10-08 11:41:13
Hosford,Option A,a,2029-30,610,open,yes,,Hosford.pdf,2026-10-08 11:41:13
Hosford,Option A,a,2030-31,575,open,yes,,Hosford.pdf,2026-10-08 11:41:13
Hosford,Option A,a,2031-32,557,open,yes,,Hosford.pdf,2026-10-08 11:41:13
Hosford,Option B,b,2027-28,602,open,yes,,Hosford.pdf,2026-10-08 11:41:13
Hosford,Option B,b,2028-29,669,open,yes,,Hosford.pdf,2026-10-08 11:41:13
Hosford,Option B,b,2029-30,540,open,yes,,Hosford.pdf,2026-10-08 11:41:13
Hosford,Option B,b,2030-31,512,open,yes,,Hosford.pdf,2026-10-08 11:41:13
Hosford,Option B,b,2031-32,501,open,yes,,Hosford.pdf,2026-10-08 11:41:13
Ida B Wells,No changes,sq,2027-28,1524,open,yes,,Ida B Wells.pdf,2026-10-08 11:41:14
Ida B Wells,No changes,sq,2028-29,1513,open,yes,,Ida B Wells.pdf,2026-10-08 11:41:14
Ida B Wells,No changes,sq,2029-30,1486,open,yes,,Ida B Wells.pdf,2026-10-08 11:41:14
Ida B Wells,No changes,sq,2030-31,1488,open,yes,,Ida B Wells.pdf,2026-10-08 11:41:14
Ida B Wells,No changes,sq,2031-32,1457,open,yes,,Ida B Wells.pdf,2026-10-08 11:41:14
Ida B Wells,Options A and B,a,2027-28,1524,open,yes,,Ida B Wells.pdf,2026-10-08 11:41:14
Ida B Wells,Options A and B,b,2027-28,1524,open,yes,,Ida B Wells.pdf,2026-10-08 11:41:14
Ida B Wells,Options A and B,a,2028-29,1513,open,yes,,Ida B Wells.pdf,2026-10-08 11:41:14
Ida B Wells,Options A and B,b,2028-29,1513,open,yes,,Ida B Wells.pdf,2026-10-08 11:41:14
Ida B Wells,Options A and B,a,2029-30,1486,open,yes,,Ida B Wells.pdf,2026-10-08 11:41:14
Ida B Wells,Options A and B,b,2029-30,1486,open,yes,,Ida B Wells.pdf,2026-10-08 11:41:14
Ida B Wells,Options A and B,a,2030-31,1488,open,yes,,Ida B Wells.pdf,2026-10-08 11:41:14
Ida B Wells,Options A and B,b,2030-31,1488,open,yes,,Ida B Wells.pdf,2026-10-08 11:41:14
Ida B Wells,Options A and B,a,2031-32,1457,open,yes,,Ida B Wells.pdf,2026-10-08 11:41:14
Ida B Wells,Options A and B,b,2031-32,1457,open,yes,,Ida B Wells.pdf,2026-10-08 11:41:14
Irvington,No changes,sq,2027-28,240,open,yes,,Irvington.pdf,2026-10-08 11:41:14
Irvington,No changes,sq,2028-29,236,open,yes,,Irvington.pdf,2026-10-08 11:41:14
Irvington,No changes,sq,2029-30,229,open,yes,,Irvington.pdf,2026-10-08 11:41:14
Irvington,No changes,sq,2030-31,220,open,yes,,Irvington.pdf,2026-10-08 11:41:14
Irvington,No changes,sq,2031-32,223,open,yes,,Irvington.pdf,2026-10-08 11:41:14
Irvington,Options A and B,a,2027-28,,closes,no,,Irvington.pdf,2026-10-08 11:41:14
Irvington,Options A and B,b,2027-28,,closes,no,,Irvington.pdf,2026-10-08 11:41:14
Irvington,Options A and B,a,2028-29,,closes,no,,Irvington.pdf,2026-10-08 11:41:14
Irvington,Options A and B,b,2028-29,,closes,no,,Irvington.pdf,2026-10-08 11:41:14
Irvington,Options A and B,a,2029-30,,closes,no,,Irvington.pdf,2026-10-08 11:41:14
Irvington,Options A and B,b,2029-30,,closes,no,,Irvington.pdf,2026-10-08 11:41:14
Irvington,Options A and B,a,2030-31,,closes,no,,Irvington.pdf,2026-10-08 11:41:14
Irvington,Options A and B,b,2030-31,,closes,no,,Irvington.pdf,2026-10-08 11:41:14
Irvington,Options A and B,a,2031-32,,closes,no,,Irvington.pdf,2026-10-08 11:41:14
Irvington,Options A and B,b,2031-32,,closes,no,,Irvington.pdf,2026-10-08 11:41:14
Jackson,No changes,sq,2027-28,661,open,yes,,Jackson.pdf,2026-10-08 11:41:15
Jackson,No changes,sq,2028-29,659,open,yes,,Jackson.pdf,2026-10-08 11:41:15
Jackson,No changes,sq,2029-30,623,open,yes,,Jackson.pdf,2026-10-08 11:41:15
Jackson,No changes,sq,2030-31,549,open,yes,,Jackson.pdf,2026-10-08 11:41:15
Jackson,No changes,sq,2031-32,515,open,yes,,Jackson.pdf,2026-10-08 11:41:15
Jackson,Options A and B,a,2027-28,618,open,yes,,Jackson.pdf,2026-10-08 11:41:15
Jackson,Options A and B,b,2027-28,618,open,yes,,Jackson.pdf,2026-10-08 11:41:15
Jackson,Options A and B,a,2028-29,564,open,yes,,Jackson.pdf,2026-10-08 11:41:15
Jackson,Options A and B,b,2028-29,564,open,yes,,Jackson.pdf,2026-10-08 11:41:15
Jackson,Options A and B,a,2029-30,486,open,yes,,Jackson.pdf,2026-10-08 11:41:15
Jackson,Options A and B,b,2029-30,486,open,yes,,Jackson.pdf,2026-10-08 11:41:15
Jackson,Options A and B,a,2030-31,428,open,yes,,Jackson.pdf,2026-10-08 11:41:15
Jackson,Options A and B,b,2030-31,428,open,yes,,Jackson.pdf,2026-10-08 11:41:15
Jackson,Options A and B,a,2031-32,404,open,yes,,Jackson.pdf,2026-10-08 11:41:15
Jackson,Options A and B,b,2031-32,404,open,yes,,Jackson.pdf,2026-10-08 11:41:15
James John,No changes,sq,2027-28,359,open,yes,,James John.pdf,2026-10-08 11:41:16
James John,No changes,sq,2028-29,366,open,yes,,James John.pdf,2026-10-08 11:41:16
James John,No changes,sq,2029-30,369,open,yes,,James John.pdf,2026-10-08 11:41:16
James John,No changes,sq,2030-31,354,open,yes,,James John.pdf,2026-10-08 11:41:16
James John,No changes,sq,2031-32,352,open,yes,,James John.pdf,2026-10-08 11:41:16
James John,Options A and B,a,2027-28,,closes,no,,James John.pdf,2026-10-08 11:41:16
James John,Options A and B,b,2027-28,,closes,no,,James John.pdf,2026-10-08 11:41:16
James John,Options A and B,a,2028-29,,closes,no,,James John.pdf,2026-10-08 11:41:16
James John,Options A and B,b,2028-29,,closes,no,,James John.pdf,2026-10-08 11:41:16
James John,Options A and B,a,2029-30,,closes,no,,James John.pdf,2026-10-08 11:41:16
James John,Options A and B,b,2029-30,,closes,no,,James John.pdf,2026-10-08 11:41:16
James John,Options A and B,a,2030-31,,closes,no,,James John.pdf,2026-10-08 11:41:16
James John,Options A and B,b,2030-31,,closes,no,,James John.pdf,2026-10-08 11:41:16
James John,Options A and B,a,2031-32,,closes,no,,James John.pdf,2026-10-08 11:41:16
James John,Options A and B,b,2031-32,,closes,no,,James John.pdf,2026-10-08 11:41:16
Jefferson,No changes,sq,2027-28,564,open,yes,,Jefferson.pdf,2026-10-08 11:41:16
Jefferson,No changes,sq,2028-29,805,open,yes,,Jefferson.pdf,2026-10-08 11:41:16
Jefferson,No changes,sq,2029-30,981,open,yes,,Jefferson.pdf,2026-10-08 11:41:16
Jefferson,No changes,sq,2030-31,1158,open,yes,,Jefferson.pdf,2026-10-08 11:41:16
Jefferson,No changes,sq,2031-32,1183,open,yes,,Jefferson.pdf,2026-10-08 11:41:16
Jefferson,Options A and B,a,2027-28,570,open,yes,,Jefferson.pdf,2026-10-08 11:41:16
Jefferson,Options A and B,b,2027-28,570,open,yes,,Jefferson.pdf,2026-10-08 11:41:16
Jefferson,Options A and B,a,2028-29,812,open,yes,,Jefferson.pdf,2026-10-08 11:41:16
Jefferson,Options A and B,b,2028-29,812,open,yes,,Jefferson.pdf,2026-10-08 11:41:16
Jefferson,Options A and B,a,2029-30,988,open,yes,,Jefferson.pdf,2026-10-08 11:41:16
Jefferson,Options A and B,b,2029-30,988,open,yes,,Jefferson.pdf,2026-10-08 11:41:16
Jefferson,Options A and B,a,2030-31,1165,open,yes,,Jefferson.pdf,2026-10-08 11:41:16
Jefferson,Options A and B,b,2030-31,1165,open,yes,,Jefferson.pdf,2026-10-08 11:41:16
Jefferson,Options A and B,a,2031-32,1190,open,yes,,Jefferson.pdf,2026-10-08 11:41:16
Jefferson,Options A and B,b,2031-32,1190,open,yes,,Jefferson.pdf,2026-10-08 11:41:16
Kellogg,No changes,sq,2027-28,513,open,yes,,Kellogg.pdf,2026-10-08 11:41:17
Kellogg,No changes,sq,2028-29,493,open,yes,,Kellogg.pdf,2026-10-08 11:41:17
Kellogg,No changes,sq,2029-30,470,open,yes,,Kellogg.pdf,2026-10-08 11:41:17
Kellogg,No changes,sq,2030-31,450,open,yes,,Kellogg.pdf,2026-10-08 11:41:17
Kellogg,No changes,sq,2031-32,471,open,yes,,Kellogg.pdf,2026-10-08 11:41:17
Kellogg,Options A and B,a,2027-28,507,open,yes,,Kellogg.pdf,2026-10-08 11:41:17
Kellogg,Options A and B,b,2027-28,507,open,yes,,Kellogg.pdf,2026-10-08 11:41:17
Kellogg,Options A and B,a,2028-29,548,open,yes,,Kellogg.pdf,2026-10-08 11:41:17
Kellogg,Options A and B,b,2028-29,548,open,yes,,Kellogg.pdf,2026-10-08 11:41:17
Kellogg,Options A and B,a,2029-30,582,open,yes,,Kellogg.pdf,2026-10-08 11:41:17
Kellogg,Options A and B,b,2029-30,582,open,yes,,Kellogg.pdf,2026-10-08 11:41:17
Kellogg,Options A and B,a,2030-31,556,open,yes,,Kellogg.pdf,2026-10-08 11:41:17
Kellogg,Options A and B,b,2030-31,556,open,yes,,Kellogg.pdf,2026-10-08 11:41:17
Kellogg,Options A and B,a,2031-32,579,open,yes,,Kellogg.pdf,2026-10-08 11:41:17
Kellogg,Options A and B,b,2031-32,579,open,yes,,Kellogg.pdf,2026-10-08 11:41:17
Kelly,No changes,sq,2027-28,402,open,yes,,Kelly.pdf,2026-10-08 11:41:18
Kelly,No changes,sq,2028-29,402,open,yes,,Kelly.pdf,2026-10-08 11:41:18
Kelly,No changes,sq,2029-30,403,open,yes,,Kelly.pdf,2026-10-08 11:41:18
Kelly,No changes,sq,2030-31,394,open,yes,,Kelly.pdf,2026-10-08 11:41:18
Kelly,No changes,sq,2031-32,391,open,yes,,Kelly.pdf,2026-10-08 11:41:18
Kelly,Options A and B,a,2027-28,407,open,yes,,Kelly.pdf,2026-10-08 11:41:18
Kelly,Options A and B,b,2027-28,407,open,yes,,Kelly.pdf,2026-10-08 11:41:18
Kelly,Options A and B,a,2028-29,407,open,yes,,Kelly.pdf,2026-10-08 11:41:18
Kelly,Options A and B,b,2028-29,407,open,yes,,Kelly.pdf,2026-10-08 11:41:18
Kelly,Options A and B,a,2029-30,410,open,yes,,Kelly.pdf,2026-10-08 11:41:18
Kelly,Options A and B,b,2029-30,410,open,yes,,Kelly.pdf,2026-10-08 11:41:18
Kelly,Options A and B,a,2030-31,402,open,yes,,Kelly.pdf,2026-10-08 11:41:18
Kelly,Options A and B,b,2030-31,402,open,yes,,Kelly.pdf,2026-10-08 11:41:18
Kelly,Options A and B,a,2031-32,401,open,yes,,Kelly.pdf,2026-10-08 11:41:18
Kelly,Options A and B,b,2031-32,401,open,yes,,Kelly.pdf,2026-10-08 11:41:18
Laurelhurst,No changes,sq,2027-28,607,open,yes,,Laurelhurst.pdf,2026-10-08 11:41:18
Laurelhurst,No changes,sq,2028-29,587,open,yes,,Laurelhurst.pdf,2026-10-08 11:41:18
Laurelhurst,No changes,sq,2029-30,560,open,yes,,Laurelhurst.pdf,2026-10-08 11:41:18
Laurelhurst,No changes,sq,2030-31,542,open,yes,,Laurelhurst.pdf,2026-10-08 11:41:18
Laurelhurst,No changes,sq,2031-32,525,open,yes,,Laurelhurst.pdf,2026-10-08 11:41:18
Laurelhurst,Options A and B,a,2027-28,378,open,yes,,Laurelhurst.pdf,2026-10-08 11:41:18
Laurelhurst,Options A and B,b,2027-28,378,open,yes,,Laurelhurst.pdf,2026-10-08 11:41:18
Laurelhurst,Options A and B,a,2028-29,370,open,yes,,Laurelhurst.pdf,2026-10-08 11:41:18
Laurelhurst,Options A and B,b,2028-29,370,open,yes,,Laurelhurst.pdf,2026-10-08 11:41:18
Laurelhurst,Options A and B,a,2029-30,371,open,yes,,Laurelhurst.pdf,2026-10-08 11:41:18
Laurelhurst,Options A and B,b,2029-30,371,open,yes,,Laurelhurst.pdf,2026-10-08 11:41:18
Laurelhurst,Options A and B,a,2030-31,361,open,yes,,Laurelhurst.pdf,2026-10-08 11:41:18
Laurelhurst,Options A and B,b,2030-31,361,open,yes,,Laurelhurst.pdf,2026-10-08 11:41:18
Laurelhurst,Options A and B,a,2031-32,359,open,yes,,Laurelhurst.pdf,2026-10-08 11:41:18
Laurelhurst,Options A and B,b,2031-32,359,open,yes,,Laurelhurst.pdf,2026-10-08 11:41:18
Lent,No changes,sq,2027-28,256,open,yes,,Lent.pdf,2026-10-08 11:41:19
Lent,No changes,sq,2028-29,268,open,yes,,Lent.pdf,2026-10-08 11:41:19
Lent,No changes,sq,2029-30,271,open,yes,,Lent.pdf,2026-10-08 11:41:19
Lent,No changes,sq,2030-31,283,open,yes,,Lent.pdf,2026-10-08 11:41:19
Lent,No changes,sq,2031-32,274,open,yes,,Lent.pdf,2026-10-08 11:41:19
Lent,Options A and B,a,2027-28,401,open,yes,,Lent.pdf,2026-10-08 11:41:19
Lent,Options A and B,b,2027-28,401,open,yes,,Lent.pdf,2026-10-08 11:41:19
Lent,Options A and B,a,2028-29,417,open,yes,,Lent.pdf,2026-10-08 11:41:19
Lent,Options A and B,b,2028-29,417,open,yes,,Lent.pdf,2026-10-08 11:41:19
Lent,Options A and B,a,2029-30,424,open,yes,,Lent.pdf,2026-10-08 11:41:19
Lent,Options A and B,b,2029-30,424,open,yes,,Lent.pdf,2026-10-08 11:41:19
Lent,Options A and B,a,2030-31,430,open,yes,,Lent.pdf,2026-10-08 11:41:19
Lent,Options A and B,b,2030-31,430,open,yes,,Lent.pdf,2026-10-08 11:41:19
Lent,Options A and B,a,2031-32,421,open,yes,,Lent.pdf,2026-10-08 11:41:19
Lent,Options A and B,b,2031-32,421,open,yes,,Lent.pdf,2026-10-08 11:41:19
Lewis,No changes,sq,2027-28,224,open,yes,,Lewis.pdf,2026-10-08 11:41:20
Lewis,No changes,sq,2028-29,206,open,yes,,Lewis.pdf,2026-10-08 11:41:20
Lewis,No changes,sq,2029-30,213,open,yes,,Lewis.pdf,2026-10-08 11:41:20
Lewis,No changes,sq,2030-31,202,open,yes,,Lewis.pdf,2026-10-08 11:41:20
Lewis,No changes,sq,2031-32,201,open,yes,,Lewis.pdf,2026-10-08 11:41:20
Lewis,Option A,a,2027-28,,closes,no,,Lewis.pdf,2026-10-08 11:41:20
Lewis,Option A,a,2028-29,,closes,no,,Lewis.pdf,2026-10-08 11:41:20
Lewis,Option A,a,2029-30,,closes,no,,Lewis.pdf,2026-10-08 11:41:20
Lewis,Option A,a,2030-31,,closes,no,,Lewis.pdf,2026-10-08 11:41:20
Lewis,Option A,a,2031-32,,closes,no,,Lewis.pdf,2026-10-08 11:41:20
Lewis,Option B,b,2027-28,296,open,yes,,Lewis.pdf,2026-10-08 11:41:20
Lewis,Option B,b,2028-29,284,open,yes,,Lewis.pdf,2026-10-08 11:41:20
Lewis,Option B,b,2029-30,291,open,yes,,Lewis.pdf,2026-10-08 11:41:20
Lewis,Option B,b,2030-31,282,open,yes,,Lewis.pdf,2026-10-08 11:41:20
Lewis,Option B,b,2031-32,283,open,yes,,Lewis.pdf,2026-10-08 11:41:20
Lincoln,No changes,sq,2027-28,1598,open,yes,,Lincoln.pdf,2026-10-08 11:41:20
Lincoln,No changes,sq,2028-29,1589,open,yes,,Lincoln.pdf,2026-10-08 11:41:20
Lincoln,No changes,sq,2029-30,1506,open,yes,,Lincoln.pdf,2026-10-08 11:41:20
Lincoln,No changes,sq,2030-31,1442,open,yes,,Lincoln.pdf,2026-10-08 11:41:20
Lincoln,No changes,sq,2031-32,1411,open,yes,,Lincoln.pdf,2026-10-08 11:41:20
Lincoln,Options A and B,a,2027-28,1580,open,yes,,Lincoln.pdf,2026-10-08 11:41:20
Lincoln,Options A and B,b,2027-28,1580,open,yes,,Lincoln.pdf,2026-10-08 11:41:20
Lincoln,Options A and B,a,2028-29,1546,open,yes,,Lincoln.pdf,2026-10-08 11:41:20
Lincoln,Options A and B,b,2028-29,1546,open,yes,,Lincoln.pdf,2026-10-08 11:41:20
Lincoln,Options A and B,a,2029-30,1442,open,yes,,Lincoln.pdf,2026-10-08 11:41:20
Lincoln,Options A and B,b,2029-30,1442,open,yes,,Lincoln.pdf,2026-10-08 11:41:20
Lincoln,Options A and B,a,2030-31,1358,open,yes,,Lincoln.pdf,2026-10-08 11:41:20
Lincoln,Options A and B,b,2030-31,1358,open,yes,,Lincoln.pdf,2026-10-08 11:41:20
Lincoln,Options A and B,a,2031-32,1331,open,yes,,Lincoln.pdf,2026-10-08 11:41:20
Lincoln,Options A and B,b,2031-32,1331,open,yes,,Lincoln.pdf,2026-10-08 11:41:20
Llewellyn,No changes,sq,2027-28,312,open,yes,,Llewellyn.pdf,2026-10-08 11:41:21
Llewellyn,No changes,sq,2028-29,303,open,yes,,Llewellyn.pdf,2026-10-08 11:41:21
Llewellyn,No changes,sq,2029-30,313,open,yes,,Llewellyn.pdf,2026-10-08 11:41:21
Llewellyn,No changes,sq,2030-31,316,open,yes,,Llewellyn.pdf,2026-10-08 11:41:21
Llewellyn,No changes,sq,2031-32,312,open,yes,,Llewellyn.pdf,2026-10-08 11:41:21
Llewellyn,Option A,a,2027-28,330,open,yes,,Llewellyn.pdf,2026-10-08 11:41:21
Llewellyn,Option A,a,2028-29,340,open,yes,,Llewellyn.pdf,2026-10-08 11:41:21
Llewellyn,Option A,a,2029-30,367,open,yes,,Llewellyn.pdf,2026-10-08 11:41:21
Llewellyn,Option A,a,2030-31,387,open,yes,,Llewellyn.pdf,2026-10-08 11:41:21
Llewellyn,Option A,a,2031-32,399,open,yes,,Llewellyn.pdf,2026-10-08 11:41:21
Llewellyn,Option B,b,2027-28,312,open,yes,,Llewellyn.pdf,2026-10-08 11:41:21
Llewellyn,Option B,b,2028-29,303,open,yes,,Llewellyn.pdf,2026-10-08 11:41:21
Llewellyn,Option B,b,2029-30,313,open,yes,,Llewellyn.pdf,2026-10-08 11:41:21
Llewellyn,Option B,b,2030-31,316,open,yes,,Llewellyn.pdf,2026-10-08 11:41:21
Llewellyn,Option B,b,2031-32,312,open,yes,,Llewellyn.pdf,2026-10-08 11:41:21
Maplewood,No changes,sq,2027-28,278,open,yes,,Maplewood.pdf,2026-10-08 11:41:22
Maplewood,No changes,sq,2028-29,265,open,yes,,Maplewood.pdf,2026-10-08 11:41:22
Maplewood,No changes,sq,2029-30,258,open,yes,,Maplewood.pdf,2026-10-08 11:41:22
Maplewood,No changes,sq,2030-31,261,open,yes,,Maplewood.pdf,2026-10-08 11:41:22
Maplewood,No changes,sq,2031-32,247,open,yes,,Maplewood.pdf,2026-10-08 11:41:22
Maplewood,Options A and B,a,2027-28,,closes,no,,Maplewood.pdf,2026-10-08 11:41:22
Maplewood,Options A and B,b,2027-28,,closes,no,,Maplewood.pdf,2026-10-08 11:41:22
Maplewood,Options A and B,a,2028-29,,closes,no,,Maplewood.pdf,2026-10-08 11:41:22
Maplewood,Options A and B,b,2028-29,,closes,no,,Maplewood.pdf,2026-10-08 11:41:22
Maplewood,Options A and B,a,2029-30,,closes,no,,Maplewood.pdf,2026-10-08 11:41:22
Maplewood,Options A and B,b,2029-30,,closes,no,,Maplewood.pdf,2026-10-08 11:41:22
Maplewood,Options A and B,a,2030-31,,closes,no,,Maplewood.pdf,2026-10-08 11:41:22
Maplewood,Options A and B,b,2030-31,,closes,no,,Maplewood.pdf,2026-10-08 11:41:22
Maplewood,Options A and B,a,2031-32,,closes,no,,Maplewood.pdf,2026-10-08 11:41:22
Maplewood,Options A and B,b,2031-32,,closes,no,,Maplewood.pdf,2026-10-08 11:41:22
Markham,No changes,sq,2027-28,312,open,yes,,Markham.pdf,2026-10-08 11:41:22
Markham,No changes,sq,2028-29,340,open,yes,,Markham.pdf,2026-10-08 11:41:22
Markham,No changes,sq,2029-30,347,open,yes,,Markham.pdf,2026-10-08 11:41:22
Markham,No changes,sq,2030-31,353,open,yes,,Markham.pdf,2026-10-08 11:41:22
Markham,No changes,sq,2031-32,347,open,yes,,Markham.pdf,2026-10-08 11:41:22
Markham,Option A,a,2027-28,519,open,yes,,Markham.pdf,2026-10-08 11:41:22
Markham,Option A,a,2028-29,543,open,yes,,Markham.pdf,2026-10-08 11:41:22
Markham,Option A,a,2029-30,543,open,yes,,Markham.pdf,2026-10-08 11:41:22
Markham,Option A,a,2030-31,554,open,yes,,Markham.pdf,2026-10-08 11:41:22
Markham,Option A,a,2031-32,549,open,yes,,Markham.pdf,2026-10-08 11:41:22
Markham,Option B,b,2027-28,312,open,yes,,Markham.pdf,2026-10-08 11:41:22
Markham,Option B,b,2028-29,340,open,yes,,Markham.pdf,2026-10-08 11:41:22
Markham,Option B,b,2029-30,347,open,yes,,Markham.pdf,2026-10-08 11:41:22
Markham,Option B,b,2030-31,353,open,yes,,Markham.pdf,2026-10-08 11:41:22
Markham,Option B,b,2031-32,347,open,yes,,Markham.pdf,2026-10-08 11:41:22
Marysville,No changes,sq,2027-28,300,open,yes,,Marysville.pdf,2026-10-08 11:41:23
Marysville,No changes,sq,2028-29,308,open,yes,,Marysville.pdf,2026-10-08 11:41:23
Marysville,No changes,sq,2029-30,317,open,yes,,Marysville.pdf,2026-10-08 11:41:23
Marysville,No changes,sq,2030-31,317,open,yes,,Marysville.pdf,2026-10-08 11:41:23
Marysville,No changes,sq,2031-32,312,open,yes,,Marysville.pdf,2026-10-08 11:41:23
Marysville,Options A and B,a,2027-28,300,closes,yes,,Marysville.pdf,2026-10-08 11:41:23
Marysville,Options A and B,b,2027-28,300,closes,yes,,Marysville.pdf,2026-10-08 11:41:23
Marysville,Options A and B,a,2028-29,,closes,yes,,Marysville.pdf,2026-10-08 11:41:23
Marysville,Options A and B,b,2028-29,,closes,yes,,Marysville.pdf,2026-10-08 11:41:23
Marysville,Options A and B,a,2029-30,,closes,yes,,Marysville.pdf,2026-10-08 11:41:23
Marysville,Options A and B,b,2029-30,,closes,yes,,Marysville.pdf,2026-10-08 11:41:23
Marysville,Options A and B,a,2030-31,,closes,yes,,Marysville.pdf,2026-10-08 11:41:23
Marysville,Options A and B,b,2030-31,,closes,yes,,Marysville.pdf,2026-10-08 11:41:23
Marysville,Options A and B,a,2031-32,,closes,yes,,Marysville.pdf,2026-10-08 11:41:23
Marysville,Options A and B,b,2031-32,,closes,yes,,Marysville.pdf,2026-10-08 11:41:23
McDaniel,No changes,sq,2027-28,1528,open,yes,,McDaniel.pdf,2026-10-08 11:41:24
McDaniel,No changes,sq,2028-29,1476,open,yes,,McDaniel.pdf,2026-10-08 11:41:24
McDaniel,No changes,sq,2029-30,1346,open,yes,,McDaniel.pdf,2026-10-08 11:41:24
McDaniel,No changes,sq,2030-31,1292,open,yes,,McDaniel.pdf,2026-10-08 11:41:24
McDaniel,No changes,sq,2031-32,1261,open,yes,,McDaniel.pdf,2026-10-08 11:41:24
McDaniel,Options A and B,a,2027-28,1535,open,yes,,McDaniel.pdf,2026-10-08 11:41:24
McDaniel,Options A and B,b,2027-28,1535,open,yes,,McDaniel.pdf,2026-10-08 11:41:24
McDaniel,Options A and B,a,2028-29,1488,open,yes,,McDaniel.pdf,2026-10-08 11:41:24
McDaniel,Options A and B,b,2028-29,1488,open,yes,,McDaniel.pdf,2026-10-08 11:41:24
McDaniel,Options A and B,a,2029-30,1363,open,yes,,McDaniel.pdf,2026-10-08 11:41:24
McDaniel,Options A and B,b,2029-30,1363,open,yes,,McDaniel.pdf,2026-10-08 11:41:24
McDaniel,Options A and B,a,2030-31,1311,open,yes,,McDaniel.pdf,2026-10-08 11:41:24
McDaniel,Options A and B,b,2030-31,1311,open,yes,,McDaniel.pdf,2026-10-08 11:41:24
McDaniel,Options A and B,a,2031-32,1281,open,yes,,McDaniel.pdf,2026-10-08 11:41:24
McDaniel,Options A and B,b,2031-32,1281,open,yes,,McDaniel.pdf,2026-10-08 11:41:24
Metropolitan Learning Center,No changes,sq,2027-28,245,open,yes,,Metropolitan Learning Center.pdf,2026-10-08 11:41:24
Metropolitan Learning Center,No changes,sq,2028-29,231,open,yes,,Metropolitan Learning Center.pdf,2026-10-08 11:41:24
Metropolitan Learning Center,No changes,sq,2029-30,215,open,yes,,Metropolitan Learning Center.pdf,2026-10-08 11:41:24
Metropolitan Learning Center,No changes,sq,2030-31,198,open,yes,,Metropolitan Learning Center.pdf,2026-10-08 11:41:24
Metropolitan Learning Center,No changes,sq,2031-32,199,open,yes,,Metropolitan Learning Center.pdf,2026-10-08 11:41:24
Metropolitan Learning Center,Options A and B,a,2027-28,386,open,yes,Scenario A/B Note: Enrollment shows Odyssey and MLC for facility purposes.,Metropolitan Learning Center.pdf,2026-10-08 11:41:24
Metropolitan Learning Center,Options A and B,b,2027-28,386,open,yes,Scenario A/B Note: Enrollment shows Odyssey and MLC for facility purposes.,Metropolitan Learning Center.pdf,2026-10-08 11:41:24
Metropolitan Learning Center,Options A and B,a,2028-29,371,open,yes,Scenario A/B Note: Enrollment shows Odyssey and MLC for facility purposes.,Metropolitan Learning Center.pdf,2026-10-08 11:41:24
Metropolitan Learning Center,Options A and B,b,2028-29,371,open,yes,Scenario A/B Note: Enrollment shows Odyssey and MLC for facility purposes.,Metropolitan Learning Center.pdf,2026-10-08 11:41:24
Metropolitan Learning Center,Options A and B,a,2029-30,353,open,yes,Scenario A/B Note: Enrollment shows Odyssey and MLC for facility purposes.,Metropolitan Learning Center.pdf,2026-10-08 11:41:24
Metropolitan Learning Center,Options A and B,b,2029-30,353,open,yes,Scenario A/B Note: Enrollment shows Odyssey and MLC for facility purposes.,Metropolitan Learning Center.pdf,2026-10-08 11:41:24
Metropolitan Learning Center,Options A and B,a,2030-31,338,open,yes,Scenario A/B Note: Enrollment shows Odyssey and MLC for facility purposes.,Metropolitan Learning Center.pdf,2026-10-08 11:41:24
Metropolitan Learning Center,Options A and B,b,2030-31,338,open,yes,Scenario A/B Note: Enrollment shows Odyssey and MLC for facility purposes.,Metropolitan Learning Center.pdf,2026-10-08 11:41:24
Metropolitan Learning Center,Options A and B,a,2031-32,341,open,yes,Scenario A/B Note: Enrollment shows Odyssey and MLC for facility purposes.,Metropolitan Learning Center.pdf,2026-10-08 11:41:24
Metropolitan Learning Center,Options A and B,b,2031-32,341,open,yes,Scenario A/B Note: Enrollment shows Odyssey and MLC for facility purposes.,Metropolitan Learning Center.pdf,2026-10-08 11:41:24
Mt. Tabor,No changes,sq,2027-28,406,open,yes,,Mt. Tabor.pdf,2026-10-08 11:41:26
Mt. Tabor,No changes,sq,2028-29,411,open,yes,,Mt. Tabor.pdf,2026-10-08 11:41:26
Mt. Tabor,No changes,sq,2029-30,386,open,yes,,Mt. Tabor.pdf,2026-10-08 11:41:26
Mt. Tabor,No changes,sq,2030-31,374,open,yes,,Mt. Tabor.pdf,2026-10-08 11:41:26
Mt. Tabor,No changes,sq,2031-32,354,open,yes,,Mt. Tabor.pdf,2026-10-08 11:41:26
Mt. Tabor,Options A and B,a,2027-28,645,open,yes,,Mt. Tabor.pdf,2026-10-08 11:41:26
Mt. Tabor,Options A and B,b,2027-28,645,open,yes,,Mt. Tabor.pdf,2026-10-08 11:41:26
Mt. Tabor,Options A and B,a,2028-29,647,open,yes,,Mt. Tabor.pdf,2026-10-08 11:41:26
Mt. Tabor,Options A and B,b,2028-29,647,open,yes,,Mt. Tabor.pdf,2026-10-08 11:41:26
Mt. Tabor,Options A and B,a,2029-30,599,open,yes,,Mt. Tabor.pdf,2026-10-08 11:41:26
Mt. Tabor,Options A and B,b,2029-30,599,open,yes,,Mt. Tabor.pdf,2026-10-08 11:41:26
Mt. Tabor,Options A and B,a,2030-31,580,open,yes,,Mt. Tabor.pdf,2026-10-08 11:41:26
Mt. Tabor,Options A and B,b,2030-31,580,open,yes,,Mt. Tabor.pdf,2026-10-08 11:41:26
Mt. Tabor,Options A and B,a,2031-32,546,open,yes,,Mt. Tabor.pdf,2026-10-08 11:41:26
Mt. Tabor,Options A and B,b,2031-32,546,open,yes,,Mt. Tabor.pdf,2026-10-08 11:41:26
Ockley Green,No changes,sq,2027-28,442,open,yes,,Ockley Green.pdf,2026-10-08 13:41:43
Ockley Green,No changes,sq,2028-29,405,open,yes,,Ockley Green.pdf,2026-10-08 13:41:43
Ockley Green,No changes,sq,2029-30,440,open,yes,,Ockley Green.pdf,2026-10-08 13:41:43
Ockley Green,No changes,sq,2030-31,423,open,yes,,Ockley Green.pdf,2026-10-08 13:41:43
Ockley Green,No changes,sq,2031-32,436,open,yes,,Ockley Green.pdf,2026-10-08 13:41:43
Ockley Green,Options A and B,a,2027-28,552,open,yes,,Ockley Green.pdf,2026-10-08 13:41:43
Ockley Green,Options A and B,b,2027-28,552,open,yes,,Ockley Green.pdf,2026-10-08 13:41:43
Ockley Green,Options A and B,a,2028-29,486,open,yes,,Ockley Green.pdf,2026-10-08 13:41:43
Ockley Green,Options A and B,b,2028-29,486,open,yes,,Ockley Green.pdf,2026-10-08 13:41:43
Ockley Green,Options A and B,a,2029-30,497,open,yes,,Ockley Green.pdf,2026-10-08 13:41:43
Ockley Green,Options A and B,b,2029-30,497,open,yes,,Ockley Green.pdf,2026-10-08 13:41:43
Ockley Green,Options A and B,a,2030-31,490,open,yes,,Ockley Green.pdf,2026-10-08 13:41:43
Ockley Green,Options A and B,b,2030-31,490,open,yes,,Ockley Green.pdf,2026-10-08 13:41:43
Ockley Green,Options A and B,a,2031-32,507,open,yes,,Ockley Green.pdf,2026-10-08 13:41:43
Ockley Green,Options A and B,b,2031-32,507,open,yes,,Ockley Green.pdf,2026-10-08 13:41:43
Odyssey,No changes,sq,2027-28,220,open,yes,,Odyssey.pdf,2026-10-08 11:41:27
Odyssey,No changes,sq,2028-29,223,open,yes,,Odyssey.pdf,2026-10-08 11:41:27
Odyssey,No changes,sq,2029-30,222,open,yes,,Odyssey.pdf,2026-10-08 11:41:27
Odyssey,No changes,sq,2030-31,223,open,yes,,Odyssey.pdf,2026-10-08 11:41:27
Odyssey,No changes,sq,2031-32,224,open,yes,,Odyssey.pdf,2026-10-08 11:41:27
Odyssey,Options A and B,a,2027-28,220,open,yes,,Odyssey.pdf,2026-10-08 11:41:27
Odyssey,Options A and B,b,2027-28,220,open,yes,,Odyssey.pdf,2026-10-08 11:41:27
Odyssey,Options A and B,a,2028-29,223,open,yes,,Odyssey.pdf,2026-10-08 11:41:27
Odyssey,Options A and B,b,2028-29,223,open,yes,,Odyssey.pdf,2026-10-08 11:41:27
Odyssey,Options A and B,a,2029-30,222,open,yes,,Odyssey.pdf,2026-10-08 11:41:27
Odyssey,Options A and B,b,2029-30,222,open,yes,,Odyssey.pdf,2026-10-08 11:41:27
Odyssey,Options A and B,a,2030-31,223,open,yes,,Odyssey.pdf,2026-10-08 11:41:27
Odyssey,Options A and B,b,2030-31,223,open,yes,,Odyssey.pdf,2026-10-08 11:41:27
Odyssey,Options A and B,a,2031-32,224,open,yes,,Odyssey.pdf,2026-10-08 11:41:27
Odyssey,Options A and B,b,2031-32,224,open,yes,,Odyssey.pdf,2026-10-08 11:41:27
Peninsula,No changes,sq,2027-28,250,open,yes,,Peninsula.pdf,2026-10-08 11:41:28
Peninsula,No changes,sq,2028-29,249,open,yes,,Peninsula.pdf,2026-10-08 11:41:28
Peninsula,No changes,sq,2029-30,236,open,yes,,Peninsula.pdf,2026-10-08 11:41:28
Peninsula,No changes,sq,2030-31,236,open,yes,,Peninsula.pdf,2026-10-08 11:41:28
Peninsula,No changes,sq,2031-32,236,open,yes,,Peninsula.pdf,2026-10-08 11:41:28
Peninsula,Options A and B,a,2027-28,,closes,no,,Peninsula.pdf,2026-10-08 11:41:28
Peninsula,Options A and B,b,2027-28,,closes,no,,Peninsula.pdf,2026-10-08 11:41:28
Peninsula,Options A and B,a,2028-29,,closes,no,,Peninsula.pdf,2026-10-08 11:41:28
Peninsula,Options A and B,b,2028-29,,closes,no,,Peninsula.pdf,2026-10-08 11:41:28
Peninsula,Options A and B,a,2029-30,,closes,no,,Peninsula.pdf,2026-10-08 11:41:28
Peninsula,Options A and B,b,2029-30,,closes,no,,Peninsula.pdf,2026-10-08 11:41:28
Peninsula,Options A and B,a,2030-31,,closes,no,,Peninsula.pdf,2026-10-08 11:41:28
Peninsula,Options A and B,b,2030-31,,closes,no,,Peninsula.pdf,2026-10-08 11:41:28
Peninsula,Options A and B,a,2031-32,,closes,no,,Peninsula.pdf,2026-10-08 11:41:28
Peninsula,Options A and B,b,2031-32,,closes,no,,Peninsula.pdf,2026-10-08 11:41:28
Richmond,No changes,sq,2027-28,504,open,yes,,Richmond.pdf,2026-10-08 11:41:28
Richmond,No changes,sq,2028-29,502,open,yes,,Richmond.pdf,2026-10-08 11:41:28
Richmond,No changes,sq,2029-30,506,open,yes,,Richmond.pdf,2026-10-08 11:41:28
Richmond,No changes,sq,2030-31,498,open,yes,,Richmond.pdf,2026-10-08 11:41:28
Richmond,No changes,sq,2031-32,497,open,yes,,Richmond.pdf,2026-10-08 11:41:28
Richmond,Options A and B,a,2027-28,504,open,yes,,Richmond.pdf,2026-10-08 11:41:28
Richmond,Options A and B,b,2027-28,504,open,yes,,Richmond.pdf,2026-10-08 11:41:28
Richmond,Options A and B,a,2028-29,502,open,yes,,Richmond.pdf,2026-10-08 11:41:28
Richmond,Options A and B,b,2028-29,502,open,yes,,Richmond.pdf,2026-10-08 11:41:28
Richmond,Options A and B,a,2029-30,506,open,yes,,Richmond.pdf,2026-10-08 11:41:28
Richmond,Options A and B,b,2029-30,506,open,yes,,Richmond.pdf,2026-10-08 11:41:28
Richmond,Options A and B,a,2030-31,498,open,yes,,Richmond.pdf,2026-10-08 11:41:28
Richmond,Options A and B,b,2030-31,498,open,yes,,Richmond.pdf,2026-10-08 11:41:28
Richmond,Options A and B,a,2031-32,497,open,yes,,Richmond.pdf,2026-10-08 11:41:28
Richmond,Options A and B,b,2031-32,497,open,yes,,Richmond.pdf,2026-10-08 11:41:28
Rieke,No changes,sq,2027-28,252,open,yes,,Rieke.pdf,2026-10-08 11:41:29
Rieke,No changes,sq,2028-29,296,open,yes,,Rieke.pdf,2026-10-08 11:41:29
Rieke,No changes,sq,2029-30,314,open,yes,,Rieke.pdf,2026-10-08 11:41:29
Rieke,No changes,sq,2030-31,317,open,yes,,Rieke.pdf,2026-10-08 11:41:29
Rieke,No changes,sq,2031-32,311,open,yes,,Rieke.pdf,2026-10-08 11:41:29
Rieke,Options A and B,a,2027-28,348,open,yes,,Rieke.pdf,2026-10-08 11:41:29
Rieke,Options A and B,b,2027-28,348,open,yes,,Rieke.pdf,2026-10-08 11:41:29
Rieke,Options A and B,a,2028-29,396,open,yes,,Rieke.pdf,2026-10-08 11:41:29
Rieke,Options A and B,b,2028-29,396,open,yes,,Rieke.pdf,2026-10-08 11:41:29
Rieke,Options A and B,a,2029-30,422,open,yes,,Rieke.pdf,2026-10-08 11:41:29
Rieke,Options A and B,b,2029-30,422,open,yes,,Rieke.pdf,2026-10-08 11:41:29
Rieke,Options A and B,a,2030-31,434,open,yes,,Rieke.pdf,2026-10-08 11:41:29
Rieke,Options A and B,b,2030-31,434,open,yes,,Rieke.pdf,2026-10-08 11:41:29
Rieke,Options A and B,a,2031-32,432,open,yes,,Rieke.pdf,2026-10-08 11:41:29
Rieke,Options A and B,b,2031-32,432,open,yes,,Rieke.pdf,2026-10-08 11:41:29
Rigler,No changes,sq,2027-28,306,open,yes,,Rigler.pdf,2026-10-08 11:41:29
Rigler,No changes,sq,2028-29,329,open,yes,,Rigler.pdf,2026-10-08 11:41:29
Rigler,No changes,sq,2029-30,326,open,yes,,Rigler.pdf,2026-10-08 11:41:29
Rigler,No changes,sq,2030-31,320,open,yes,,Rigler.pdf,2026-10-08 11:41:29
Rigler,No changes,sq,2031-32,321,open,yes,,Rigler.pdf,2026-10-08 11:41:29
Rigler,Options A and B,a,2027-28,487,open,yes,,Rigler.pdf,2026-10-08 11:41:29
Rigler,Options A and B,b,2027-28,487,open,yes,,Rigler.pdf,2026-10-08 11:41:29
Rigler,Options A and B,a,2028-29,515,open,yes,,Rigler.pdf,2026-10-08 11:41:29
Rigler,Options A and B,b,2028-29,515,open,yes,,Rigler.pdf,2026-10-08 11:41:29
Rigler,Options A and B,a,2029-30,510,open,yes,,Rigler.pdf,2026-10-08 11:41:29
Rigler,Options A and B,b,2029-30,510,open,yes,,Rigler.pdf,2026-10-08 11:41:29
Rigler,Options A and B,a,2030-31,504,open,yes,,Rigler.pdf,2026-10-08 11:41:29
Rigler,Options A and B,b,2030-31,504,open,yes,,Rigler.pdf,2026-10-08 11:41:29
Rigler,Options A and B,a,2031-32,505,open,yes,,Rigler.pdf,2026-10-08 11:41:29
Rigler,Options A and B,b,2031-32,505,open,yes,,Rigler.pdf,2026-10-08 11:41:29
Roosevelt,No changes,sq,2027-28,1312,open,yes,,Roosevelt.pdf,2026-10-08 11:41:30
Roosevelt,No changes,sq,2028-29,1250,open,yes,,Roosevelt.pdf,2026-10-08 11:41:30
Roosevelt,No changes,sq,2029-30,1179,open,yes,,Roosevelt.pdf,2026-10-08 11:41:30
Roosevelt,No changes,sq,2030-31,1164,open,yes,,Roosevelt.pdf,2026-10-08 11:41:30
Roosevelt,No changes,sq,2031-32,1117,open,yes,,Roosevelt.pdf,2026-10-08 11:41:30
Roosevelt,Options A and B,a,2027-28,1337,open,yes,,Roosevelt.pdf,2026-10-08 11:41:30
Roosevelt,Options A and B,b,2027-28,1337,open,yes,,Roosevelt.pdf,2026-10-08 11:41:30
Roosevelt,Options A and B,a,2028-29,1301,open,yes,,Roosevelt.pdf,2026-10-08 11:41:30
Roosevelt,Options A and B,b,2028-29,1301,open,yes,,Roosevelt.pdf,2026-10-08 11:41:30
Roosevelt,Options A and B,a,2029-30,1251,open,yes,,Roosevelt.pdf,2026-10-08 11:41:30
Roosevelt,Options A and B,b,2029-30,1251,open,yes,,Roosevelt.pdf,2026-10-08 11:41:30
Roosevelt,Options A and B,a,2030-31,1256,open,yes,,Roosevelt.pdf,2026-10-08 11:41:30
Roosevelt,Options A and B,b,2030-31,1256,open,yes,,Roosevelt.pdf,2026-10-08 11:41:30
Roosevelt,Options A and B,a,2031-32,1205,open,yes,,Roosevelt.pdf,2026-10-08 11:41:30
Roosevelt,Options A and B,b,2031-32,1205,open,yes,,Roosevelt.pdf,2026-10-08 11:41:30
Rosa Parks,No changes,sq,2027-28,159,open,yes,,Rosa Parks.pdf,2026-10-08 11:41:31
Rosa Parks,No changes,sq,2028-29,165,open,yes,,Rosa Parks.pdf,2026-10-08 11:41:31
Rosa Parks,No changes,sq,2029-30,168,open,yes,,Rosa Parks.pdf,2026-10-08 11:41:31
Rosa Parks,No changes,sq,2030-31,164,open,yes,,Rosa Parks.pdf,2026-10-08 11:41:31
Rosa Parks,No changes,sq,2031-32,168,open,yes,,Rosa Parks.pdf,2026-10-08 11:41:31
Rosa Parks,Options A and B,a,2027-28,481,open,yes,,Rosa Parks.pdf,2026-10-08 11:41:31
Rosa Parks,Options A and B,b,2027-28,481,open,yes,,Rosa Parks.pdf,2026-10-08 11:41:31
Rosa Parks,Options A and B,a,2028-29,487,open,yes,,Rosa Parks.pdf,2026-10-08 11:41:31
Rosa Parks,Options A and B,b,2028-29,487,open,yes,,Rosa Parks.pdf,2026-10-08 11:41:31
Rosa Parks,Options A and B,a,2029-30,479,open,yes,,Rosa Parks.pdf,2026-10-08 11:41:31
Rosa Parks,Options A and B,b,2029-30,479,open,yes,,Rosa Parks.pdf,2026-10-08 11:41:31
Rosa Parks,Options A and B,a,2030-31,471,open,yes,,Rosa Parks.pdf,2026-10-08 11:41:31
Rosa Parks,Options A and B,b,2030-31,471,open,yes,,Rosa Parks.pdf,2026-10-08 11:41:31
Rosa Parks,Options A and B,a,2031-32,472,open,yes,,Rosa Parks.pdf,2026-10-08 11:41:31
Rosa Parks,Options A and B,b,2031-32,472,open,yes,,Rosa Parks.pdf,2026-10-08 11:41:31
Rose City Park,No changes,sq,2027-28,391,open,yes,,Rose City Park.pdf,2026-10-08 11:41:31
Rose City Park,No changes,sq,2028-29,366,open,yes,,Rose City Park.pdf,2026-10-08 11:41:31
Rose City Park,No changes,sq,2029-30,368,open,yes,,Rose City Park.pdf,2026-10-08 11:41:31
Rose City Park,No changes,sq,2030-31,364,open,yes,,Rose City Park.pdf,2026-10-08 11:41:31
Rose City Park,No changes,sq,2031-32,370,open,yes,,Rose City Park.pdf,2026-10-08 11:41:31
Rose City Park,Option A,a,2027-28,0,closes,yes,,Rose City Park.pdf,2026-10-08 11:41:31
Rose City Park,Option A,a,2028-29,0,closes,yes,,Rose City Park.pdf,2026-10-08 11:41:31
Rose City Park,Option A,a,2029-30,0,closes,yes,,Rose City Park.pdf,2026-10-08 11:41:31
Rose City Park,Option A,a,2030-31,0,closes,yes,,Rose City Park.pdf,2026-10-08 11:41:31
Rose City Park,Option A,a,2031-32,0,closes,yes,,Rose City Park.pdf,2026-10-08 11:41:31
Rose City Park,Option B,b,2027-28,391,open,yes,,Rose City Park.pdf,2026-10-08 11:41:31
Rose City Park,Option B,b,2028-29,366,open,yes,,Rose City Park.pdf,2026-10-08 11:41:31
Rose City Park,Option B,b,2029-30,368,open,yes,,Rose City Park.pdf,2026-10-08 11:41:31
Rose City Park,Option B,b,2030-31,364,open,yes,,Rose City Park.pdf,2026-10-08 11:41:31
Rose City Park,Option B,b,2031-32,370,open,yes,,Rose City Park.pdf,2026-10-08 11:41:31
Roseway Heights,No changes,sq,2027-28,554,open,yes,,Roseway Heights.pdf,2026-10-08 11:41:32
Roseway Heights,No changes,sq,2028-29,543,open,yes,,Roseway Heights.pdf,2026-10-08 11:41:32
Roseway Heights,No changes,sq,2029-30,555,open,yes,,Roseway Heights.pdf,2026-10-08 11:41:32
Roseway Heights,No changes,sq,2030-31,535,open,yes,,Roseway Heights.pdf,2026-10-08 11:41:32
Roseway Heights,No changes,sq,2031-32,498,open,yes,,Roseway Heights.pdf,2026-10-08 11:41:32
Roseway Heights,Options A and B,a,2027-28,655,open,yes,,Roseway Heights.pdf,2026-10-08 11:41:32
Roseway Heights,Options A and B,b,2027-28,655,open,yes,,Roseway Heights.pdf,2026-10-08 11:41:32
Roseway Heights,Options A and B,a,2028-29,642,open,yes,,Roseway Heights.pdf,2026-10-08 11:41:32
Roseway Heights,Options A and B,b,2028-29,642,open,yes,,Roseway Heights.pdf,2026-10-08 11:41:32
Roseway Heights,Options A and B,a,2029-30,671,open,yes,,Roseway Heights.pdf,2026-10-08 11:41:32
Roseway Heights,Options A and B,b,2029-30,671,open,yes,,Roseway Heights.pdf,2026-10-08 11:41:32
Roseway Heights,Options A and B,a,2030-31,655,open,yes,,Roseway Heights.pdf,2026-10-08 11:41:32
Roseway Heights,Options A and B,b,2030-31,655,open,yes,,Roseway Heights.pdf,2026-10-08 11:41:32
Roseway Heights,Options A and B,a,2031-32,628,open,yes,,Roseway Heights.pdf,2026-10-08 11:41:32
Roseway Heights,Options A and B,b,2031-32,628,open,yes,,Roseway Heights.pdf,2026-10-08 11:41:32
Sabin,No changes,sq,2027-28,236,open,yes,,Sabin.pdf,2026-10-08 11:41:33
Sabin,No changes,sq,2028-29,248,open,yes,,Sabin.pdf,2026-10-08 11:41:33
Sabin,No changes,sq,2029-30,240,open,yes,,Sabin.pdf,2026-10-08 11:41:33
Sabin,No changes,sq,2030-31,234,open,yes,,Sabin.pdf,2026-10-08 11:41:33
Sabin,No changes,sq,2031-32,235,open,yes,,Sabin.pdf,2026-10-08 11:41:33
Sabin,Options A and B,a,2027-28,,closes,no,,Sabin.pdf,2026-10-08 11:41:33
Sabin,Options A and B,b,2027-28,,closes,no,,Sabin.pdf,2026-10-08 11:41:33
Sabin,Options A and B,a,2028-29,,closes,no,,Sabin.pdf,2026-10-08 11:41:33
Sabin,Options A and B,b,2028-29,,closes,no,,Sabin.pdf,2026-10-08 11:41:33
Sabin,Options A and B,a,2029-30,,closes,no,,Sabin.pdf,2026-10-08 11:41:33
Sabin,Options A and B,b,2029-30,,closes,no,,Sabin.pdf,2026-10-08 11:41:33
Sabin,Options A and B,a,2030-31,,closes,no,,Sabin.pdf,2026-10-08 11:41:33
Sabin,Options A and B,b,2030-31,,closes,no,,Sabin.pdf,2026-10-08 11:41:33
Sabin,Options A and B,a,2031-32,,closes,no,,Sabin.pdf,2026-10-08 11:41:33
Sabin,Options A and B,b,2031-32,,closes,no,,Sabin.pdf,2026-10-08 11:41:33
Scott,No changes,sq,2027-28,500,open,yes,,Scott.pdf,2026-10-08 13:44:16
Scott,No changes,sq,2028-29,490,open,yes,,Scott.pdf,2026-10-08 13:44:16
Scott,No changes,sq,2029-30,485,open,yes,,Scott.pdf,2026-10-08 13:44:16
Scott,No changes,sq,2030-31,476,open,yes,,Scott.pdf,2026-10-08 13:44:16
Scott,No changes,sq,2031-32,470,open,yes,,Scott.pdf,2026-10-08 13:44:16
Scott,Option A,a,2027-28,512,open,yes,,Scott.pdf,2026-10-08 13:44:16
Scott,Option A,a,2028-29,475,open,yes,,Scott.pdf,2026-10-08 13:44:16
Scott,Option A,a,2029-30,479,open,yes,,Scott.pdf,2026-10-08 13:44:16
Scott,Option A,a,2030-31,465,open,yes,,Scott.pdf,2026-10-08 13:44:16
Scott,Option A,a,2031-32,470,open,yes,,Scott.pdf,2026-10-08 13:44:16
Scott,Option B,b,2027-28,326,open,yes,,Scott.pdf,2026-10-08 13:44:16
Scott,Option B,b,2028-29,313,open,yes,,Scott.pdf,2026-10-08 13:44:16
Scott,Option B,b,2029-30,312,open,yes,,Scott.pdf,2026-10-08 13:44:16
Scott,Option B,b,2030-31,304,open,yes,,Scott.pdf,2026-10-08 13:44:16
Scott,Option B,b,2031-32,301,open,yes,,Scott.pdf,2026-10-08 13:44:16
Sellwood,No changes,sq,2027-28,523,open,yes,,Sellwood.pdf,2026-10-08 11:41:34
Sellwood,No changes,sq,2028-29,484,open,yes,,Sellwood.pdf,2026-10-08 11:41:34
Sellwood,No changes,sq,2029-30,439,open,yes,,Sellwood.pdf,2026-10-08 11:41:34
Sellwood,No changes,sq,2030-31,382,open,yes,,Sellwood.pdf,2026-10-08 11:41:34
Sellwood,No changes,sq,2031-32,350,open,yes,,Sellwood.pdf,2026-10-08 11:41:34
Sellwood,Options A and B,a,2027-28,523,closes,yes,,Sellwood.pdf,2026-10-08 11:41:34
Sellwood,Options A and B,b,2027-28,523,closes,yes,,Sellwood.pdf,2026-10-08 11:41:34
Sellwood,Options A and B,a,2028-29,,closes,yes,,Sellwood.pdf,2026-10-08 11:41:34
Sellwood,Options A and B,b,2028-29,,closes,yes,,Sellwood.pdf,2026-10-08 11:41:34
Sellwood,Options A and B,a,2029-30,,closes,yes,,Sellwood.pdf,2026-10-08 11:41:34
Sellwood,Options A and B,b,2029-30,,closes,yes,,Sellwood.pdf,2026-10-08 11:41:34
Sellwood,Options A and B,a,2030-31,,closes,yes,,Sellwood.pdf,2026-10-08 11:41:34
Sellwood,Options A and B,b,2030-31,,closes,yes,,Sellwood.pdf,2026-10-08 11:41:34
Sellwood,Options A and B,a,2031-32,,closes,yes,,Sellwood.pdf,2026-10-08 11:41:34
Sellwood,Options A and B,b,2031-32,,closes,yes,,Sellwood.pdf,2026-10-08 11:41:34
Sitton,No changes,sq,2027-28,333,open,yes,,Sitton.pdf,2026-10-08 11:41:35
Sitton,No changes,sq,2028-29,319,open,yes,,Sitton.pdf,2026-10-08 11:41:35
Sitton,No changes,sq,2029-30,317,open,yes,,Sitton.pdf,2026-10-08 11:41:35
Sitton,No changes,sq,2030-31,315,open,yes,,Sitton.pdf,2026-10-08 11:41:35
Sitton,No changes,sq,2031-32,311,open,yes,,Sitton.pdf,2026-10-08 11:41:35
Sitton,Options A and B,a,2027-28,464,open,yes,,Sitton.pdf,2026-10-08 11:41:35
Sitton,Options A and B,b,2027-28,464,open,yes,,Sitton.pdf,2026-10-08 11:41:35
Sitton,Options A and B,a,2028-29,459,open,yes,,Sitton.pdf,2026-10-08 11:41:35
Sitton,Options A and B,b,2028-29,459,open,yes,,Sitton.pdf,2026-10-08 11:41:35
Sitton,Options A and B,a,2029-30,465,open,yes,,Sitton.pdf,2026-10-08 11:41:35
Sitton,Options A and B,b,2029-30,465,open,yes,,Sitton.pdf,2026-10-08 11:41:35
Sitton,Options A and B,a,2030-31,455,open,yes,,Sitton.pdf,2026-10-08 11:41:35
Sitton,Options A and B,b,2030-31,455,open,yes,,Sitton.pdf,2026-10-08 11:41:35
Sitton,Options A and B,a,2031-32,449,open,yes,,Sitton.pdf,2026-10-08 11:41:35
Sitton,Options A and B,b,2031-32,449,open,yes,,Sitton.pdf,2026-10-08 11:41:35
Skyline,No changes,sq,2027-28,196,open,yes,,Skyline.pdf,2026-10-08 11:41:35
Skyline,No changes,sq,2028-29,197,open,yes,,Skyline.pdf,2026-10-08 11:41:35
Skyline,No changes,sq,2029-30,190,open,yes,,Skyline.pdf,2026-10-08 11:41:35
Skyline,No changes,sq,2030-31,180,open,yes,,Skyline.pdf,2026-10-08 11:41:35
Skyline,No changes,sq,2031-32,177,open,yes,,Skyline.pdf,2026-10-08 11:41:35
Skyline,Options A and B,a,2027-28,196,open,yes,,Skyline.pdf,2026-10-08 11:41:35
Skyline,Options A and B,b,2027-28,196,open,yes,,Skyline.pdf,2026-10-08 11:41:35
Skyline,Options A and B,a,2028-29,197,open,yes,,Skyline.pdf,2026-10-08 11:41:35
Skyline,Options A and B,b,2028-29,197,open,yes,,Skyline.pdf,2026-10-08 11:41:35
Skyline,Options A and B,a,2029-30,190,open,yes,,Skyline.pdf,2026-10-08 11:41:35
Skyline,Options A and B,b,2029-30,190,open,yes,,Skyline.pdf,2026-10-08 11:41:35
Skyline,Options A and B,a,2030-31,180,open,yes,,Skyline.pdf,2026-10-08 11:41:35
Skyline,Options A and B,b,2030-31,180,open,yes,,Skyline.pdf,2026-10-08 11:41:35
Skyline,Options A and B,a,2031-32,177,open,yes,,Skyline.pdf,2026-10-08 11:41:35
Skyline,Options A and B,b,2031-32,177,open,yes,,Skyline.pdf,2026-10-08 11:41:35
Stephenson,No changes,sq,2027-28,271,open,yes,,Stephenson.pdf,2026-10-08 11:41:36
Stephenson,No changes,sq,2028-29,264,open,yes,,Stephenson.pdf,2026-10-08 11:41:36
Stephenson,No changes,sq,2029-30,251,open,yes,,Stephenson.pdf,2026-10-08 11:41:36
Stephenson,No changes,sq,2030-31,260,open,yes,,Stephenson.pdf,2026-10-08 11:41:36
Stephenson,No changes,sq,2031-32,261,open,yes,,Stephenson.pdf,2026-10-08 11:41:36
Stephenson,Option A,a,2027-28,,closes,no,,Stephenson.pdf,2026-10-08 11:41:36
Stephenson,Option A,a,2028-29,,closes,no,,Stephenson.pdf,2026-10-08 11:41:36
Stephenson,Option A,a,2029-30,,closes,no,,Stephenson.pdf,2026-10-08 11:41:36
Stephenson,Option A,a,2030-31,,closes,no,,Stephenson.pdf,2026-10-08 11:41:36
Stephenson,Option A,a,2031-32,,closes,no,,Stephenson.pdf,2026-10-08 11:41:36
Stephenson,Option B,b,2027-28,271,open,yes,,Stephenson.pdf,2026-10-08 11:41:36
Stephenson,Option B,b,2028-29,264,open,yes,,Stephenson.pdf,2026-10-08 11:41:36
Stephenson,Option B,b,2029-30,251,open,yes,,Stephenson.pdf,2026-10-08 11:41:36
Stephenson,Option B,b,2030-31,260,open,yes,,Stephenson.pdf,2026-10-08 11:41:36
Stephenson,Option B,b,2031-32,261,open,yes,,Stephenson.pdf,2026-10-08 11:41:36
Sunnyside,No changes,sq,2027-28,484,open,yes,,Sunnyside.pdf,2026-10-08 13:29:08
Sunnyside,No changes,sq,2028-29,481,open,yes,,Sunnyside.pdf,2026-10-08 13:29:08
Sunnyside,No changes,sq,2029-30,474,open,yes,,Sunnyside.pdf,2026-10-08 13:29:08
Sunnyside,No changes,sq,2030-31,478,open,yes,,Sunnyside.pdf,2026-10-08 13:29:08
Sunnyside,No changes,sq,2031-32,475,open,yes,,Sunnyside.pdf,2026-10-08 13:29:08
Sunnyside,Options A and B,a,2027-28,376,open,yes,,Sunnyside.pdf,2026-10-08 13:29:08
Sunnyside,Options A and B,b,2027-28,376,open,yes,,Sunnyside.pdf,2026-10-08 13:29:08
Sunnyside,Options A and B,a,2028-29,343,open,yes,,Sunnyside.pdf,2026-10-08 13:29:08
Sunnyside,Options A and B,b,2028-29,343,open,yes,,Sunnyside.pdf,2026-10-08 13:29:08
Sunnyside,Options A and B,a,2029-30,317,open,yes,,Sunnyside.pdf,2026-10-08 13:29:08
Sunnyside,Options A and B,b,2029-30,317,open,yes,,Sunnyside.pdf,2026-10-08 13:29:08
Sunnyside,Options A and B,a,2030-31,281,open,yes,,Sunnyside.pdf,2026-10-08 13:29:08
Sunnyside,Options A and B,b,2030-31,281,open,yes,,Sunnyside.pdf,2026-10-08 13:29:08
Sunnyside,Options A and B,a,2031-32,235,open,yes,,Sunnyside.pdf,2026-10-08 13:29:08
Sunnyside,Options A and B,b,2031-32,235,open,yes,,Sunnyside.pdf,2026-10-08 13:29:08
Sunrise,No changes,sq,2027-28,245,open,yes,,Sunrise.pdf,2026-10-08 11:41:37
Sunrise,No changes,sq,2028-29,249,open,yes,,Sunrise.pdf,2026-10-08 11:41:37
Sunrise,No changes,sq,2029-30,239,open,yes,,Sunrise.pdf,2026-10-08 11:41:37
Sunrise,No changes,sq,2030-31,252,open,yes,,Sunrise.pdf,2026-10-08 11:41:37
Sunrise,No changes,sq,2031-32,254,open,yes,,Sunrise.pdf,2026-10-08 11:41:37
Sunrise,Options A and B,a,2027-28,245,open,yes,,Sunrise.pdf,2026-10-08 11:41:37
Sunrise,Options A and B,b,2027-28,245,open,yes,,Sunrise.pdf,2026-10-08 11:41:37
Sunrise,Options A and B,a,2028-29,249,open,yes,,Sunrise.pdf,2026-10-08 11:41:37
Sunrise,Options A and B,b,2028-29,249,open,yes,,Sunrise.pdf,2026-10-08 11:41:37
Sunrise,Options A and B,a,2029-30,239,open,yes,,Sunrise.pdf,2026-10-08 11:41:37
Sunrise,Options A and B,b,2029-30,239,open,yes,,Sunrise.pdf,2026-10-08 11:41:37
Sunrise,Options A and B,a,2030-31,252,open,yes,,Sunrise.pdf,2026-10-08 11:41:37
Sunrise,Options A and B,b,2030-31,252,open,yes,,Sunrise.pdf,2026-10-08 11:41:37
Sunrise,Options A and B,a,2031-32,254,open,yes,,Sunrise.pdf,2026-10-08 11:41:37
Sunrise,Options A and B,b,2031-32,254,open,yes,,Sunrise.pdf,2026-10-08 11:41:37
Vernon,No changes,sq,2027-28,492,open,yes,,Vernon.pdf,2026-10-08 11:41:38
Vernon,No changes,sq,2028-29,488,open,yes,,Vernon.pdf,2026-10-08 11:41:38
Vernon,No changes,sq,2029-30,477,open,yes,,Vernon.pdf,2026-10-08 11:41:38
Vernon,No changes,sq,2030-31,463,open,yes,,Vernon.pdf,2026-10-08 11:41:38
Vernon,No changes,sq,2031-32,453,open,yes,,Vernon.pdf,2026-10-08 11:41:38
Vernon,Options A and B,a,2027-28,325,open,yes,,Vernon.pdf,2026-10-08 11:41:38
Vernon,Options A and B,b,2027-28,325,open,yes,,Vernon.pdf,2026-10-08 11:41:38
Vernon,Options A and B,a,2028-29,322,open,yes,,Vernon.pdf,2026-10-08 11:41:38
Vernon,Options A and B,b,2028-29,322,open,yes,,Vernon.pdf,2026-10-08 11:41:38
Vernon,Options A and B,a,2029-30,320,open,yes,,Vernon.pdf,2026-10-08 11:41:38
Vernon,Options A and B,b,2029-30,320,open,yes,,Vernon.pdf,2026-10-08 11:41:38
Vernon,Options A and B,a,2030-31,318,open,yes,,Vernon.pdf,2026-10-08 11:41:38
Vernon,Options A and B,b,2030-31,318,open,yes,,Vernon.pdf,2026-10-08 11:41:38
Vernon,Options A and B,a,2031-32,323,open,yes,,Vernon.pdf,2026-10-08 11:41:38
Vernon,Options A and B,b,2031-32,323,open,yes,,Vernon.pdf,2026-10-08 11:41:38
Vestal,No changes,sq,2027-28,294,open,yes,,Vestal.pdf,2026-10-08 11:41:39
Vestal,No changes,sq,2028-29,290,open,yes,,Vestal.pdf,2026-10-08 11:41:39
Vestal,No changes,sq,2029-30,292,open,yes,,Vestal.pdf,2026-10-08 11:41:39
Vestal,No changes,sq,2030-31,287,open,yes,,Vestal.pdf,2026-10-08 11:41:39
Vestal,No changes,sq,2031-32,279,open,yes,,Vestal.pdf,2026-10-08 11:41:39
Vestal,Option A,a,2027-28,507,open,yes,,Vestal.pdf,2026-10-08 11:41:39
Vestal,Option A,a,2028-29,505,open,yes,,Vestal.pdf,2026-10-08 11:41:39
Vestal,Option A,a,2029-30,507,open,yes,,Vestal.pdf,2026-10-08 11:41:39
Vestal,Option A,a,2030-31,507,open,yes,,Vestal.pdf,2026-10-08 11:41:39
Vestal,Option A,a,2031-32,500,open,yes,,Vestal.pdf,2026-10-08 11:41:39
Vestal,Option B,b,2027-28,294,open,yes,,Vestal.pdf,2026-10-08 11:41:39
Vestal,Option B,b,2028-29,290,open,yes,,Vestal.pdf,2026-10-08 11:41:39
Vestal,Option B,b,2029-30,292,open,yes,,Vestal.pdf,2026-10-08 11:41:39
Vestal,Option B,b,2030-31,287,open,yes,,Vestal.pdf,2026-10-08 11:41:39
Vestal,Option B,b,2031-32,279,open,yes,,Vestal.pdf,2026-10-08 11:41:39
West Sylvan,No changes,sq,2027-28,687,open,yes,,West Sylvan.pdf,2026-10-08 11:41:39
West Sylvan,No changes,sq,2028-29,647,open,yes,,West Sylvan.pdf,2026-10-08 11:41:39
West Sylvan,No changes,sq,2029-30,670,open,yes,,West Sylvan.pdf,2026-10-08 11:41:39
West Sylvan,No changes,sq,2030-31,645,open,yes,,West Sylvan.pdf,2026-10-08 11:41:39
West Sylvan,No changes,sq,2031-32,620,open,yes,,West Sylvan.pdf,2026-10-08 11:41:39
West Sylvan,Options A and B,a,2027-28,687,open,yes,,West Sylvan.pdf,2026-10-08 11:41:39
West Sylvan,Options A and B,b,2027-28,687,open,yes,,West Sylvan.pdf,2026-10-08 11:41:39
West Sylvan,Options A and B,a,2028-29,647,open,yes,,West Sylvan.pdf,2026-10-08 11:41:39
West Sylvan,Options A and B,b,2028-29,647,open,yes,,West Sylvan.pdf,2026-10-08 11:41:39
West Sylvan,Options A and B,a,2029-30,670,open,yes,,West Sylvan.pdf,2026-10-08 11:41:39
West Sylvan,Options A and B,b,2029-30,670,open,yes,,West Sylvan.pdf,2026-10-08 11:41:39
West Sylvan,Options A and B,a,2030-31,645,open,yes,,West Sylvan.pdf,2026-10-08 11:41:39
West Sylvan,Options A and B,b,2030-31,645,open,yes,,West Sylvan.pdf,2026-10-08 11:41:39
West Sylvan,Options A and B,a,2031-32,620,open,yes,,West Sylvan.pdf,2026-10-08 11:41:39
West Sylvan,Options A and B,b,2031-32,620,open,yes,,West Sylvan.pdf,2026-10-08 11:41:39
Whitman,No changes,sq,2027-28,205,open,yes,,Whitman.pdf,2026-10-08 11:41:40
Whitman,No changes,sq,2028-29,216,open,yes,,Whitman.pdf,2026-10-08 11:41:40
Whitman,No changes,sq,2029-30,217,open,yes,,Whitman.pdf,2026-10-08 11:41:40
Whitman,No changes,sq,2030-31,222,open,yes,,Whitman.pdf,2026-10-08 11:41:40
Whitman,No changes,sq,2031-32,223,open,yes,,Whitman.pdf,2026-10-08 11:41:40
Whitman,Option A,a,2027-28,437,open,yes,,Whitman.pdf,2026-10-08 11:41:40
Whitman,Option A,a,2028-29,448,open,yes,,Whitman.pdf,2026-10-08 11:41:40
Whitman,Option A,a,2029-30,452,open,yes,,Whitman.pdf,2026-10-08 11:41:40
Whitman,Option A,a,2030-31,453,open,yes,,Whitman.pdf,2026-10-08 11:41:40
Whitman,Option A,a,2031-32,465,open,yes,,Whitman.pdf,2026-10-08 11:41:40
Whitman,Option B,b,2027-28,363,open,yes,,Whitman.pdf,2026-10-08 11:41:40
Whitman,Option B,b,2028-29,368,open,yes,,Whitman.pdf,2026-10-08 11:41:40
Whitman,Option B,b,2029-30,373,open,yes,,Whitman.pdf,2026-10-08 11:41:40
Whitman,Option B,b,2030-31,372,open,yes,,Whitman.pdf,2026-10-08 11:41:40
Whitman,Option B,b,2031-32,382,open,yes,,Whitman.pdf,2026-10-08 11:41:40
Winterhaven,No changes,sq,2027-28,311,open,yes,,Winterhaven.pdf,2026-10-08 11:41:41
Winterhaven,No changes,sq,2028-29,312,open,yes,,Winterhaven.pdf,2026-10-08 11:41:41
Winterhaven,No changes,sq,2029-30,312,open,yes,,Winterhaven.pdf,2026-10-08 11:41:41
Winterhaven,No changes,sq,2030-31,311,open,yes,,Winterhaven.pdf,2026-10-08 11:41:41
Winterhaven,No changes,sq,2031-32,310,open,yes,,Winterhaven.pdf,2026-10-08 11:41:41
Winterhaven,Options A and B,a,2027-28,311,open,yes,,Winterhaven.pdf,2026-10-08 11:41:41
Winterhaven,Options A and B,b,2027-28,311,open,yes,,Winterhaven.pdf,2026-10-08 11:41:41
Winterhaven,Options A and B,a,2028-29,312,open,yes,,Winterhaven.pdf,2026-10-08 11:41:41
Winterhaven,Options A and B,b,2028-29,312,open,yes,,Winterhaven.pdf,2026-10-08 11:41:41
Winterhaven,Options A and B,a,2029-30,312,open,yes,,Winterhaven.pdf,2026-10-08 11:41:41
Winterhaven,Options A and B,b,2029-30,312,open,yes,,Winterhaven.pdf,2026-10-08 11:41:41
Winterhaven,Options A and B,a,2030-31,311,open,yes,,Winterhaven.pdf,2026-10-08 11:41:41
Winterhaven,Options A and B,b,2030-31,311,open,yes,,Winterhaven.pdf,2026-10-08 11:41:41
Winterhaven,Options A and B,a,2031-32,310,open,yes,,Winterhaven.pdf,2026-10-08 11:41:41
Winterhaven,Options A and B,b,2031-32,310,open,yes,,Winterhaven.pdf,2026-10-08 11:41:41
Woodlawn,No changes,sq,2027-28,300,open,yes,,Woodlawn.pdf,2026-10-08 11:41:41
Woodlawn,No changes,sq,2028-29,315,open,yes,,Woodlawn.pdf,2026-10-08 11:41:41
Woodlawn,No changes,sq,2029-30,298,open,yes,,Woodlawn.pdf,2026-10-08 11:41:41
Woodlawn,No changes,sq,2030-31,291,open,yes,,Woodlawn.pdf,2026-10-08 11:41:41
Woodlawn,No changes,sq,2031-32,289,open,yes,,Woodlawn.pdf,2026-10-08 11:41:41
Woodlawn,Options A and B,a,2027-28,300,open,yes,,Woodlawn.pdf,2026-10-08 11:41:41
Woodlawn,Options A and B,b,2027-28,300,open,yes,,Woodlawn.pdf,2026-10-08 11:41:41
Woodlawn,Options A and B,a,2028-29,315,open,yes,,Woodlawn.pdf,2026-10-08 11:41:41
Woodlawn,Options A and B,b,2028-29,315,open,yes,,Woodlawn.pdf,2026-10-08 11:41:41
Woodlawn,Options A and B,a,2029-30,298,open,yes,,Woodlawn.pdf,2026-10-08 11:41:41
Woodlawn,Options A and B,b,2029-30,298,open,yes,,Woodlawn.pdf,2026-10-08 11:41:41
Woodlawn,Options A and B,a,2030-31,291,open,yes,,Woodlawn.pdf,2026-10-08 11:41:41
Woodlawn,Options A and B,b,2030-31,291,open,yes,,Woodlawn.pdf,2026-10-08 11:41:41
Woodlawn,Options A and B,a,2031-32,289,open,yes,,Woodlawn.pdf,2026-10-08 11:41:41
Woodlawn,Options A and B,b,2031-32,289,open,yes,,Woodlawn.pdf,2026-10-08 11:41:41
Woodmere,No changes,sq,2027-28,224,open,yes,,Woodmere.pdf,2026-10-08 11:41:42
Woodmere,No changes,sq,2028-29,222,open,yes,,Woodmere.pdf,2026-10-08 11:41:42
Woodmere,No changes,sq,2029-30,223,open,yes,,Woodmere.pdf,2026-10-08 11:41:42
Woodmere,No changes,sq,2030-31,217,open,yes,,Woodmere.pdf,2026-10-08 11:41:42
Woodmere,No changes,sq,2031-32,225,open,yes,,Woodmere.pdf,2026-10-08 11:41:42
Woodmere,Option A,a,2027-28,,closes,no,,Woodmere.pdf,2026-10-08 11:41:42
Woodmere,Option A,a,2028-29,,closes,no,,Woodmere.pdf,2026-10-08 11:41:42
Woodmere,Option A,a,2029-30,,closes,no,,Woodmere.pdf,2026-10-08 11:41:42
Woodmere,Option A,a,2030-31,,closes,no,,Woodmere.pdf,2026-10-08 11:41:42
Woodmere,Option A,a,2031-32,,closes,no,,Woodmere.pdf,2026-10-08 11:41:42
Woodmere,Option B,b,2027-28,,closes,no,,Woodmere.pdf,2026-10-08 11:41:42
Woodmere,Option B,b,2028-29,,closes,no,,Woodmere.pdf,2026-10-08 11:41:42
Woodmere,Option B,b,2029-30,,closes,no,,Woodmere.pdf,2026-10-08 11:41:42
Woodmere,Option B,b,2030-31,,closes,no,,Woodmere.pdf,2026-10-08 11:41:42
Woodmere,Option B,b,2031-32,,closes,no,,Woodmere.pdf,2026-10-08 11:41:42
Woodstock,No changes,sq,2027-28,342,open,yes,,Woodstock.pdf,2026-10-08 11:41:42
Woodstock,No changes,sq,2028-29,344,open,yes,,Woodstock.pdf,2026-10-08 11:41:42
Woodstock,No changes,sq,2029-30,337,open,yes,,Woodstock.pdf,2026-10-08 11:41:42
Woodstock,No changes,sq,2030-31,336,open,yes,,Woodstock.pdf,2026-10-08 11:41:42
Woodstock,No changes,sq,2031-32,325,open,yes,,Woodstock.pdf,2026-10-08 11:41:42
Woodstock,Options A and B,a,2027-28,426,open,yes,,Woodstock.pdf,2026-10-08 11:41:42
Woodstock,Options A and B,b,2027-28,426,open,yes,,Woodstock.pdf,2026-10-08 11:41:42
Woodstock,Options A and B,a,2028-29,425,open,yes,,Woodstock.pdf,2026-10-08 11:41:42
Woodstock,Options A and B,b,2028-29,425,open,yes,,Woodstock.pdf,2026-10-08 11:41:42
Woodstock,Options A and B,a,2029-30,419,open,yes,,Woodstock.pdf,2026-10-08 11:41:42
Woodstock,Options A and B,b,2029-30,419,open,yes,,Woodstock.pdf,2026-10-08 11:41:42
Woodstock,Options A and B,a,2030-31,419,open,yes,,Woodstock.pdf,2026-10-08 11:41:42
Woodstock,Options A and B,b,2030-31,419,open,yes,,Woodstock.pdf,2026-10-08 11:41:42
Woodstock,Options A and B,a,2031-32,406,open,yes,,Woodstock.pdf,2026-10-08 11:41:42
Woodstock,Options A and B,b,2031-32,406,open,yes,,Woodstock.pdf,2026-10-08 11:41:42
da Vinci,No changes,sq,2027-28,430,open,yes,,da Vinci.pdf,2026-10-08 11:41:05
da Vinci,No changes,sq,2028-29,430,open,yes,,da Vinci.pdf,2026-10-08 11:41:05
da Vinci,No changes,sq,2029-30,428,open,yes,,da Vinci.pdf,2026-10-08 11:41:05
da Vinci,No changes,sq,2030-31,424,open,yes,,da Vinci.pdf,2026-10-08 11:41:05
da Vinci,No changes,sq,2031-32,419,open,yes,,da Vinci.pdf,2026-10-08 11:41:05
da Vinci,Options A and B,a,2027-28,430,open,yes,,da Vinci.pdf,2026-10-08 11:41:05
da Vinci,Options A and B,b,2027-28,430,open,yes,,da Vinci.pdf,2026-10-08 11:41:05
da Vinci,Options A and B,a,2028-29,430,open,yes,,da Vinci.pdf,2026-10-08 11:41:05
da Vinci,Options A and B,b,2028-29,430,open,yes,,da Vinci.pdf,2026-10-08 11:41:05
da Vinci,Options A and B,a,2029-30,428,open,yes,,da Vinci.pdf,2026-10-08 11:41:05
da Vinci,Options A and B,b,2029-30,428,open,yes,,da Vinci.pdf,2026-10-08 11:41:05
da Vinci,Options A and B,a,2030-31,424,open,yes,,da Vinci.pdf,2026-10-08 11:41:05
da Vinci,Options A and B,b,2030-31,424,open,yes,,da Vinci.pdf,2026-10-08 11:41:05
da Vinci,Options A and B,a,2031-32,419,open,yes,,da Vinci.pdf,2026-10-08 11:41:05
da Vinci,Options A and B,b,2031-32,419,open,yes,,da Vinci.pdf,2026-10-08 11:41:05
