forecast_vintage,table,school,school_type,program,grade,year,enrollment,type,scenario
2025-26,district_by_grade,District,,,K,2020-21,3243,actual,middle
2025-26,district_by_grade,District,,,K,2021-22,3187,actual,middle
2025-26,district_by_grade,District,,,K,2022-23,3132,actual,middle
2025-26,district_by_grade,District,,,K,2023-24,2995,actual,middle
2025-26,district_by_grade,District,,,K,2024-25,2837,actual,middle
2025-26,district_by_grade,District,,,K,2025-26,2782,forecast,middle
2025-26,district_by_grade,District,,,K,2026-27,2698,forecast,middle
2025-26,district_by_grade,District,,,K,2027-28,2654,forecast,middle
2025-26,district_by_grade,District,,,K,2028-29,2796,forecast,middle
2025-26,district_by_grade,District,,,K,2029-30,2962,forecast,middle
2025-26,district_by_grade,District,,,K,2030-31,2850,forecast,middle
2025-26,district_by_grade,District,,,K,2031-32,2826,forecast,middle
2025-26,district_by_grade,District,,,K,2032-33,2797,forecast,middle
2025-26,district_by_grade,District,,,K,2033-34,2760,forecast,middle
2025-26,district_by_grade,District,,,K,2034-35,2738,forecast,middle
2025-26,district_by_grade,District,,,K,2035-36,2734,forecast,middle
2025-26,district_by_grade,District,,,K,2036-37,2714,forecast,middle
2025-26,district_by_grade,District,,,K,2037-38,2690,forecast,middle
2025-26,district_by_grade,District,,,K,2038-39,2663,forecast,middle
2025-26,district_by_grade,District,,,K,2039-40,2642,forecast,middle
2025-26,district_by_grade,District,,,1,2020-21,3691,actual,middle
2025-26,district_by_grade,District,,,1,2021-22,3276,actual,middle
2025-26,district_by_grade,District,,,1,2022-23,3363,actual,middle
2025-26,district_by_grade,District,,,1,2023-24,3213,actual,middle
2025-26,district_by_grade,District,,,1,2024-25,3070,actual,middle
2025-26,district_by_grade,District,,,1,2025-26,2936,forecast,middle
2025-26,district_by_grade,District,,,1,2026-27,2860,forecast,middle
2025-26,district_by_grade,District,,,1,2027-28,2789,forecast,middle
2025-26,district_by_grade,District,,,1,2028-29,2744,forecast,middle
2025-26,district_by_grade,District,,,1,2029-30,2890,forecast,middle
2025-26,district_by_grade,District,,,1,2030-31,3060,forecast,middle
2025-26,district_by_grade,District,,,1,2031-32,2945,forecast,middle
2025-26,district_by_grade,District,,,1,2032-33,2920,forecast,middle
2025-26,district_by_grade,District,,,1,2033-34,2891,forecast,middle
2025-26,district_by_grade,District,,,1,2034-35,2853,forecast,middle
2025-26,district_by_grade,District,,,1,2035-36,2830,forecast,middle
2025-26,district_by_grade,District,,,1,2036-37,2826,forecast,middle
2025-26,district_by_grade,District,,,1,2037-38,2805,forecast,middle
2025-26,district_by_grade,District,,,1,2038-39,2781,forecast,middle
2025-26,district_by_grade,District,,,1,2039-40,2753,forecast,middle
2025-26,district_by_grade,District,,,2,2020-21,3737,actual,middle
2025-26,district_by_grade,District,,,2,2021-22,3469,actual,middle
2025-26,district_by_grade,District,,,2,2022-23,3311,actual,middle
2025-26,district_by_grade,District,,,2,2023-24,3360,actual,middle
2025-26,district_by_grade,District,,,2,2024-25,3207,actual,middle
2025-26,district_by_grade,District,,,2,2025-26,3067,forecast,middle
2025-26,district_by_grade,District,,,2,2026-27,2936,forecast,middle
2025-26,district_by_grade,District,,,2,2027-28,2866,forecast,middle
2025-26,district_by_grade,District,,,2,2028-29,2795,forecast,middle
2025-26,district_by_grade,District,,,2,2029-30,2750,forecast,middle
2025-26,district_by_grade,District,,,2,2030-31,2896,forecast,middle
2025-26,district_by_grade,District,,,2,2031-32,3065,forecast,middle
2025-26,district_by_grade,District,,,2,2032-33,2951,forecast,middle
2025-26,district_by_grade,District,,,2,2033-34,2926,forecast,middle
2025-26,district_by_grade,District,,,2,2034-35,2897,forecast,middle
2025-26,district_by_grade,District,,,2,2035-36,2859,forecast,middle
2025-26,district_by_grade,District,,,2,2036-37,2836,forecast,middle
2025-26,district_by_grade,District,,,2,2037-38,2832,forecast,middle
2025-26,district_by_grade,District,,,2,2038-39,2811,forecast,middle
2025-26,district_by_grade,District,,,2,2039-40,2787,forecast,middle
2025-26,district_by_grade,District,,,3,2020-21,3644,actual,middle
2025-26,district_by_grade,District,,,3,2021-22,3474,actual,middle
2025-26,district_by_grade,District,,,3,2022-23,3493,actual,middle
2025-26,district_by_grade,District,,,3,2023-24,3320,actual,middle
2025-26,district_by_grade,District,,,3,2024-25,3365,actual,middle
2025-26,district_by_grade,District,,,3,2025-26,3210,forecast,middle
2025-26,district_by_grade,District,,,3,2026-27,3084,forecast,middle
2025-26,district_by_grade,District,,,3,2027-28,2946,forecast,middle
2025-26,district_by_grade,District,,,3,2028-29,2876,forecast,middle
2025-26,district_by_grade,District,,,3,2029-30,2804,forecast,middle
2025-26,district_by_grade,District,,,3,2030-31,2759,forecast,middle
2025-26,district_by_grade,District,,,3,2031-32,2906,forecast,middle
2025-26,district_by_grade,District,,,3,2032-33,3075,forecast,middle
2025-26,district_by_grade,District,,,3,2033-34,2961,forecast,middle
2025-26,district_by_grade,District,,,3,2034-35,2936,forecast,middle
2025-26,district_by_grade,District,,,3,2035-36,2907,forecast,middle
2025-26,district_by_grade,District,,,3,2036-37,2869,forecast,middle
2025-26,district_by_grade,District,,,3,2037-38,2846,forecast,middle
2025-26,district_by_grade,District,,,3,2038-39,2842,forecast,middle
2025-26,district_by_grade,District,,,3,2039-40,2820,forecast,middle
2025-26,district_by_grade,District,,,4,2020-21,3745,actual,middle
2025-26,district_by_grade,District,,,4,2021-22,3381,actual,middle
2025-26,district_by_grade,District,,,4,2022-23,3470,actual,middle
2025-26,district_by_grade,District,,,4,2023-24,3464,actual,middle
2025-26,district_by_grade,District,,,4,2024-25,3296,actual,middle
2025-26,district_by_grade,District,,,4,2025-26,3358,forecast,middle
2025-26,district_by_grade,District,,,4,2026-27,3202,forecast,middle
2025-26,district_by_grade,District,,,4,2027-28,3067,forecast,middle
2025-26,district_by_grade,District,,,4,2028-29,2930,forecast,middle
2025-26,district_by_grade,District,,,4,2029-30,2862,forecast,middle
2025-26,district_by_grade,District,,,4,2030-31,2791,forecast,middle
2025-26,district_by_grade,District,,,4,2031-32,2746,forecast,middle
2025-26,district_by_grade,District,,,4,2032-33,2892,forecast,middle
2025-26,district_by_grade,District,,,4,2033-34,3059,forecast,middle
2025-26,district_by_grade,District,,,4,2034-35,2946,forecast,middle
2025-26,district_by_grade,District,,,4,2035-36,2921,forecast,middle
2025-26,district_by_grade,District,,,4,2036-37,2893,forecast,middle
2025-26,district_by_grade,District,,,4,2037-38,2855,forecast,middle
2025-26,district_by_grade,District,,,4,2038-39,2832,forecast,middle
2025-26,district_by_grade,District,,,4,2039-40,2828,forecast,middle
2025-26,district_by_grade,District,,,5,2020-21,3763,actual,middle
2025-26,district_by_grade,District,,,5,2021-22,3487,actual,middle
2025-26,district_by_grade,District,,,5,2022-23,3344,actual,middle
2025-26,district_by_grade,District,,,5,2023-24,3461,actual,middle
2025-26,district_by_grade,District,,,5,2024-25,3410,actual,middle
2025-26,district_by_grade,District,,,5,2025-26,3275,forecast,middle
2025-26,district_by_grade,District,,,5,2026-27,3310,forecast,middle
2025-26,district_by_grade,District,,,5,2027-28,3167,forecast,middle
2025-26,district_by_grade,District,,,5,2028-29,3034,forecast,middle
2025-26,district_by_grade,District,,,5,2029-30,2898,forecast,middle
2025-26,district_by_grade,District,,,5,2030-31,2831,forecast,middle
2025-26,district_by_grade,District,,,5,2031-32,2761,forecast,middle
2025-26,district_by_grade,District,,,5,2032-33,2717,forecast,middle
2025-26,district_by_grade,District,,,5,2033-34,2861,forecast,middle
2025-26,district_by_grade,District,,,5,2034-35,3026,forecast,middle
2025-26,district_by_grade,District,,,5,2035-36,2914,forecast,middle
2025-26,district_by_grade,District,,,5,2036-37,2890,forecast,middle
2025-26,district_by_grade,District,,,5,2037-38,2862,forecast,middle
2025-26,district_by_grade,District,,,5,2038-39,2824,forecast,middle
2025-26,district_by_grade,District,,,5,2039-40,2802,forecast,middle
2025-26,district_by_grade,District,,,6,2020-21,3613,actual,middle
2025-26,district_by_grade,District,,,6,2021-22,3371,actual,middle
2025-26,district_by_grade,District,,,6,2022-23,3385,actual,middle
2025-26,district_by_grade,District,,,6,2023-24,3205,actual,middle
2025-26,district_by_grade,District,,,6,2024-25,3270,actual,middle
2025-26,district_by_grade,District,,,6,2025-26,3249,forecast,middle
2025-26,district_by_grade,District,,,6,2026-27,3106,forecast,middle
2025-26,district_by_grade,District,,,6,2027-28,3149,forecast,middle
2025-26,district_by_grade,District,,,6,2028-29,3009,forecast,middle
2025-26,district_by_grade,District,,,6,2029-30,2890,forecast,middle
2025-26,district_by_grade,District,,,6,2030-31,2757,forecast,middle
2025-26,district_by_grade,District,,,6,2031-32,2689,forecast,middle
2025-26,district_by_grade,District,,,6,2032-33,2623,forecast,middle
2025-26,district_by_grade,District,,,6,2033-34,2580,forecast,middle
2025-26,district_by_grade,District,,,6,2034-35,2719,forecast,middle
2025-26,district_by_grade,District,,,6,2035-36,2878,forecast,middle
2025-26,district_by_grade,District,,,6,2036-37,2770,forecast,middle
2025-26,district_by_grade,District,,,6,2037-38,2747,forecast,middle
2025-26,district_by_grade,District,,,6,2038-39,2720,forecast,middle
2025-26,district_by_grade,District,,,6,2039-40,2684,forecast,middle
2025-26,district_by_grade,District,,,7,2020-21,3661,actual,middle
2025-26,district_by_grade,District,,,7,2021-22,3400,actual,middle
2025-26,district_by_grade,District,,,7,2022-23,3340,actual,middle
2025-26,district_by_grade,District,,,7,2023-24,3334,actual,middle
2025-26,district_by_grade,District,,,7,2024-25,3200,actual,middle
2025-26,district_by_grade,District,,,7,2025-26,3247,forecast,middle
2025-26,district_by_grade,District,,,7,2026-27,3233,forecast,middle
2025-26,district_by_grade,District,,,7,2027-28,3086,forecast,middle
2025-26,district_by_grade,District,,,7,2028-29,3129,forecast,middle
2025-26,district_by_grade,District,,,7,2029-30,2991,forecast,middle
2025-26,district_by_grade,District,,,7,2030-31,2872,forecast,middle
2025-26,district_by_grade,District,,,7,2031-32,2740,forecast,middle
2025-26,district_by_grade,District,,,7,2032-33,2673,forecast,middle
2025-26,district_by_grade,District,,,7,2033-34,2608,forecast,middle
2025-26,district_by_grade,District,,,7,2034-35,2565,forecast,middle
2025-26,district_by_grade,District,,,7,2035-36,2703,forecast,middle
2025-26,district_by_grade,District,,,7,2036-37,2861,forecast,middle
2025-26,district_by_grade,District,,,7,2037-38,2754,forecast,middle
2025-26,district_by_grade,District,,,7,2038-39,2731,forecast,middle
2025-26,district_by_grade,District,,,7,2039-40,2704,forecast,middle
2025-26,district_by_grade,District,,,8,2020-21,3735,actual,middle
2025-26,district_by_grade,District,,,8,2021-22,3539,actual,middle
2025-26,district_by_grade,District,,,8,2022-23,3442,actual,middle
2025-26,district_by_grade,District,,,8,2023-24,3285,actual,middle
2025-26,district_by_grade,District,,,8,2024-25,3336,actual,middle
2025-26,district_by_grade,District,,,8,2025-26,3198,forecast,middle
2025-26,district_by_grade,District,,,8,2026-27,3246,forecast,middle
2025-26,district_by_grade,District,,,8,2027-28,3231,forecast,middle
2025-26,district_by_grade,District,,,8,2028-29,3084,forecast,middle
2025-26,district_by_grade,District,,,8,2029-30,3127,forecast,middle
2025-26,district_by_grade,District,,,8,2030-31,2989,forecast,middle
2025-26,district_by_grade,District,,,8,2031-32,2870,forecast,middle
2025-26,district_by_grade,District,,,8,2032-33,2738,forecast,middle
2025-26,district_by_grade,District,,,8,2033-34,2671,forecast,middle
2025-26,district_by_grade,District,,,8,2034-35,2606,forecast,middle
2025-26,district_by_grade,District,,,8,2035-36,2563,forecast,middle
2025-26,district_by_grade,District,,,8,2036-37,2701,forecast,middle
2025-26,district_by_grade,District,,,8,2037-38,2859,forecast,middle
2025-26,district_by_grade,District,,,8,2038-39,2752,forecast,middle
2025-26,district_by_grade,District,,,8,2039-40,2729,forecast,middle
2025-26,district_by_grade,District,,,9,2020-21,3439,actual,middle
2025-26,district_by_grade,District,,,9,2021-22,3642,actual,middle
2025-26,district_by_grade,District,,,9,2022-23,3585,actual,middle
2025-26,district_by_grade,District,,,9,2023-24,3439,actual,middle
2025-26,district_by_grade,District,,,9,2024-25,3394,actual,middle
2025-26,district_by_grade,District,,,9,2025-26,3401,forecast,middle
2025-26,district_by_grade,District,,,9,2026-27,3259,forecast,middle
2025-26,district_by_grade,District,,,9,2027-28,3308,forecast,middle
2025-26,district_by_grade,District,,,9,2028-29,3292,forecast,middle
2025-26,district_by_grade,District,,,9,2029-30,3141,forecast,middle
2025-26,district_by_grade,District,,,9,2030-31,3182,forecast,middle
2025-26,district_by_grade,District,,,9,2031-32,3040,forecast,middle
2025-26,district_by_grade,District,,,9,2032-33,2922,forecast,middle
2025-26,district_by_grade,District,,,9,2033-34,2786,forecast,middle
2025-26,district_by_grade,District,,,9,2034-35,2716,forecast,middle
2025-26,district_by_grade,District,,,9,2035-36,2651,forecast,middle
2025-26,district_by_grade,District,,,9,2036-37,2607,forecast,middle
2025-26,district_by_grade,District,,,9,2037-38,2748,forecast,middle
2025-26,district_by_grade,District,,,9,2038-39,2909,forecast,middle
2025-26,district_by_grade,District,,,9,2039-40,2800,forecast,middle
2025-26,district_by_grade,District,,,10,2020-21,3470,actual,middle
2025-26,district_by_grade,District,,,10,2021-22,3462,actual,middle
2025-26,district_by_grade,District,,,10,2022-23,3609,actual,middle
2025-26,district_by_grade,District,,,10,2023-24,3593,actual,middle
2025-26,district_by_grade,District,,,10,2024-25,3434,actual,middle
2025-26,district_by_grade,District,,,10,2025-26,3388,forecast,middle
2025-26,district_by_grade,District,,,10,2026-27,3394,forecast,middle
2025-26,district_by_grade,District,,,10,2027-28,3256,forecast,middle
2025-26,district_by_grade,District,,,10,2028-29,3305,forecast,middle
2025-26,district_by_grade,District,,,10,2029-30,3290,forecast,middle
2025-26,district_by_grade,District,,,10,2030-31,3142,forecast,middle
2025-26,district_by_grade,District,,,10,2031-32,3187,forecast,middle
2025-26,district_by_grade,District,,,10,2032-33,3048,forecast,middle
2025-26,district_by_grade,District,,,10,2033-34,2925,forecast,middle
2025-26,district_by_grade,District,,,10,2034-35,2791,forecast,middle
2025-26,district_by_grade,District,,,10,2035-36,2723,forecast,middle
2025-26,district_by_grade,District,,,10,2036-37,2658,forecast,middle
2025-26,district_by_grade,District,,,10,2037-38,2614,forecast,middle
2025-26,district_by_grade,District,,,10,2038-39,2755,forecast,middle
2025-26,district_by_grade,District,,,10,2039-40,2914,forecast,middle
2025-26,district_by_grade,District,,,11,2020-21,3438,actual,middle
2025-26,district_by_grade,District,,,11,2021-22,3358,actual,middle
2025-26,district_by_grade,District,,,11,2022-23,3372,actual,middle
2025-26,district_by_grade,District,,,11,2023-24,3558,actual,middle
2025-26,district_by_grade,District,,,11,2024-25,3546,actual,middle
2025-26,district_by_grade,District,,,11,2025-26,3376,forecast,middle
2025-26,district_by_grade,District,,,11,2026-27,3331,forecast,middle
2025-26,district_by_grade,District,,,11,2027-28,3337,forecast,middle
2025-26,district_by_grade,District,,,11,2028-29,3203,forecast,middle
2025-26,district_by_grade,District,,,11,2029-30,3252,forecast,middle
2025-26,district_by_grade,District,,,11,2030-31,3237,forecast,middle
2025-26,district_by_grade,District,,,11,2031-32,3093,forecast,middle
2025-26,district_by_grade,District,,,11,2032-33,3138,forecast,middle
2025-26,district_by_grade,District,,,11,2033-34,3003,forecast,middle
2025-26,district_by_grade,District,,,11,2034-35,2880,forecast,middle
2025-26,district_by_grade,District,,,11,2035-36,2749,forecast,middle
2025-26,district_by_grade,District,,,11,2036-37,2684,forecast,middle
2025-26,district_by_grade,District,,,11,2037-38,2620,forecast,middle
2025-26,district_by_grade,District,,,11,2038-39,2577,forecast,middle
2025-26,district_by_grade,District,,,11,2039-40,2715,forecast,middle
2025-26,district_by_grade,District,,,12,2020-21,3728,actual,middle
2025-26,district_by_grade,District,,,12,2021-22,3815,actual,middle
2025-26,district_by_grade,District,,,12,2022-23,3763,actual,middle
2025-26,district_by_grade,District,,,12,2023-24,3778,actual,middle
2025-26,district_by_grade,District,,,12,2024-25,4010,actual,middle
2025-26,district_by_grade,District,,,12,2025-26,3984,forecast,middle
2025-26,district_by_grade,District,,,12,2026-27,3791,forecast,middle
2025-26,district_by_grade,District,,,12,2027-28,3741,forecast,middle
2025-26,district_by_grade,District,,,12,2028-29,3748,forecast,middle
2025-26,district_by_grade,District,,,12,2029-30,3600,forecast,middle
2025-26,district_by_grade,District,,,12,2030-31,3656,forecast,middle
2025-26,district_by_grade,District,,,12,2031-32,3639,forecast,middle
2025-26,district_by_grade,District,,,12,2032-33,3480,forecast,middle
2025-26,district_by_grade,District,,,12,2033-34,3533,forecast,middle
2025-26,district_by_grade,District,,,12,2034-35,3384,forecast,middle
2025-26,district_by_grade,District,,,12,2035-36,3242,forecast,middle
2025-26,district_by_grade,District,,,12,2036-37,3096,forecast,middle
2025-26,district_by_grade,District,,,12,2037-38,3024,forecast,middle
2025-26,district_by_grade,District,,,12,2038-39,2953,forecast,middle
2025-26,district_by_grade,District,,,12,2039-40,2905,forecast,middle
2025-26,district_by_grade,District,,,Total,2020-21,46907,actual,middle
2025-26,district_by_grade,District,,,Total,2021-22,44861,actual,middle
2025-26,district_by_grade,District,,,Total,2022-23,44609,actual,middle
2025-26,district_by_grade,District,,,Total,2023-24,44005,actual,middle
2025-26,district_by_grade,District,,,Total,2024-25,43375,actual,middle
2025-26,district_by_grade,District,,,Total,2025-26,42471,forecast,middle
2025-26,district_by_grade,District,,,Total,2026-27,41450,forecast,middle
2025-26,district_by_grade,District,,,Total,2027-28,40597,forecast,middle
2025-26,district_by_grade,District,,,Total,2028-29,39945,forecast,middle
2025-26,district_by_grade,District,,,Total,2029-30,39457,forecast,middle
2025-26,district_by_grade,District,,,Total,2030-31,39022,forecast,middle
2025-26,district_by_grade,District,,,Total,2031-32,38507,forecast,middle
2025-26,district_by_grade,District,,,Total,2032-33,37974,forecast,middle
2025-26,district_by_grade,District,,,Total,2033-34,37564,forecast,middle
2025-26,district_by_grade,District,,,Total,2034-35,37057,forecast,middle
2025-26,district_by_grade,District,,,Total,2035-36,36674,forecast,middle
2025-26,district_by_grade,District,,,Total,2036-37,36405,forecast,middle
2025-26,district_by_grade,District,,,Total,2037-38,36256,forecast,middle
2025-26,district_by_grade,District,,,Total,2038-39,36150,forecast,middle
2025-26,district_by_grade,District,,,Total,2039-40,36083,forecast,middle
2025-26,district_by_grade,District,,,K-2,2020-21,10671,actual,middle
2025-26,district_by_grade,District,,,K-2,2021-22,9932,actual,middle
2025-26,district_by_grade,District,,,K-2,2022-23,9806,actual,middle
2025-26,district_by_grade,District,,,K-2,2023-24,9568,actual,middle
2025-26,district_by_grade,District,,,K-2,2024-25,9114,actual,middle
2025-26,district_by_grade,District,,,K-2,2025-26,8785,forecast,middle
2025-26,district_by_grade,District,,,K-2,2026-27,8494,forecast,middle
2025-26,district_by_grade,District,,,K-2,2027-28,8309,forecast,middle
2025-26,district_by_grade,District,,,K-2,2028-29,8335,forecast,middle
2025-26,district_by_grade,District,,,K-2,2029-30,8602,forecast,middle
2025-26,district_by_grade,District,,,K-2,2030-31,8806,forecast,middle
2025-26,district_by_grade,District,,,K-2,2031-32,8836,forecast,middle
2025-26,district_by_grade,District,,,K-2,2032-33,8668,forecast,middle
2025-26,district_by_grade,District,,,K-2,2033-34,8577,forecast,middle
2025-26,district_by_grade,District,,,K-2,2034-35,8488,forecast,middle
2025-26,district_by_grade,District,,,K-2,2035-36,8423,forecast,middle
2025-26,district_by_grade,District,,,K-2,2036-37,8376,forecast,middle
2025-26,district_by_grade,District,,,K-2,2037-38,8327,forecast,middle
2025-26,district_by_grade,District,,,K-2,2038-39,8255,forecast,middle
2025-26,district_by_grade,District,,,K-2,2039-40,8182,forecast,middle
2025-26,district_by_grade,District,,,3-5,2020-21,11152,actual,middle
2025-26,district_by_grade,District,,,3-5,2021-22,10342,actual,middle
2025-26,district_by_grade,District,,,3-5,2022-23,10307,actual,middle
2025-26,district_by_grade,District,,,3-5,2023-24,10245,actual,middle
2025-26,district_by_grade,District,,,3-5,2024-25,10071,actual,middle
2025-26,district_by_grade,District,,,3-5,2025-26,9843,forecast,middle
2025-26,district_by_grade,District,,,3-5,2026-27,9596,forecast,middle
2025-26,district_by_grade,District,,,3-5,2027-28,9180,forecast,middle
2025-26,district_by_grade,District,,,3-5,2028-29,8840,forecast,middle
2025-26,district_by_grade,District,,,3-5,2029-30,8564,forecast,middle
2025-26,district_by_grade,District,,,3-5,2030-31,8381,forecast,middle
2025-26,district_by_grade,District,,,3-5,2031-32,8413,forecast,middle
2025-26,district_by_grade,District,,,3-5,2032-33,8684,forecast,middle
2025-26,district_by_grade,District,,,3-5,2033-34,8881,forecast,middle
2025-26,district_by_grade,District,,,3-5,2034-35,8908,forecast,middle
2025-26,district_by_grade,District,,,3-5,2035-36,8742,forecast,middle
2025-26,district_by_grade,District,,,3-5,2036-37,8652,forecast,middle
2025-26,district_by_grade,District,,,3-5,2037-38,8563,forecast,middle
2025-26,district_by_grade,District,,,3-5,2038-39,8498,forecast,middle
2025-26,district_by_grade,District,,,3-5,2039-40,8450,forecast,middle
2025-26,district_by_grade,District,,,6-8,2020-21,11009,actual,middle
2025-26,district_by_grade,District,,,6-8,2021-22,10310,actual,middle
2025-26,district_by_grade,District,,,6-8,2022-23,10167,actual,middle
2025-26,district_by_grade,District,,,6-8,2023-24,9824,actual,middle
2025-26,district_by_grade,District,,,6-8,2024-25,9806,actual,middle
2025-26,district_by_grade,District,,,6-8,2025-26,9694,forecast,middle
2025-26,district_by_grade,District,,,6-8,2026-27,9585,forecast,middle
2025-26,district_by_grade,District,,,6-8,2027-28,9466,forecast,middle
2025-26,district_by_grade,District,,,6-8,2028-29,9222,forecast,middle
2025-26,district_by_grade,District,,,6-8,2029-30,9008,forecast,middle
2025-26,district_by_grade,District,,,6-8,2030-31,8618,forecast,middle
2025-26,district_by_grade,District,,,6-8,2031-32,8299,forecast,middle
2025-26,district_by_grade,District,,,6-8,2032-33,8034,forecast,middle
2025-26,district_by_grade,District,,,6-8,2033-34,7859,forecast,middle
2025-26,district_by_grade,District,,,6-8,2034-35,7890,forecast,middle
2025-26,district_by_grade,District,,,6-8,2035-36,8144,forecast,middle
2025-26,district_by_grade,District,,,6-8,2036-37,8332,forecast,middle
2025-26,district_by_grade,District,,,6-8,2037-38,8360,forecast,middle
2025-26,district_by_grade,District,,,6-8,2038-39,8203,forecast,middle
2025-26,district_by_grade,District,,,6-8,2039-40,8117,forecast,middle
2025-26,district_by_grade,District,,,9-12,2020-21,14075,actual,middle
2025-26,district_by_grade,District,,,9-12,2021-22,14277,actual,middle
2025-26,district_by_grade,District,,,9-12,2022-23,14329,actual,middle
2025-26,district_by_grade,District,,,9-12,2023-24,14368,actual,middle
2025-26,district_by_grade,District,,,9-12,2024-25,14384,actual,middle
2025-26,district_by_grade,District,,,9-12,2025-26,14149,forecast,middle
2025-26,district_by_grade,District,,,9-12,2026-27,13775,forecast,middle
2025-26,district_by_grade,District,,,9-12,2027-28,13642,forecast,middle
2025-26,district_by_grade,District,,,9-12,2028-29,13548,forecast,middle
2025-26,district_by_grade,District,,,9-12,2029-30,13283,forecast,middle
2025-26,district_by_grade,District,,,9-12,2030-31,13217,forecast,middle
2025-26,district_by_grade,District,,,9-12,2031-32,12959,forecast,middle
2025-26,district_by_grade,District,,,9-12,2032-33,12588,forecast,middle
2025-26,district_by_grade,District,,,9-12,2033-34,12247,forecast,middle
2025-26,district_by_grade,District,,,9-12,2034-35,11771,forecast,middle
2025-26,district_by_grade,District,,,9-12,2035-36,11365,forecast,middle
2025-26,district_by_grade,District,,,9-12,2036-37,11045,forecast,middle
2025-26,district_by_grade,District,,,9-12,2037-38,11006,forecast,middle
2025-26,district_by_grade,District,,,9-12,2038-39,11194,forecast,middle
2025-26,district_by_grade,District,,,9-12,2039-40,11334,forecast,middle
2025-26,district_by_grade,District,,,K,2020-21,3243,actual,low
2025-26,district_by_grade,District,,,K,2021-22,3187,actual,low
2025-26,district_by_grade,District,,,K,2022-23,3132,actual,low
2025-26,district_by_grade,District,,,K,2023-24,2995,actual,low
2025-26,district_by_grade,District,,,K,2024-25,2837,actual,low
2025-26,district_by_grade,District,,,K,2025-26,2666,forecast,low
2025-26,district_by_grade,District,,,K,2026-27,2520,forecast,low
2025-26,district_by_grade,District,,,K,2027-28,2383,forecast,low
2025-26,district_by_grade,District,,,K,2028-29,2392,forecast,low
2025-26,district_by_grade,District,,,K,2029-30,2459,forecast,low
2025-26,district_by_grade,District,,,K,2030-31,2398,forecast,low
2025-26,district_by_grade,District,,,K,2031-32,2455,forecast,low
2025-26,district_by_grade,District,,,K,2032-33,2527,forecast,low
2025-26,district_by_grade,District,,,K,2033-34,2552,forecast,low
2025-26,district_by_grade,District,,,K,2034-35,2507,forecast,low
2025-26,district_by_grade,District,,,K,2035-36,2448,forecast,low
2025-26,district_by_grade,District,,,K,2036-37,2385,forecast,low
2025-26,district_by_grade,District,,,K,2037-38,2354,forecast,low
2025-26,district_by_grade,District,,,K,2038-39,2327,forecast,low
2025-26,district_by_grade,District,,,K,2039-40,2309,forecast,low
2025-26,district_by_grade,District,,,1,2020-21,3691,actual,low
2025-26,district_by_grade,District,,,1,2021-22,3276,actual,low
2025-26,district_by_grade,District,,,1,2022-23,3363,actual,low
2025-26,district_by_grade,District,,,1,2023-24,3213,actual,low
2025-26,district_by_grade,District,,,1,2024-25,3070,actual,low
2025-26,district_by_grade,District,,,1,2025-26,2902,forecast,low
2025-26,district_by_grade,District,,,1,2026-27,2729,forecast,low
2025-26,district_by_grade,District,,,1,2027-28,2581,forecast,low
2025-26,district_by_grade,District,,,1,2028-29,2442,forecast,low
2025-26,district_by_grade,District,,,1,2029-30,2451,forecast,low
2025-26,district_by_grade,District,,,1,2030-31,2519,forecast,low
2025-26,district_by_grade,District,,,1,2031-32,2457,forecast,low
2025-26,district_by_grade,District,,,1,2032-33,2515,forecast,low
2025-26,district_by_grade,District,,,1,2033-34,2588,forecast,low
2025-26,district_by_grade,District,,,1,2034-35,2614,forecast,low
2025-26,district_by_grade,District,,,1,2035-36,2568,forecast,low
2025-26,district_by_grade,District,,,1,2036-37,2508,forecast,low
2025-26,district_by_grade,District,,,1,2037-38,2444,forecast,low
2025-26,district_by_grade,District,,,1,2038-39,2412,forecast,low
2025-26,district_by_grade,District,,,1,2039-40,2385,forecast,low
2025-26,district_by_grade,District,,,2,2020-21,3737,actual,low
2025-26,district_by_grade,District,,,2,2021-22,3469,actual,low
2025-26,district_by_grade,District,,,2,2022-23,3311,actual,low
2025-26,district_by_grade,District,,,2,2023-24,3360,actual,low
2025-26,district_by_grade,District,,,2,2024-25,3207,actual,low
2025-26,district_by_grade,District,,,2,2025-26,3059,forecast,low
2025-26,district_by_grade,District,,,2,2026-27,2892,forecast,low
2025-26,district_by_grade,District,,,2,2027-28,2721,forecast,low
2025-26,district_by_grade,District,,,2,2028-29,2575,forecast,low
2025-26,district_by_grade,District,,,2,2029-30,2437,forecast,low
2025-26,district_by_grade,District,,,2,2030-31,2445,forecast,low
2025-26,district_by_grade,District,,,2,2031-32,2513,forecast,low
2025-26,district_by_grade,District,,,2,2032-33,2451,forecast,low
2025-26,district_by_grade,District,,,2,2033-34,2509,forecast,low
2025-26,district_by_grade,District,,,2,2034-35,2581,forecast,low
2025-26,district_by_grade,District,,,2,2035-36,2607,forecast,low
2025-26,district_by_grade,District,,,2,2036-37,2562,forecast,low
2025-26,district_by_grade,District,,,2,2037-38,2502,forecast,low
2025-26,district_by_grade,District,,,2,2038-39,2438,forecast,low
2025-26,district_by_grade,District,,,2,2039-40,2407,forecast,low
2025-26,district_by_grade,District,,,3,2020-21,3644,actual,low
2025-26,district_by_grade,District,,,3,2021-22,3474,actual,low
2025-26,district_by_grade,District,,,3,2022-23,3493,actual,low
2025-26,district_by_grade,District,,,3,2023-24,3320,actual,low
2025-26,district_by_grade,District,,,3,2024-25,3365,actual,low
2025-26,district_by_grade,District,,,3,2025-26,3209,forecast,low
2025-26,district_by_grade,District,,,3,2026-27,3061,forecast,low
2025-26,district_by_grade,District,,,3,2027-28,2894,forecast,low
2025-26,district_by_grade,District,,,3,2028-29,2723,forecast,low
2025-26,district_by_grade,District,,,3,2029-30,2577,forecast,low
2025-26,district_by_grade,District,,,3,2030-31,2439,forecast,low
2025-26,district_by_grade,District,,,3,2031-32,2447,forecast,low
2025-26,district_by_grade,District,,,3,2032-33,2515,forecast,low
2025-26,district_by_grade,District,,,3,2033-34,2453,forecast,low
2025-26,district_by_grade,District,,,3,2034-35,2511,forecast,low
2025-26,district_by_grade,District,,,3,2035-36,2583,forecast,low
2025-26,district_by_grade,District,,,3,2036-37,2609,forecast,low
2025-26,district_by_grade,District,,,3,2037-38,2564,forecast,low
2025-26,district_by_grade,District,,,3,2038-39,2504,forecast,low
2025-26,district_by_grade,District,,,3,2039-40,2440,forecast,low
2025-26,district_by_grade,District,,,4,2020-21,3745,actual,low
2025-26,district_by_grade,District,,,4,2021-22,3381,actual,low
2025-26,district_by_grade,District,,,4,2022-23,3470,actual,low
2025-26,district_by_grade,District,,,4,2023-24,3464,actual,low
2025-26,district_by_grade,District,,,4,2024-25,3296,actual,low
2025-26,district_by_grade,District,,,4,2025-26,3341,forecast,low
2025-26,district_by_grade,District,,,4,2026-27,3188,forecast,low
2025-26,district_by_grade,District,,,4,2027-28,3039,forecast,low
2025-26,district_by_grade,District,,,4,2028-29,2874,forecast,low
2025-26,district_by_grade,District,,,4,2029-30,2706,forecast,low
2025-26,district_by_grade,District,,,4,2030-31,2561,forecast,low
2025-26,district_by_grade,District,,,4,2031-32,2425,forecast,low
2025-26,district_by_grade,District,,,4,2032-33,2433,forecast,low
2025-26,district_by_grade,District,,,4,2033-34,2500,forecast,low
2025-26,district_by_grade,District,,,4,2034-35,2439,forecast,low
2025-26,district_by_grade,District,,,4,2035-36,2496,forecast,low
2025-26,district_by_grade,District,,,4,2036-37,2567,forecast,low
2025-26,district_by_grade,District,,,4,2037-38,2593,forecast,low
2025-26,district_by_grade,District,,,4,2038-39,2548,forecast,low
2025-26,district_by_grade,District,,,4,2039-40,2489,forecast,low
2025-26,district_by_grade,District,,,5,2020-21,3763,actual,low
2025-26,district_by_grade,District,,,5,2021-22,3487,actual,low
2025-26,district_by_grade,District,,,5,2022-23,3344,actual,low
2025-26,district_by_grade,District,,,5,2023-24,3461,actual,low
2025-26,district_by_grade,District,,,5,2024-25,3410,actual,low
2025-26,district_by_grade,District,,,5,2025-26,3244,forecast,low
2025-26,district_by_grade,District,,,5,2026-27,3289,forecast,low
2025-26,district_by_grade,District,,,5,2027-28,3139,forecast,low
2025-26,district_by_grade,District,,,5,2028-29,2992,forecast,low
2025-26,district_by_grade,District,,,5,2029-30,2830,forecast,low
2025-26,district_by_grade,District,,,5,2030-31,2665,forecast,low
2025-26,district_by_grade,District,,,5,2031-32,2522,forecast,low
2025-26,district_by_grade,District,,,5,2032-33,2388,forecast,low
2025-26,district_by_grade,District,,,5,2033-34,2396,forecast,low
2025-26,district_by_grade,District,,,5,2034-35,2462,forecast,low
2025-26,district_by_grade,District,,,5,2035-36,2402,forecast,low
2025-26,district_by_grade,District,,,5,2036-37,2458,forecast,low
2025-26,district_by_grade,District,,,5,2037-38,2528,forecast,low
2025-26,district_by_grade,District,,,5,2038-39,2553,forecast,low
2025-26,district_by_grade,District,,,5,2039-40,2509,forecast,low
2025-26,district_by_grade,District,,,6,2020-21,3613,actual,low
2025-26,district_by_grade,District,,,6,2021-22,3371,actual,low
2025-26,district_by_grade,District,,,6,2022-23,3385,actual,low
2025-26,district_by_grade,District,,,6,2023-24,3205,actual,low
2025-26,district_by_grade,District,,,6,2024-25,3270,actual,low
2025-26,district_by_grade,District,,,6,2025-26,3230,forecast,low
2025-26,district_by_grade,District,,,6,2026-27,3068,forecast,low
2025-26,district_by_grade,District,,,6,2027-28,3105,forecast,low
2025-26,district_by_grade,District,,,6,2028-29,2959,forecast,low
2025-26,district_by_grade,District,,,6,2029-30,2828,forecast,low
2025-26,district_by_grade,District,,,6,2030-31,2671,forecast,low
2025-26,district_by_grade,District,,,6,2031-32,2511,forecast,low
2025-26,district_by_grade,District,,,6,2032-33,2375,forecast,low
2025-26,district_by_grade,District,,,6,2033-34,2246,forecast,low
2025-26,district_by_grade,District,,,6,2034-35,2254,forecast,low
2025-26,district_by_grade,District,,,6,2035-36,2317,forecast,low
2025-26,district_by_grade,District,,,6,2036-37,2260,forecast,low
2025-26,district_by_grade,District,,,6,2037-38,2313,forecast,low
2025-26,district_by_grade,District,,,6,2038-39,2380,forecast,low
2025-26,district_by_grade,District,,,6,2039-40,2404,forecast,low
2025-26,district_by_grade,District,,,7,2020-21,3661,actual,low
2025-26,district_by_grade,District,,,7,2021-22,3400,actual,low
2025-26,district_by_grade,District,,,7,2022-23,3340,actual,low
2025-26,district_by_grade,District,,,7,2023-24,3334,actual,low
2025-26,district_by_grade,District,,,7,2024-25,3200,actual,low
2025-26,district_by_grade,District,,,7,2025-26,3224,forecast,low
2025-26,district_by_grade,District,,,7,2026-27,3185,forecast,low
2025-26,district_by_grade,District,,,7,2027-28,3025,forecast,low
2025-26,district_by_grade,District,,,7,2028-29,3063,forecast,low
2025-26,district_by_grade,District,,,7,2029-30,2919,forecast,low
2025-26,district_by_grade,District,,,7,2030-31,2789,forecast,low
2025-26,district_by_grade,District,,,7,2031-32,2635,forecast,low
2025-26,district_by_grade,District,,,7,2032-33,2478,forecast,low
2025-26,district_by_grade,District,,,7,2033-34,2345,forecast,low
2025-26,district_by_grade,District,,,7,2034-35,2218,forecast,low
2025-26,district_by_grade,District,,,7,2035-36,2225,forecast,low
2025-26,district_by_grade,District,,,7,2036-37,2287,forecast,low
2025-26,district_by_grade,District,,,7,2037-38,2231,forecast,low
2025-26,district_by_grade,District,,,7,2038-39,2284,forecast,low
2025-26,district_by_grade,District,,,7,2039-40,2349,forecast,low
2025-26,district_by_grade,District,,,8,2020-21,3735,actual,low
2025-26,district_by_grade,District,,,8,2021-22,3539,actual,low
2025-26,district_by_grade,District,,,8,2022-23,3442,actual,low
2025-26,district_by_grade,District,,,8,2023-24,3285,actual,low
2025-26,district_by_grade,District,,,8,2024-25,3336,actual,low
2025-26,district_by_grade,District,,,8,2025-26,3141,forecast,low
2025-26,district_by_grade,District,,,8,2026-27,3165,forecast,low
2025-26,district_by_grade,District,,,8,2027-28,3126,forecast,low
2025-26,district_by_grade,District,,,8,2028-29,2969,forecast,low
2025-26,district_by_grade,District,,,8,2029-30,3007,forecast,low
2025-26,district_by_grade,District,,,8,2030-31,2866,forecast,low
2025-26,district_by_grade,District,,,8,2031-32,2738,forecast,low
2025-26,district_by_grade,District,,,8,2032-33,2587,forecast,low
2025-26,district_by_grade,District,,,8,2033-34,2433,forecast,low
2025-26,district_by_grade,District,,,8,2034-35,2302,forecast,low
2025-26,district_by_grade,District,,,8,2035-36,2178,forecast,low
2025-26,district_by_grade,District,,,8,2036-37,2185,forecast,low
2025-26,district_by_grade,District,,,8,2037-38,2245,forecast,low
2025-26,district_by_grade,District,,,8,2038-39,2190,forecast,low
2025-26,district_by_grade,District,,,8,2039-40,2242,forecast,low
2025-26,district_by_grade,District,,,9,2020-21,3439,actual,low
2025-26,district_by_grade,District,,,9,2021-22,3642,actual,low
2025-26,district_by_grade,District,,,9,2022-23,3585,actual,low
2025-26,district_by_grade,District,,,9,2023-24,3439,actual,low
2025-26,district_by_grade,District,,,9,2024-25,3394,actual,low
2025-26,district_by_grade,District,,,9,2025-26,3338,forecast,low
2025-26,district_by_grade,District,,,9,2026-27,3141,forecast,low
2025-26,district_by_grade,District,,,9,2027-28,3165,forecast,low
2025-26,district_by_grade,District,,,9,2028-29,3126,forecast,low
2025-26,district_by_grade,District,,,9,2029-30,2967,forecast,low
2025-26,district_by_grade,District,,,9,2030-31,3003,forecast,low
2025-26,district_by_grade,District,,,9,2031-32,2861,forecast,low
2025-26,district_by_grade,District,,,9,2032-33,2736,forecast,low
2025-26,district_by_grade,District,,,9,2033-34,2583,forecast,low
2025-26,district_by_grade,District,,,9,2034-35,2428,forecast,low
2025-26,district_by_grade,District,,,9,2035-36,2297,forecast,low
2025-26,district_by_grade,District,,,9,2036-37,2173,forecast,low
2025-26,district_by_grade,District,,,9,2037-38,2180,forecast,low
2025-26,district_by_grade,District,,,9,2038-39,2240,forecast,low
2025-26,district_by_grade,District,,,9,2039-40,2185,forecast,low
2025-26,district_by_grade,District,,,10,2020-21,3470,actual,low
2025-26,district_by_grade,District,,,10,2021-22,3462,actual,low
2025-26,district_by_grade,District,,,10,2022-23,3609,actual,low
2025-26,district_by_grade,District,,,10,2023-24,3593,actual,low
2025-26,district_by_grade,District,,,10,2024-25,3434,actual,low
2025-26,district_by_grade,District,,,10,2025-26,3376,forecast,low
2025-26,district_by_grade,District,,,10,2026-27,3319,forecast,low
2025-26,district_by_grade,District,,,10,2027-28,3128,forecast,low
2025-26,district_by_grade,District,,,10,2028-29,3152,forecast,low
2025-26,district_by_grade,District,,,10,2029-30,3114,forecast,low
2025-26,district_by_grade,District,,,10,2030-31,2959,forecast,low
2025-26,district_by_grade,District,,,10,2031-32,2998,forecast,low
2025-26,district_by_grade,District,,,10,2032-33,2860,forecast,low
2025-26,district_by_grade,District,,,10,2033-34,2730,forecast,low
2025-26,district_by_grade,District,,,10,2034-35,2580,forecast,low
2025-26,district_by_grade,District,,,10,2035-36,2429,forecast,low
2025-26,district_by_grade,District,,,10,2036-37,2299,forecast,low
2025-26,district_by_grade,District,,,10,2037-38,2176,forecast,low
2025-26,district_by_grade,District,,,10,2038-39,2184,forecast,low
2025-26,district_by_grade,District,,,10,2039-40,2242,forecast,low
2025-26,district_by_grade,District,,,11,2020-21,3438,actual,low
2025-26,district_by_grade,District,,,11,2021-22,3358,actual,low
2025-26,district_by_grade,District,,,11,2022-23,3372,actual,low
2025-26,district_by_grade,District,,,11,2023-24,3558,actual,low
2025-26,district_by_grade,District,,,11,2024-25,3546,actual,low
2025-26,district_by_grade,District,,,11,2025-26,3349,forecast,low
2025-26,district_by_grade,District,,,11,2026-27,3293,forecast,low
2025-26,district_by_grade,District,,,11,2027-28,3238,forecast,low
2025-26,district_by_grade,District,,,11,2028-29,3053,forecast,low
2025-26,district_by_grade,District,,,11,2029-30,3078,forecast,low
2025-26,district_by_grade,District,,,11,2030-31,3041,forecast,low
2025-26,district_by_grade,District,,,11,2031-32,2891,forecast,low
2025-26,district_by_grade,District,,,11,2032-33,2931,forecast,low
2025-26,district_by_grade,District,,,11,2033-34,2798,forecast,low
2025-26,district_by_grade,District,,,11,2034-35,2669,forecast,low
2025-26,district_by_grade,District,,,11,2035-36,2523,forecast,low
2025-26,district_by_grade,District,,,11,2036-37,2377,forecast,low
2025-26,district_by_grade,District,,,11,2037-38,2251,forecast,low
2025-26,district_by_grade,District,,,11,2038-39,2131,forecast,low
2025-26,district_by_grade,District,,,11,2039-40,2139,forecast,low
2025-26,district_by_grade,District,,,12,2020-21,3728,actual,low
2025-26,district_by_grade,District,,,12,2021-22,3815,actual,low
2025-26,district_by_grade,District,,,12,2022-23,3763,actual,low
2025-26,district_by_grade,District,,,12,2023-24,3778,actual,low
2025-26,district_by_grade,District,,,12,2024-25,4010,actual,low
2025-26,district_by_grade,District,,,12,2025-26,3972,forecast,low
2025-26,district_by_grade,District,,,12,2026-27,3750,forecast,low
2025-26,district_by_grade,District,,,12,2027-28,3688,forecast,low
2025-26,district_by_grade,District,,,12,2028-29,3626,forecast,low
2025-26,district_by_grade,District,,,12,2029-30,3422,forecast,low
2025-26,district_by_grade,District,,,12,2030-31,3452,forecast,low
2025-26,district_by_grade,District,,,12,2031-32,3410,forecast,low
2025-26,district_by_grade,District,,,12,2032-33,3245,forecast,low
2025-26,district_by_grade,District,,,12,2033-34,3293,forecast,low
2025-26,district_by_grade,District,,,12,2034-35,3146,forecast,low
2025-26,district_by_grade,District,,,12,2035-36,2997,forecast,low
2025-26,district_by_grade,District,,,12,2036-37,2835,forecast,low
2025-26,district_by_grade,District,,,12,2037-38,2673,forecast,low
2025-26,district_by_grade,District,,,12,2038-39,2533,forecast,low
2025-26,district_by_grade,District,,,12,2039-40,2399,forecast,low
2025-26,district_by_grade,District,,,Total,2020-21,46907,actual,low
2025-26,district_by_grade,District,,,Total,2021-22,44861,actual,low
2025-26,district_by_grade,District,,,Total,2022-23,44609,actual,low
2025-26,district_by_grade,District,,,Total,2023-24,44005,actual,low
2025-26,district_by_grade,District,,,Total,2024-25,43375,actual,low
2025-26,district_by_grade,District,,,Total,2025-26,42051,forecast,low
2025-26,district_by_grade,District,,,Total,2026-27,40600,forecast,low
2025-26,district_by_grade,District,,,Total,2027-28,39232,forecast,low
2025-26,district_by_grade,District,,,Total,2028-29,37946,forecast,low
2025-26,district_by_grade,District,,,Total,2029-30,36795,forecast,low
2025-26,district_by_grade,District,,,Total,2030-31,35808,forecast,low
2025-26,district_by_grade,District,,,Total,2031-32,34863,forecast,low
2025-26,district_by_grade,District,,,Total,2032-33,34041,forecast,low
2025-26,district_by_grade,District,,,Total,2033-34,33426,forecast,low
2025-26,district_by_grade,District,,,Total,2034-35,32711,forecast,low
2025-26,district_by_grade,District,,,Total,2035-36,32070,forecast,low
2025-26,district_by_grade,District,,,Total,2036-37,31505,forecast,low
2025-26,district_by_grade,District,,,Total,2037-38,31054,forecast,low
2025-26,district_by_grade,District,,,Total,2038-39,30724,forecast,low
2025-26,district_by_grade,District,,,Total,2039-40,30499,forecast,low
2025-26,district_by_grade,District,,,K-2,2020-21,10671,actual,low
2025-26,district_by_grade,District,,,K-2,2021-22,9932,actual,low
2025-26,district_by_grade,District,,,K-2,2022-23,9806,actual,low
2025-26,district_by_grade,District,,,K-2,2023-24,9568,actual,low
2025-26,district_by_grade,District,,,K-2,2024-25,9114,actual,low
2025-26,district_by_grade,District,,,K-2,2025-26,8627,forecast,low
2025-26,district_by_grade,District,,,K-2,2026-27,8141,forecast,low
2025-26,district_by_grade,District,,,K-2,2027-28,7685,forecast,low
2025-26,district_by_grade,District,,,K-2,2028-29,7409,forecast,low
2025-26,district_by_grade,District,,,K-2,2029-30,7347,forecast,low
2025-26,district_by_grade,District,,,K-2,2030-31,7362,forecast,low
2025-26,district_by_grade,District,,,K-2,2031-32,7425,forecast,low
2025-26,district_by_grade,District,,,K-2,2032-33,7493,forecast,low
2025-26,district_by_grade,District,,,K-2,2033-34,7649,forecast,low
2025-26,district_by_grade,District,,,K-2,2034-35,7702,forecast,low
2025-26,district_by_grade,District,,,K-2,2035-36,7623,forecast,low
2025-26,district_by_grade,District,,,K-2,2036-37,7455,forecast,low
2025-26,district_by_grade,District,,,K-2,2037-38,7300,forecast,low
2025-26,district_by_grade,District,,,K-2,2038-39,7177,forecast,low
2025-26,district_by_grade,District,,,K-2,2039-40,7101,forecast,low
2025-26,district_by_grade,District,,,3-5,2020-21,11152,actual,low
2025-26,district_by_grade,District,,,3-5,2021-22,10342,actual,low
2025-26,district_by_grade,District,,,3-5,2022-23,10307,actual,low
2025-26,district_by_grade,District,,,3-5,2023-24,10245,actual,low
2025-26,district_by_grade,District,,,3-5,2024-25,10071,actual,low
2025-26,district_by_grade,District,,,3-5,2025-26,9794,forecast,low
2025-26,district_by_grade,District,,,3-5,2026-27,9538,forecast,low
2025-26,district_by_grade,District,,,3-5,2027-28,9072,forecast,low
2025-26,district_by_grade,District,,,3-5,2028-29,8589,forecast,low
2025-26,district_by_grade,District,,,3-5,2029-30,8113,forecast,low
2025-26,district_by_grade,District,,,3-5,2030-31,7665,forecast,low
2025-26,district_by_grade,District,,,3-5,2031-32,7394,forecast,low
2025-26,district_by_grade,District,,,3-5,2032-33,7336,forecast,low
2025-26,district_by_grade,District,,,3-5,2033-34,7349,forecast,low
2025-26,district_by_grade,District,,,3-5,2034-35,7412,forecast,low
2025-26,district_by_grade,District,,,3-5,2035-36,7481,forecast,low
2025-26,district_by_grade,District,,,3-5,2036-37,7634,forecast,low
2025-26,district_by_grade,District,,,3-5,2037-38,7685,forecast,low
2025-26,district_by_grade,District,,,3-5,2038-39,7605,forecast,low
2025-26,district_by_grade,District,,,3-5,2039-40,7438,forecast,low
2025-26,district_by_grade,District,,,6-8,2020-21,11009,actual,low
2025-26,district_by_grade,District,,,6-8,2021-22,10310,actual,low
2025-26,district_by_grade,District,,,6-8,2022-23,10167,actual,low
2025-26,district_by_grade,District,,,6-8,2023-24,9824,actual,low
2025-26,district_by_grade,District,,,6-8,2024-25,9806,actual,low
2025-26,district_by_grade,District,,,6-8,2025-26,9595,forecast,low
2025-26,district_by_grade,District,,,6-8,2026-27,9418,forecast,low
2025-26,district_by_grade,District,,,6-8,2027-28,9256,forecast,low
2025-26,district_by_grade,District,,,6-8,2028-29,8991,forecast,low
2025-26,district_by_grade,District,,,6-8,2029-30,8754,forecast,low
2025-26,district_by_grade,District,,,6-8,2030-31,8326,forecast,low
2025-26,district_by_grade,District,,,6-8,2031-32,7884,forecast,low
2025-26,district_by_grade,District,,,6-8,2032-33,7440,forecast,low
2025-26,district_by_grade,District,,,6-8,2033-34,7024,forecast,low
2025-26,district_by_grade,District,,,6-8,2034-35,6774,forecast,low
2025-26,district_by_grade,District,,,6-8,2035-36,6720,forecast,low
2025-26,district_by_grade,District,,,6-8,2036-37,6732,forecast,low
2025-26,district_by_grade,District,,,6-8,2037-38,6789,forecast,low
2025-26,district_by_grade,District,,,6-8,2038-39,6854,forecast,low
2025-26,district_by_grade,District,,,6-8,2039-40,6995,forecast,low
2025-26,district_by_grade,District,,,9-12,2020-21,14075,actual,low
2025-26,district_by_grade,District,,,9-12,2021-22,14277,actual,low
2025-26,district_by_grade,District,,,9-12,2022-23,14329,actual,low
2025-26,district_by_grade,District,,,9-12,2023-24,14368,actual,low
2025-26,district_by_grade,District,,,9-12,2024-25,14384,actual,low
2025-26,district_by_grade,District,,,9-12,2025-26,14035,forecast,low
2025-26,district_by_grade,District,,,9-12,2026-27,13503,forecast,low
2025-26,district_by_grade,District,,,9-12,2027-28,13219,forecast,low
2025-26,district_by_grade,District,,,9-12,2028-29,12957,forecast,low
2025-26,district_by_grade,District,,,9-12,2029-30,12581,forecast,low
2025-26,district_by_grade,District,,,9-12,2030-31,12455,forecast,low
2025-26,district_by_grade,District,,,9-12,2031-32,12160,forecast,low
2025-26,district_by_grade,District,,,9-12,2032-33,11772,forecast,low
2025-26,district_by_grade,District,,,9-12,2033-34,11404,forecast,low
2025-26,district_by_grade,District,,,9-12,2034-35,10823,forecast,low
2025-26,district_by_grade,District,,,9-12,2035-36,10246,forecast,low
2025-26,district_by_grade,District,,,9-12,2036-37,9684,forecast,low
2025-26,district_by_grade,District,,,9-12,2037-38,9280,forecast,low
2025-26,district_by_grade,District,,,9-12,2038-39,9088,forecast,low
2025-26,district_by_grade,District,,,9-12,2039-40,8965,forecast,low
2025-26,district_by_grade,District,,,K,2020-21,3243,actual,high
2025-26,district_by_grade,District,,,K,2021-22,3187,actual,high
2025-26,district_by_grade,District,,,K,2022-23,3132,actual,high
2025-26,district_by_grade,District,,,K,2023-24,2995,actual,high
2025-26,district_by_grade,District,,,K,2024-25,2837,actual,high
2025-26,district_by_grade,District,,,K,2025-26,2768,forecast,high
2025-26,district_by_grade,District,,,K,2026-27,2703,forecast,high
2025-26,district_by_grade,District,,,K,2027-28,2663,forecast,high
2025-26,district_by_grade,District,,,K,2028-29,2814,forecast,high
2025-26,district_by_grade,District,,,K,2029-30,2987,forecast,high
2025-26,district_by_grade,District,,,K,2030-31,3077,forecast,high
2025-26,district_by_grade,District,,,K,2031-32,3403,forecast,high
2025-26,district_by_grade,District,,,K,2032-33,3504,forecast,high
2025-26,district_by_grade,District,,,K,2033-34,3549,forecast,high
2025-26,district_by_grade,District,,,K,2034-35,3617,forecast,high
2025-26,district_by_grade,District,,,K,2035-36,3705,forecast,high
2025-26,district_by_grade,District,,,K,2036-37,3772,forecast,high
2025-26,district_by_grade,District,,,K,2037-38,3836,forecast,high
2025-26,district_by_grade,District,,,K,2038-39,3898,forecast,high
2025-26,district_by_grade,District,,,K,2039-40,3972,forecast,high
2025-26,district_by_grade,District,,,1,2020-21,3691,actual,high
2025-26,district_by_grade,District,,,1,2021-22,3276,actual,high
2025-26,district_by_grade,District,,,1,2022-23,3363,actual,high
2025-26,district_by_grade,District,,,1,2023-24,3213,actual,high
2025-26,district_by_grade,District,,,1,2024-25,3070,actual,high
2025-26,district_by_grade,District,,,1,2025-26,2987,forecast,high
2025-26,district_by_grade,District,,,1,2026-27,2916,forecast,high
2025-26,district_by_grade,District,,,1,2027-28,2848,forecast,high
2025-26,district_by_grade,District,,,1,2028-29,2806,forecast,high
2025-26,district_by_grade,District,,,1,2029-30,2964,forecast,high
2025-26,district_by_grade,District,,,1,2030-31,3145,forecast,high
2025-26,district_by_grade,District,,,1,2031-32,3239,forecast,high
2025-26,district_by_grade,District,,,1,2032-33,3581,forecast,high
2025-26,district_by_grade,District,,,1,2033-34,3687,forecast,high
2025-26,district_by_grade,District,,,1,2034-35,3734,forecast,high
2025-26,district_by_grade,District,,,1,2035-36,3805,forecast,high
2025-26,district_by_grade,District,,,1,2036-37,3897,forecast,high
2025-26,district_by_grade,District,,,1,2037-38,3967,forecast,high
2025-26,district_by_grade,District,,,1,2038-39,4034,forecast,high
2025-26,district_by_grade,District,,,1,2039-40,4099,forecast,high
2025-26,district_by_grade,District,,,2,2020-21,3737,actual,high
2025-26,district_by_grade,District,,,2,2021-22,3469,actual,high
2025-26,district_by_grade,District,,,2,2022-23,3311,actual,high
2025-26,district_by_grade,District,,,2,2023-24,3360,actual,high
2025-26,district_by_grade,District,,,2,2024-25,3207,actual,high
2025-26,district_by_grade,District,,,2,2025-26,3105,forecast,high
2025-26,district_by_grade,District,,,2,2026-27,3021,forecast,high
2025-26,district_by_grade,District,,,2,2027-28,2951,forecast,high
2025-26,district_by_grade,District,,,2,2028-29,2882,forecast,high
2025-26,district_by_grade,District,,,2,2029-30,2840,forecast,high
2025-26,district_by_grade,District,,,2,2030-31,2999,forecast,high
2025-26,district_by_grade,District,,,2,2031-32,3182,forecast,high
2025-26,district_by_grade,District,,,2,2032-33,3277,forecast,high
2025-26,district_by_grade,District,,,2,2033-34,3621,forecast,high
2025-26,district_by_grade,District,,,2,2034-35,3728,forecast,high
2025-26,district_by_grade,District,,,2,2035-36,3776,forecast,high
2025-26,district_by_grade,District,,,2,2036-37,3847,forecast,high
2025-26,district_by_grade,District,,,2,2037-38,3940,forecast,high
2025-26,district_by_grade,District,,,2,2038-39,4011,forecast,high
2025-26,district_by_grade,District,,,2,2039-40,4078,forecast,high
2025-26,district_by_grade,District,,,3,2020-21,3644,actual,high
2025-26,district_by_grade,District,,,3,2021-22,3474,actual,high
2025-26,district_by_grade,District,,,3,2022-23,3493,actual,high
2025-26,district_by_grade,District,,,3,2023-24,3320,actual,high
2025-26,district_by_grade,District,,,3,2024-25,3365,actual,high
2025-26,district_by_grade,District,,,3,2025-26,3235,forecast,high
2025-26,district_by_grade,District,,,3,2026-27,3133,forecast,high
2025-26,district_by_grade,District,,,3,2027-28,3048,forecast,high
2025-26,district_by_grade,District,,,3,2028-29,2977,forecast,high
2025-26,district_by_grade,District,,,3,2029-30,2908,forecast,high
2025-26,district_by_grade,District,,,3,2030-31,2865,forecast,high
2025-26,district_by_grade,District,,,3,2031-32,3026,forecast,high
2025-26,district_by_grade,District,,,3,2032-33,3210,forecast,high
2025-26,district_by_grade,District,,,3,2033-34,3306,forecast,high
2025-26,district_by_grade,District,,,3,2034-35,3653,forecast,high
2025-26,district_by_grade,District,,,3,2035-36,3761,forecast,high
2025-26,district_by_grade,District,,,3,2036-37,3810,forecast,high
2025-26,district_by_grade,District,,,3,2037-38,3881,forecast,high
2025-26,district_by_grade,District,,,3,2038-39,3975,forecast,high
2025-26,district_by_grade,District,,,3,2039-40,4047,forecast,high
2025-26,district_by_grade,District,,,4,2020-21,3745,actual,high
2025-26,district_by_grade,District,,,4,2021-22,3381,actual,high
2025-26,district_by_grade,District,,,4,2022-23,3470,actual,high
2025-26,district_by_grade,District,,,4,2023-24,3464,actual,high
2025-26,district_by_grade,District,,,4,2024-25,3296,actual,high
2025-26,district_by_grade,District,,,4,2025-26,3363,forecast,high
2025-26,district_by_grade,District,,,4,2026-27,3234,forecast,high
2025-26,district_by_grade,District,,,4,2027-28,3130,forecast,high
2025-26,district_by_grade,District,,,4,2028-29,3046,forecast,high
2025-26,district_by_grade,District,,,4,2029-30,2976,forecast,high
2025-26,district_by_grade,District,,,4,2030-31,2907,forecast,high
2025-26,district_by_grade,District,,,4,2031-32,2865,forecast,high
2025-26,district_by_grade,District,,,4,2032-33,3025,forecast,high
2025-26,district_by_grade,District,,,4,2033-34,3208,forecast,high
2025-26,district_by_grade,District,,,4,2034-35,3304,forecast,high
2025-26,district_by_grade,District,,,4,2035-36,3649,forecast,high
2025-26,district_by_grade,District,,,4,2036-37,3757,forecast,high
2025-26,district_by_grade,District,,,4,2037-38,3806,forecast,high
2025-26,district_by_grade,District,,,4,2038-39,3876,forecast,high
2025-26,district_by_grade,District,,,4,2039-40,3970,forecast,high
2025-26,district_by_grade,District,,,5,2020-21,3763,actual,high
2025-26,district_by_grade,District,,,5,2021-22,3487,actual,high
2025-26,district_by_grade,District,,,5,2022-23,3344,actual,high
2025-26,district_by_grade,District,,,5,2023-24,3461,actual,high
2025-26,district_by_grade,District,,,5,2024-25,3410,actual,high
2025-26,district_by_grade,District,,,5,2025-26,3284,forecast,high
2025-26,district_by_grade,District,,,5,2026-27,3351,forecast,high
2025-26,district_by_grade,District,,,5,2027-28,3222,forecast,high
2025-26,district_by_grade,District,,,5,2028-29,3119,forecast,high
2025-26,district_by_grade,District,,,5,2029-30,3035,forecast,high
2025-26,district_by_grade,District,,,5,2030-31,2965,forecast,high
2025-26,district_by_grade,District,,,5,2031-32,2897,forecast,high
2025-26,district_by_grade,District,,,5,2032-33,2855,forecast,high
2025-26,district_by_grade,District,,,5,2033-34,3014,forecast,high
2025-26,district_by_grade,District,,,5,2034-35,3196,forecast,high
2025-26,district_by_grade,District,,,5,2035-36,3292,forecast,high
2025-26,district_by_grade,District,,,5,2036-37,3635,forecast,high
2025-26,district_by_grade,District,,,5,2037-38,3743,forecast,high
2025-26,district_by_grade,District,,,5,2038-39,3791,forecast,high
2025-26,district_by_grade,District,,,5,2039-40,3861,forecast,high
2025-26,district_by_grade,District,,,6,2020-21,3613,actual,high
2025-26,district_by_grade,District,,,6,2021-22,3371,actual,high
2025-26,district_by_grade,District,,,6,2022-23,3385,actual,high
2025-26,district_by_grade,District,,,6,2023-24,3205,actual,high
2025-26,district_by_grade,District,,,6,2024-25,3270,actual,high
2025-26,district_by_grade,District,,,6,2025-26,3304,forecast,high
2025-26,district_by_grade,District,,,6,2026-27,3177,forecast,high
2025-26,district_by_grade,District,,,6,2027-28,3237,forecast,high
2025-26,district_by_grade,District,,,6,2028-29,3108,forecast,high
2025-26,district_by_grade,District,,,6,2029-30,3016,forecast,high
2025-26,district_by_grade,District,,,6,2030-31,2932,forecast,high
2025-26,district_by_grade,District,,,6,2031-32,2861,forecast,high
2025-26,district_by_grade,District,,,6,2032-33,2795,forecast,high
2025-26,district_by_grade,District,,,6,2033-34,2754,forecast,high
2025-26,district_by_grade,District,,,6,2034-35,2910,forecast,high
2025-26,district_by_grade,District,,,6,2035-36,3088,forecast,high
2025-26,district_by_grade,District,,,6,2036-37,3182,forecast,high
2025-26,district_by_grade,District,,,6,2037-38,3518,forecast,high
2025-26,district_by_grade,District,,,6,2038-39,3623,forecast,high
2025-26,district_by_grade,District,,,6,2039-40,3670,forecast,high
2025-26,district_by_grade,District,,,7,2020-21,3661,actual,high
2025-26,district_by_grade,District,,,7,2021-22,3400,actual,high
2025-26,district_by_grade,District,,,7,2022-23,3340,actual,high
2025-26,district_by_grade,District,,,7,2023-24,3334,actual,high
2025-26,district_by_grade,District,,,7,2024-25,3200,actual,high
2025-26,district_by_grade,District,,,7,2025-26,3259,forecast,high
2025-26,district_by_grade,District,,,7,2026-27,3293,forecast,high
2025-26,district_by_grade,District,,,7,2027-28,3166,forecast,high
2025-26,district_by_grade,District,,,7,2028-29,3227,forecast,high
2025-26,district_by_grade,District,,,7,2029-30,3099,forecast,high
2025-26,district_by_grade,District,,,7,2030-31,3006,forecast,high
2025-26,district_by_grade,District,,,7,2031-32,2923,forecast,high
2025-26,district_by_grade,District,,,7,2032-33,2853,forecast,high
2025-26,district_by_grade,District,,,7,2033-34,2787,forecast,high
2025-26,district_by_grade,District,,,7,2034-35,2746,forecast,high
2025-26,district_by_grade,District,,,7,2035-36,2902,forecast,high
2025-26,district_by_grade,District,,,7,2036-37,3079,forecast,high
2025-26,district_by_grade,District,,,7,2037-38,3172,forecast,high
2025-26,district_by_grade,District,,,7,2038-39,3507,forecast,high
2025-26,district_by_grade,District,,,7,2039-40,3611,forecast,high
2025-26,district_by_grade,District,,,8,2020-21,3735,actual,high
2025-26,district_by_grade,District,,,8,2021-22,3539,actual,high
2025-26,district_by_grade,District,,,8,2022-23,3442,actual,high
2025-26,district_by_grade,District,,,8,2023-24,3285,actual,high
2025-26,district_by_grade,District,,,8,2024-25,3336,actual,high
2025-26,district_by_grade,District,,,8,2025-26,3242,forecast,high
2025-26,district_by_grade,District,,,8,2026-27,3302,forecast,high
2025-26,district_by_grade,District,,,8,2027-28,3336,forecast,high
2025-26,district_by_grade,District,,,8,2028-29,3208,forecast,high
2025-26,district_by_grade,District,,,8,2029-30,3269,forecast,high
2025-26,district_by_grade,District,,,8,2030-31,3139,forecast,high
2025-26,district_by_grade,District,,,8,2031-32,3045,forecast,high
2025-26,district_by_grade,District,,,8,2032-33,2961,forecast,high
2025-26,district_by_grade,District,,,8,2033-34,2890,forecast,high
2025-26,district_by_grade,District,,,8,2034-35,2823,forecast,high
2025-26,district_by_grade,District,,,8,2035-36,2782,forecast,high
2025-26,district_by_grade,District,,,8,2036-37,2940,forecast,high
2025-26,district_by_grade,District,,,8,2037-38,3119,forecast,high
2025-26,district_by_grade,District,,,8,2038-39,3214,forecast,high
2025-26,district_by_grade,District,,,8,2039-40,3553,forecast,high
2025-26,district_by_grade,District,,,9,2020-21,3439,actual,high
2025-26,district_by_grade,District,,,9,2021-22,3642,actual,high
2025-26,district_by_grade,District,,,9,2022-23,3585,actual,high
2025-26,district_by_grade,District,,,9,2023-24,3439,actual,high
2025-26,district_by_grade,District,,,9,2024-25,3394,actual,high
2025-26,district_by_grade,District,,,9,2025-26,3442,forecast,high
2025-26,district_by_grade,District,,,9,2026-27,3343,forecast,high
2025-26,district_by_grade,District,,,9,2027-28,3405,forecast,high
2025-26,district_by_grade,District,,,9,2028-29,3440,forecast,high
2025-26,district_by_grade,District,,,9,2029-30,3306,forecast,high
2025-26,district_by_grade,District,,,9,2030-31,3367,forecast,high
2025-26,district_by_grade,District,,,9,2031-32,3231,forecast,high
2025-26,district_by_grade,District,,,9,2032-33,3138,forecast,high
2025-26,district_by_grade,District,,,9,2033-34,3050,forecast,high
2025-26,district_by_grade,District,,,9,2034-35,2975,forecast,high
2025-26,district_by_grade,District,,,9,2035-36,2907,forecast,high
2025-26,district_by_grade,District,,,9,2036-37,2864,forecast,high
2025-26,district_by_grade,District,,,9,2037-38,3028,forecast,high
2025-26,district_by_grade,District,,,9,2038-39,3213,forecast,high
2025-26,district_by_grade,District,,,9,2039-40,3311,forecast,high
2025-26,district_by_grade,District,,,10,2020-21,3470,actual,high
2025-26,district_by_grade,District,,,10,2021-22,3462,actual,high
2025-26,district_by_grade,District,,,10,2022-23,3609,actual,high
2025-26,district_by_grade,District,,,10,2023-24,3593,actual,high
2025-26,district_by_grade,District,,,10,2024-25,3434,actual,high
2025-26,district_by_grade,District,,,10,2025-26,3394,forecast,high
2025-26,district_by_grade,District,,,10,2026-27,3441,forecast,high
2025-26,district_by_grade,District,,,10,2027-28,3346,forecast,high
2025-26,district_by_grade,District,,,10,2028-29,3408,forecast,high
2025-26,district_by_grade,District,,,10,2029-30,3443,forecast,high
2025-26,district_by_grade,District,,,10,2030-31,3312,forecast,high
2025-26,district_by_grade,District,,,10,2031-32,3377,forecast,high
2025-26,district_by_grade,District,,,10,2032-33,3243,forecast,high
2025-26,district_by_grade,District,,,10,2033-34,3145,forecast,high
2025-26,district_by_grade,District,,,10,2034-35,3058,forecast,high
2025-26,district_by_grade,District,,,10,2035-36,2986,forecast,high
2025-26,district_by_grade,District,,,10,2036-37,2917,forecast,high
2025-26,district_by_grade,District,,,10,2037-38,2875,forecast,high
2025-26,district_by_grade,District,,,10,2038-39,3039,forecast,high
2025-26,district_by_grade,District,,,10,2039-40,3221,forecast,high
2025-26,district_by_grade,District,,,11,2020-21,3438,actual,high
2025-26,district_by_grade,District,,,11,2021-22,3358,actual,high
2025-26,district_by_grade,District,,,11,2022-23,3372,actual,high
2025-26,district_by_grade,District,,,11,2023-24,3558,actual,high
2025-26,district_by_grade,District,,,11,2024-25,3546,actual,high
2025-26,district_by_grade,District,,,11,2025-26,3386,forecast,high
2025-26,district_by_grade,District,,,11,2026-27,3347,forecast,high
2025-26,district_by_grade,District,,,11,2027-28,3393,forecast,high
2025-26,district_by_grade,District,,,11,2028-29,3301,forecast,high
2025-26,district_by_grade,District,,,11,2029-30,3363,forecast,high
2025-26,district_by_grade,District,,,11,2030-31,3398,forecast,high
2025-26,district_by_grade,District,,,11,2031-32,3270,forecast,high
2025-26,district_by_grade,District,,,11,2032-33,3335,forecast,high
2025-26,district_by_grade,District,,,11,2033-34,3204,forecast,high
2025-26,district_by_grade,District,,,11,2034-35,3106,forecast,high
2025-26,district_by_grade,District,,,11,2035-36,3020,forecast,high
2025-26,district_by_grade,District,,,11,2036-37,2950,forecast,high
2025-26,district_by_grade,District,,,11,2037-38,2883,forecast,high
2025-26,district_by_grade,District,,,11,2038-39,2841,forecast,high
2025-26,district_by_grade,District,,,11,2039-40,3003,forecast,high
2025-26,district_by_grade,District,,,12,2020-21,3728,actual,high
2025-26,district_by_grade,District,,,12,2021-22,3815,actual,high
2025-26,district_by_grade,District,,,12,2022-23,3763,actual,high
2025-26,district_by_grade,District,,,12,2023-24,3778,actual,high
2025-26,district_by_grade,District,,,12,2024-25,4010,actual,high
2025-26,district_by_grade,District,,,12,2025-26,3996,forecast,high
2025-26,district_by_grade,District,,,12,2026-27,3814,forecast,high
2025-26,district_by_grade,District,,,12,2027-28,3771,forecast,high
2025-26,district_by_grade,District,,,12,2028-29,3822,forecast,high
2025-26,district_by_grade,District,,,12,2029-30,3721,forecast,high
2025-26,district_by_grade,District,,,12,2030-31,3791,forecast,high
2025-26,district_by_grade,District,,,12,2031-32,3831,forecast,high
2025-26,district_by_grade,District,,,12,2032-33,3689,forecast,high
2025-26,district_by_grade,District,,,12,2033-34,3765,forecast,high
2025-26,district_by_grade,District,,,12,2034-35,3620,forecast,high
2025-26,district_by_grade,District,,,12,2035-36,3505,forecast,high
2025-26,district_by_grade,District,,,12,2036-37,3409,forecast,high
2025-26,district_by_grade,District,,,12,2037-38,3331,forecast,high
2025-26,district_by_grade,District,,,12,2038-39,3257,forecast,high
2025-26,district_by_grade,District,,,12,2039-40,3209,forecast,high
2025-26,district_by_grade,District,,,Total,2020-21,46907,actual,high
2025-26,district_by_grade,District,,,Total,2021-22,44861,actual,high
2025-26,district_by_grade,District,,,Total,2022-23,44609,actual,high
2025-26,district_by_grade,District,,,Total,2023-24,44005,actual,high
2025-26,district_by_grade,District,,,Total,2024-25,43375,actual,high
2025-26,district_by_grade,District,,,Total,2025-26,42765,forecast,high
2025-26,district_by_grade,District,,,Total,2026-27,42075,forecast,high
2025-26,district_by_grade,District,,,Total,2027-28,41516,forecast,high
2025-26,district_by_grade,District,,,Total,2028-29,41158,forecast,high
2025-26,district_by_grade,District,,,Total,2029-30,40927,forecast,high
2025-26,district_by_grade,District,,,Total,2030-31,40903,forecast,high
2025-26,district_by_grade,District,,,Total,2031-32,41150,forecast,high
2025-26,district_by_grade,District,,,Total,2032-33,41466,forecast,high
2025-26,district_by_grade,District,,,Total,2033-34,41980,forecast,high
2025-26,district_by_grade,District,,,Total,2034-35,42470,forecast,high
2025-26,district_by_grade,District,,,Total,2035-36,43178,forecast,high
2025-26,district_by_grade,District,,,Total,2036-37,44059,forecast,high
2025-26,district_by_grade,District,,,Total,2037-38,45099,forecast,high
2025-26,district_by_grade,District,,,Total,2038-39,46279,forecast,high
2025-26,district_by_grade,District,,,Total,2039-40,47605,forecast,high
2025-26,district_by_grade,District,,,K-2,2020-21,10671,actual,high
2025-26,district_by_grade,District,,,K-2,2021-22,9932,actual,high
2025-26,district_by_grade,District,,,K-2,2022-23,9806,actual,high
2025-26,district_by_grade,District,,,K-2,2023-24,9568,actual,high
2025-26,district_by_grade,District,,,K-2,2024-25,9114,actual,high
2025-26,district_by_grade,District,,,K-2,2025-26,8860,forecast,high
2025-26,district_by_grade,District,,,K-2,2026-27,8640,forecast,high
2025-26,district_by_grade,District,,,K-2,2027-28,8462,forecast,high
2025-26,district_by_grade,District,,,K-2,2028-29,8502,forecast,high
2025-26,district_by_grade,District,,,K-2,2029-30,8791,forecast,high
2025-26,district_by_grade,District,,,K-2,2030-31,9221,forecast,high
2025-26,district_by_grade,District,,,K-2,2031-32,9824,forecast,high
2025-26,district_by_grade,District,,,K-2,2032-33,10362,forecast,high
2025-26,district_by_grade,District,,,K-2,2033-34,10857,forecast,high
2025-26,district_by_grade,District,,,K-2,2034-35,11079,forecast,high
2025-26,district_by_grade,District,,,K-2,2035-36,11286,forecast,high
2025-26,district_by_grade,District,,,K-2,2036-37,11516,forecast,high
2025-26,district_by_grade,District,,,K-2,2037-38,11743,forecast,high
2025-26,district_by_grade,District,,,K-2,2038-39,11943,forecast,high
2025-26,district_by_grade,District,,,K-2,2039-40,12149,forecast,high
2025-26,district_by_grade,District,,,3-5,2020-21,11152,actual,high
2025-26,district_by_grade,District,,,3-5,2021-22,10342,actual,high
2025-26,district_by_grade,District,,,3-5,2022-23,10307,actual,high
2025-26,district_by_grade,District,,,3-5,2023-24,10245,actual,high
2025-26,district_by_grade,District,,,3-5,2024-25,10071,actual,high
2025-26,district_by_grade,District,,,3-5,2025-26,9882,forecast,high
2025-26,district_by_grade,District,,,3-5,2026-27,9718,forecast,high
2025-26,district_by_grade,District,,,3-5,2027-28,9400,forecast,high
2025-26,district_by_grade,District,,,3-5,2028-29,9142,forecast,high
2025-26,district_by_grade,District,,,3-5,2029-30,8919,forecast,high
2025-26,district_by_grade,District,,,3-5,2030-31,8737,forecast,high
2025-26,district_by_grade,District,,,3-5,2031-32,8788,forecast,high
2025-26,district_by_grade,District,,,3-5,2032-33,9090,forecast,high
2025-26,district_by_grade,District,,,3-5,2033-34,9528,forecast,high
2025-26,district_by_grade,District,,,3-5,2034-35,10153,forecast,high
2025-26,district_by_grade,District,,,3-5,2035-36,10702,forecast,high
2025-26,district_by_grade,District,,,3-5,2036-37,11202,forecast,high
2025-26,district_by_grade,District,,,3-5,2037-38,11430,forecast,high
2025-26,district_by_grade,District,,,3-5,2038-39,11642,forecast,high
2025-26,district_by_grade,District,,,3-5,2039-40,11878,forecast,high
2025-26,district_by_grade,District,,,6-8,2020-21,11009,actual,high
2025-26,district_by_grade,District,,,6-8,2021-22,10310,actual,high
2025-26,district_by_grade,District,,,6-8,2022-23,10167,actual,high
2025-26,district_by_grade,District,,,6-8,2023-24,9824,actual,high
2025-26,district_by_grade,District,,,6-8,2024-25,9806,actual,high
2025-26,district_by_grade,District,,,6-8,2025-26,9805,forecast,high
2025-26,district_by_grade,District,,,6-8,2026-27,9772,forecast,high
2025-26,district_by_grade,District,,,6-8,2027-28,9739,forecast,high
2025-26,district_by_grade,District,,,6-8,2028-29,9543,forecast,high
2025-26,district_by_grade,District,,,6-8,2029-30,9384,forecast,high
2025-26,district_by_grade,District,,,6-8,2030-31,9077,forecast,high
2025-26,district_by_grade,District,,,6-8,2031-32,8829,forecast,high
2025-26,district_by_grade,District,,,6-8,2032-33,8609,forecast,high
2025-26,district_by_grade,District,,,6-8,2033-34,8431,forecast,high
2025-26,district_by_grade,District,,,6-8,2034-35,8479,forecast,high
2025-26,district_by_grade,District,,,6-8,2035-36,8772,forecast,high
2025-26,district_by_grade,District,,,6-8,2036-37,9201,forecast,high
2025-26,district_by_grade,District,,,6-8,2037-38,9809,forecast,high
2025-26,district_by_grade,District,,,6-8,2038-39,10344,forecast,high
2025-26,district_by_grade,District,,,6-8,2039-40,10834,forecast,high
2025-26,district_by_grade,District,,,9-12,2020-21,14075,actual,high
2025-26,district_by_grade,District,,,9-12,2021-22,14277,actual,high
2025-26,district_by_grade,District,,,9-12,2022-23,14329,actual,high
2025-26,district_by_grade,District,,,9-12,2023-24,14368,actual,high
2025-26,district_by_grade,District,,,9-12,2024-25,14384,actual,high
2025-26,district_by_grade,District,,,9-12,2025-26,14218,forecast,high
2025-26,district_by_grade,District,,,9-12,2026-27,13945,forecast,high
2025-26,district_by_grade,District,,,9-12,2027-28,13915,forecast,high
2025-26,district_by_grade,District,,,9-12,2028-29,13971,forecast,high
2025-26,district_by_grade,District,,,9-12,2029-30,13833,forecast,high
2025-26,district_by_grade,District,,,9-12,2030-31,13868,forecast,high
2025-26,district_by_grade,District,,,9-12,2031-32,13709,forecast,high
2025-26,district_by_grade,District,,,9-12,2032-33,13405,forecast,high
2025-26,district_by_grade,District,,,9-12,2033-34,13164,forecast,high
2025-26,district_by_grade,District,,,9-12,2034-35,12759,forecast,high
2025-26,district_by_grade,District,,,9-12,2035-36,12418,forecast,high
2025-26,district_by_grade,District,,,9-12,2036-37,12140,forecast,high
2025-26,district_by_grade,District,,,9-12,2037-38,12117,forecast,high
2025-26,district_by_grade,District,,,9-12,2038-39,12350,forecast,high
2025-26,district_by_grade,District,,,9-12,2039-40,12744,forecast,high
2025-26,school_program,Abernethy,ES,Total,K-5,2022-23,352,actual,middle
2025-26,school_program,Abernethy,ES,Total,K-5,2023-24,330,actual,middle
2025-26,school_program,Abernethy,ES,Total,K-5,2024-25,284,actual,middle
2025-26,school_program,Abernethy,ES,Total,K-5,2025-26,256,forecast,middle
2025-26,school_program,Abernethy,ES,Total,K-5,2026-27,233,forecast,middle
2025-26,school_program,Abernethy,ES,Total,K-5,2027-28,222,forecast,middle
2025-26,school_program,Abernethy,ES,Total,K-5,2028-29,215,forecast,middle
2025-26,school_program,Abernethy,ES,Total,K-5,2029-30,217,forecast,middle
2025-26,school_program,Abernethy,ES,Total,K-5,2030-31,216,forecast,middle
2025-26,school_program,Abernethy,ES,Total,K-5,2031-32,219,forecast,middle
2025-26,school_program,Abernethy,ES,Total,K-5,2032-33,219,forecast,middle
2025-26,school_program,Abernethy,ES,Total,K-5,2033-34,222,forecast,middle
2025-26,school_program,Abernethy,ES,Total,K-5,2034-35,219,forecast,middle
2025-26,school_program,Buckman,ES,Total,K-5,2022-23,394,actual,middle
2025-26,school_program,Buckman,ES,Total,K-5,2023-24,371,actual,middle
2025-26,school_program,Buckman,ES,Total,K-5,2024-25,308,actual,middle
2025-26,school_program,Buckman,ES,Total,K-5,2025-26,284,forecast,middle
2025-26,school_program,Buckman,ES,Total,K-5,2026-27,245,forecast,middle
2025-26,school_program,Buckman,ES,Total,K-5,2027-28,223,forecast,middle
2025-26,school_program,Buckman,ES,Total,K-5,2028-29,219,forecast,middle
2025-26,school_program,Buckman,ES,Total,K-5,2029-30,218,forecast,middle
2025-26,school_program,Buckman,ES,Total,K-5,2030-31,225,forecast,middle
2025-26,school_program,Buckman,ES,Total,K-5,2031-32,225,forecast,middle
2025-26,school_program,Buckman,ES,Total,K-5,2032-33,228,forecast,middle
2025-26,school_program,Buckman,ES,Total,K-5,2033-34,230,forecast,middle
2025-26,school_program,Buckman,ES,Total,K-5,2034-35,228,forecast,middle
2025-26,school_program,Duniway,ES,Total,K-5,2022-23,422,actual,middle
2025-26,school_program,Duniway,ES,Total,K-5,2023-24,409,actual,middle
2025-26,school_program,Duniway,ES,Total,K-5,2024-25,387,actual,middle
2025-26,school_program,Duniway,ES,Total,K-5,2025-26,367,forecast,middle
2025-26,school_program,Duniway,ES,Total,K-5,2026-27,356,forecast,middle
2025-26,school_program,Duniway,ES,Total,K-5,2027-28,317,forecast,middle
2025-26,school_program,Duniway,ES,Total,K-5,2028-29,314,forecast,middle
2025-26,school_program,Duniway,ES,Total,K-5,2029-30,310,forecast,middle
2025-26,school_program,Duniway,ES,Total,K-5,2030-31,313,forecast,middle
2025-26,school_program,Duniway,ES,Total,K-5,2031-32,318,forecast,middle
2025-26,school_program,Duniway,ES,Total,K-5,2032-33,322,forecast,middle
2025-26,school_program,Duniway,ES,Total,K-5,2033-34,321,forecast,middle
2025-26,school_program,Duniway,ES,Total,K-5,2034-35,321,forecast,middle
2025-26,school_program,Grout,ES,Total,K-5,2022-23,316,actual,middle
2025-26,school_program,Grout,ES,Total,K-5,2023-24,302,actual,middle
2025-26,school_program,Grout,ES,Total,K-5,2024-25,294,actual,middle
2025-26,school_program,Grout,ES,Total,K-5,2025-26,279,forecast,middle
2025-26,school_program,Grout,ES,Total,K-5,2026-27,256,forecast,middle
2025-26,school_program,Grout,ES,Total,K-5,2027-28,247,forecast,middle
2025-26,school_program,Grout,ES,Total,K-5,2028-29,234,forecast,middle
2025-26,school_program,Grout,ES,Total,K-5,2029-30,237,forecast,middle
2025-26,school_program,Grout,ES,Total,K-5,2030-31,240,forecast,middle
2025-26,school_program,Grout,ES,Total,K-5,2031-32,244,forecast,middle
2025-26,school_program,Grout,ES,Total,K-5,2032-33,248,forecast,middle
2025-26,school_program,Grout,ES,Total,K-5,2033-34,252,forecast,middle
2025-26,school_program,Grout,ES,Total,K-5,2034-35,251,forecast,middle
2025-26,school_program,Lewis,ES,Total,K-5,2022-23,320,actual,middle
2025-26,school_program,Lewis,ES,Total,K-5,2023-24,298,actual,middle
2025-26,school_program,Lewis,ES,Total,K-5,2024-25,264,actual,middle
2025-26,school_program,Lewis,ES,Total,K-5,2025-26,256,forecast,middle
2025-26,school_program,Lewis,ES,Total,K-5,2026-27,236,forecast,middle
2025-26,school_program,Lewis,ES,Total,K-5,2027-28,213,forecast,middle
2025-26,school_program,Lewis,ES,Total,K-5,2028-29,185,forecast,middle
2025-26,school_program,Lewis,ES,Total,K-5,2029-30,190,forecast,middle
2025-26,school_program,Lewis,ES,Total,K-5,2030-31,191,forecast,middle
2025-26,school_program,Lewis,ES,Total,K-5,2031-32,195,forecast,middle
2025-26,school_program,Lewis,ES,Total,K-5,2032-33,195,forecast,middle
2025-26,school_program,Lewis,ES,Total,K-5,2033-34,197,forecast,middle
2025-26,school_program,Lewis,ES,Total,K-5,2034-35,197,forecast,middle
2025-26,school_program,Llewellyn,ES,Total,K-5,2022-23,415,actual,middle
2025-26,school_program,Llewellyn,ES,Total,K-5,2023-24,393,actual,middle
2025-26,school_program,Llewellyn,ES,Total,K-5,2024-25,373,actual,middle
2025-26,school_program,Llewellyn,ES,Total,K-5,2025-26,345,forecast,middle
2025-26,school_program,Llewellyn,ES,Total,K-5,2026-27,333,forecast,middle
2025-26,school_program,Llewellyn,ES,Total,K-5,2027-28,311,forecast,middle
2025-26,school_program,Llewellyn,ES,Total,K-5,2028-29,302,forecast,middle
2025-26,school_program,Llewellyn,ES,Total,K-5,2029-30,316,forecast,middle
2025-26,school_program,Llewellyn,ES,Total,K-5,2030-31,329,forecast,middle
2025-26,school_program,Llewellyn,ES,Total,K-5,2031-32,332,forecast,middle
2025-26,school_program,Llewellyn,ES,Total,K-5,2032-33,336,forecast,middle
2025-26,school_program,Llewellyn,ES,Total,K-5,2033-34,337,forecast,middle
2025-26,school_program,Llewellyn,ES,Total,K-5,2034-35,335,forecast,middle
2025-26,school_program,Whitman,ES,Total,K-5,2022-23,153,actual,middle
2025-26,school_program,Whitman,ES,Total,K-5,2023-24,180,actual,middle
2025-26,school_program,Whitman,ES,Total,K-5,2024-25,198,actual,middle
2025-26,school_program,Whitman,ES,Total,K-5,2025-26,206,forecast,middle
2025-26,school_program,Whitman,ES,Total,K-5,2026-27,213,forecast,middle
2025-26,school_program,Whitman,ES,Total,K-5,2027-28,220,forecast,middle
2025-26,school_program,Whitman,ES,Total,K-5,2028-29,228,forecast,middle
2025-26,school_program,Whitman,ES,Total,K-5,2029-30,227,forecast,middle
2025-26,school_program,Whitman,ES,Total,K-5,2030-31,228,forecast,middle
2025-26,school_program,Whitman,ES,Total,K-5,2031-32,232,forecast,middle
2025-26,school_program,Whitman,ES,Total,K-5,2032-33,235,forecast,middle
2025-26,school_program,Whitman,ES,Total,K-5,2033-34,237,forecast,middle
2025-26,school_program,Whitman,ES,Total,K-5,2034-35,236,forecast,middle
2025-26,school_program,Woodstock,ES,Mandarin,K-5,2022-23,248,actual,middle
2025-26,school_program,Woodstock,ES,Mandarin,K-5,2023-24,237,actual,middle
2025-26,school_program,Woodstock,ES,Mandarin,K-5,2024-25,206,actual,middle
2025-26,school_program,Woodstock,ES,Mandarin,K-5,2025-26,189,forecast,middle
2025-26,school_program,Woodstock,ES,Mandarin,K-5,2026-27,186,forecast,middle
2025-26,school_program,Woodstock,ES,Mandarin,K-5,2027-28,180,forecast,middle
2025-26,school_program,Woodstock,ES,Mandarin,K-5,2028-29,180,forecast,middle
2025-26,school_program,Woodstock,ES,Mandarin,K-5,2029-30,176,forecast,middle
2025-26,school_program,Woodstock,ES,Mandarin,K-5,2030-31,182,forecast,middle
2025-26,school_program,Woodstock,ES,Mandarin,K-5,2031-32,183,forecast,middle
2025-26,school_program,Woodstock,ES,Mandarin,K-5,2032-33,184,forecast,middle
2025-26,school_program,Woodstock,ES,Mandarin,K-5,2033-34,185,forecast,middle
2025-26,school_program,Woodstock,ES,Mandarin,K-5,2034-35,184,forecast,middle
2025-26,school_program,Woodstock,ES,Neighborhood,K-5,2022-23,240,actual,middle
2025-26,school_program,Woodstock,ES,Neighborhood,K-5,2023-24,214,actual,middle
2025-26,school_program,Woodstock,ES,Neighborhood,K-5,2024-25,188,actual,middle
2025-26,school_program,Woodstock,ES,Neighborhood,K-5,2025-26,168,forecast,middle
2025-26,school_program,Woodstock,ES,Neighborhood,K-5,2026-27,148,forecast,middle
2025-26,school_program,Woodstock,ES,Neighborhood,K-5,2027-28,128,forecast,middle
2025-26,school_program,Woodstock,ES,Neighborhood,K-5,2028-29,125,forecast,middle
2025-26,school_program,Woodstock,ES,Neighborhood,K-5,2029-30,128,forecast,middle
2025-26,school_program,Woodstock,ES,Neighborhood,K-5,2030-31,130,forecast,middle
2025-26,school_program,Woodstock,ES,Neighborhood,K-5,2031-32,131,forecast,middle
2025-26,school_program,Woodstock,ES,Neighborhood,K-5,2032-33,131,forecast,middle
2025-26,school_program,Woodstock,ES,Neighborhood,K-5,2033-34,129,forecast,middle
2025-26,school_program,Woodstock,ES,Neighborhood,K-5,2034-35,127,forecast,middle
2025-26,school_program,Woodstock,ES,Total,K-5,2022-23,488,actual,middle
2025-26,school_program,Woodstock,ES,Total,K-5,2023-24,451,actual,middle
2025-26,school_program,Woodstock,ES,Total,K-5,2024-25,394,actual,middle
2025-26,school_program,Woodstock,ES,Total,K-5,2025-26,357,forecast,middle
2025-26,school_program,Woodstock,ES,Total,K-5,2026-27,334,forecast,middle
2025-26,school_program,Woodstock,ES,Total,K-5,2027-28,308,forecast,middle
2025-26,school_program,Woodstock,ES,Total,K-5,2028-29,305,forecast,middle
2025-26,school_program,Woodstock,ES,Total,K-5,2029-30,304,forecast,middle
2025-26,school_program,Woodstock,ES,Total,K-5,2030-31,312,forecast,middle
2025-26,school_program,Woodstock,ES,Total,K-5,2031-32,314,forecast,middle
2025-26,school_program,Woodstock,ES,Total,K-5,2032-33,315,forecast,middle
2025-26,school_program,Woodstock,ES,Total,K-5,2033-34,314,forecast,middle
2025-26,school_program,Woodstock,ES,Total,K-5,2034-35,311,forecast,middle
2025-26,school_program,Hosford,MS,Mandarin,6-8,2022-23,96,actual,middle
2025-26,school_program,Hosford,MS,Mandarin,6-8,2023-24,0,actual,middle
2025-26,school_program,Hosford,MS,Mandarin,6-8,2024-25,0,actual,middle
2025-26,school_program,Hosford,MS,Mandarin,6-8,2025-26,0,forecast,middle
2025-26,school_program,Hosford,MS,Mandarin,6-8,2026-27,0,forecast,middle
2025-26,school_program,Hosford,MS,Mandarin,6-8,2027-28,0,forecast,middle
2025-26,school_program,Hosford,MS,Mandarin,6-8,2028-29,0,forecast,middle
2025-26,school_program,Hosford,MS,Mandarin,6-8,2029-30,0,forecast,middle
2025-26,school_program,Hosford,MS,Mandarin,6-8,2030-31,0,forecast,middle
2025-26,school_program,Hosford,MS,Mandarin,6-8,2031-32,0,forecast,middle
2025-26,school_program,Hosford,MS,Mandarin,6-8,2032-33,0,forecast,middle
2025-26,school_program,Hosford,MS,Mandarin,6-8,2033-34,0,forecast,middle
2025-26,school_program,Hosford,MS,Mandarin,6-8,2034-35,0,forecast,middle
2025-26,school_program,Hosford,MS,Neighborhood,6-8,2022-23,469,actual,middle
2025-26,school_program,Hosford,MS,Neighborhood,6-8,2023-24,517,actual,middle
2025-26,school_program,Hosford,MS,Neighborhood,6-8,2024-25,537,actual,middle
2025-26,school_program,Hosford,MS,Neighborhood,6-8,2025-26,509,forecast,middle
2025-26,school_program,Hosford,MS,Neighborhood,6-8,2026-27,484,forecast,middle
2025-26,school_program,Hosford,MS,Neighborhood,6-8,2027-28,431,forecast,middle
2025-26,school_program,Hosford,MS,Neighborhood,6-8,2028-29,0,forecast,middle
2025-26,school_program,Hosford,MS,Neighborhood,6-8,2029-30,0,forecast,middle
2025-26,school_program,Hosford,MS,Neighborhood,6-8,2030-31,0,forecast,middle
2025-26,school_program,Hosford,MS,Neighborhood,6-8,2031-32,0,forecast,middle
2025-26,school_program,Hosford,MS,Neighborhood,6-8,2032-33,0,forecast,middle
2025-26,school_program,Hosford,MS,Neighborhood,6-8,2033-34,0,forecast,middle
2025-26,school_program,Hosford,MS,Neighborhood,6-8,2034-35,0,forecast,middle
2025-26,school_program,Hosford,MS,Total,6-8,2022-23,565,actual,middle
2025-26,school_program,Hosford,MS,Total,6-8,2023-24,517,actual,middle
2025-26,school_program,Hosford,MS,Total,6-8,2024-25,537,actual,middle
2025-26,school_program,Hosford,MS,Total,6-8,2025-26,509,forecast,middle
2025-26,school_program,Hosford,MS,Total,6-8,2026-27,484,forecast,middle
2025-26,school_program,Hosford,MS,Total,6-8,2027-28,431,forecast,middle
2025-26,school_program,Hosford,MS,Total,6-8,2028-29,404,forecast,middle
2025-26,school_program,Hosford,MS,Total,6-8,2029-30,352,forecast,middle
2025-26,school_program,Hosford,MS,Total,6-8,2030-31,336,forecast,middle
2025-26,school_program,Hosford,MS,Total,6-8,2031-32,313,forecast,middle
2025-26,school_program,Hosford,MS,Total,6-8,2032-33,309,forecast,middle
2025-26,school_program,Hosford,MS,Total,6-8,2033-34,313,forecast,middle
2025-26,school_program,Hosford,MS,Total,6-8,2034-35,317,forecast,middle
2025-26,school_program,Sellwood,MS,Total,6-8,2022-23,563,actual,middle
2025-26,school_program,Sellwood,MS,Total,6-8,2023-24,567,actual,middle
2025-26,school_program,Sellwood,MS,Total,6-8,2024-25,576,actual,middle
2025-26,school_program,Sellwood,MS,Total,6-8,2025-26,564,forecast,middle
2025-26,school_program,Sellwood,MS,Total,6-8,2026-27,536,forecast,middle
2025-26,school_program,Sellwood,MS,Total,6-8,2027-28,523,forecast,middle
2025-26,school_program,Sellwood,MS,Total,6-8,2028-29,501,forecast,middle
2025-26,school_program,Sellwood,MS,Total,6-8,2029-30,468,forecast,middle
2025-26,school_program,Sellwood,MS,Total,6-8,2030-31,408,forecast,middle
2025-26,school_program,Sellwood,MS,Total,6-8,2031-32,375,forecast,middle
2025-26,school_program,Sellwood,MS,Total,6-8,2032-33,373,forecast,middle
2025-26,school_program,Sellwood,MS,Total,6-8,2033-34,376,forecast,middle
2025-26,school_program,Sellwood,MS,Total,6-8,2034-35,378,forecast,middle
2025-26,school_program,Cleveland,HS,Mandarin,9-12,2022-23,131,actual,middle
2025-26,school_program,Cleveland,HS,Mandarin,9-12,2023-24,146,actual,middle
2025-26,school_program,Cleveland,HS,Mandarin,9-12,2024-25,131,actual,middle
2025-26,school_program,Cleveland,HS,Mandarin,9-12,2025-26,116,forecast,middle
2025-26,school_program,Cleveland,HS,Mandarin,9-12,2026-27,99,forecast,middle
2025-26,school_program,Cleveland,HS,Mandarin,9-12,2027-28,92,forecast,middle
2025-26,school_program,Cleveland,HS,Mandarin,9-12,2028-29,108,forecast,middle
2025-26,school_program,Cleveland,HS,Mandarin,9-12,2029-30,122,forecast,middle
2025-26,school_program,Cleveland,HS,Mandarin,9-12,2030-31,129,forecast,middle
2025-26,school_program,Cleveland,HS,Mandarin,9-12,2031-32,130,forecast,middle
2025-26,school_program,Cleveland,HS,Mandarin,9-12,2032-33,122,forecast,middle
2025-26,school_program,Cleveland,HS,Mandarin,9-12,2033-34,122,forecast,middle
2025-26,school_program,Cleveland,HS,Mandarin,9-12,2034-35,119,forecast,middle
2025-26,school_program,Cleveland,HS,Neighborhood,9-12,2022-23,1415,actual,middle
2025-26,school_program,Cleveland,HS,Neighborhood,9-12,2023-24,1328,actual,middle
2025-26,school_program,Cleveland,HS,Neighborhood,9-12,2024-25,1291,actual,middle
2025-26,school_program,Cleveland,HS,Neighborhood,9-12,2025-26,1282,forecast,middle
2025-26,school_program,Cleveland,HS,Neighborhood,9-12,2026-27,1270,forecast,middle
2025-26,school_program,Cleveland,HS,Neighborhood,9-12,2027-28,1317,forecast,middle
2025-26,school_program,Cleveland,HS,Neighborhood,9-12,2028-29,1299,forecast,middle
2025-26,school_program,Cleveland,HS,Neighborhood,9-12,2029-30,1249,forecast,middle
2025-26,school_program,Cleveland,HS,Neighborhood,9-12,2030-31,1187,forecast,middle
2025-26,school_program,Cleveland,HS,Neighborhood,9-12,2031-32,1132,forecast,middle
2025-26,school_program,Cleveland,HS,Neighborhood,9-12,2032-33,1034,forecast,middle
2025-26,school_program,Cleveland,HS,Neighborhood,9-12,2033-34,951,forecast,middle
2025-26,school_program,Cleveland,HS,Neighborhood,9-12,2034-35,894,forecast,middle
2025-26,school_program,Cleveland,HS,Total,9-12,2022-23,1546,actual,middle
2025-26,school_program,Cleveland,HS,Total,9-12,2023-24,1474,actual,middle
2025-26,school_program,Cleveland,HS,Total,9-12,2024-25,1422,actual,middle
2025-26,school_program,Cleveland,HS,Total,9-12,2025-26,1398,forecast,middle
2025-26,school_program,Cleveland,HS,Total,9-12,2026-27,1369,forecast,middle
2025-26,school_program,Cleveland,HS,Total,9-12,2027-28,1409,forecast,middle
2025-26,school_program,Cleveland,HS,Total,9-12,2028-29,1407,forecast,middle
2025-26,school_program,Cleveland,HS,Total,9-12,2029-30,1371,forecast,middle
2025-26,school_program,Cleveland,HS,Total,9-12,2030-31,1316,forecast,middle
2025-26,school_program,Cleveland,HS,Total,9-12,2031-32,1262,forecast,middle
2025-26,school_program,Cleveland,HS,Total,9-12,2032-33,1156,forecast,middle
2025-26,school_program,Cleveland,HS,Total,9-12,2033-34,1073,forecast,middle
2025-26,school_program,Cleveland,HS,Total,9-12,2034-35,1013,forecast,middle
2025-26,school_program,Arleta,ES,Total,K-5,2022-23,256,actual,middle
2025-26,school_program,Arleta,ES,Total,K-5,2023-24,274,actual,middle
2025-26,school_program,Arleta,ES,Total,K-5,2024-25,252,actual,middle
2025-26,school_program,Arleta,ES,Total,K-5,2025-26,230,forecast,middle
2025-26,school_program,Arleta,ES,Total,K-5,2026-27,212,forecast,middle
2025-26,school_program,Arleta,ES,Total,K-5,2027-28,209,forecast,middle
2025-26,school_program,Arleta,ES,Total,K-5,2028-29,207,forecast,middle
2025-26,school_program,Arleta,ES,Total,K-5,2029-30,205,forecast,middle
2025-26,school_program,Arleta,ES,Total,K-5,2030-31,215,forecast,middle
2025-26,school_program,Arleta,ES,Total,K-5,2031-32,221,forecast,middle
2025-26,school_program,Arleta,ES,Total,K-5,2032-33,225,forecast,middle
2025-26,school_program,Arleta,ES,Total,K-5,2033-34,224,forecast,middle
2025-26,school_program,Arleta,ES,Total,K-5,2034-35,223,forecast,middle
2025-26,school_program,Atkinson,ES,Neighborhood,K-5,2022-23,196,actual,middle
2025-26,school_program,Atkinson,ES,Neighborhood,K-5,2023-24,203,actual,middle
2025-26,school_program,Atkinson,ES,Neighborhood,K-5,2024-25,188,actual,middle
2025-26,school_program,Atkinson,ES,Neighborhood,K-5,2025-26,182,forecast,middle
2025-26,school_program,Atkinson,ES,Neighborhood,K-5,2026-27,167,forecast,middle
2025-26,school_program,Atkinson,ES,Neighborhood,K-5,2027-28,172,forecast,middle
2025-26,school_program,Atkinson,ES,Neighborhood,K-5,2028-29,175,forecast,middle
2025-26,school_program,Atkinson,ES,Neighborhood,K-5,2029-30,174,forecast,middle
2025-26,school_program,Atkinson,ES,Neighborhood,K-5,2030-31,187,forecast,middle
2025-26,school_program,Atkinson,ES,Neighborhood,K-5,2031-32,192,forecast,middle
2025-26,school_program,Atkinson,ES,Neighborhood,K-5,2032-33,192,forecast,middle
2025-26,school_program,Atkinson,ES,Neighborhood,K-5,2033-34,194,forecast,middle
2025-26,school_program,Atkinson,ES,Neighborhood,K-5,2034-35,194,forecast,middle
2025-26,school_program,Atkinson,ES,Spanish,K-5,2022-23,141,actual,middle
2025-26,school_program,Atkinson,ES,Spanish,K-5,2023-24,163,actual,middle
2025-26,school_program,Atkinson,ES,Spanish,K-5,2024-25,185,actual,middle
2025-26,school_program,Atkinson,ES,Spanish,K-5,2025-26,181,forecast,middle
2025-26,school_program,Atkinson,ES,Spanish,K-5,2026-27,181,forecast,middle
2025-26,school_program,Atkinson,ES,Spanish,K-5,2027-28,180,forecast,middle
2025-26,school_program,Atkinson,ES,Spanish,K-5,2028-29,180,forecast,middle
2025-26,school_program,Atkinson,ES,Spanish,K-5,2029-30,182,forecast,middle
2025-26,school_program,Atkinson,ES,Spanish,K-5,2030-31,172,forecast,middle
2025-26,school_program,Atkinson,ES,Spanish,K-5,2031-32,175,forecast,middle
2025-26,school_program,Atkinson,ES,Spanish,K-5,2032-33,178,forecast,middle
2025-26,school_program,Atkinson,ES,Spanish,K-5,2033-34,183,forecast,middle
2025-26,school_program,Atkinson,ES,Spanish,K-5,2034-35,184,forecast,middle
2025-26,school_program,Atkinson,ES,Total,K-5,2022-23,337,actual,middle
2025-26,school_program,Atkinson,ES,Total,K-5,2023-24,366,actual,middle
2025-26,school_program,Atkinson,ES,Total,K-5,2024-25,373,actual,middle
2025-26,school_program,Atkinson,ES,Total,K-5,2025-26,363,forecast,middle
2025-26,school_program,Atkinson,ES,Total,K-5,2026-27,348,forecast,middle
2025-26,school_program,Atkinson,ES,Total,K-5,2027-28,352,forecast,middle
2025-26,school_program,Atkinson,ES,Total,K-5,2028-29,355,forecast,middle
2025-26,school_program,Atkinson,ES,Total,K-5,2029-30,356,forecast,middle
2025-26,school_program,Atkinson,ES,Total,K-5,2030-31,359,forecast,middle
2025-26,school_program,Atkinson,ES,Total,K-5,2031-32,367,forecast,middle
2025-26,school_program,Atkinson,ES,Total,K-5,2032-33,370,forecast,middle
2025-26,school_program,Atkinson,ES,Total,K-5,2033-34,377,forecast,middle
2025-26,school_program,Atkinson,ES,Total,K-5,2034-35,378,forecast,middle
2025-26,school_program,Creston,ES,Total,K-5,2022-23,259,actual,middle
2025-26,school_program,Creston,ES,Total,K-5,2023-24,238,actual,middle
2025-26,school_program,Creston,ES,Total,K-5,2024-25,241,actual,middle
2025-26,school_program,Creston,ES,Total,K-5,2025-26,226,forecast,middle
2025-26,school_program,Creston,ES,Total,K-5,2026-27,213,forecast,middle
2025-26,school_program,Creston,ES,Total,K-5,2027-28,228,forecast,middle
2025-26,school_program,Creston,ES,Total,K-5,2028-29,224,forecast,middle
2025-26,school_program,Creston,ES,Total,K-5,2029-30,222,forecast,middle
2025-26,school_program,Creston,ES,Total,K-5,2030-31,221,forecast,middle
2025-26,school_program,Creston,ES,Total,K-5,2031-32,220,forecast,middle
2025-26,school_program,Creston,ES,Total,K-5,2032-33,217,forecast,middle
2025-26,school_program,Creston,ES,Total,K-5,2033-34,206,forecast,middle
2025-26,school_program,Creston,ES,Total,K-5,2034-35,205,forecast,middle
2025-26,school_program,Glencoe,ES,Total,K-5,2022-23,394,actual,middle
2025-26,school_program,Glencoe,ES,Total,K-5,2023-24,372,actual,middle
2025-26,school_program,Glencoe,ES,Total,K-5,2024-25,356,actual,middle
2025-26,school_program,Glencoe,ES,Total,K-5,2025-26,330,forecast,middle
2025-26,school_program,Glencoe,ES,Total,K-5,2026-27,305,forecast,middle
2025-26,school_program,Glencoe,ES,Total,K-5,2027-28,281,forecast,middle
2025-26,school_program,Glencoe,ES,Total,K-5,2028-29,257,forecast,middle
2025-26,school_program,Glencoe,ES,Total,K-5,2029-30,266,forecast,middle
2025-26,school_program,Glencoe,ES,Total,K-5,2030-31,269,forecast,middle
2025-26,school_program,Glencoe,ES,Total,K-5,2031-32,275,forecast,middle
2025-26,school_program,Glencoe,ES,Total,K-5,2032-33,283,forecast,middle
2025-26,school_program,Glencoe,ES,Total,K-5,2033-34,289,forecast,middle
2025-26,school_program,Glencoe,ES,Total,K-5,2034-35,285,forecast,middle
2025-26,school_program,Kelly,ES,Neighborhood,K-5,2022-23,213,actual,middle
2025-26,school_program,Kelly,ES,Neighborhood,K-5,2023-24,232,actual,middle
2025-26,school_program,Kelly,ES,Neighborhood,K-5,2024-25,246,actual,middle
2025-26,school_program,Kelly,ES,Neighborhood,K-5,2025-26,263,forecast,middle
2025-26,school_program,Kelly,ES,Neighborhood,K-5,2026-27,252,forecast,middle
2025-26,school_program,Kelly,ES,Neighborhood,K-5,2027-28,232,forecast,middle
2025-26,school_program,Kelly,ES,Neighborhood,K-5,2028-29,234,forecast,middle
2025-26,school_program,Kelly,ES,Neighborhood,K-5,2029-30,232,forecast,middle
2025-26,school_program,Kelly,ES,Neighborhood,K-5,2030-31,224,forecast,middle
2025-26,school_program,Kelly,ES,Neighborhood,K-5,2031-32,224,forecast,middle
2025-26,school_program,Kelly,ES,Neighborhood,K-5,2032-33,225,forecast,middle
2025-26,school_program,Kelly,ES,Neighborhood,K-5,2033-34,233,forecast,middle
2025-26,school_program,Kelly,ES,Neighborhood,K-5,2034-35,232,forecast,middle
2025-26,school_program,Kelly,ES,Russian,K-5,2022-23,142,actual,middle
2025-26,school_program,Kelly,ES,Russian,K-5,2023-24,144,actual,middle
2025-26,school_program,Kelly,ES,Russian,K-5,2024-25,139,actual,middle
2025-26,school_program,Kelly,ES,Russian,K-5,2025-26,136,forecast,middle
2025-26,school_program,Kelly,ES,Russian,K-5,2026-27,130,forecast,middle
2025-26,school_program,Kelly,ES,Russian,K-5,2027-28,117,forecast,middle
2025-26,school_program,Kelly,ES,Russian,K-5,2028-29,109,forecast,middle
2025-26,school_program,Kelly,ES,Russian,K-5,2029-30,112,forecast,middle
2025-26,school_program,Kelly,ES,Russian,K-5,2030-31,109,forecast,middle
2025-26,school_program,Kelly,ES,Russian,K-5,2031-32,110,forecast,middle
2025-26,school_program,Kelly,ES,Russian,K-5,2032-33,111,forecast,middle
2025-26,school_program,Kelly,ES,Russian,K-5,2033-34,113,forecast,middle
2025-26,school_program,Kelly,ES,Russian,K-5,2034-35,112,forecast,middle
2025-26,school_program,Kelly,ES,Total,K-5,2022-23,355,actual,middle
2025-26,school_program,Kelly,ES,Total,K-5,2023-24,376,actual,middle
2025-26,school_program,Kelly,ES,Total,K-5,2024-25,385,actual,middle
2025-26,school_program,Kelly,ES,Total,K-5,2025-26,399,forecast,middle
2025-26,school_program,Kelly,ES,Total,K-5,2026-27,382,forecast,middle
2025-26,school_program,Kelly,ES,Total,K-5,2027-28,349,forecast,middle
2025-26,school_program,Kelly,ES,Total,K-5,2028-29,343,forecast,middle
2025-26,school_program,Kelly,ES,Total,K-5,2029-30,344,forecast,middle
2025-26,school_program,Kelly,ES,Total,K-5,2030-31,333,forecast,middle
2025-26,school_program,Kelly,ES,Total,K-5,2031-32,334,forecast,middle
2025-26,school_program,Kelly,ES,Total,K-5,2032-33,336,forecast,middle
2025-26,school_program,Kelly,ES,Total,K-5,2033-34,346,forecast,middle
2025-26,school_program,Kelly,ES,Total,K-5,2034-35,344,forecast,middle
2025-26,school_program,Lent,ES,Neighborhood,K-5,2022-23,122,actual,middle
2025-26,school_program,Lent,ES,Neighborhood,K-5,2023-24,0,actual,middle
2025-26,school_program,Lent,ES,Neighborhood,K-5,2024-25,0,actual,middle
2025-26,school_program,Lent,ES,Neighborhood,K-5,2025-26,0,forecast,middle
2025-26,school_program,Lent,ES,Neighborhood,K-5,2026-27,0,forecast,middle
2025-26,school_program,Lent,ES,Neighborhood,K-5,2027-28,0,forecast,middle
2025-26,school_program,Lent,ES,Neighborhood,K-5,2028-29,0,forecast,middle
2025-26,school_program,Lent,ES,Neighborhood,K-5,2029-30,0,forecast,middle
2025-26,school_program,Lent,ES,Neighborhood,K-5,2030-31,0,forecast,middle
2025-26,school_program,Lent,ES,Neighborhood,K-5,2031-32,0,forecast,middle
2025-26,school_program,Lent,ES,Neighborhood,K-5,2032-33,0,forecast,middle
2025-26,school_program,Lent,ES,Neighborhood,K-5,2033-34,0,forecast,middle
2025-26,school_program,Lent,ES,Neighborhood,K-5,2034-35,0,forecast,middle
2025-26,school_program,Lent,ES,Spanish,K-5,2022-23,128,actual,middle
2025-26,school_program,Lent,ES,Spanish,K-5,2023-24,273,actual,middle
2025-26,school_program,Lent,ES,Spanish,K-5,2024-25,256,actual,middle
2025-26,school_program,Lent,ES,Spanish,K-5,2025-26,269,forecast,middle
2025-26,school_program,Lent,ES,Spanish,K-5,2026-27,261,forecast,middle
2025-26,school_program,Lent,ES,Spanish,K-5,2027-28,259,forecast,middle
2025-26,school_program,Lent,ES,Spanish,K-5,2028-29,263,forecast,middle
2025-26,school_program,Lent,ES,Spanish,K-5,2029-30,256,forecast,middle
2025-26,school_program,Lent,ES,Spanish,K-5,2030-31,261,forecast,middle
2025-26,school_program,Lent,ES,Spanish,K-5,2031-32,263,forecast,middle
2025-26,school_program,Lent,ES,Spanish,K-5,2032-33,270,forecast,middle
2025-26,school_program,Lent,ES,Spanish,K-5,2033-34,276,forecast,middle
2025-26,school_program,Lent,ES,Spanish,K-5,2034-35,282,forecast,middle
2025-26,school_program,Lent,ES,Total,K-5,2022-23,250,actual,middle
2025-26,school_program,Lent,ES,Total,K-5,2023-24,273,actual,middle
2025-26,school_program,Lent,ES,Total,K-5,2024-25,256,actual,middle
2025-26,school_program,Lent,ES,Total,K-5,2025-26,269,forecast,middle
2025-26,school_program,Lent,ES,Total,K-5,2026-27,261,forecast,middle
2025-26,school_program,Lent,ES,Total,K-5,2027-28,259,forecast,middle
2025-26,school_program,Lent,ES,Total,K-5,2028-29,263,forecast,middle
2025-26,school_program,Lent,ES,Total,K-5,2029-30,256,forecast,middle
2025-26,school_program,Lent,ES,Total,K-5,2030-31,261,forecast,middle
2025-26,school_program,Lent,ES,Total,K-5,2031-32,263,forecast,middle
2025-26,school_program,Lent,ES,Total,K-5,2032-33,270,forecast,middle
2025-26,school_program,Lent,ES,Total,K-5,2033-34,276,forecast,middle
2025-26,school_program,Lent,ES,Total,K-5,2034-35,282,forecast,middle
2025-26,school_program,Marysville,ES,Total,K-5,2022-23,286,actual,middle
2025-26,school_program,Marysville,ES,Total,K-5,2023-24,359,actual,middle
2025-26,school_program,Marysville,ES,Total,K-5,2024-25,320,actual,middle
2025-26,school_program,Marysville,ES,Total,K-5,2025-26,297,forecast,middle
2025-26,school_program,Marysville,ES,Total,K-5,2026-27,284,forecast,middle
2025-26,school_program,Marysville,ES,Total,K-5,2027-28,268,forecast,middle
2025-26,school_program,Marysville,ES,Total,K-5,2028-29,255,forecast,middle
2025-26,school_program,Marysville,ES,Total,K-5,2029-30,254,forecast,middle
2025-26,school_program,Marysville,ES,Total,K-5,2030-31,248,forecast,middle
2025-26,school_program,Marysville,ES,Total,K-5,2031-32,246,forecast,middle
2025-26,school_program,Marysville,ES,Total,K-5,2032-33,238,forecast,middle
2025-26,school_program,Marysville,ES,Total,K-5,2033-34,239,forecast,middle
2025-26,school_program,Marysville,ES,Total,K-5,2034-35,238,forecast,middle
2025-26,school_program,Woodmere,ES,Total,K-5,2022-23,235,actual,middle
2025-26,school_program,Woodmere,ES,Total,K-5,2023-24,248,actual,middle
2025-26,school_program,Woodmere,ES,Total,K-5,2024-25,242,actual,middle
2025-26,school_program,Woodmere,ES,Total,K-5,2025-26,243,forecast,middle
2025-26,school_program,Woodmere,ES,Total,K-5,2026-27,236,forecast,middle
2025-26,school_program,Woodmere,ES,Total,K-5,2027-28,227,forecast,middle
2025-26,school_program,Woodmere,ES,Total,K-5,2028-29,227,forecast,middle
2025-26,school_program,Woodmere,ES,Total,K-5,2029-30,225,forecast,middle
2025-26,school_program,Woodmere,ES,Total,K-5,2030-31,219,forecast,middle
2025-26,school_program,Woodmere,ES,Total,K-5,2031-32,216,forecast,middle
2025-26,school_program,Woodmere,ES,Total,K-5,2032-33,219,forecast,middle
2025-26,school_program,Woodmere,ES,Total,K-5,2033-34,222,forecast,middle
2025-26,school_program,Woodmere,ES,Total,K-5,2034-35,219,forecast,middle
2025-26,school_program,Bridger,-,Neighborhood,-,2022-23,139,actual,middle
2025-26,school_program,Bridger,-,Neighborhood,-,2023-24,0,actual,middle
2025-26,school_program,Bridger,-,Neighborhood,-,2024-25,0,actual,middle
2025-26,school_program,Bridger,-,Neighborhood,-,2025-26,0,forecast,middle
2025-26,school_program,Bridger,-,Neighborhood,-,2026-27,0,forecast,middle
2025-26,school_program,Bridger,-,Neighborhood,-,2027-28,0,forecast,middle
2025-26,school_program,Bridger,-,Neighborhood,-,2028-29,0,forecast,middle
2025-26,school_program,Bridger,-,Neighborhood,-,2029-30,0,forecast,middle
2025-26,school_program,Bridger,-,Neighborhood,-,2030-31,0,forecast,middle
2025-26,school_program,Bridger,-,Neighborhood,-,2031-32,0,forecast,middle
2025-26,school_program,Bridger,-,Neighborhood,-,2032-33,0,forecast,middle
2025-26,school_program,Bridger,-,Neighborhood,-,2033-34,0,forecast,middle
2025-26,school_program,Bridger,-,Neighborhood,-,2034-35,0,forecast,middle
2025-26,school_program,Bridger,-,Spanish,-,2022-23,190,actual,middle
2025-26,school_program,Bridger,-,Spanish,-,2023-24,0,actual,middle
2025-26,school_program,Bridger,-,Spanish,-,2024-25,0,actual,middle
2025-26,school_program,Bridger,-,Spanish,-,2025-26,0,forecast,middle
2025-26,school_program,Bridger,-,Spanish,-,2026-27,0,forecast,middle
2025-26,school_program,Bridger,-,Spanish,-,2027-28,0,forecast,middle
2025-26,school_program,Bridger,-,Spanish,-,2028-29,0,forecast,middle
2025-26,school_program,Bridger,-,Spanish,-,2029-30,0,forecast,middle
2025-26,school_program,Bridger,-,Spanish,-,2030-31,0,forecast,middle
2025-26,school_program,Bridger,-,Spanish,-,2031-32,0,forecast,middle
2025-26,school_program,Bridger,-,Spanish,-,2032-33,0,forecast,middle
2025-26,school_program,Bridger,-,Spanish,-,2033-34,0,forecast,middle
2025-26,school_program,Bridger,-,Spanish,-,2034-35,0,forecast,middle
2025-26,school_program,Bridger,-,Total,-,2022-23,329,actual,middle
2025-26,school_program,Bridger,-,Total,-,2023-24,0,actual,middle
2025-26,school_program,Bridger,-,Total,-,2024-25,0,actual,middle
2025-26,school_program,Bridger,-,Total,-,2025-26,0,forecast,middle
2025-26,school_program,Bridger,-,Total,-,2026-27,0,forecast,middle
2025-26,school_program,Bridger,-,Total,-,2027-28,0,forecast,middle
2025-26,school_program,Bridger,-,Total,-,2028-29,0,forecast,middle
2025-26,school_program,Bridger,-,Total,-,2029-30,0,forecast,middle
2025-26,school_program,Bridger,-,Total,-,2030-31,0,forecast,middle
2025-26,school_program,Bridger,-,Total,-,2031-32,0,forecast,middle
2025-26,school_program,Bridger,-,Total,-,2032-33,0,forecast,middle
2025-26,school_program,Bridger,-,Total,-,2033-34,0,forecast,middle
2025-26,school_program,Bridger,-,Total,-,2034-35,0,forecast,middle
2025-26,school_program,Bridger Creative Science,K8,Total,K-8,2022-23,0,actual,middle
2025-26,school_program,Bridger Creative Science,K8,Total,K-8,2023-24,515,actual,middle
2025-26,school_program,Bridger Creative Science,K8,Total,K-8,2024-25,474,actual,middle
2025-26,school_program,Bridger Creative Science,K8,Total,K-8,2025-26,468,forecast,middle
2025-26,school_program,Bridger Creative Science,K8,Total,K-8,2026-27,454,forecast,middle
2025-26,school_program,Bridger Creative Science,K8,Total,K-8,2027-28,440,forecast,middle
2025-26,school_program,Bridger Creative Science,K8,Total,K-8,2028-29,423,forecast,middle
2025-26,school_program,Bridger Creative Science,K8,Total,K-8,2029-30,435,forecast,middle
2025-26,school_program,Bridger Creative Science,K8,Total,K-8,2030-31,442,forecast,middle
2025-26,school_program,Bridger Creative Science,K8,Total,K-8,2031-32,441,forecast,middle
2025-26,school_program,Bridger Creative Science,K8,Total,K-8,2032-33,443,forecast,middle
2025-26,school_program,Bridger Creative Science,K8,Total,K-8,2033-34,448,forecast,middle
2025-26,school_program,Bridger Creative Science,K8,Total,K-8,2034-35,451,forecast,middle
2025-26,school_program,Sunnyside Environmental,K8,Total,K-8,2022-23,464,actual,middle
2025-26,school_program,Sunnyside Environmental,K8,Total,K-8,2023-24,447,actual,middle
2025-26,school_program,Sunnyside Environmental,K8,Total,K-8,2024-25,461,actual,middle
2025-26,school_program,Sunnyside Environmental,K8,Total,K-8,2025-26,453,forecast,middle
2025-26,school_program,Sunnyside Environmental,K8,Total,K-8,2026-27,436,forecast,middle
2025-26,school_program,Sunnyside Environmental,K8,Total,K-8,2027-28,434,forecast,middle
2025-26,school_program,Sunnyside Environmental,K8,Total,K-8,2028-29,448,forecast,middle
2025-26,school_program,Sunnyside Environmental,K8,Total,K-8,2029-30,449,forecast,middle
2025-26,school_program,Sunnyside Environmental,K8,Total,K-8,2030-31,458,forecast,middle
2025-26,school_program,Sunnyside Environmental,K8,Total,K-8,2031-32,449,forecast,middle
2025-26,school_program,Sunnyside Environmental,K8,Total,K-8,2032-33,458,forecast,middle
2025-26,school_program,Sunnyside Environmental,K8,Total,K-8,2033-34,444,forecast,middle
2025-26,school_program,Sunnyside Environmental,K8,Total,K-8,2034-35,446,forecast,middle
2025-26,school_program,Kellogg,MS,Neighborhood,6-8,2022-23,501,actual,middle
2025-26,school_program,Kellogg,MS,Neighborhood,6-8,2023-24,449,actual,middle
2025-26,school_program,Kellogg,MS,Neighborhood,6-8,2024-25,373,actual,middle
2025-26,school_program,Kellogg,MS,Neighborhood,6-8,2025-26,329,forecast,middle
2025-26,school_program,Kellogg,MS,Neighborhood,6-8,2026-27,312,forecast,middle
2025-26,school_program,Kellogg,MS,Neighborhood,6-8,2027-28,287,forecast,middle
2025-26,school_program,Kellogg,MS,Neighborhood,6-8,2028-29,266,forecast,middle
2025-26,school_program,Kellogg,MS,Neighborhood,6-8,2029-30,250,forecast,middle
2025-26,school_program,Kellogg,MS,Neighborhood,6-8,2030-31,241,forecast,middle
2025-26,school_program,Kellogg,MS,Neighborhood,6-8,2031-32,224,forecast,middle
2025-26,school_program,Kellogg,MS,Neighborhood,6-8,2032-33,222,forecast,middle
2025-26,school_program,Kellogg,MS,Neighborhood,6-8,2033-34,216,forecast,middle
2025-26,school_program,Kellogg,MS,Neighborhood,6-8,2034-35,219,forecast,middle
2025-26,school_program,Kellogg,MS,Spanish,6-8,2022-23,159,actual,middle
2025-26,school_program,Kellogg,MS,Spanish,6-8,2023-24,228,actual,middle
2025-26,school_program,Kellogg,MS,Spanish,6-8,2024-25,221,actual,middle
2025-26,school_program,Kellogg,MS,Spanish,6-8,2025-26,218,forecast,middle
2025-26,school_program,Kellogg,MS,Spanish,6-8,2026-27,227,forecast,middle
2025-26,school_program,Kellogg,MS,Spanish,6-8,2027-28,239,forecast,middle
2025-26,school_program,Kellogg,MS,Spanish,6-8,2028-29,246,forecast,middle
2025-26,school_program,Kellogg,MS,Spanish,6-8,2029-30,249,forecast,middle
2025-26,school_program,Kellogg,MS,Spanish,6-8,2030-31,253,forecast,middle
2025-26,school_program,Kellogg,MS,Spanish,6-8,2031-32,252,forecast,middle
2025-26,school_program,Kellogg,MS,Spanish,6-8,2032-33,238,forecast,middle
2025-26,school_program,Kellogg,MS,Spanish,6-8,2033-34,226,forecast,middle
2025-26,school_program,Kellogg,MS,Spanish,6-8,2034-35,231,forecast,middle
2025-26,school_program,Kellogg,MS,Total,6-8,2022-23,660,actual,middle
2025-26,school_program,Kellogg,MS,Total,6-8,2023-24,677,actual,middle
2025-26,school_program,Kellogg,MS,Total,6-8,2024-25,594,actual,middle
2025-26,school_program,Kellogg,MS,Total,6-8,2025-26,547,forecast,middle
2025-26,school_program,Kellogg,MS,Total,6-8,2026-27,539,forecast,middle
2025-26,school_program,Kellogg,MS,Total,6-8,2027-28,526,forecast,middle
2025-26,school_program,Kellogg,MS,Total,6-8,2028-29,512,forecast,middle
2025-26,school_program,Kellogg,MS,Total,6-8,2029-30,499,forecast,middle
2025-26,school_program,Kellogg,MS,Total,6-8,2030-31,494,forecast,middle
2025-26,school_program,Kellogg,MS,Total,6-8,2031-32,476,forecast,middle
2025-26,school_program,Kellogg,MS,Total,6-8,2032-33,460,forecast,middle
2025-26,school_program,Kellogg,MS,Total,6-8,2033-34,442,forecast,middle
2025-26,school_program,Kellogg,MS,Total,6-8,2034-35,450,forecast,middle
2025-26,school_program,Lane,MS,Neighborhood,6-8,2022-23,302,actual,middle
2025-26,school_program,Lane,MS,Neighborhood,6-8,2023-24,362,actual,middle
2025-26,school_program,Lane,MS,Neighborhood,6-8,2024-25,386,actual,middle
2025-26,school_program,Lane,MS,Neighborhood,6-8,2025-26,393,forecast,middle
2025-26,school_program,Lane,MS,Neighborhood,6-8,2026-27,385,forecast,middle
2025-26,school_program,Lane,MS,Neighborhood,6-8,2027-28,402,forecast,middle
2025-26,school_program,Lane,MS,Neighborhood,6-8,2028-29,389,forecast,middle
2025-26,school_program,Lane,MS,Neighborhood,6-8,2029-30,370,forecast,middle
2025-26,school_program,Lane,MS,Neighborhood,6-8,2030-31,350,forecast,middle
2025-26,school_program,Lane,MS,Neighborhood,6-8,2031-32,346,forecast,middle
2025-26,school_program,Lane,MS,Neighborhood,6-8,2032-33,335,forecast,middle
2025-26,school_program,Lane,MS,Neighborhood,6-8,2033-34,313,forecast,middle
2025-26,school_program,Lane,MS,Neighborhood,6-8,2034-35,314,forecast,middle
2025-26,school_program,Lane,MS,Russian,6-8,2022-23,34,actual,middle
2025-26,school_program,Lane,MS,Russian,6-8,2023-24,29,actual,middle
2025-26,school_program,Lane,MS,Russian,6-8,2024-25,32,actual,middle
2025-26,school_program,Lane,MS,Russian,6-8,2025-26,36,forecast,middle
2025-26,school_program,Lane,MS,Russian,6-8,2026-27,40,forecast,middle
2025-26,school_program,Lane,MS,Russian,6-8,2027-28,42,forecast,middle
2025-26,school_program,Lane,MS,Russian,6-8,2028-29,44,forecast,middle
2025-26,school_program,Lane,MS,Russian,6-8,2029-30,41,forecast,middle
2025-26,school_program,Lane,MS,Russian,6-8,2030-31,36,forecast,middle
2025-26,school_program,Lane,MS,Russian,6-8,2031-32,31,forecast,middle
2025-26,school_program,Lane,MS,Russian,6-8,2032-33,30,forecast,middle
2025-26,school_program,Lane,MS,Russian,6-8,2033-34,28,forecast,middle
2025-26,school_program,Lane,MS,Russian,6-8,2034-35,28,forecast,middle
2025-26,school_program,Lane,MS,Total,6-8,2022-23,336,actual,middle
2025-26,school_program,Lane,MS,Total,6-8,2023-24,391,actual,middle
2025-26,school_program,Lane,MS,Total,6-8,2024-25,418,actual,middle
2025-26,school_program,Lane,MS,Total,6-8,2025-26,429,forecast,middle
2025-26,school_program,Lane,MS,Total,6-8,2026-27,425,forecast,middle
2025-26,school_program,Lane,MS,Total,6-8,2027-28,444,forecast,middle
2025-26,school_program,Lane,MS,Total,6-8,2028-29,433,forecast,middle
2025-26,school_program,Lane,MS,Total,6-8,2029-30,411,forecast,middle
2025-26,school_program,Lane,MS,Total,6-8,2030-31,386,forecast,middle
2025-26,school_program,Lane,MS,Total,6-8,2031-32,377,forecast,middle
2025-26,school_program,Lane,MS,Total,6-8,2032-33,365,forecast,middle
2025-26,school_program,Lane,MS,Total,6-8,2033-34,341,forecast,middle
2025-26,school_program,Lane,MS,Total,6-8,2034-35,342,forecast,middle
2025-26,school_program,Mt Tabor,MS,Japanese,6-8,2022-23,239,actual,middle
2025-26,school_program,Mt Tabor,MS,Japanese,6-8,2023-24,244,actual,middle
2025-26,school_program,Mt Tabor,MS,Japanese,6-8,2024-25,238,actual,middle
2025-26,school_program,Mt Tabor,MS,Japanese,6-8,2025-26,227,forecast,middle
2025-26,school_program,Mt Tabor,MS,Japanese,6-8,2026-27,216,forecast,middle
2025-26,school_program,Mt Tabor,MS,Japanese,6-8,2027-28,211,forecast,middle
2025-26,school_program,Mt Tabor,MS,Japanese,6-8,2028-29,207,forecast,middle
2025-26,school_program,Mt Tabor,MS,Japanese,6-8,2029-30,211,forecast,middle
2025-26,school_program,Mt Tabor,MS,Japanese,6-8,2030-31,220,forecast,middle
2025-26,school_program,Mt Tabor,MS,Japanese,6-8,2031-32,229,forecast,middle
2025-26,school_program,Mt Tabor,MS,Japanese,6-8,2032-33,228,forecast,middle
2025-26,school_program,Mt Tabor,MS,Japanese,6-8,2033-34,219,forecast,middle
2025-26,school_program,Mt Tabor,MS,Japanese,6-8,2034-35,215,forecast,middle
2025-26,school_program,Mt Tabor,MS,Neighborhood,6-8,2022-23,302,actual,middle
2025-26,school_program,Mt Tabor,MS,Neighborhood,6-8,2023-24,259,actual,middle
2025-26,school_program,Mt Tabor,MS,Neighborhood,6-8,2024-25,229,actual,middle
2025-26,school_program,Mt Tabor,MS,Neighborhood,6-8,2025-26,197,forecast,middle
2025-26,school_program,Mt Tabor,MS,Neighborhood,6-8,2026-27,192,forecast,middle
2025-26,school_program,Mt Tabor,MS,Neighborhood,6-8,2027-28,187,forecast,middle
2025-26,school_program,Mt Tabor,MS,Neighborhood,6-8,2028-29,187,forecast,middle
2025-26,school_program,Mt Tabor,MS,Neighborhood,6-8,2029-30,165,forecast,middle
2025-26,school_program,Mt Tabor,MS,Neighborhood,6-8,2030-31,154,forecast,middle
2025-26,school_program,Mt Tabor,MS,Neighborhood,6-8,2031-32,132,forecast,middle
2025-26,school_program,Mt Tabor,MS,Neighborhood,6-8,2032-33,130,forecast,middle
2025-26,school_program,Mt Tabor,MS,Neighborhood,6-8,2033-34,128,forecast,middle
2025-26,school_program,Mt Tabor,MS,Neighborhood,6-8,2034-35,134,forecast,middle
2025-26,school_program,Mt Tabor,MS,Spanish,6-8,2022-23,65,actual,middle
2025-26,school_program,Mt Tabor,MS,Spanish,6-8,2023-24,0,actual,middle
2025-26,school_program,Mt Tabor,MS,Spanish,6-8,2024-25,0,actual,middle
2025-26,school_program,Mt Tabor,MS,Spanish,6-8,2025-26,0,forecast,middle
2025-26,school_program,Mt Tabor,MS,Spanish,6-8,2026-27,0,forecast,middle
2025-26,school_program,Mt Tabor,MS,Spanish,6-8,2027-28,0,forecast,middle
2025-26,school_program,Mt Tabor,MS,Spanish,6-8,2028-29,0,forecast,middle
2025-26,school_program,Mt Tabor,MS,Spanish,6-8,2029-30,0,forecast,middle
2025-26,school_program,Mt Tabor,MS,Spanish,6-8,2030-31,0,forecast,middle
2025-26,school_program,Mt Tabor,MS,Spanish,6-8,2031-32,0,forecast,middle
2025-26,school_program,Mt Tabor,MS,Spanish,6-8,2032-33,0,forecast,middle
2025-26,school_program,Mt Tabor,MS,Spanish,6-8,2033-34,0,forecast,middle
2025-26,school_program,Mt Tabor,MS,Spanish,6-8,2034-35,0,forecast,middle
2025-26,school_program,Mt Tabor,MS,Total,6-8,2022-23,606,actual,middle
2025-26,school_program,Mt Tabor,MS,Total,6-8,2023-24,503,actual,middle
2025-26,school_program,Mt Tabor,MS,Total,6-8,2024-25,467,actual,middle
2025-26,school_program,Mt Tabor,MS,Total,6-8,2025-26,424,forecast,middle
2025-26,school_program,Mt Tabor,MS,Total,6-8,2026-27,408,forecast,middle
2025-26,school_program,Mt Tabor,MS,Total,6-8,2027-28,398,forecast,middle
2025-26,school_program,Mt Tabor,MS,Total,6-8,2028-29,394,forecast,middle
2025-26,school_program,Mt Tabor,MS,Total,6-8,2029-30,376,forecast,middle
2025-26,school_program,Mt Tabor,MS,Total,6-8,2030-31,374,forecast,middle
2025-26,school_program,Mt Tabor,MS,Total,6-8,2031-32,361,forecast,middle
2025-26,school_program,Mt Tabor,MS,Total,6-8,2032-33,358,forecast,middle
2025-26,school_program,Mt Tabor,MS,Total,6-8,2033-34,347,forecast,middle
2025-26,school_program,Mt Tabor,MS,Total,6-8,2034-35,349,forecast,middle
2025-26,school_program,Franklin,HS,Neighborhood,9-12,2022-23,1786,actual,middle
2025-26,school_program,Franklin,HS,Neighborhood,9-12,2023-24,1622,actual,middle
2025-26,school_program,Franklin,HS,Neighborhood,9-12,2024-25,1612,actual,middle
2025-26,school_program,Franklin,HS,Neighborhood,9-12,2025-26,1544,forecast,middle
2025-26,school_program,Franklin,HS,Neighborhood,9-12,2026-27,1483,forecast,middle
2025-26,school_program,Franklin,HS,Neighborhood,9-12,2027-28,1438,forecast,middle
2025-26,school_program,Franklin,HS,Neighborhood,9-12,2028-29,1353,forecast,middle
2025-26,school_program,Franklin,HS,Neighborhood,9-12,2029-30,1311,forecast,middle
2025-26,school_program,Franklin,HS,Neighborhood,9-12,2030-31,1230,forecast,middle
2025-26,school_program,Franklin,HS,Neighborhood,9-12,2031-32,1205,forecast,middle
2025-26,school_program,Franklin,HS,Neighborhood,9-12,2032-33,1158,forecast,middle
2025-26,school_program,Franklin,HS,Neighborhood,9-12,2033-34,1080,forecast,middle
2025-26,school_program,Franklin,HS,Neighborhood,9-12,2034-35,1035,forecast,middle
2025-26,school_program,Franklin,HS,Russian,9-12,2022-23,40,actual,middle
2025-26,school_program,Franklin,HS,Russian,9-12,2023-24,41,actual,middle
2025-26,school_program,Franklin,HS,Russian,9-12,2024-25,36,actual,middle
2025-26,school_program,Franklin,HS,Russian,9-12,2025-26,35,forecast,middle
2025-26,school_program,Franklin,HS,Russian,9-12,2026-27,33,forecast,middle
2025-26,school_program,Franklin,HS,Russian,9-12,2027-28,35,forecast,middle
2025-26,school_program,Franklin,HS,Russian,9-12,2028-29,34,forecast,middle
2025-26,school_program,Franklin,HS,Russian,9-12,2029-30,37,forecast,middle
2025-26,school_program,Franklin,HS,Russian,9-12,2030-31,44,forecast,middle
2025-26,school_program,Franklin,HS,Russian,9-12,2031-32,43,forecast,middle
2025-26,school_program,Franklin,HS,Russian,9-12,2032-33,39,forecast,middle
2025-26,school_program,Franklin,HS,Russian,9-12,2033-34,42,forecast,middle
2025-26,school_program,Franklin,HS,Russian,9-12,2034-35,36,forecast,middle
2025-26,school_program,Franklin,HS,Spanish,9-12,2022-23,140,actual,middle
2025-26,school_program,Franklin,HS,Spanish,9-12,2023-24,148,actual,middle
2025-26,school_program,Franklin,HS,Spanish,9-12,2024-25,161,actual,middle
2025-26,school_program,Franklin,HS,Spanish,9-12,2025-26,181,forecast,middle
2025-26,school_program,Franklin,HS,Spanish,9-12,2026-27,199,forecast,middle
2025-26,school_program,Franklin,HS,Spanish,9-12,2027-28,201,forecast,middle
2025-26,school_program,Franklin,HS,Spanish,9-12,2028-29,202,forecast,middle
2025-26,school_program,Franklin,HS,Spanish,9-12,2029-30,214,forecast,middle
2025-26,school_program,Franklin,HS,Spanish,9-12,2030-31,214,forecast,middle
2025-26,school_program,Franklin,HS,Spanish,9-12,2031-32,219,forecast,middle
2025-26,school_program,Franklin,HS,Spanish,9-12,2032-33,232,forecast,middle
2025-26,school_program,Franklin,HS,Spanish,9-12,2033-34,227,forecast,middle
2025-26,school_program,Franklin,HS,Spanish,9-12,2034-35,226,forecast,middle
2025-26,school_program,Franklin,HS,Total,9-12,2022-23,1966,actual,middle
2025-26,school_program,Franklin,HS,Total,9-12,2023-24,1811,actual,middle
2025-26,school_program,Franklin,HS,Total,9-12,2024-25,1809,actual,middle
2025-26,school_program,Franklin,HS,Total,9-12,2025-26,1760,forecast,middle
2025-26,school_program,Franklin,HS,Total,9-12,2026-27,1715,forecast,middle
2025-26,school_program,Franklin,HS,Total,9-12,2027-28,1674,forecast,middle
2025-26,school_program,Franklin,HS,Total,9-12,2028-29,1589,forecast,middle
2025-26,school_program,Franklin,HS,Total,9-12,2029-30,1562,forecast,middle
2025-26,school_program,Franklin,HS,Total,9-12,2030-31,1488,forecast,middle
2025-26,school_program,Franklin,HS,Total,9-12,2031-32,1467,forecast,middle
2025-26,school_program,Franklin,HS,Total,9-12,2032-33,1429,forecast,middle
2025-26,school_program,Franklin,HS,Total,9-12,2033-34,1349,forecast,middle
2025-26,school_program,Franklin,HS,Total,9-12,2034-35,1297,forecast,middle
2025-26,school_program,Alameda,ES,Total,K-5,2022-23,538,actual,middle
2025-26,school_program,Alameda,ES,Total,K-5,2023-24,521,actual,middle
2025-26,school_program,Alameda,ES,Total,K-5,2024-25,496,actual,middle
2025-26,school_program,Alameda,ES,Total,K-5,2025-26,492,forecast,middle
2025-26,school_program,Alameda,ES,Total,K-5,2026-27,480,forecast,middle
2025-26,school_program,Alameda,ES,Total,K-5,2027-28,456,forecast,middle
2025-26,school_program,Alameda,ES,Total,K-5,2028-29,451,forecast,middle
2025-26,school_program,Alameda,ES,Total,K-5,2029-30,455,forecast,middle
2025-26,school_program,Alameda,ES,Total,K-5,2030-31,454,forecast,middle
2025-26,school_program,Alameda,ES,Total,K-5,2031-32,455,forecast,middle
2025-26,school_program,Alameda,ES,Total,K-5,2032-33,460,forecast,middle
2025-26,school_program,Alameda,ES,Total,K-5,2033-34,472,forecast,middle
2025-26,school_program,Alameda,ES,Total,K-5,2034-35,468,forecast,middle
2025-26,school_program,Beverly Cleary,K8,Total,K-8,2022-23,602,actual,middle
2025-26,school_program,Beverly Cleary,K8,Total,K-8,2023-24,560,actual,middle
2025-26,school_program,Beverly Cleary,K8,Total,K-8,2024-25,535,actual,middle
2025-26,school_program,Beverly Cleary,K8,Total,K-8,2025-26,477,forecast,middle
2025-26,school_program,Beverly Cleary,K8,Total,K-8,2026-27,459,forecast,middle
2025-26,school_program,Beverly Cleary,K8,Total,K-8,2027-28,416,forecast,middle
2025-26,school_program,Beverly Cleary,K8,Total,K-8,2028-29,398,forecast,middle
2025-26,school_program,Beverly Cleary,K8,Total,K-8,2029-30,390,forecast,middle
2025-26,school_program,Beverly Cleary,K8,Total,K-8,2030-31,378,forecast,middle
2025-26,school_program,Beverly Cleary,K8,Total,K-8,2031-32,368,forecast,middle
2025-26,school_program,Beverly Cleary,K8,Total,K-8,2032-33,377,forecast,middle
2025-26,school_program,Beverly Cleary,K8,Total,K-8,2033-34,367,forecast,middle
2025-26,school_program,Beverly Cleary,K8,Total,K-8,2034-35,373,forecast,middle
2025-26,school_program,Laurelhurst,K8,Total,K-8,2022-23,674,actual,middle
2025-26,school_program,Laurelhurst,K8,Total,K-8,2023-24,659,actual,middle
2025-26,school_program,Laurelhurst,K8,Total,K-8,2024-25,656,actual,middle
2025-26,school_program,Laurelhurst,K8,Total,K-8,2025-26,632,forecast,middle
2025-26,school_program,Laurelhurst,K8,Total,K-8,2026-27,597,forecast,middle
2025-26,school_program,Laurelhurst,K8,Total,K-8,2027-28,605,forecast,middle
2025-26,school_program,Laurelhurst,K8,Total,K-8,2028-29,586,forecast,middle
2025-26,school_program,Laurelhurst,K8,Total,K-8,2029-30,566,forecast,middle
2025-26,school_program,Laurelhurst,K8,Total,K-8,2030-31,562,forecast,middle
2025-26,school_program,Laurelhurst,K8,Total,K-8,2031-32,550,forecast,middle
2025-26,school_program,Laurelhurst,K8,Total,K-8,2032-33,556,forecast,middle
2025-26,school_program,Laurelhurst,K8,Total,K-8,2033-34,558,forecast,middle
2025-26,school_program,Laurelhurst,K8,Total,K-8,2034-35,555,forecast,middle
2025-26,school_program,Beaumont,MS,Neighborhood,6-8,2022-23,317,actual,middle
2025-26,school_program,Beaumont,MS,Neighborhood,6-8,2023-24,320,actual,middle
2025-26,school_program,Beaumont,MS,Neighborhood,6-8,2024-25,319,actual,middle
2025-26,school_program,Beaumont,MS,Neighborhood,6-8,2025-26,300,forecast,middle
2025-26,school_program,Beaumont,MS,Neighborhood,6-8,2026-27,299,forecast,middle
2025-26,school_program,Beaumont,MS,Neighborhood,6-8,2027-28,292,forecast,middle
2025-26,school_program,Beaumont,MS,Neighborhood,6-8,2028-29,296,forecast,middle
2025-26,school_program,Beaumont,MS,Neighborhood,6-8,2029-30,285,forecast,middle
2025-26,school_program,Beaumont,MS,Neighborhood,6-8,2030-31,275,forecast,middle
2025-26,school_program,Beaumont,MS,Neighborhood,6-8,2031-32,268,forecast,middle
2025-26,school_program,Beaumont,MS,Neighborhood,6-8,2032-33,266,forecast,middle
2025-26,school_program,Beaumont,MS,Neighborhood,6-8,2033-34,250,forecast,middle
2025-26,school_program,Beaumont,MS,Neighborhood,6-8,2034-35,254,forecast,middle
2025-26,school_program,Beaumont,MS,Spanish,6-8,2022-23,128,actual,middle
2025-26,school_program,Beaumont,MS,Spanish,6-8,2023-24,114,actual,middle
2025-26,school_program,Beaumont,MS,Spanish,6-8,2024-25,116,actual,middle
2025-26,school_program,Beaumont,MS,Spanish,6-8,2025-26,114,forecast,middle
2025-26,school_program,Beaumont,MS,Spanish,6-8,2026-27,127,forecast,middle
2025-26,school_program,Beaumont,MS,Spanish,6-8,2027-28,153,forecast,middle
2025-26,school_program,Beaumont,MS,Spanish,6-8,2028-29,149,forecast,middle
2025-26,school_program,Beaumont,MS,Spanish,6-8,2029-30,167,forecast,middle
2025-26,school_program,Beaumont,MS,Spanish,6-8,2030-31,167,forecast,middle
2025-26,school_program,Beaumont,MS,Spanish,6-8,2031-32,180,forecast,middle
2025-26,school_program,Beaumont,MS,Spanish,6-8,2032-33,165,forecast,middle
2025-26,school_program,Beaumont,MS,Spanish,6-8,2033-34,152,forecast,middle
2025-26,school_program,Beaumont,MS,Spanish,6-8,2034-35,147,forecast,middle
2025-26,school_program,Beaumont,MS,Total,6-8,2022-23,445,actual,middle
2025-26,school_program,Beaumont,MS,Total,6-8,2023-24,434,actual,middle
2025-26,school_program,Beaumont,MS,Total,6-8,2024-25,435,actual,middle
2025-26,school_program,Beaumont,MS,Total,6-8,2025-26,414,forecast,middle
2025-26,school_program,Beaumont,MS,Total,6-8,2026-27,426,forecast,middle
2025-26,school_program,Beaumont,MS,Total,6-8,2027-28,445,forecast,middle
2025-26,school_program,Beaumont,MS,Total,6-8,2028-29,445,forecast,middle
2025-26,school_program,Beaumont,MS,Total,6-8,2029-30,452,forecast,middle
2025-26,school_program,Beaumont,MS,Total,6-8,2030-31,442,forecast,middle
2025-26,school_program,Beaumont,MS,Total,6-8,2031-32,448,forecast,middle
2025-26,school_program,Beaumont,MS,Total,6-8,2032-33,431,forecast,middle
2025-26,school_program,Beaumont,MS,Total,6-8,2033-34,402,forecast,middle
2025-26,school_program,Beaumont,MS,Total,6-8,2034-35,401,forecast,middle
2025-26,school_program,Grant,HS,Japanese,9-12,2022-23,286,actual,middle
2025-26,school_program,Grant,HS,Japanese,9-12,2023-24,286,actual,middle
2025-26,school_program,Grant,HS,Japanese,9-12,2024-25,274,actual,middle
2025-26,school_program,Grant,HS,Japanese,9-12,2025-26,261,forecast,middle
2025-26,school_program,Grant,HS,Japanese,9-12,2026-27,253,forecast,middle
2025-26,school_program,Grant,HS,Japanese,9-12,2027-28,251,forecast,middle
2025-26,school_program,Grant,HS,Japanese,9-12,2028-29,235,forecast,middle
2025-26,school_program,Grant,HS,Japanese,9-12,2029-30,224,forecast,middle
2025-26,school_program,Grant,HS,Japanese,9-12,2030-31,214,forecast,middle
2025-26,school_program,Grant,HS,Japanese,9-12,2031-32,213,forecast,middle
2025-26,school_program,Grant,HS,Japanese,9-12,2032-33,220,forecast,middle
2025-26,school_program,Grant,HS,Japanese,9-12,2033-34,219,forecast,middle
2025-26,school_program,Grant,HS,Japanese,9-12,2034-35,221,forecast,middle
2025-26,school_program,Grant,HS,Neighborhood,9-12,2022-23,1872,actual,middle
2025-26,school_program,Grant,HS,Neighborhood,9-12,2023-24,1892,actual,middle
2025-26,school_program,Grant,HS,Neighborhood,9-12,2024-25,1875,actual,middle
2025-26,school_program,Grant,HS,Neighborhood,9-12,2025-26,1798,forecast,middle
2025-26,school_program,Grant,HS,Neighborhood,9-12,2026-27,1717,forecast,middle
2025-26,school_program,Grant,HS,Neighborhood,9-12,2027-28,1677,forecast,middle
2025-26,school_program,Grant,HS,Neighborhood,9-12,2028-29,1601,forecast,middle
2025-26,school_program,Grant,HS,Neighborhood,9-12,2029-30,1553,forecast,middle
2025-26,school_program,Grant,HS,Neighborhood,9-12,2030-31,1539,forecast,middle
2025-26,school_program,Grant,HS,Neighborhood,9-12,2031-32,1440,forecast,middle
2025-26,school_program,Grant,HS,Neighborhood,9-12,2032-33,1360,forecast,middle
2025-26,school_program,Grant,HS,Neighborhood,9-12,2033-34,1325,forecast,middle
2025-26,school_program,Grant,HS,Neighborhood,9-12,2034-35,1255,forecast,middle
2025-26,school_program,Grant,HS,Total,9-12,2022-23,2158,actual,middle
2025-26,school_program,Grant,HS,Total,9-12,2023-24,2178,actual,middle
2025-26,school_program,Grant,HS,Total,9-12,2024-25,2149,actual,middle
2025-26,school_program,Grant,HS,Total,9-12,2025-26,2059,forecast,middle
2025-26,school_program,Grant,HS,Total,9-12,2026-27,1970,forecast,middle
2025-26,school_program,Grant,HS,Total,9-12,2027-28,1928,forecast,middle
2025-26,school_program,Grant,HS,Total,9-12,2028-29,1836,forecast,middle
2025-26,school_program,Grant,HS,Total,9-12,2029-30,1777,forecast,middle
2025-26,school_program,Grant,HS,Total,9-12,2030-31,1753,forecast,middle
2025-26,school_program,Grant,HS,Total,9-12,2031-32,1653,forecast,middle
2025-26,school_program,Grant,HS,Total,9-12,2032-33,1580,forecast,middle
2025-26,school_program,Grant,HS,Total,9-12,2033-34,1544,forecast,middle
2025-26,school_program,Grant,HS,Total,9-12,2034-35,1476,forecast,middle
2025-26,school_program,Boise-Eliot/Humboldt,ES,Total,K-5,2022-23,324,actual,middle
2025-26,school_program,Boise-Eliot/Humboldt,ES,Total,K-5,2023-24,308,actual,middle
2025-26,school_program,Boise-Eliot/Humboldt,ES,Total,K-5,2024-25,315,actual,middle
2025-26,school_program,Boise-Eliot/Humboldt,ES,Total,K-5,2025-26,309,forecast,middle
2025-26,school_program,Boise-Eliot/Humboldt,ES,Total,K-5,2026-27,303,forecast,middle
2025-26,school_program,Boise-Eliot/Humboldt,ES,Total,K-5,2027-28,289,forecast,middle
2025-26,school_program,Boise-Eliot/Humboldt,ES,Total,K-5,2028-29,301,forecast,middle
2025-26,school_program,Boise-Eliot/Humboldt,ES,Total,K-5,2029-30,295,forecast,middle
2025-26,school_program,Boise-Eliot/Humboldt,ES,Total,K-5,2030-31,288,forecast,middle
2025-26,school_program,Boise-Eliot/Humboldt,ES,Total,K-5,2031-32,280,forecast,middle
2025-26,school_program,Boise-Eliot/Humboldt,ES,Total,K-5,2032-33,277,forecast,middle
2025-26,school_program,Boise-Eliot/Humboldt,ES,Total,K-5,2033-34,278,forecast,middle
2025-26,school_program,Boise-Eliot/Humboldt,ES,Total,K-5,2034-35,268,forecast,middle
2025-26,school_program,Irvington,ES,Total,K-5,2022-23,228,actual,middle
2025-26,school_program,Irvington,ES,Total,K-5,2023-24,235,actual,middle
2025-26,school_program,Irvington,ES,Total,K-5,2024-25,249,actual,middle
2025-26,school_program,Irvington,ES,Total,K-5,2025-26,244,forecast,middle
2025-26,school_program,Irvington,ES,Total,K-5,2026-27,237,forecast,middle
2025-26,school_program,Irvington,ES,Total,K-5,2027-28,224,forecast,middle
2025-26,school_program,Irvington,ES,Total,K-5,2028-29,218,forecast,middle
2025-26,school_program,Irvington,ES,Total,K-5,2029-30,217,forecast,middle
2025-26,school_program,Irvington,ES,Total,K-5,2030-31,211,forecast,middle
2025-26,school_program,Irvington,ES,Total,K-5,2031-32,214,forecast,middle
2025-26,school_program,Irvington,ES,Total,K-5,2032-33,218,forecast,middle
2025-26,school_program,Irvington,ES,Total,K-5,2033-34,223,forecast,middle
2025-26,school_program,Irvington,ES,Total,K-5,2034-35,222,forecast,middle
2025-26,school_program,MLK Jr,ES,Mandarin,K-5,2022-23,185,actual,middle
2025-26,school_program,MLK Jr,ES,Mandarin,K-5,2023-24,183,actual,middle
2025-26,school_program,MLK Jr,ES,Mandarin,K-5,2024-25,179,actual,middle
2025-26,school_program,MLK Jr,ES,Mandarin,K-5,2025-26,176,forecast,middle
2025-26,school_program,MLK Jr,ES,Mandarin,K-5,2026-27,164,forecast,middle
2025-26,school_program,MLK Jr,ES,Mandarin,K-5,2027-28,164,forecast,middle
2025-26,school_program,MLK Jr,ES,Mandarin,K-5,2028-29,159,forecast,middle
2025-26,school_program,MLK Jr,ES,Mandarin,K-5,2029-30,163,forecast,middle
2025-26,school_program,MLK Jr,ES,Mandarin,K-5,2030-31,168,forecast,middle
2025-26,school_program,MLK Jr,ES,Mandarin,K-5,2031-32,169,forecast,middle
2025-26,school_program,MLK Jr,ES,Mandarin,K-5,2032-33,175,forecast,middle
2025-26,school_program,MLK Jr,ES,Mandarin,K-5,2033-34,178,forecast,middle
2025-26,school_program,MLK Jr,ES,Mandarin,K-5,2034-35,178,forecast,middle
2025-26,school_program,MLK Jr,ES,Neighborhood,K-5,2022-23,116,actual,middle
2025-26,school_program,MLK Jr,ES,Neighborhood,K-5,2023-24,124,actual,middle
2025-26,school_program,MLK Jr,ES,Neighborhood,K-5,2024-25,133,actual,middle
2025-26,school_program,MLK Jr,ES,Neighborhood,K-5,2025-26,129,forecast,middle
2025-26,school_program,MLK Jr,ES,Neighborhood,K-5,2026-27,124,forecast,middle
2025-26,school_program,MLK Jr,ES,Neighborhood,K-5,2027-28,127,forecast,middle
2025-26,school_program,MLK Jr,ES,Neighborhood,K-5,2028-29,125,forecast,middle
2025-26,school_program,MLK Jr,ES,Neighborhood,K-5,2029-30,117,forecast,middle
2025-26,school_program,MLK Jr,ES,Neighborhood,K-5,2030-31,116,forecast,middle
2025-26,school_program,MLK Jr,ES,Neighborhood,K-5,2031-32,117,forecast,middle
2025-26,school_program,MLK Jr,ES,Neighborhood,K-5,2032-33,116,forecast,middle
2025-26,school_program,MLK Jr,ES,Neighborhood,K-5,2033-34,115,forecast,middle
2025-26,school_program,MLK Jr,ES,Neighborhood,K-5,2034-35,114,forecast,middle
2025-26,school_program,MLK Jr,ES,Total,K-5,2022-23,301,actual,middle
2025-26,school_program,MLK Jr,ES,Total,K-5,2023-24,307,actual,middle
2025-26,school_program,MLK Jr,ES,Total,K-5,2024-25,312,actual,middle
2025-26,school_program,MLK Jr,ES,Total,K-5,2025-26,305,forecast,middle
2025-26,school_program,MLK Jr,ES,Total,K-5,2026-27,288,forecast,middle
2025-26,school_program,MLK Jr,ES,Total,K-5,2027-28,291,forecast,middle
2025-26,school_program,MLK Jr,ES,Total,K-5,2028-29,284,forecast,middle
2025-26,school_program,MLK Jr,ES,Total,K-5,2029-30,280,forecast,middle
2025-26,school_program,MLK Jr,ES,Total,K-5,2030-31,284,forecast,middle
2025-26,school_program,MLK Jr,ES,Total,K-5,2031-32,286,forecast,middle
2025-26,school_program,MLK Jr,ES,Total,K-5,2032-33,291,forecast,middle
2025-26,school_program,MLK Jr,ES,Total,K-5,2033-34,293,forecast,middle
2025-26,school_program,MLK Jr,ES,Total,K-5,2034-35,292,forecast,middle
2025-26,school_program,Sabin,ES,Total,K-5,2022-23,311,actual,middle
2025-26,school_program,Sabin,ES,Total,K-5,2023-24,302,actual,middle
2025-26,school_program,Sabin,ES,Total,K-5,2024-25,293,actual,middle
2025-26,school_program,Sabin,ES,Total,K-5,2025-26,272,forecast,middle
2025-26,school_program,Sabin,ES,Total,K-5,2026-27,253,forecast,middle
2025-26,school_program,Sabin,ES,Total,K-5,2027-28,230,forecast,middle
2025-26,school_program,Sabin,ES,Total,K-5,2028-29,235,forecast,middle
2025-26,school_program,Sabin,ES,Total,K-5,2029-30,229,forecast,middle
2025-26,school_program,Sabin,ES,Total,K-5,2030-31,225,forecast,middle
2025-26,school_program,Sabin,ES,Total,K-5,2031-32,227,forecast,middle
2025-26,school_program,Sabin,ES,Total,K-5,2032-33,229,forecast,middle
2025-26,school_program,Sabin,ES,Total,K-5,2033-34,230,forecast,middle
2025-26,school_program,Sabin,ES,Total,K-5,2034-35,230,forecast,middle
2025-26,school_program,Harriet Tubman,MS,Mandarin,6-8,2022-23,28,actual,middle
2025-26,school_program,Harriet Tubman,MS,Mandarin,6-8,2023-24,32,actual,middle
2025-26,school_program,Harriet Tubman,MS,Mandarin,6-8,2024-25,43,actual,middle
2025-26,school_program,Harriet Tubman,MS,Mandarin,6-8,2025-26,51,forecast,middle
2025-26,school_program,Harriet Tubman,MS,Mandarin,6-8,2026-27,57,forecast,middle
2025-26,school_program,Harriet Tubman,MS,Mandarin,6-8,2027-28,51,forecast,middle
2025-26,school_program,Harriet Tubman,MS,Mandarin,6-8,2028-29,55,forecast,middle
2025-26,school_program,Harriet Tubman,MS,Mandarin,6-8,2029-30,49,forecast,middle
2025-26,school_program,Harriet Tubman,MS,Mandarin,6-8,2030-31,49,forecast,middle
2025-26,school_program,Harriet Tubman,MS,Mandarin,6-8,2031-32,45,forecast,middle
2025-26,school_program,Harriet Tubman,MS,Mandarin,6-8,2032-33,44,forecast,middle
2025-26,school_program,Harriet Tubman,MS,Mandarin,6-8,2033-34,44,forecast,middle
2025-26,school_program,Harriet Tubman,MS,Mandarin,6-8,2034-35,42,forecast,middle
2025-26,school_program,Harriet Tubman,MS,Neighborhood,6-8,2022-23,332,actual,middle
2025-26,school_program,Harriet Tubman,MS,Neighborhood,6-8,2023-24,288,actual,middle
2025-26,school_program,Harriet Tubman,MS,Neighborhood,6-8,2024-25,285,actual,middle
2025-26,school_program,Harriet Tubman,MS,Neighborhood,6-8,2025-26,305,forecast,middle
2025-26,school_program,Harriet Tubman,MS,Neighborhood,6-8,2026-27,317,forecast,middle
2025-26,school_program,Harriet Tubman,MS,Neighborhood,6-8,2027-28,324,forecast,middle
2025-26,school_program,Harriet Tubman,MS,Neighborhood,6-8,2028-29,288,forecast,middle
2025-26,school_program,Harriet Tubman,MS,Neighborhood,6-8,2029-30,270,forecast,middle
2025-26,school_program,Harriet Tubman,MS,Neighborhood,6-8,2030-31,253,forecast,middle
2025-26,school_program,Harriet Tubman,MS,Neighborhood,6-8,2031-32,269,forecast,middle
2025-26,school_program,Harriet Tubman,MS,Neighborhood,6-8,2032-33,257,forecast,middle
2025-26,school_program,Harriet Tubman,MS,Neighborhood,6-8,2033-34,238,forecast,middle
2025-26,school_program,Harriet Tubman,MS,Neighborhood,6-8,2034-35,230,forecast,middle
2025-26,school_program,Harriet Tubman,MS,Total,6-8,2022-23,360,actual,middle
2025-26,school_program,Harriet Tubman,MS,Total,6-8,2023-24,320,actual,middle
2025-26,school_program,Harriet Tubman,MS,Total,6-8,2024-25,328,actual,middle
2025-26,school_program,Harriet Tubman,MS,Total,6-8,2025-26,356,forecast,middle
2025-26,school_program,Harriet Tubman,MS,Total,6-8,2026-27,374,forecast,middle
2025-26,school_program,Harriet Tubman,MS,Total,6-8,2027-28,375,forecast,middle
2025-26,school_program,Harriet Tubman,MS,Total,6-8,2028-29,343,forecast,middle
2025-26,school_program,Harriet Tubman,MS,Total,6-8,2029-30,319,forecast,middle
2025-26,school_program,Harriet Tubman,MS,Total,6-8,2030-31,302,forecast,middle
2025-26,school_program,Harriet Tubman,MS,Total,6-8,2031-32,314,forecast,middle
2025-26,school_program,Harriet Tubman,MS,Total,6-8,2032-33,301,forecast,middle
2025-26,school_program,Harriet Tubman,MS,Total,6-8,2033-34,282,forecast,middle
2025-26,school_program,Harriet Tubman,MS,Total,6-8,2034-35,272,forecast,middle
2025-26,school_program,Faubion,K8,Total,K-8,2022-23,607,actual,middle
2025-26,school_program,Faubion,K8,Total,K-8,2023-24,571,actual,middle
2025-26,school_program,Faubion,K8,Total,K-8,2024-25,589,actual,middle
2025-26,school_program,Faubion,K8,Total,K-8,2025-26,586,forecast,middle
2025-26,school_program,Faubion,K8,Total,K-8,2026-27,615,forecast,middle
2025-26,school_program,Faubion,K8,Total,K-8,2027-28,599,forecast,middle
2025-26,school_program,Faubion,K8,Total,K-8,2028-29,591,forecast,middle
2025-26,school_program,Faubion,K8,Total,K-8,2029-30,594,forecast,middle
2025-26,school_program,Faubion,K8,Total,K-8,2030-31,590,forecast,middle
2025-26,school_program,Faubion,K8,Total,K-8,2031-32,589,forecast,middle
2025-26,school_program,Faubion,K8,Total,K-8,2032-33,581,forecast,middle
2025-26,school_program,Faubion,K8,Total,K-8,2033-34,581,forecast,middle
2025-26,school_program,Faubion,K8,Total,K-8,2034-35,577,forecast,middle
2025-26,school_program,Vernon,K8,Total,K-8,2022-23,555,actual,middle
2025-26,school_program,Vernon,K8,Total,K-8,2023-24,578,actual,middle
2025-26,school_program,Vernon,K8,Total,K-8,2024-25,563,actual,middle
2025-26,school_program,Vernon,K8,Total,K-8,2025-26,554,forecast,middle
2025-26,school_program,Vernon,K8,Total,K-8,2026-27,530,forecast,middle
2025-26,school_program,Vernon,K8,Total,K-8,2027-28,505,forecast,middle
2025-26,school_program,Vernon,K8,Total,K-8,2028-29,496,forecast,middle
2025-26,school_program,Vernon,K8,Total,K-8,2029-30,492,forecast,middle
2025-26,school_program,Vernon,K8,Total,K-8,2030-31,479,forecast,middle
2025-26,school_program,Vernon,K8,Total,K-8,2031-32,471,forecast,middle
2025-26,school_program,Vernon,K8,Total,K-8,2032-33,469,forecast,middle
2025-26,school_program,Vernon,K8,Total,K-8,2033-34,471,forecast,middle
2025-26,school_program,Vernon,K8,Total,K-8,2034-35,470,forecast,middle
2025-26,school_program,Beach,ES,Neighborhood,K-5,2022-23,145,actual,middle
2025-26,school_program,Beach,ES,Neighborhood,K-5,2023-24,134,actual,middle
2025-26,school_program,Beach,ES,Neighborhood,K-5,2024-25,121,actual,middle
2025-26,school_program,Beach,ES,Neighborhood,K-5,2025-26,108,forecast,middle
2025-26,school_program,Beach,ES,Neighborhood,K-5,2026-27,113,forecast,middle
2025-26,school_program,Beach,ES,Neighborhood,K-5,2027-28,117,forecast,middle
2025-26,school_program,Beach,ES,Neighborhood,K-5,2028-29,114,forecast,middle
2025-26,school_program,Beach,ES,Neighborhood,K-5,2029-30,116,forecast,middle
2025-26,school_program,Beach,ES,Neighborhood,K-5,2030-31,119,forecast,middle
2025-26,school_program,Beach,ES,Neighborhood,K-5,2031-32,120,forecast,middle
2025-26,school_program,Beach,ES,Neighborhood,K-5,2032-33,122,forecast,middle
2025-26,school_program,Beach,ES,Neighborhood,K-5,2033-34,124,forecast,middle
2025-26,school_program,Beach,ES,Neighborhood,K-5,2034-35,124,forecast,middle
2025-26,school_program,Beach,ES,Spanish,K-5,2022-23,201,actual,middle
2025-26,school_program,Beach,ES,Spanish,K-5,2023-24,191,actual,middle
2025-26,school_program,Beach,ES,Spanish,K-5,2024-25,174,actual,middle
2025-26,school_program,Beach,ES,Spanish,K-5,2025-26,160,forecast,middle
2025-26,school_program,Beach,ES,Spanish,K-5,2026-27,138,forecast,middle
2025-26,school_program,Beach,ES,Spanish,K-5,2027-28,117,forecast,middle
2025-26,school_program,Beach,ES,Spanish,K-5,2028-29,114,forecast,middle
2025-26,school_program,Beach,ES,Spanish,K-5,2029-30,108,forecast,middle
2025-26,school_program,Beach,ES,Spanish,K-5,2030-31,111,forecast,middle
2025-26,school_program,Beach,ES,Spanish,K-5,2031-32,113,forecast,middle
2025-26,school_program,Beach,ES,Spanish,K-5,2032-33,115,forecast,middle
2025-26,school_program,Beach,ES,Spanish,K-5,2033-34,116,forecast,middle
2025-26,school_program,Beach,ES,Spanish,K-5,2034-35,115,forecast,middle
2025-26,school_program,Beach,ES,Total,K-5,2022-23,346,actual,middle
2025-26,school_program,Beach,ES,Total,K-5,2023-24,325,actual,middle
2025-26,school_program,Beach,ES,Total,K-5,2024-25,295,actual,middle
2025-26,school_program,Beach,ES,Total,K-5,2025-26,268,forecast,middle
2025-26,school_program,Beach,ES,Total,K-5,2026-27,251,forecast,middle
2025-26,school_program,Beach,ES,Total,K-5,2027-28,234,forecast,middle
2025-26,school_program,Beach,ES,Total,K-5,2028-29,228,forecast,middle
2025-26,school_program,Beach,ES,Total,K-5,2029-30,224,forecast,middle
2025-26,school_program,Beach,ES,Total,K-5,2030-31,230,forecast,middle
2025-26,school_program,Beach,ES,Total,K-5,2031-32,233,forecast,middle
2025-26,school_program,Beach,ES,Total,K-5,2032-33,237,forecast,middle
2025-26,school_program,Beach,ES,Total,K-5,2033-34,240,forecast,middle
2025-26,school_program,Beach,ES,Total,K-5,2034-35,239,forecast,middle
2025-26,school_program,Chief Joseph,ES,Total,K-5,2022-23,261,actual,middle
2025-26,school_program,Chief Joseph,ES,Total,K-5,2023-24,265,actual,middle
2025-26,school_program,Chief Joseph,ES,Total,K-5,2024-25,275,actual,middle
2025-26,school_program,Chief Joseph,ES,Total,K-5,2025-26,260,forecast,middle
2025-26,school_program,Chief Joseph,ES,Total,K-5,2026-27,255,forecast,middle
2025-26,school_program,Chief Joseph,ES,Total,K-5,2027-28,255,forecast,middle
2025-26,school_program,Chief Joseph,ES,Total,K-5,2028-29,248,forecast,middle
2025-26,school_program,Chief Joseph,ES,Total,K-5,2029-30,246,forecast,middle
2025-26,school_program,Chief Joseph,ES,Total,K-5,2030-31,241,forecast,middle
2025-26,school_program,Chief Joseph,ES,Total,K-5,2031-32,242,forecast,middle
2025-26,school_program,Chief Joseph,ES,Total,K-5,2032-33,245,forecast,middle
2025-26,school_program,Chief Joseph,ES,Total,K-5,2033-34,249,forecast,middle
2025-26,school_program,Chief Joseph,ES,Total,K-5,2034-35,250,forecast,middle
2025-26,school_program,Peninsula,ES,Total,K-5,2022-23,224,actual,middle
2025-26,school_program,Peninsula,ES,Total,K-5,2023-24,234,actual,middle
2025-26,school_program,Peninsula,ES,Total,K-5,2024-25,235,actual,middle
2025-26,school_program,Peninsula,ES,Total,K-5,2025-26,235,forecast,middle
2025-26,school_program,Peninsula,ES,Total,K-5,2026-27,238,forecast,middle
2025-26,school_program,Peninsula,ES,Total,K-5,2027-28,231,forecast,middle
2025-26,school_program,Peninsula,ES,Total,K-5,2028-29,228,forecast,middle
2025-26,school_program,Peninsula,ES,Total,K-5,2029-30,224,forecast,middle
2025-26,school_program,Peninsula,ES,Total,K-5,2030-31,223,forecast,middle
2025-26,school_program,Peninsula,ES,Total,K-5,2031-32,224,forecast,middle
2025-26,school_program,Peninsula,ES,Total,K-5,2032-33,226,forecast,middle
2025-26,school_program,Peninsula,ES,Total,K-5,2033-34,229,forecast,middle
2025-26,school_program,Peninsula,ES,Total,K-5,2034-35,227,forecast,middle
2025-26,school_program,Woodlawn,ES,Total,K-5,2022-23,285,actual,middle
2025-26,school_program,Woodlawn,ES,Total,K-5,2023-24,299,actual,middle
2025-26,school_program,Woodlawn,ES,Total,K-5,2024-25,306,actual,middle
2025-26,school_program,Woodlawn,ES,Total,K-5,2025-26,302,forecast,middle
2025-26,school_program,Woodlawn,ES,Total,K-5,2026-27,293,forecast,middle
2025-26,school_program,Woodlawn,ES,Total,K-5,2027-28,274,forecast,middle
2025-26,school_program,Woodlawn,ES,Total,K-5,2028-29,286,forecast,middle
2025-26,school_program,Woodlawn,ES,Total,K-5,2029-30,276,forecast,middle
2025-26,school_program,Woodlawn,ES,Total,K-5,2030-31,268,forecast,middle
2025-26,school_program,Woodlawn,ES,Total,K-5,2031-32,270,forecast,middle
2025-26,school_program,Woodlawn,ES,Total,K-5,2032-33,274,forecast,middle
2025-26,school_program,Woodlawn,ES,Total,K-5,2033-34,280,forecast,middle
2025-26,school_program,Woodlawn,ES,Total,K-5,2034-35,280,forecast,middle
2025-26,school_program,Ockley Green,MS,Neighborhood,6-8,2022-23,383,actual,middle
2025-26,school_program,Ockley Green,MS,Neighborhood,6-8,2023-24,350,actual,middle
2025-26,school_program,Ockley Green,MS,Neighborhood,6-8,2024-25,341,actual,middle
2025-26,school_program,Ockley Green,MS,Neighborhood,6-8,2025-26,382,forecast,middle
2025-26,school_program,Ockley Green,MS,Neighborhood,6-8,2026-27,367,forecast,middle
2025-26,school_program,Ockley Green,MS,Neighborhood,6-8,2027-28,367,forecast,middle
2025-26,school_program,Ockley Green,MS,Neighborhood,6-8,2028-29,353,forecast,middle
2025-26,school_program,Ockley Green,MS,Neighborhood,6-8,2029-30,390,forecast,middle
2025-26,school_program,Ockley Green,MS,Neighborhood,6-8,2030-31,392,forecast,middle
2025-26,school_program,Ockley Green,MS,Neighborhood,6-8,2031-32,392,forecast,middle
2025-26,school_program,Ockley Green,MS,Neighborhood,6-8,2032-33,364,forecast,middle
2025-26,school_program,Ockley Green,MS,Neighborhood,6-8,2033-34,347,forecast,middle
2025-26,school_program,Ockley Green,MS,Neighborhood,6-8,2034-35,347,forecast,middle
2025-26,school_program,Ockley Green,MS,Spanish,6-8,2022-23,99,actual,middle
2025-26,school_program,Ockley Green,MS,Spanish,6-8,2023-24,78,actual,middle
2025-26,school_program,Ockley Green,MS,Spanish,6-8,2024-25,69,actual,middle
2025-26,school_program,Ockley Green,MS,Spanish,6-8,2025-26,64,forecast,middle
2025-26,school_program,Ockley Green,MS,Spanish,6-8,2026-27,68,forecast,middle
2025-26,school_program,Ockley Green,MS,Spanish,6-8,2027-28,72,forecast,middle
2025-26,school_program,Ockley Green,MS,Spanish,6-8,2028-29,64,forecast,middle
2025-26,school_program,Ockley Green,MS,Spanish,6-8,2029-30,54,forecast,middle
2025-26,school_program,Ockley Green,MS,Spanish,6-8,2030-31,40,forecast,middle
2025-26,school_program,Ockley Green,MS,Spanish,6-8,2031-32,36,forecast,middle
2025-26,school_program,Ockley Green,MS,Spanish,6-8,2032-33,31,forecast,middle
2025-26,school_program,Ockley Green,MS,Spanish,6-8,2033-34,32,forecast,middle
2025-26,school_program,Ockley Green,MS,Spanish,6-8,2034-35,32,forecast,middle
2025-26,school_program,Ockley Green,MS,Total,6-8,2022-23,482,actual,middle
2025-26,school_program,Ockley Green,MS,Total,6-8,2023-24,428,actual,middle
2025-26,school_program,Ockley Green,MS,Total,6-8,2024-25,410,actual,middle
2025-26,school_program,Ockley Green,MS,Total,6-8,2025-26,446,forecast,middle
2025-26,school_program,Ockley Green,MS,Total,6-8,2026-27,435,forecast,middle
2025-26,school_program,Ockley Green,MS,Total,6-8,2027-28,439,forecast,middle
2025-26,school_program,Ockley Green,MS,Total,6-8,2028-29,417,forecast,middle
2025-26,school_program,Ockley Green,MS,Total,6-8,2029-30,444,forecast,middle
2025-26,school_program,Ockley Green,MS,Total,6-8,2030-31,432,forecast,middle
2025-26,school_program,Ockley Green,MS,Total,6-8,2031-32,428,forecast,middle
2025-26,school_program,Ockley Green,MS,Total,6-8,2032-33,395,forecast,middle
2025-26,school_program,Ockley Green,MS,Total,6-8,2033-34,379,forecast,middle
2025-26,school_program,Ockley Green,MS,Total,6-8,2034-35,379,forecast,middle
2025-26,school_program,Jefferson,HS,Mandarin,9-12,2022-23,12,actual,middle
2025-26,school_program,Jefferson,HS,Mandarin,9-12,2023-24,10,actual,middle
2025-26,school_program,Jefferson,HS,Mandarin,9-12,2024-25,13,actual,middle
2025-26,school_program,Jefferson,HS,Mandarin,9-12,2025-26,15,forecast,middle
2025-26,school_program,Jefferson,HS,Mandarin,9-12,2026-27,10,forecast,middle
2025-26,school_program,Jefferson,HS,Mandarin,9-12,2027-28,14,forecast,middle
2025-26,school_program,Jefferson,HS,Mandarin,9-12,2028-29,19,forecast,middle
2025-26,school_program,Jefferson,HS,Mandarin,9-12,2029-30,25,forecast,middle
2025-26,school_program,Jefferson,HS,Mandarin,9-12,2030-31,25,forecast,middle
2025-26,school_program,Jefferson,HS,Mandarin,9-12,2031-32,26,forecast,middle
2025-26,school_program,Jefferson,HS,Mandarin,9-12,2032-33,25,forecast,middle
2025-26,school_program,Jefferson,HS,Mandarin,9-12,2033-34,23,forecast,middle
2025-26,school_program,Jefferson,HS,Mandarin,9-12,2034-35,25,forecast,middle
2025-26,school_program,Jefferson,HS,Neighborhood,9-12,2022-23,585,actual,middle
2025-26,school_program,Jefferson,HS,Neighborhood,9-12,2023-24,515,actual,middle
2025-26,school_program,Jefferson,HS,Neighborhood,9-12,2024-25,446,actual,middle
2025-26,school_program,Jefferson,HS,Neighborhood,9-12,2025-26,376,forecast,middle
2025-26,school_program,Jefferson,HS,Neighborhood,9-12,2026-27,366,forecast,middle
2025-26,school_program,Jefferson,HS,Neighborhood,9-12,2027-28,375,forecast,middle
2025-26,school_program,Jefferson,HS,Neighborhood,9-12,2028-29,413,forecast,middle
2025-26,school_program,Jefferson,HS,Neighborhood,9-12,2029-30,437,forecast,middle
2025-26,school_program,Jefferson,HS,Neighborhood,9-12,2030-31,461,forecast,middle
2025-26,school_program,Jefferson,HS,Neighborhood,9-12,2031-32,448,forecast,middle
2025-26,school_program,Jefferson,HS,Neighborhood,9-12,2032-33,439,forecast,middle
2025-26,school_program,Jefferson,HS,Neighborhood,9-12,2033-34,434,forecast,middle
2025-26,school_program,Jefferson,HS,Neighborhood,9-12,2034-35,425,forecast,middle
2025-26,school_program,Jefferson,HS,Total,9-12,2022-23,597,actual,middle
2025-26,school_program,Jefferson,HS,Total,9-12,2023-24,525,actual,middle
2025-26,school_program,Jefferson,HS,Total,9-12,2024-25,459,actual,middle
2025-26,school_program,Jefferson,HS,Total,9-12,2025-26,391,forecast,middle
2025-26,school_program,Jefferson,HS,Total,9-12,2026-27,376,forecast,middle
2025-26,school_program,Jefferson,HS,Total,9-12,2027-28,389,forecast,middle
2025-26,school_program,Jefferson,HS,Total,9-12,2028-29,432,forecast,middle
2025-26,school_program,Jefferson,HS,Total,9-12,2029-30,462,forecast,middle
2025-26,school_program,Jefferson,HS,Total,9-12,2030-31,486,forecast,middle
2025-26,school_program,Jefferson,HS,Total,9-12,2031-32,474,forecast,middle
2025-26,school_program,Jefferson,HS,Total,9-12,2032-33,464,forecast,middle
2025-26,school_program,Jefferson,HS,Total,9-12,2033-34,457,forecast,middle
2025-26,school_program,Jefferson,HS,Total,9-12,2034-35,450,forecast,middle
2025-26,school_program,Ainsworth,ES,Neighborhood,K-5,2022-23,287,actual,middle
2025-26,school_program,Ainsworth,ES,Neighborhood,K-5,2023-24,294,actual,middle
2025-26,school_program,Ainsworth,ES,Neighborhood,K-5,2024-25,289,actual,middle
2025-26,school_program,Ainsworth,ES,Neighborhood,K-5,2025-26,279,forecast,middle
2025-26,school_program,Ainsworth,ES,Neighborhood,K-5,2026-27,276,forecast,middle
2025-26,school_program,Ainsworth,ES,Neighborhood,K-5,2027-28,277,forecast,middle
2025-26,school_program,Ainsworth,ES,Neighborhood,K-5,2028-29,280,forecast,middle
2025-26,school_program,Ainsworth,ES,Neighborhood,K-5,2029-30,268,forecast,middle
2025-26,school_program,Ainsworth,ES,Neighborhood,K-5,2030-31,269,forecast,middle
2025-26,school_program,Ainsworth,ES,Neighborhood,K-5,2031-32,270,forecast,middle
2025-26,school_program,Ainsworth,ES,Neighborhood,K-5,2032-33,275,forecast,middle
2025-26,school_program,Ainsworth,ES,Neighborhood,K-5,2033-34,277,forecast,middle
2025-26,school_program,Ainsworth,ES,Neighborhood,K-5,2034-35,274,forecast,middle
2025-26,school_program,Ainsworth,ES,Spanish,K-5,2022-23,276,actual,middle
2025-26,school_program,Ainsworth,ES,Spanish,K-5,2023-24,291,actual,middle
2025-26,school_program,Ainsworth,ES,Spanish,K-5,2024-25,295,actual,middle
2025-26,school_program,Ainsworth,ES,Spanish,K-5,2025-26,292,forecast,middle
2025-26,school_program,Ainsworth,ES,Spanish,K-5,2026-27,289,forecast,middle
2025-26,school_program,Ainsworth,ES,Spanish,K-5,2027-28,282,forecast,middle
2025-26,school_program,Ainsworth,ES,Spanish,K-5,2028-29,283,forecast,middle
2025-26,school_program,Ainsworth,ES,Spanish,K-5,2029-30,283,forecast,middle
2025-26,school_program,Ainsworth,ES,Spanish,K-5,2030-31,282,forecast,middle
2025-26,school_program,Ainsworth,ES,Spanish,K-5,2031-32,283,forecast,middle
2025-26,school_program,Ainsworth,ES,Spanish,K-5,2032-33,286,forecast,middle
2025-26,school_program,Ainsworth,ES,Spanish,K-5,2033-34,292,forecast,middle
2025-26,school_program,Ainsworth,ES,Spanish,K-5,2034-35,291,forecast,middle
2025-26,school_program,Ainsworth,ES,Total,K-5,2022-23,563,actual,middle
2025-26,school_program,Ainsworth,ES,Total,K-5,2023-24,585,actual,middle
2025-26,school_program,Ainsworth,ES,Total,K-5,2024-25,584,actual,middle
2025-26,school_program,Ainsworth,ES,Total,K-5,2025-26,571,forecast,middle
2025-26,school_program,Ainsworth,ES,Total,K-5,2026-27,565,forecast,middle
2025-26,school_program,Ainsworth,ES,Total,K-5,2027-28,559,forecast,middle
2025-26,school_program,Ainsworth,ES,Total,K-5,2028-29,563,forecast,middle
2025-26,school_program,Ainsworth,ES,Total,K-5,2029-30,551,forecast,middle
2025-26,school_program,Ainsworth,ES,Total,K-5,2030-31,551,forecast,middle
2025-26,school_program,Ainsworth,ES,Total,K-5,2031-32,553,forecast,middle
2025-26,school_program,Ainsworth,ES,Total,K-5,2032-33,561,forecast,middle
2025-26,school_program,Ainsworth,ES,Total,K-5,2033-34,569,forecast,middle
2025-26,school_program,Ainsworth,ES,Total,K-5,2034-35,565,forecast,middle
2025-26,school_program,Chapman,ES,Total,K-5,2022-23,350,actual,middle
2025-26,school_program,Chapman,ES,Total,K-5,2023-24,344,actual,middle
2025-26,school_program,Chapman,ES,Total,K-5,2024-25,349,actual,middle
2025-26,school_program,Chapman,ES,Total,K-5,2025-26,348,forecast,middle
2025-26,school_program,Chapman,ES,Total,K-5,2026-27,346,forecast,middle
2025-26,school_program,Chapman,ES,Total,K-5,2027-28,331,forecast,middle
2025-26,school_program,Chapman,ES,Total,K-5,2028-29,345,forecast,middle
2025-26,school_program,Chapman,ES,Total,K-5,2029-30,352,forecast,middle
2025-26,school_program,Chapman,ES,Total,K-5,2030-31,346,forecast,middle
2025-26,school_program,Chapman,ES,Total,K-5,2031-32,347,forecast,middle
2025-26,school_program,Chapman,ES,Total,K-5,2032-33,347,forecast,middle
2025-26,school_program,Chapman,ES,Total,K-5,2033-34,349,forecast,middle
2025-26,school_program,Chapman,ES,Total,K-5,2034-35,340,forecast,middle
2025-26,school_program,Forest Park,ES,Total,K-5,2022-23,328,actual,middle
2025-26,school_program,Forest Park,ES,Total,K-5,2023-24,321,actual,middle
2025-26,school_program,Forest Park,ES,Total,K-5,2024-25,303,actual,middle
2025-26,school_program,Forest Park,ES,Total,K-5,2025-26,274,forecast,middle
2025-26,school_program,Forest Park,ES,Total,K-5,2026-27,265,forecast,middle
2025-26,school_program,Forest Park,ES,Total,K-5,2027-28,263,forecast,middle
2025-26,school_program,Forest Park,ES,Total,K-5,2028-29,255,forecast,middle
2025-26,school_program,Forest Park,ES,Total,K-5,2029-30,264,forecast,middle
2025-26,school_program,Forest Park,ES,Total,K-5,2030-31,265,forecast,middle
2025-26,school_program,Forest Park,ES,Total,K-5,2031-32,268,forecast,middle
2025-26,school_program,Forest Park,ES,Total,K-5,2032-33,271,forecast,middle
2025-26,school_program,Forest Park,ES,Total,K-5,2033-34,275,forecast,middle
2025-26,school_program,Forest Park,ES,Total,K-5,2034-35,272,forecast,middle
2025-26,school_program,Skyline,K8,Total,K-8,2022-23,214,actual,middle
2025-26,school_program,Skyline,K8,Total,K-8,2023-24,218,actual,middle
2025-26,school_program,Skyline,K8,Total,K-8,2024-25,226,actual,middle
2025-26,school_program,Skyline,K8,Total,K-8,2025-26,229,forecast,middle
2025-26,school_program,Skyline,K8,Total,K-8,2026-27,230,forecast,middle
2025-26,school_program,Skyline,K8,Total,K-8,2027-28,222,forecast,middle
2025-26,school_program,Skyline,K8,Total,K-8,2028-29,225,forecast,middle
2025-26,school_program,Skyline,K8,Total,K-8,2029-30,225,forecast,middle
2025-26,school_program,Skyline,K8,Total,K-8,2030-31,221,forecast,middle
2025-26,school_program,Skyline,K8,Total,K-8,2031-32,217,forecast,middle
2025-26,school_program,Skyline,K8,Total,K-8,2032-33,210,forecast,middle
2025-26,school_program,Skyline,K8,Total,K-8,2033-34,211,forecast,middle
2025-26,school_program,Skyline,K8,Total,K-8,2034-35,210,forecast,middle
2025-26,school_program,West Sylvan,MS,Neighborhood,6-8,2022-23,624,actual,middle
2025-26,school_program,West Sylvan,MS,Neighborhood,6-8,2023-24,591,actual,middle
2025-26,school_program,West Sylvan,MS,Neighborhood,6-8,2024-25,553,actual,middle
2025-26,school_program,West Sylvan,MS,Neighborhood,6-8,2025-26,554,forecast,middle
2025-26,school_program,West Sylvan,MS,Neighborhood,6-8,2026-27,531,forecast,middle
2025-26,school_program,West Sylvan,MS,Neighborhood,6-8,2027-28,528,forecast,middle
2025-26,school_program,West Sylvan,MS,Neighborhood,6-8,2028-29,501,forecast,middle
2025-26,school_program,West Sylvan,MS,Neighborhood,6-8,2029-30,503,forecast,middle
2025-26,school_program,West Sylvan,MS,Neighborhood,6-8,2030-31,503,forecast,middle
2025-26,school_program,West Sylvan,MS,Neighborhood,6-8,2031-32,487,forecast,middle
2025-26,school_program,West Sylvan,MS,Neighborhood,6-8,2032-33,472,forecast,middle
2025-26,school_program,West Sylvan,MS,Neighborhood,6-8,2033-34,456,forecast,middle
2025-26,school_program,West Sylvan,MS,Neighborhood,6-8,2034-35,484,forecast,middle
2025-26,school_program,West Sylvan,MS,Spanish,6-8,2022-23,133,actual,middle
2025-26,school_program,West Sylvan,MS,Spanish,6-8,2023-24,131,actual,middle
2025-26,school_program,West Sylvan,MS,Spanish,6-8,2024-25,117,actual,middle
2025-26,school_program,West Sylvan,MS,Spanish,6-8,2025-26,117,forecast,middle
2025-26,school_program,West Sylvan,MS,Spanish,6-8,2026-27,117,forecast,middle
2025-26,school_program,West Sylvan,MS,Spanish,6-8,2027-28,132,forecast,middle
2025-26,school_program,West Sylvan,MS,Spanish,6-8,2028-29,128,forecast,middle
2025-26,school_program,West Sylvan,MS,Spanish,6-8,2029-30,130,forecast,middle
2025-26,school_program,West Sylvan,MS,Spanish,6-8,2030-31,129,forecast,middle
2025-26,school_program,West Sylvan,MS,Spanish,6-8,2031-32,130,forecast,middle
2025-26,school_program,West Sylvan,MS,Spanish,6-8,2032-33,126,forecast,middle
2025-26,school_program,West Sylvan,MS,Spanish,6-8,2033-34,117,forecast,middle
2025-26,school_program,West Sylvan,MS,Spanish,6-8,2034-35,121,forecast,middle
2025-26,school_program,West Sylvan,MS,Total,6-8,2022-23,757,actual,middle
2025-26,school_program,West Sylvan,MS,Total,6-8,2023-24,722,actual,middle
2025-26,school_program,West Sylvan,MS,Total,6-8,2024-25,670,actual,middle
2025-26,school_program,West Sylvan,MS,Total,6-8,2025-26,671,forecast,middle
2025-26,school_program,West Sylvan,MS,Total,6-8,2026-27,648,forecast,middle
2025-26,school_program,West Sylvan,MS,Total,6-8,2027-28,660,forecast,middle
2025-26,school_program,West Sylvan,MS,Total,6-8,2028-29,629,forecast,middle
2025-26,school_program,West Sylvan,MS,Total,6-8,2029-30,633,forecast,middle
2025-26,school_program,West Sylvan,MS,Total,6-8,2030-31,632,forecast,middle
2025-26,school_program,West Sylvan,MS,Total,6-8,2031-32,617,forecast,middle
2025-26,school_program,West Sylvan,MS,Total,6-8,2032-33,598,forecast,middle
2025-26,school_program,West Sylvan,MS,Total,6-8,2033-34,573,forecast,middle
2025-26,school_program,West Sylvan,MS,Total,6-8,2034-35,605,forecast,middle
2025-26,school_program,Lincoln,HS,Neighborhood,9-12,2022-23,1335,actual,middle
2025-26,school_program,Lincoln,HS,Neighborhood,9-12,2023-24,1387,actual,middle
2025-26,school_program,Lincoln,HS,Neighborhood,9-12,2024-25,1430,actual,middle
2025-26,school_program,Lincoln,HS,Neighborhood,9-12,2025-26,1441,forecast,middle
2025-26,school_program,Lincoln,HS,Neighborhood,9-12,2026-27,1378,forecast,middle
2025-26,school_program,Lincoln,HS,Neighborhood,9-12,2027-28,1300,forecast,middle
2025-26,school_program,Lincoln,HS,Neighborhood,9-12,2028-29,1248,forecast,middle
2025-26,school_program,Lincoln,HS,Neighborhood,9-12,2029-30,1191,forecast,middle
2025-26,school_program,Lincoln,HS,Neighborhood,9-12,2030-31,1168,forecast,middle
2025-26,school_program,Lincoln,HS,Neighborhood,9-12,2031-32,1164,forecast,middle
2025-26,school_program,Lincoln,HS,Neighborhood,9-12,2032-33,1156,forecast,middle
2025-26,school_program,Lincoln,HS,Neighborhood,9-12,2033-34,1144,forecast,middle
2025-26,school_program,Lincoln,HS,Neighborhood,9-12,2034-35,1119,forecast,middle
2025-26,school_program,Lincoln,HS,Spanish,9-12,2022-23,186,actual,middle
2025-26,school_program,Lincoln,HS,Spanish,9-12,2023-24,192,actual,middle
2025-26,school_program,Lincoln,HS,Spanish,9-12,2024-25,185,actual,middle
2025-26,school_program,Lincoln,HS,Spanish,9-12,2025-26,176,forecast,middle
2025-26,school_program,Lincoln,HS,Spanish,9-12,2026-27,180,forecast,middle
2025-26,school_program,Lincoln,HS,Spanish,9-12,2027-28,162,forecast,middle
2025-26,school_program,Lincoln,HS,Spanish,9-12,2028-29,164,forecast,middle
2025-26,school_program,Lincoln,HS,Spanish,9-12,2029-30,158,forecast,middle
2025-26,school_program,Lincoln,HS,Spanish,9-12,2030-31,161,forecast,middle
2025-26,school_program,Lincoln,HS,Spanish,9-12,2031-32,173,forecast,middle
2025-26,school_program,Lincoln,HS,Spanish,9-12,2032-33,173,forecast,middle
2025-26,school_program,Lincoln,HS,Spanish,9-12,2033-34,177,forecast,middle
2025-26,school_program,Lincoln,HS,Spanish,9-12,2034-35,170,forecast,middle
2025-26,school_program,Lincoln,HS,Total,9-12,2022-23,1521,actual,middle
2025-26,school_program,Lincoln,HS,Total,9-12,2023-24,1579,actual,middle
2025-26,school_program,Lincoln,HS,Total,9-12,2024-25,1615,actual,middle
2025-26,school_program,Lincoln,HS,Total,9-12,2025-26,1617,forecast,middle
2025-26,school_program,Lincoln,HS,Total,9-12,2026-27,1558,forecast,middle
2025-26,school_program,Lincoln,HS,Total,9-12,2027-28,1462,forecast,middle
2025-26,school_program,Lincoln,HS,Total,9-12,2028-29,1412,forecast,middle
2025-26,school_program,Lincoln,HS,Total,9-12,2029-30,1349,forecast,middle
2025-26,school_program,Lincoln,HS,Total,9-12,2030-31,1329,forecast,middle
2025-26,school_program,Lincoln,HS,Total,9-12,2031-32,1337,forecast,middle
2025-26,school_program,Lincoln,HS,Total,9-12,2032-33,1329,forecast,middle
2025-26,school_program,Lincoln,HS,Total,9-12,2033-34,1321,forecast,middle
2025-26,school_program,Lincoln,HS,Total,9-12,2034-35,1289,forecast,middle
2025-26,school_program,Clark,ES,Mandarin,K-5,2022-23,0,actual,middle
2025-26,school_program,Clark,ES,Mandarin,K-5,2023-24,80,actual,middle
2025-26,school_program,Clark,ES,Mandarin,K-5,2024-25,72,actual,middle
2025-26,school_program,Clark,ES,Mandarin,K-5,2025-26,72,forecast,middle
2025-26,school_program,Clark,ES,Mandarin,K-5,2026-27,71,forecast,middle
2025-26,school_program,Clark,ES,Mandarin,K-5,2027-28,72,forecast,middle
2025-26,school_program,Clark,ES,Mandarin,K-5,2028-29,63,forecast,middle
2025-26,school_program,Clark,ES,Mandarin,K-5,2029-30,60,forecast,middle
2025-26,school_program,Clark,ES,Mandarin,K-5,2030-31,59,forecast,middle
2025-26,school_program,Clark,ES,Mandarin,K-5,2031-32,57,forecast,middle
2025-26,school_program,Clark,ES,Mandarin,K-5,2032-33,56,forecast,middle
2025-26,school_program,Clark,ES,Mandarin,K-5,2033-34,56,forecast,middle
2025-26,school_program,Clark,ES,Mandarin,K-5,2034-35,56,forecast,middle
2025-26,school_program,Clark,ES,Neighborhood,K-5,2022-23,0,actual,middle
2025-26,school_program,Clark,ES,Neighborhood,K-5,2023-24,261,actual,middle
2025-26,school_program,Clark,ES,Neighborhood,K-5,2024-25,259,actual,middle
2025-26,school_program,Clark,ES,Neighborhood,K-5,2025-26,245,forecast,middle
2025-26,school_program,Clark,ES,Neighborhood,K-5,2026-27,233,forecast,middle
2025-26,school_program,Clark,ES,Neighborhood,K-5,2027-28,216,forecast,middle
2025-26,school_program,Clark,ES,Neighborhood,K-5,2028-29,205,forecast,middle
2025-26,school_program,Clark,ES,Neighborhood,K-5,2029-30,204,forecast,middle
2025-26,school_program,Clark,ES,Neighborhood,K-5,2030-31,199,forecast,middle
2025-26,school_program,Clark,ES,Neighborhood,K-5,2031-32,197,forecast,middle
2025-26,school_program,Clark,ES,Neighborhood,K-5,2032-33,195,forecast,middle
2025-26,school_program,Clark,ES,Neighborhood,K-5,2033-34,194,forecast,middle
2025-26,school_program,Clark,ES,Neighborhood,K-5,2034-35,195,forecast,middle
2025-26,school_program,Clark,ES,Total,K-5,2022-23,0,actual,middle
2025-26,school_program,Clark,ES,Total,K-5,2023-24,341,actual,middle
2025-26,school_program,Clark,ES,Total,K-5,2024-25,331,actual,middle
2025-26,school_program,Clark,ES,Total,K-5,2025-26,317,forecast,middle
2025-26,school_program,Clark,ES,Total,K-5,2026-27,304,forecast,middle
2025-26,school_program,Clark,ES,Total,K-5,2027-28,288,forecast,middle
2025-26,school_program,Clark,ES,Total,K-5,2028-29,268,forecast,middle
2025-26,school_program,Clark,ES,Total,K-5,2029-30,264,forecast,middle
2025-26,school_program,Clark,ES,Total,K-5,2030-31,258,forecast,middle
2025-26,school_program,Clark,ES,Total,K-5,2031-32,254,forecast,middle
2025-26,school_program,Clark,ES,Total,K-5,2032-33,251,forecast,middle
2025-26,school_program,Clark,ES,Total,K-5,2033-34,250,forecast,middle
2025-26,school_program,Clark,ES,Total,K-5,2034-35,251,forecast,middle
2025-26,school_program,Lee,ES,Total,K-5,2022-23,273,actual,middle
2025-26,school_program,Lee,ES,Total,K-5,2023-24,288,actual,middle
2025-26,school_program,Lee,ES,Total,K-5,2024-25,257,actual,middle
2025-26,school_program,Lee,ES,Total,K-5,2025-26,240,forecast,middle
2025-26,school_program,Lee,ES,Total,K-5,2026-27,233,forecast,middle
2025-26,school_program,Lee,ES,Total,K-5,2027-28,224,forecast,middle
2025-26,school_program,Lee,ES,Total,K-5,2028-29,223,forecast,middle
2025-26,school_program,Lee,ES,Total,K-5,2029-30,213,forecast,middle
2025-26,school_program,Lee,ES,Total,K-5,2030-31,224,forecast,middle
2025-26,school_program,Lee,ES,Total,K-5,2031-32,224,forecast,middle
2025-26,school_program,Lee,ES,Total,K-5,2032-33,226,forecast,middle
2025-26,school_program,Lee,ES,Total,K-5,2033-34,227,forecast,middle
2025-26,school_program,Lee,ES,Total,K-5,2034-35,226,forecast,middle
2025-26,school_program,Rigler,ES,Neighborhood,K-5,2022-23,0,actual,middle
2025-26,school_program,Rigler,ES,Neighborhood,K-5,2023-24,0,actual,middle
2025-26,school_program,Rigler,ES,Neighborhood,K-5,2024-25,0,actual,middle
2025-26,school_program,Rigler,ES,Neighborhood,K-5,2025-26,0,forecast,middle
2025-26,school_program,Rigler,ES,Neighborhood,K-5,2026-27,0,forecast,middle
2025-26,school_program,Rigler,ES,Neighborhood,K-5,2027-28,0,forecast,middle
2025-26,school_program,Rigler,ES,Neighborhood,K-5,2028-29,0,forecast,middle
2025-26,school_program,Rigler,ES,Neighborhood,K-5,2029-30,0,forecast,middle
2025-26,school_program,Rigler,ES,Neighborhood,K-5,2030-31,0,forecast,middle
2025-26,school_program,Rigler,ES,Neighborhood,K-5,2031-32,0,forecast,middle
2025-26,school_program,Rigler,ES,Neighborhood,K-5,2032-33,0,forecast,middle
2025-26,school_program,Rigler,ES,Neighborhood,K-5,2033-34,0,forecast,middle
2025-26,school_program,Rigler,ES,Neighborhood,K-5,2034-35,0,forecast,middle
2025-26,school_program,Rigler,ES,Spanish,K-5,2022-23,221,actual,middle
2025-26,school_program,Rigler,ES,Spanish,K-5,2023-24,255,actual,middle
2025-26,school_program,Rigler,ES,Spanish,K-5,2024-25,301,actual,middle
2025-26,school_program,Rigler,ES,Spanish,K-5,2025-26,317,forecast,middle
2025-26,school_program,Rigler,ES,Spanish,K-5,2026-27,324,forecast,middle
2025-26,school_program,Rigler,ES,Spanish,K-5,2027-28,308,forecast,middle
2025-26,school_program,Rigler,ES,Spanish,K-5,2028-29,318,forecast,middle
2025-26,school_program,Rigler,ES,Spanish,K-5,2029-30,312,forecast,middle
2025-26,school_program,Rigler,ES,Spanish,K-5,2030-31,305,forecast,middle
2025-26,school_program,Rigler,ES,Spanish,K-5,2031-32,297,forecast,middle
2025-26,school_program,Rigler,ES,Spanish,K-5,2032-33,298,forecast,middle
2025-26,school_program,Rigler,ES,Spanish,K-5,2033-34,300,forecast,middle
2025-26,school_program,Rigler,ES,Spanish,K-5,2034-35,299,forecast,middle
2025-26,school_program,Rigler,ES,Total,K-5,2022-23,221,actual,middle
2025-26,school_program,Rigler,ES,Total,K-5,2023-24,255,actual,middle
2025-26,school_program,Rigler,ES,Total,K-5,2024-25,301,actual,middle
2025-26,school_program,Rigler,ES,Total,K-5,2025-26,317,forecast,middle
2025-26,school_program,Rigler,ES,Total,K-5,2026-27,324,forecast,middle
2025-26,school_program,Rigler,ES,Total,K-5,2027-28,308,forecast,middle
2025-26,school_program,Rigler,ES,Total,K-5,2028-29,318,forecast,middle
2025-26,school_program,Rigler,ES,Total,K-5,2029-30,312,forecast,middle
2025-26,school_program,Rigler,ES,Total,K-5,2030-31,305,forecast,middle
2025-26,school_program,Rigler,ES,Total,K-5,2031-32,297,forecast,middle
2025-26,school_program,Rigler,ES,Total,K-5,2032-33,298,forecast,middle
2025-26,school_program,Rigler,ES,Total,K-5,2033-34,300,forecast,middle
2025-26,school_program,Rigler,ES,Total,K-5,2034-35,299,forecast,middle
2025-26,school_program,Rose City Park,ES,Neighborhood,K-5,2022-23,285,actual,middle
2025-26,school_program,Rose City Park,ES,Neighborhood,K-5,2023-24,248,actual,middle
2025-26,school_program,Rose City Park,ES,Neighborhood,K-5,2024-25,237,actual,middle
2025-26,school_program,Rose City Park,ES,Neighborhood,K-5,2025-26,210,forecast,middle
2025-26,school_program,Rose City Park,ES,Neighborhood,K-5,2026-27,206,forecast,middle
2025-26,school_program,Rose City Park,ES,Neighborhood,K-5,2027-28,201,forecast,middle
2025-26,school_program,Rose City Park,ES,Neighborhood,K-5,2028-29,191,forecast,middle
2025-26,school_program,Rose City Park,ES,Neighborhood,K-5,2029-30,205,forecast,middle
2025-26,school_program,Rose City Park,ES,Neighborhood,K-5,2030-31,205,forecast,middle
2025-26,school_program,Rose City Park,ES,Neighborhood,K-5,2031-32,214,forecast,middle
2025-26,school_program,Rose City Park,ES,Neighborhood,K-5,2032-33,218,forecast,middle
2025-26,school_program,Rose City Park,ES,Neighborhood,K-5,2033-34,218,forecast,middle
2025-26,school_program,Rose City Park,ES,Neighborhood,K-5,2034-35,220,forecast,middle
2025-26,school_program,Rose City Park,ES,Total,K-5,2022-23,468,actual,middle
2025-26,school_program,Rose City Park,ES,Total,K-5,2023-24,464,actual,middle
2025-26,school_program,Rose City Park,ES,Total,K-5,2024-25,446,actual,middle
2025-26,school_program,Rose City Park,ES,Total,K-5,2025-26,421,forecast,middle
2025-26,school_program,Rose City Park,ES,Total,K-5,2026-27,404,forecast,middle
2025-26,school_program,Rose City Park,ES,Total,K-5,2027-28,395,forecast,middle
2025-26,school_program,Rose City Park,ES,Total,K-5,2028-29,381,forecast,middle
2025-26,school_program,Rose City Park,ES,Total,K-5,2029-30,390,forecast,middle
2025-26,school_program,Rose City Park,ES,Total,K-5,2030-31,397,forecast,middle
2025-26,school_program,Rose City Park,ES,Total,K-5,2031-32,407,forecast,middle
2025-26,school_program,Rose City Park,ES,Total,K-5,2032-33,416,forecast,middle
2025-26,school_program,Rose City Park,ES,Total,K-5,2033-34,418,forecast,middle
2025-26,school_program,Rose City Park,ES,Total,K-5,2034-35,418,forecast,middle
2025-26,school_program,Rose City Park,ES,Vietnamese,K-5,2022-23,183,actual,middle
2025-26,school_program,Rose City Park,ES,Vietnamese,K-5,2023-24,216,actual,middle
2025-26,school_program,Rose City Park,ES,Vietnamese,K-5,2024-25,209,actual,middle
2025-26,school_program,Rose City Park,ES,Vietnamese,K-5,2025-26,211,forecast,middle
2025-26,school_program,Rose City Park,ES,Vietnamese,K-5,2026-27,198,forecast,middle
2025-26,school_program,Rose City Park,ES,Vietnamese,K-5,2027-28,194,forecast,middle
2025-26,school_program,Rose City Park,ES,Vietnamese,K-5,2028-29,190,forecast,middle
2025-26,school_program,Rose City Park,ES,Vietnamese,K-5,2029-30,185,forecast,middle
2025-26,school_program,Rose City Park,ES,Vietnamese,K-5,2030-31,192,forecast,middle
2025-26,school_program,Rose City Park,ES,Vietnamese,K-5,2031-32,193,forecast,middle
2025-26,school_program,Rose City Park,ES,Vietnamese,K-5,2032-33,198,forecast,middle
2025-26,school_program,Rose City Park,ES,Vietnamese,K-5,2033-34,200,forecast,middle
2025-26,school_program,Rose City Park,ES,Vietnamese,K-5,2034-35,198,forecast,middle
2025-26,school_program,Scott,ES,Neighborhood,K-5,2022-23,226,actual,middle
2025-26,school_program,Scott,ES,Neighborhood,K-5,2023-24,265,actual,middle
2025-26,school_program,Scott,ES,Neighborhood,K-5,2024-25,252,actual,middle
2025-26,school_program,Scott,ES,Neighborhood,K-5,2025-26,239,forecast,middle
2025-26,school_program,Scott,ES,Neighborhood,K-5,2026-27,257,forecast,middle
2025-26,school_program,Scott,ES,Neighborhood,K-5,2027-28,252,forecast,middle
2025-26,school_program,Scott,ES,Neighborhood,K-5,2028-29,228,forecast,middle
2025-26,school_program,Scott,ES,Neighborhood,K-5,2029-30,229,forecast,middle
2025-26,school_program,Scott,ES,Neighborhood,K-5,2030-31,222,forecast,middle
2025-26,school_program,Scott,ES,Neighborhood,K-5,2031-32,222,forecast,middle
2025-26,school_program,Scott,ES,Neighborhood,K-5,2032-33,222,forecast,middle
2025-26,school_program,Scott,ES,Neighborhood,K-5,2033-34,222,forecast,middle
2025-26,school_program,Scott,ES,Neighborhood,K-5,2034-35,221,forecast,middle
2025-26,school_program,Scott,ES,Spanish,K-5,2022-23,206,actual,middle
2025-26,school_program,Scott,ES,Spanish,K-5,2023-24,235,actual,middle
2025-26,school_program,Scott,ES,Spanish,K-5,2024-25,242,actual,middle
2025-26,school_program,Scott,ES,Spanish,K-5,2025-26,232,forecast,middle
2025-26,school_program,Scott,ES,Spanish,K-5,2026-27,228,forecast,middle
2025-26,school_program,Scott,ES,Spanish,K-5,2027-28,226,forecast,middle
2025-26,school_program,Scott,ES,Spanish,K-5,2028-29,222,forecast,middle
2025-26,school_program,Scott,ES,Spanish,K-5,2029-30,214,forecast,middle
2025-26,school_program,Scott,ES,Spanish,K-5,2030-31,218,forecast,middle
2025-26,school_program,Scott,ES,Spanish,K-5,2031-32,221,forecast,middle
2025-26,school_program,Scott,ES,Spanish,K-5,2032-33,224,forecast,middle
2025-26,school_program,Scott,ES,Spanish,K-5,2033-34,225,forecast,middle
2025-26,school_program,Scott,ES,Spanish,K-5,2034-35,225,forecast,middle
2025-26,school_program,Scott,ES,Total,K-5,2022-23,432,actual,middle
2025-26,school_program,Scott,ES,Total,K-5,2023-24,500,actual,middle
2025-26,school_program,Scott,ES,Total,K-5,2024-25,494,actual,middle
2025-26,school_program,Scott,ES,Total,K-5,2025-26,471,forecast,middle
2025-26,school_program,Scott,ES,Total,K-5,2026-27,485,forecast,middle
2025-26,school_program,Scott,ES,Total,K-5,2027-28,478,forecast,middle
2025-26,school_program,Scott,ES,Total,K-5,2028-29,450,forecast,middle
2025-26,school_program,Scott,ES,Total,K-5,2029-30,443,forecast,middle
2025-26,school_program,Scott,ES,Total,K-5,2030-31,440,forecast,middle
2025-26,school_program,Scott,ES,Total,K-5,2031-32,443,forecast,middle
2025-26,school_program,Scott,ES,Total,K-5,2032-33,446,forecast,middle
2025-26,school_program,Scott,ES,Total,K-5,2033-34,447,forecast,middle
2025-26,school_program,Scott,ES,Total,K-5,2034-35,446,forecast,middle
2025-26,school_program,Vestal,ES,Total,K-5,2022-23,230,actual,middle
2025-26,school_program,Vestal,ES,Total,K-5,2023-24,228,actual,middle
2025-26,school_program,Vestal,ES,Total,K-5,2024-25,257,actual,middle
2025-26,school_program,Vestal,ES,Total,K-5,2025-26,276,forecast,middle
2025-26,school_program,Vestal,ES,Total,K-5,2026-27,273,forecast,middle
2025-26,school_program,Vestal,ES,Total,K-5,2027-28,266,forecast,middle
2025-26,school_program,Vestal,ES,Total,K-5,2028-29,255,forecast,middle
2025-26,school_program,Vestal,ES,Total,K-5,2029-30,259,forecast,middle
2025-26,school_program,Vestal,ES,Total,K-5,2030-31,261,forecast,middle
2025-26,school_program,Vestal,ES,Total,K-5,2031-32,260,forecast,middle
2025-26,school_program,Vestal,ES,Total,K-5,2032-33,256,forecast,middle
2025-26,school_program,Vestal,ES,Total,K-5,2033-34,259,forecast,middle
2025-26,school_program,Vestal,ES,Total,K-5,2034-35,260,forecast,middle
2025-26,school_program,Harrison Park,MS,Mandarin,6-8,2022-23,101,actual,middle
2025-26,school_program,Harrison Park,MS,Mandarin,6-8,2023-24,80,actual,middle
2025-26,school_program,Harrison Park,MS,Mandarin,6-8,2024-25,94,actual,middle
2025-26,school_program,Harrison Park,MS,Mandarin,6-8,2025-26,110,forecast,middle
2025-26,school_program,Harrison Park,MS,Mandarin,6-8,2026-27,109,forecast,middle
2025-26,school_program,Harrison Park,MS,Mandarin,6-8,2027-28,102,forecast,middle
2025-26,school_program,Harrison Park,MS,Mandarin,6-8,2028-29,98,forecast,middle
2025-26,school_program,Harrison Park,MS,Mandarin,6-8,2029-30,105,forecast,middle
2025-26,school_program,Harrison Park,MS,Mandarin,6-8,2030-31,97,forecast,middle
2025-26,school_program,Harrison Park,MS,Mandarin,6-8,2031-32,88,forecast,middle
2025-26,school_program,Harrison Park,MS,Mandarin,6-8,2032-33,80,forecast,middle
2025-26,school_program,Harrison Park,MS,Mandarin,6-8,2033-34,81,forecast,middle
2025-26,school_program,Harrison Park,MS,Mandarin,6-8,2034-35,83,forecast,middle
2025-26,school_program,Harrison Park,MS,Neighborhood,6-8,2022-23,472,actual,middle
2025-26,school_program,Harrison Park,MS,Neighborhood,6-8,2023-24,241,actual,middle
2025-26,school_program,Harrison Park,MS,Neighborhood,6-8,2024-25,278,actual,middle
2025-26,school_program,Harrison Park,MS,Neighborhood,6-8,2025-26,293,forecast,middle
2025-26,school_program,Harrison Park,MS,Neighborhood,6-8,2026-27,310,forecast,middle
2025-26,school_program,Harrison Park,MS,Neighborhood,6-8,2027-28,321,forecast,middle
2025-26,school_program,Harrison Park,MS,Neighborhood,6-8,2028-29,341,forecast,middle
2025-26,school_program,Harrison Park,MS,Neighborhood,6-8,2029-30,331,forecast,middle
2025-26,school_program,Harrison Park,MS,Neighborhood,6-8,2030-31,313,forecast,middle
2025-26,school_program,Harrison Park,MS,Neighborhood,6-8,2031-32,296,forecast,middle
2025-26,school_program,Harrison Park,MS,Neighborhood,6-8,2032-33,292,forecast,middle
2025-26,school_program,Harrison Park,MS,Neighborhood,6-8,2033-34,286,forecast,middle
2025-26,school_program,Harrison Park,MS,Neighborhood,6-8,2034-35,285,forecast,middle
2025-26,school_program,Harrison Park,MS,Total,6-8,2022-23,573,actual,middle
2025-26,school_program,Harrison Park,MS,Total,6-8,2023-24,321,actual,middle
2025-26,school_program,Harrison Park,MS,Total,6-8,2024-25,372,actual,middle
2025-26,school_program,Harrison Park,MS,Total,6-8,2025-26,403,forecast,middle
2025-26,school_program,Harrison Park,MS,Total,6-8,2026-27,419,forecast,middle
2025-26,school_program,Harrison Park,MS,Total,6-8,2027-28,423,forecast,middle
2025-26,school_program,Harrison Park,MS,Total,6-8,2028-29,439,forecast,middle
2025-26,school_program,Harrison Park,MS,Total,6-8,2029-30,436,forecast,middle
2025-26,school_program,Harrison Park,MS,Total,6-8,2030-31,410,forecast,middle
2025-26,school_program,Harrison Park,MS,Total,6-8,2031-32,384,forecast,middle
2025-26,school_program,Harrison Park,MS,Total,6-8,2032-33,372,forecast,middle
2025-26,school_program,Harrison Park,MS,Total,6-8,2033-34,367,forecast,middle
2025-26,school_program,Harrison Park,MS,Total,6-8,2034-35,368,forecast,middle
2025-26,school_program,Roseway Heights,MS,Neighborhood,6-8,2022-23,462,actual,middle
2025-26,school_program,Roseway Heights,MS,Neighborhood,6-8,2023-24,432,actual,middle
2025-26,school_program,Roseway Heights,MS,Neighborhood,6-8,2024-25,421,actual,middle
2025-26,school_program,Roseway Heights,MS,Neighborhood,6-8,2025-26,458,forecast,middle
2025-26,school_program,Roseway Heights,MS,Neighborhood,6-8,2026-27,452,forecast,middle
2025-26,school_program,Roseway Heights,MS,Neighborhood,6-8,2027-28,458,forecast,middle
2025-26,school_program,Roseway Heights,MS,Neighborhood,6-8,2028-29,434,forecast,middle
2025-26,school_program,Roseway Heights,MS,Neighborhood,6-8,2029-30,439,forecast,middle
2025-26,school_program,Roseway Heights,MS,Neighborhood,6-8,2030-31,411,forecast,middle
2025-26,school_program,Roseway Heights,MS,Neighborhood,6-8,2031-32,385,forecast,middle
2025-26,school_program,Roseway Heights,MS,Neighborhood,6-8,2032-33,369,forecast,middle
2025-26,school_program,Roseway Heights,MS,Neighborhood,6-8,2033-34,372,forecast,middle
2025-26,school_program,Roseway Heights,MS,Neighborhood,6-8,2034-35,383,forecast,middle
2025-26,school_program,Roseway Heights,MS,Spanish,6-8,2022-23,71,actual,middle
2025-26,school_program,Roseway Heights,MS,Spanish,6-8,2023-24,83,actual,middle
2025-26,school_program,Roseway Heights,MS,Spanish,6-8,2024-25,94,actual,middle
2025-26,school_program,Roseway Heights,MS,Spanish,6-8,2025-26,107,forecast,middle
2025-26,school_program,Roseway Heights,MS,Spanish,6-8,2026-27,115,forecast,middle
2025-26,school_program,Roseway Heights,MS,Spanish,6-8,2027-28,108,forecast,middle
2025-26,school_program,Roseway Heights,MS,Spanish,6-8,2028-29,103,forecast,middle
2025-26,school_program,Roseway Heights,MS,Spanish,6-8,2029-30,113,forecast,middle
2025-26,school_program,Roseway Heights,MS,Spanish,6-8,2030-31,117,forecast,middle
2025-26,school_program,Roseway Heights,MS,Spanish,6-8,2031-32,109,forecast,middle
2025-26,school_program,Roseway Heights,MS,Spanish,6-8,2032-33,95,forecast,middle
2025-26,school_program,Roseway Heights,MS,Spanish,6-8,2033-34,95,forecast,middle
2025-26,school_program,Roseway Heights,MS,Spanish,6-8,2034-35,95,forecast,middle
2025-26,school_program,Roseway Heights,MS,Total,6-8,2022-23,571,actual,middle
2025-26,school_program,Roseway Heights,MS,Total,6-8,2023-24,551,actual,middle
2025-26,school_program,Roseway Heights,MS,Total,6-8,2024-25,565,actual,middle
2025-26,school_program,Roseway Heights,MS,Total,6-8,2025-26,625,forecast,middle
2025-26,school_program,Roseway Heights,MS,Total,6-8,2026-27,644,forecast,middle
2025-26,school_program,Roseway Heights,MS,Total,6-8,2027-28,643,forecast,middle
2025-26,school_program,Roseway Heights,MS,Total,6-8,2028-29,617,forecast,middle
2025-26,school_program,Roseway Heights,MS,Total,6-8,2029-30,630,forecast,middle
2025-26,school_program,Roseway Heights,MS,Total,6-8,2030-31,601,forecast,middle
2025-26,school_program,Roseway Heights,MS,Total,6-8,2031-32,563,forecast,middle
2025-26,school_program,Roseway Heights,MS,Total,6-8,2032-33,523,forecast,middle
2025-26,school_program,Roseway Heights,MS,Total,6-8,2033-34,530,forecast,middle
2025-26,school_program,Roseway Heights,MS,Total,6-8,2034-35,542,forecast,middle
2025-26,school_program,Roseway Heights,MS,Vietnamese,6-8,2022-23,38,actual,middle
2025-26,school_program,Roseway Heights,MS,Vietnamese,6-8,2023-24,36,actual,middle
2025-26,school_program,Roseway Heights,MS,Vietnamese,6-8,2024-25,50,actual,middle
2025-26,school_program,Roseway Heights,MS,Vietnamese,6-8,2025-26,60,forecast,middle
2025-26,school_program,Roseway Heights,MS,Vietnamese,6-8,2026-27,77,forecast,middle
2025-26,school_program,Roseway Heights,MS,Vietnamese,6-8,2027-28,77,forecast,middle
2025-26,school_program,Roseway Heights,MS,Vietnamese,6-8,2028-29,80,forecast,middle
2025-26,school_program,Roseway Heights,MS,Vietnamese,6-8,2029-30,78,forecast,middle
2025-26,school_program,Roseway Heights,MS,Vietnamese,6-8,2030-31,73,forecast,middle
2025-26,school_program,Roseway Heights,MS,Vietnamese,6-8,2031-32,69,forecast,middle
2025-26,school_program,Roseway Heights,MS,Vietnamese,6-8,2032-33,59,forecast,middle
2025-26,school_program,Roseway Heights,MS,Vietnamese,6-8,2033-34,63,forecast,middle
2025-26,school_program,Roseway Heights,MS,Vietnamese,6-8,2034-35,64,forecast,middle
2025-26,school_program,McDaniel,HS,Neighborhood,9-12,2022-23,1218,actual,middle
2025-26,school_program,McDaniel,HS,Neighborhood,9-12,2023-24,1380,actual,middle
2025-26,school_program,McDaniel,HS,Neighborhood,9-12,2024-25,1375,actual,middle
2025-26,school_program,McDaniel,HS,Neighborhood,9-12,2025-26,1283,forecast,middle
2025-26,school_program,McDaniel,HS,Neighborhood,9-12,2026-27,1238,forecast,middle
2025-26,school_program,McDaniel,HS,Neighborhood,9-12,2027-28,1205,forecast,middle
2025-26,school_program,McDaniel,HS,Neighborhood,9-12,2028-29,1187,forecast,middle
2025-26,school_program,McDaniel,HS,Neighborhood,9-12,2029-30,1164,forecast,middle
2025-26,school_program,McDaniel,HS,Neighborhood,9-12,2030-31,1181,forecast,middle
2025-26,school_program,McDaniel,HS,Neighborhood,9-12,2031-32,1180,forecast,middle
2025-26,school_program,McDaniel,HS,Neighborhood,9-12,2032-33,1140,forecast,middle
2025-26,school_program,McDaniel,HS,Neighborhood,9-12,2033-34,1125,forecast,middle
2025-26,school_program,McDaniel,HS,Neighborhood,9-12,2034-35,1087,forecast,middle
2025-26,school_program,McDaniel,HS,PISA,9-12,2022-23,54,actual,middle
2025-26,school_program,McDaniel,HS,PISA,9-12,2023-24,66,actual,middle
2025-26,school_program,McDaniel,HS,PISA,9-12,2024-25,97,actual,middle
2025-26,school_program,McDaniel,HS,PISA,9-12,2025-26,121,forecast,middle
2025-26,school_program,McDaniel,HS,PISA,9-12,2026-27,149,forecast,middle
2025-26,school_program,McDaniel,HS,PISA,9-12,2027-28,180,forecast,middle
2025-26,school_program,McDaniel,HS,PISA,9-12,2028-29,180,forecast,middle
2025-26,school_program,McDaniel,HS,PISA,9-12,2029-30,172,forecast,middle
2025-26,school_program,McDaniel,HS,PISA,9-12,2030-31,164,forecast,middle
2025-26,school_program,McDaniel,HS,PISA,9-12,2031-32,156,forecast,middle
2025-26,school_program,McDaniel,HS,PISA,9-12,2032-33,150,forecast,middle
2025-26,school_program,McDaniel,HS,PISA,9-12,2033-34,144,forecast,middle
2025-26,school_program,McDaniel,HS,PISA,9-12,2034-35,134,forecast,middle
2025-26,school_program,McDaniel,HS,Spanish,9-12,2022-23,158,actual,middle
2025-26,school_program,McDaniel,HS,Spanish,9-12,2023-24,204,actual,middle
2025-26,school_program,McDaniel,HS,Spanish,9-12,2024-25,214,actual,middle
2025-26,school_program,McDaniel,HS,Spanish,9-12,2025-26,205,forecast,middle
2025-26,school_program,McDaniel,HS,Spanish,9-12,2026-27,200,forecast,middle
2025-26,school_program,McDaniel,HS,Spanish,9-12,2027-28,204,forecast,middle
2025-26,school_program,McDaniel,HS,Spanish,9-12,2028-29,226,forecast,middle
2025-26,school_program,McDaniel,HS,Spanish,9-12,2029-30,232,forecast,middle
2025-26,school_program,McDaniel,HS,Spanish,9-12,2030-31,251,forecast,middle
2025-26,school_program,McDaniel,HS,Spanish,9-12,2031-32,254,forecast,middle
2025-26,school_program,McDaniel,HS,Spanish,9-12,2032-33,268,forecast,middle
2025-26,school_program,McDaniel,HS,Spanish,9-12,2033-34,272,forecast,middle
2025-26,school_program,McDaniel,HS,Spanish,9-12,2034-35,264,forecast,middle
2025-26,school_program,McDaniel,HS,Mandarin,9-12,2022-23,0,actual,middle
2025-26,school_program,McDaniel,HS,Mandarin,9-12,2023-24,0,actual,middle
2025-26,school_program,McDaniel,HS,Mandarin,9-12,2024-25,0,actual,middle
2025-26,school_program,McDaniel,HS,Mandarin,9-12,2025-26,30,forecast,middle
2025-26,school_program,McDaniel,HS,Mandarin,9-12,2026-27,28,forecast,middle
2025-26,school_program,McDaniel,HS,Mandarin,9-12,2027-28,28,forecast,middle
2025-26,school_program,McDaniel,HS,Mandarin,9-12,2028-29,33,forecast,middle
2025-26,school_program,McDaniel,HS,Mandarin,9-12,2029-30,36,forecast,middle
2025-26,school_program,McDaniel,HS,Mandarin,9-12,2030-31,35,forecast,middle
2025-26,school_program,McDaniel,HS,Mandarin,9-12,2031-32,33,forecast,middle
2025-26,school_program,McDaniel,HS,Mandarin,9-12,2032-33,33,forecast,middle
2025-26,school_program,McDaniel,HS,Mandarin,9-12,2033-34,32,forecast,middle
2025-26,school_program,McDaniel,HS,Mandarin,9-12,2034-35,31,forecast,middle
2025-26,school_program,McDaniel,HS,Vietnamese,9-12,2022-23,0,actual,middle
2025-26,school_program,McDaniel,HS,Vietnamese,9-12,2023-24,0,actual,middle
2025-26,school_program,McDaniel,HS,Vietnamese,9-12,2024-25,0,actual,middle
2025-26,school_program,McDaniel,HS,Vietnamese,9-12,2025-26,12,forecast,middle
2025-26,school_program,McDaniel,HS,Vietnamese,9-12,2026-27,24,forecast,middle
2025-26,school_program,McDaniel,HS,Vietnamese,9-12,2027-28,47,forecast,middle
2025-26,school_program,McDaniel,HS,Vietnamese,9-12,2028-29,70,forecast,middle
2025-26,school_program,McDaniel,HS,Vietnamese,9-12,2029-30,88,forecast,middle
2025-26,school_program,McDaniel,HS,Vietnamese,9-12,2030-31,96,forecast,middle
2025-26,school_program,McDaniel,HS,Vietnamese,9-12,2031-32,100,forecast,middle
2025-26,school_program,McDaniel,HS,Vietnamese,9-12,2032-33,105,forecast,middle
2025-26,school_program,McDaniel,HS,Vietnamese,9-12,2033-34,88,forecast,middle
2025-26,school_program,McDaniel,HS,Vietnamese,9-12,2034-35,93,forecast,middle
2025-26,school_program,McDaniel,HS,Total,9-12,2022-23,1430,actual,middle
2025-26,school_program,McDaniel,HS,Total,9-12,2023-24,1650,actual,middle
2025-26,school_program,McDaniel,HS,Total,9-12,2024-25,1686,actual,middle
2025-26,school_program,McDaniel,HS,Total,9-12,2025-26,1651,forecast,middle
2025-26,school_program,McDaniel,HS,Total,9-12,2026-27,1639,forecast,middle
2025-26,school_program,McDaniel,HS,Total,9-12,2027-28,1664,forecast,middle
2025-26,school_program,McDaniel,HS,Total,9-12,2028-29,1696,forecast,middle
2025-26,school_program,McDaniel,HS,Total,9-12,2029-30,1692,forecast,middle
2025-26,school_program,McDaniel,HS,Total,9-12,2030-31,1727,forecast,middle
2025-26,school_program,McDaniel,HS,Total,9-12,2031-32,1723,forecast,middle
2025-26,school_program,McDaniel,HS,Total,9-12,2032-33,1696,forecast,middle
2025-26,school_program,McDaniel,HS,Total,9-12,2033-34,1661,forecast,middle
2025-26,school_program,McDaniel,HS,Total,9-12,2034-35,1609,forecast,middle
2025-26,school_program,James John,ES,Neighborhood,K-5,2022-23,208,actual,middle
2025-26,school_program,James John,ES,Neighborhood,K-5,2023-24,220,actual,middle
2025-26,school_program,James John,ES,Neighborhood,K-5,2024-25,224,actual,middle
2025-26,school_program,James John,ES,Neighborhood,K-5,2025-26,220,forecast,middle
2025-26,school_program,James John,ES,Neighborhood,K-5,2026-27,211,forecast,middle
2025-26,school_program,James John,ES,Neighborhood,K-5,2027-28,205,forecast,middle
2025-26,school_program,James John,ES,Neighborhood,K-5,2028-29,200,forecast,middle
2025-26,school_program,James John,ES,Neighborhood,K-5,2029-30,207,forecast,middle
2025-26,school_program,James John,ES,Neighborhood,K-5,2030-31,196,forecast,middle
2025-26,school_program,James John,ES,Neighborhood,K-5,2031-32,196,forecast,middle
2025-26,school_program,James John,ES,Neighborhood,K-5,2032-33,199,forecast,middle
2025-26,school_program,James John,ES,Neighborhood,K-5,2033-34,202,forecast,middle
2025-26,school_program,James John,ES,Neighborhood,K-5,2034-35,199,forecast,middle
2025-26,school_program,James John,ES,Spanish,K-5,2022-23,128,actual,middle
2025-26,school_program,James John,ES,Spanish,K-5,2023-24,128,actual,middle
2025-26,school_program,James John,ES,Spanish,K-5,2024-25,143,actual,middle
2025-26,school_program,James John,ES,Spanish,K-5,2025-26,144,forecast,middle
2025-26,school_program,James John,ES,Spanish,K-5,2026-27,139,forecast,middle
2025-26,school_program,James John,ES,Spanish,K-5,2027-28,134,forecast,middle
2025-26,school_program,James John,ES,Spanish,K-5,2028-29,131,forecast,middle
2025-26,school_program,James John,ES,Spanish,K-5,2029-30,133,forecast,middle
2025-26,school_program,James John,ES,Spanish,K-5,2030-31,130,forecast,middle
2025-26,school_program,James John,ES,Spanish,K-5,2031-32,132,forecast,middle
2025-26,school_program,James John,ES,Spanish,K-5,2032-33,133,forecast,middle
2025-26,school_program,James John,ES,Spanish,K-5,2033-34,134,forecast,middle
2025-26,school_program,James John,ES,Spanish,K-5,2034-35,132,forecast,middle
2025-26,school_program,James John,ES,Total,K-5,2022-23,336,actual,middle
2025-26,school_program,James John,ES,Total,K-5,2023-24,348,actual,middle
2025-26,school_program,James John,ES,Total,K-5,2024-25,367,actual,middle
2025-26,school_program,James John,ES,Total,K-5,2025-26,364,forecast,middle
2025-26,school_program,James John,ES,Total,K-5,2026-27,350,forecast,middle
2025-26,school_program,James John,ES,Total,K-5,2027-28,339,forecast,middle
2025-26,school_program,James John,ES,Total,K-5,2028-29,331,forecast,middle
2025-26,school_program,James John,ES,Total,K-5,2029-30,340,forecast,middle
2025-26,school_program,James John,ES,Total,K-5,2030-31,326,forecast,middle
2025-26,school_program,James John,ES,Total,K-5,2031-32,328,forecast,middle
2025-26,school_program,James John,ES,Total,K-5,2032-33,332,forecast,middle
2025-26,school_program,James John,ES,Total,K-5,2033-34,336,forecast,middle
2025-26,school_program,James John,ES,Total,K-5,2034-35,331,forecast,middle
2025-26,school_program,Rosa Parks,ES,Total,K-5,2022-23,192,actual,middle
2025-26,school_program,Rosa Parks,ES,Total,K-5,2023-24,177,actual,middle
2025-26,school_program,Rosa Parks,ES,Total,K-5,2024-25,172,actual,middle
2025-26,school_program,Rosa Parks,ES,Total,K-5,2025-26,172,forecast,middle
2025-26,school_program,Rosa Parks,ES,Total,K-5,2026-27,166,forecast,middle
2025-26,school_program,Rosa Parks,ES,Total,K-5,2027-28,167,forecast,middle
2025-26,school_program,Rosa Parks,ES,Total,K-5,2028-29,173,forecast,middle
2025-26,school_program,Rosa Parks,ES,Total,K-5,2029-30,176,forecast,middle
2025-26,school_program,Rosa Parks,ES,Total,K-5,2030-31,171,forecast,middle
2025-26,school_program,Rosa Parks,ES,Total,K-5,2031-32,173,forecast,middle
2025-26,school_program,Rosa Parks,ES,Total,K-5,2032-33,178,forecast,middle
2025-26,school_program,Rosa Parks,ES,Total,K-5,2033-34,182,forecast,middle
2025-26,school_program,Rosa Parks,ES,Total,K-5,2034-35,181,forecast,middle
2025-26,school_program,Sitton,ES,Neighborhood,K-5,2022-23,223,actual,middle
2025-26,school_program,Sitton,ES,Neighborhood,K-5,2023-24,207,actual,middle
2025-26,school_program,Sitton,ES,Neighborhood,K-5,2024-25,206,actual,middle
2025-26,school_program,Sitton,ES,Neighborhood,K-5,2025-26,211,forecast,middle
2025-26,school_program,Sitton,ES,Neighborhood,K-5,2026-27,209,forecast,middle
2025-26,school_program,Sitton,ES,Neighborhood,K-5,2027-28,198,forecast,middle
2025-26,school_program,Sitton,ES,Neighborhood,K-5,2028-29,187,forecast,middle
2025-26,school_program,Sitton,ES,Neighborhood,K-5,2029-30,191,forecast,middle
2025-26,school_program,Sitton,ES,Neighborhood,K-5,2030-31,194,forecast,middle
2025-26,school_program,Sitton,ES,Neighborhood,K-5,2031-32,198,forecast,middle
2025-26,school_program,Sitton,ES,Neighborhood,K-5,2032-33,201,forecast,middle
2025-26,school_program,Sitton,ES,Neighborhood,K-5,2033-34,205,forecast,middle
2025-26,school_program,Sitton,ES,Neighborhood,K-5,2034-35,204,forecast,middle
2025-26,school_program,Sitton,ES,Spanish,K-5,2022-23,119,actual,middle
2025-26,school_program,Sitton,ES,Spanish,K-5,2023-24,128,actual,middle
2025-26,school_program,Sitton,ES,Spanish,K-5,2024-25,133,actual,middle
2025-26,school_program,Sitton,ES,Spanish,K-5,2025-26,129,forecast,middle
2025-26,school_program,Sitton,ES,Spanish,K-5,2026-27,122,forecast,middle
2025-26,school_program,Sitton,ES,Spanish,K-5,2027-28,112,forecast,middle
2025-26,school_program,Sitton,ES,Spanish,K-5,2028-29,102,forecast,middle
2025-26,school_program,Sitton,ES,Spanish,K-5,2029-30,99,forecast,middle
2025-26,school_program,Sitton,ES,Spanish,K-5,2030-31,102,forecast,middle
2025-26,school_program,Sitton,ES,Spanish,K-5,2031-32,104,forecast,middle
2025-26,school_program,Sitton,ES,Spanish,K-5,2032-33,105,forecast,middle
2025-26,school_program,Sitton,ES,Spanish,K-5,2033-34,106,forecast,middle
2025-26,school_program,Sitton,ES,Spanish,K-5,2034-35,107,forecast,middle
2025-26,school_program,Sitton,ES,Total,K-5,2022-23,342,actual,middle
2025-26,school_program,Sitton,ES,Total,K-5,2023-24,335,actual,middle
2025-26,school_program,Sitton,ES,Total,K-5,2024-25,339,actual,middle
2025-26,school_program,Sitton,ES,Total,K-5,2025-26,340,forecast,middle
2025-26,school_program,Sitton,ES,Total,K-5,2026-27,331,forecast,middle
2025-26,school_program,Sitton,ES,Total,K-5,2027-28,310,forecast,middle
2025-26,school_program,Sitton,ES,Total,K-5,2028-29,289,forecast,middle
2025-26,school_program,Sitton,ES,Total,K-5,2029-30,290,forecast,middle
2025-26,school_program,Sitton,ES,Total,K-5,2030-31,296,forecast,middle
2025-26,school_program,Sitton,ES,Total,K-5,2031-32,302,forecast,middle
2025-26,school_program,Sitton,ES,Total,K-5,2032-33,306,forecast,middle
2025-26,school_program,Sitton,ES,Total,K-5,2033-34,311,forecast,middle
2025-26,school_program,Sitton,ES,Total,K-5,2034-35,311,forecast,middle
2025-26,school_program,Astor,K8,Total,K-8,2022-23,368,actual,middle
2025-26,school_program,Astor,K8,Total,K-8,2023-24,375,actual,middle
2025-26,school_program,Astor,K8,Total,K-8,2024-25,408,actual,middle
2025-26,school_program,Astor,K8,Total,K-8,2025-26,399,forecast,middle
2025-26,school_program,Astor,K8,Total,K-8,2026-27,410,forecast,middle
2025-26,school_program,Astor,K8,Total,K-8,2027-28,395,forecast,middle
2025-26,school_program,Astor,K8,Total,K-8,2028-29,386,forecast,middle
2025-26,school_program,Astor,K8,Total,K-8,2029-30,429,forecast,middle
2025-26,school_program,Astor,K8,Total,K-8,2030-31,415,forecast,middle
2025-26,school_program,Astor,K8,Total,K-8,2031-32,410,forecast,middle
2025-26,school_program,Astor,K8,Total,K-8,2032-33,398,forecast,middle
2025-26,school_program,Astor,K8,Total,K-8,2033-34,383,forecast,middle
2025-26,school_program,Astor,K8,Total,K-8,2034-35,382,forecast,middle
2025-26,school_program,César Chávez,K8,Neighborhood,K-8,2022-23,168,actual,middle
2025-26,school_program,César Chávez,K8,Neighborhood,K-8,2023-24,156,actual,middle
2025-26,school_program,César Chávez,K8,Neighborhood,K-8,2024-25,145,actual,middle
2025-26,school_program,César Chávez,K8,Neighborhood,K-8,2025-26,123,forecast,middle
2025-26,school_program,César Chávez,K8,Neighborhood,K-8,2026-27,105,forecast,middle
2025-26,school_program,César Chávez,K8,Neighborhood,K-8,2027-28,93,forecast,middle
2025-26,school_program,César Chávez,K8,Neighborhood,K-8,2028-29,84,forecast,middle
2025-26,school_program,César Chávez,K8,Neighborhood,K-8,2029-30,80,forecast,middle
2025-26,school_program,César Chávez,K8,Neighborhood,K-8,2030-31,74,forecast,middle
2025-26,school_program,César Chávez,K8,Neighborhood,K-8,2031-32,73,forecast,middle
2025-26,school_program,César Chávez,K8,Neighborhood,K-8,2032-33,72,forecast,middle
2025-26,school_program,César Chávez,K8,Neighborhood,K-8,2033-34,70,forecast,middle
2025-26,school_program,César Chávez,K8,Neighborhood,K-8,2034-35,72,forecast,middle
2025-26,school_program,César Chávez,K8,Spanish,K-8,2022-23,296,actual,middle
2025-26,school_program,César Chávez,K8,Spanish,K-8,2023-24,325,actual,middle
2025-26,school_program,César Chávez,K8,Spanish,K-8,2024-25,309,actual,middle
2025-26,school_program,César Chávez,K8,Spanish,K-8,2025-26,315,forecast,middle
2025-26,school_program,César Chávez,K8,Spanish,K-8,2026-27,298,forecast,middle
2025-26,school_program,César Chávez,K8,Spanish,K-8,2027-28,294,forecast,middle
2025-26,school_program,César Chávez,K8,Spanish,K-8,2028-29,295,forecast,middle
2025-26,school_program,César Chávez,K8,Spanish,K-8,2029-30,308,forecast,middle
2025-26,school_program,César Chávez,K8,Spanish,K-8,2030-31,309,forecast,middle
2025-26,school_program,César Chávez,K8,Spanish,K-8,2031-32,298,forecast,middle
2025-26,school_program,César Chávez,K8,Spanish,K-8,2032-33,295,forecast,middle
2025-26,school_program,César Chávez,K8,Spanish,K-8,2033-34,304,forecast,middle
2025-26,school_program,César Chávez,K8,Spanish,K-8,2034-35,311,forecast,middle
2025-26,school_program,César Chávez,K8,Total,K-8,2022-23,464,actual,middle
2025-26,school_program,César Chávez,K8,Total,K-8,2023-24,481,actual,middle
2025-26,school_program,César Chávez,K8,Total,K-8,2024-25,454,actual,middle
2025-26,school_program,César Chávez,K8,Total,K-8,2025-26,438,forecast,middle
2025-26,school_program,César Chávez,K8,Total,K-8,2026-27,403,forecast,middle
2025-26,school_program,César Chávez,K8,Total,K-8,2027-28,387,forecast,middle
2025-26,school_program,César Chávez,K8,Total,K-8,2028-29,379,forecast,middle
2025-26,school_program,César Chávez,K8,Total,K-8,2029-30,388,forecast,middle
2025-26,school_program,César Chávez,K8,Total,K-8,2030-31,383,forecast,middle
2025-26,school_program,César Chávez,K8,Total,K-8,2031-32,371,forecast,middle
2025-26,school_program,César Chávez,K8,Total,K-8,2032-33,367,forecast,middle
2025-26,school_program,César Chávez,K8,Total,K-8,2033-34,374,forecast,middle
2025-26,school_program,César Chávez,K8,Total,K-8,2034-35,383,forecast,middle
2025-26,school_program,George,MS,Neighborhood,6-8,2022-23,266,actual,middle
2025-26,school_program,George,MS,Neighborhood,6-8,2023-24,254,actual,middle
2025-26,school_program,George,MS,Neighborhood,6-8,2024-25,291,actual,middle
2025-26,school_program,George,MS,Neighborhood,6-8,2025-26,278,forecast,middle
2025-26,school_program,George,MS,Neighborhood,6-8,2026-27,281,forecast,middle
2025-26,school_program,George,MS,Neighborhood,6-8,2027-28,279,forecast,middle
2025-26,school_program,George,MS,Neighborhood,6-8,2028-29,290,forecast,middle
2025-26,school_program,George,MS,Neighborhood,6-8,2029-30,283,forecast,middle
2025-26,school_program,George,MS,Neighborhood,6-8,2030-31,284,forecast,middle
2025-26,school_program,George,MS,Neighborhood,6-8,2031-32,271,forecast,middle
2025-26,school_program,George,MS,Neighborhood,6-8,2032-33,264,forecast,middle
2025-26,school_program,George,MS,Neighborhood,6-8,2033-34,247,forecast,middle
2025-26,school_program,George,MS,Neighborhood,6-8,2034-35,255,forecast,middle
2025-26,school_program,George,MS,Spanish,6-8,2022-23,119,actual,middle
2025-26,school_program,George,MS,Spanish,6-8,2023-24,113,actual,middle
2025-26,school_program,George,MS,Spanish,6-8,2024-25,113,actual,middle
2025-26,school_program,George,MS,Spanish,6-8,2025-26,111,forecast,middle
2025-26,school_program,George,MS,Spanish,6-8,2026-27,126,forecast,middle
2025-26,school_program,George,MS,Spanish,6-8,2027-28,133,forecast,middle
2025-26,school_program,George,MS,Spanish,6-8,2028-29,141,forecast,middle
2025-26,school_program,George,MS,Spanish,6-8,2029-30,138,forecast,middle
2025-26,school_program,George,MS,Spanish,6-8,2030-31,130,forecast,middle
2025-26,school_program,George,MS,Spanish,6-8,2031-32,118,forecast,middle
2025-26,school_program,George,MS,Spanish,6-8,2032-33,113,forecast,middle
2025-26,school_program,George,MS,Spanish,6-8,2033-34,107,forecast,middle
2025-26,school_program,George,MS,Spanish,6-8,2034-35,107,forecast,middle
2025-26,school_program,George,MS,Total,6-8,2022-23,385,actual,middle
2025-26,school_program,George,MS,Total,6-8,2023-24,367,actual,middle
2025-26,school_program,George,MS,Total,6-8,2024-25,404,actual,middle
2025-26,school_program,George,MS,Total,6-8,2025-26,389,forecast,middle
2025-26,school_program,George,MS,Total,6-8,2026-27,407,forecast,middle
2025-26,school_program,George,MS,Total,6-8,2027-28,412,forecast,middle
2025-26,school_program,George,MS,Total,6-8,2028-29,431,forecast,middle
2025-26,school_program,George,MS,Total,6-8,2029-30,421,forecast,middle
2025-26,school_program,George,MS,Total,6-8,2030-31,414,forecast,middle
2025-26,school_program,George,MS,Total,6-8,2031-32,389,forecast,middle
2025-26,school_program,George,MS,Total,6-8,2032-33,377,forecast,middle
2025-26,school_program,George,MS,Total,6-8,2033-34,354,forecast,middle
2025-26,school_program,George,MS,Total,6-8,2034-35,362,forecast,middle
2025-26,school_program,Roosevelt,HS,Neighborhood,9-12,2022-23,1200,actual,middle
2025-26,school_program,Roosevelt,HS,Neighborhood,9-12,2023-24,1130,actual,middle
2025-26,school_program,Roosevelt,HS,Neighborhood,9-12,2024-25,1110,actual,middle
2025-26,school_program,Roosevelt,HS,Neighborhood,9-12,2025-26,1090,forecast,middle
2025-26,school_program,Roosevelt,HS,Neighborhood,9-12,2026-27,1027,forecast,middle
2025-26,school_program,Roosevelt,HS,Neighborhood,9-12,2027-28,1063,forecast,middle
2025-26,school_program,Roosevelt,HS,Neighborhood,9-12,2028-29,1062,forecast,middle
2025-26,school_program,Roosevelt,HS,Neighborhood,9-12,2029-30,1057,forecast,middle
2025-26,school_program,Roosevelt,HS,Neighborhood,9-12,2030-31,1082,forecast,middle
2025-26,school_program,Roosevelt,HS,Neighborhood,9-12,2031-32,1072,forecast,middle
2025-26,school_program,Roosevelt,HS,Neighborhood,9-12,2032-33,1060,forecast,middle
2025-26,school_program,Roosevelt,HS,Neighborhood,9-12,2033-34,1098,forecast,middle
2025-26,school_program,Roosevelt,HS,Neighborhood,9-12,2034-35,1060,forecast,middle
2025-26,school_program,Roosevelt,HS,PISA,9-12,2022-23,53,actual,middle
2025-26,school_program,Roosevelt,HS,PISA,9-12,2023-24,71,actual,middle
2025-26,school_program,Roosevelt,HS,PISA,9-12,2024-25,47,actual,middle
2025-26,school_program,Roosevelt,HS,PISA,9-12,2025-26,67,forecast,middle
2025-26,school_program,Roosevelt,HS,PISA,9-12,2026-27,77,forecast,middle
2025-26,school_program,Roosevelt,HS,PISA,9-12,2027-28,76,forecast,middle
2025-26,school_program,Roosevelt,HS,PISA,9-12,2028-29,74,forecast,middle
2025-26,school_program,Roosevelt,HS,PISA,9-12,2029-30,71,forecast,middle
2025-26,school_program,Roosevelt,HS,PISA,9-12,2030-31,73,forecast,middle
2025-26,school_program,Roosevelt,HS,PISA,9-12,2031-32,69,forecast,middle
2025-26,school_program,Roosevelt,HS,PISA,9-12,2032-33,71,forecast,middle
2025-26,school_program,Roosevelt,HS,PISA,9-12,2033-34,70,forecast,middle
2025-26,school_program,Roosevelt,HS,PISA,9-12,2034-35,66,forecast,middle
2025-26,school_program,Roosevelt,HS,Spanish,9-12,2022-23,225,actual,middle
2025-26,school_program,Roosevelt,HS,Spanish,9-12,2023-24,256,actual,middle
2025-26,school_program,Roosevelt,HS,Spanish,9-12,2024-25,295,actual,middle
2025-26,school_program,Roosevelt,HS,Spanish,9-12,2025-26,336,forecast,middle
2025-26,school_program,Roosevelt,HS,Spanish,9-12,2026-27,357,forecast,middle
2025-26,school_program,Roosevelt,HS,Spanish,9-12,2027-28,368,forecast,middle
2025-26,school_program,Roosevelt,HS,Spanish,9-12,2028-29,351,forecast,middle
2025-26,school_program,Roosevelt,HS,Spanish,9-12,2029-30,347,forecast,middle
2025-26,school_program,Roosevelt,HS,Spanish,9-12,2030-31,348,forecast,middle
2025-26,school_program,Roosevelt,HS,Spanish,9-12,2031-32,357,forecast,middle
2025-26,school_program,Roosevelt,HS,Spanish,9-12,2032-33,364,forecast,middle
2025-26,school_program,Roosevelt,HS,Spanish,9-12,2033-34,357,forecast,middle
2025-26,school_program,Roosevelt,HS,Spanish,9-12,2034-35,331,forecast,middle
2025-26,school_program,Roosevelt,HS,Total,9-12,2022-23,1478,actual,middle
2025-26,school_program,Roosevelt,HS,Total,9-12,2023-24,1457,actual,middle
2025-26,school_program,Roosevelt,HS,Total,9-12,2024-25,1452,actual,middle
2025-26,school_program,Roosevelt,HS,Total,9-12,2025-26,1493,forecast,middle
2025-26,school_program,Roosevelt,HS,Total,9-12,2026-27,1461,forecast,middle
2025-26,school_program,Roosevelt,HS,Total,9-12,2027-28,1507,forecast,middle
2025-26,school_program,Roosevelt,HS,Total,9-12,2028-29,1487,forecast,middle
2025-26,school_program,Roosevelt,HS,Total,9-12,2029-30,1475,forecast,middle
2025-26,school_program,Roosevelt,HS,Total,9-12,2030-31,1503,forecast,middle
2025-26,school_program,Roosevelt,HS,Total,9-12,2031-32,1498,forecast,middle
2025-26,school_program,Roosevelt,HS,Total,9-12,2032-33,1495,forecast,middle
2025-26,school_program,Roosevelt,HS,Total,9-12,2033-34,1525,forecast,middle
2025-26,school_program,Roosevelt,HS,Total,9-12,2034-35,1457,forecast,middle
2025-26,school_program,Bridlemile,ES,Total,K-5,2022-23,457,actual,middle
2025-26,school_program,Bridlemile,ES,Total,K-5,2023-24,446,actual,middle
2025-26,school_program,Bridlemile,ES,Total,K-5,2024-25,419,actual,middle
2025-26,school_program,Bridlemile,ES,Total,K-5,2025-26,407,forecast,middle
2025-26,school_program,Bridlemile,ES,Total,K-5,2026-27,388,forecast,middle
2025-26,school_program,Bridlemile,ES,Total,K-5,2027-28,369,forecast,middle
2025-26,school_program,Bridlemile,ES,Total,K-5,2028-29,359,forecast,middle
2025-26,school_program,Bridlemile,ES,Total,K-5,2029-30,353,forecast,middle
2025-26,school_program,Bridlemile,ES,Total,K-5,2030-31,366,forecast,middle
2025-26,school_program,Bridlemile,ES,Total,K-5,2031-32,371,forecast,middle
2025-26,school_program,Bridlemile,ES,Total,K-5,2032-33,377,forecast,middle
2025-26,school_program,Bridlemile,ES,Total,K-5,2033-34,382,forecast,middle
2025-26,school_program,Bridlemile,ES,Total,K-5,2034-35,379,forecast,middle
2025-26,school_program,Capitol Hill,ES,Total,K-5,2022-23,333,actual,middle
2025-26,school_program,Capitol Hill,ES,Total,K-5,2023-24,361,actual,middle
2025-26,school_program,Capitol Hill,ES,Total,K-5,2024-25,318,actual,middle
2025-26,school_program,Capitol Hill,ES,Total,K-5,2025-26,303,forecast,middle
2025-26,school_program,Capitol Hill,ES,Total,K-5,2026-27,294,forecast,middle
2025-26,school_program,Capitol Hill,ES,Total,K-5,2027-28,278,forecast,middle
2025-26,school_program,Capitol Hill,ES,Total,K-5,2028-29,262,forecast,middle
2025-26,school_program,Capitol Hill,ES,Total,K-5,2029-30,264,forecast,middle
2025-26,school_program,Capitol Hill,ES,Total,K-5,2030-31,277,forecast,middle
2025-26,school_program,Capitol Hill,ES,Total,K-5,2031-32,279,forecast,middle
2025-26,school_program,Capitol Hill,ES,Total,K-5,2032-33,283,forecast,middle
2025-26,school_program,Capitol Hill,ES,Total,K-5,2033-34,282,forecast,middle
2025-26,school_program,Capitol Hill,ES,Total,K-5,2034-35,281,forecast,middle
2025-26,school_program,Hayhurst,ES,Total,K-5,2022-23,349,actual,middle
2025-26,school_program,Hayhurst,ES,Total,K-5,2023-24,335,actual,middle
2025-26,school_program,Hayhurst,ES,Total,K-5,2024-25,314,actual,middle
2025-26,school_program,Hayhurst,ES,Total,K-5,2025-26,291,forecast,middle
2025-26,school_program,Hayhurst,ES,Total,K-5,2026-27,280,forecast,middle
2025-26,school_program,Hayhurst,ES,Total,K-5,2027-28,264,forecast,middle
2025-26,school_program,Hayhurst,ES,Total,K-5,2028-29,257,forecast,middle
2025-26,school_program,Hayhurst,ES,Total,K-5,2029-30,255,forecast,middle
2025-26,school_program,Hayhurst,ES,Total,K-5,2030-31,263,forecast,middle
2025-26,school_program,Hayhurst,ES,Total,K-5,2031-32,266,forecast,middle
2025-26,school_program,Hayhurst,ES,Total,K-5,2032-33,273,forecast,middle
2025-26,school_program,Hayhurst,ES,Total,K-5,2033-34,278,forecast,middle
2025-26,school_program,Hayhurst,ES,Total,K-5,2034-35,278,forecast,middle
2025-26,school_program,Maplewood,ES,Total,K-5,2022-23,307,actual,middle
2025-26,school_program,Maplewood,ES,Total,K-5,2023-24,301,actual,middle
2025-26,school_program,Maplewood,ES,Total,K-5,2024-25,295,actual,middle
2025-26,school_program,Maplewood,ES,Total,K-5,2025-26,278,forecast,middle
2025-26,school_program,Maplewood,ES,Total,K-5,2026-27,292,forecast,middle
2025-26,school_program,Maplewood,ES,Total,K-5,2027-28,300,forecast,middle
2025-26,school_program,Maplewood,ES,Total,K-5,2028-29,287,forecast,middle
2025-26,school_program,Maplewood,ES,Total,K-5,2029-30,288,forecast,middle
2025-26,school_program,Maplewood,ES,Total,K-5,2030-31,295,forecast,middle
2025-26,school_program,Maplewood,ES,Total,K-5,2031-32,291,forecast,middle
2025-26,school_program,Maplewood,ES,Total,K-5,2032-33,280,forecast,middle
2025-26,school_program,Maplewood,ES,Total,K-5,2033-34,270,forecast,middle
2025-26,school_program,Maplewood,ES,Total,K-5,2034-35,272,forecast,middle
2025-26,school_program,Markham,ES,Total,K-5,2022-23,424,actual,middle
2025-26,school_program,Markham,ES,Total,K-5,2023-24,402,actual,middle
2025-26,school_program,Markham,ES,Total,K-5,2024-25,341,actual,middle
2025-26,school_program,Markham,ES,Total,K-5,2025-26,356,forecast,middle
2025-26,school_program,Markham,ES,Total,K-5,2026-27,344,forecast,middle
2025-26,school_program,Markham,ES,Total,K-5,2027-28,320,forecast,middle
2025-26,school_program,Markham,ES,Total,K-5,2028-29,318,forecast,middle
2025-26,school_program,Markham,ES,Total,K-5,2029-30,313,forecast,middle
2025-26,school_program,Markham,ES,Total,K-5,2030-31,315,forecast,middle
2025-26,school_program,Markham,ES,Total,K-5,2031-32,314,forecast,middle
2025-26,school_program,Markham,ES,Total,K-5,2032-33,312,forecast,middle
2025-26,school_program,Markham,ES,Total,K-5,2033-34,312,forecast,middle
2025-26,school_program,Markham,ES,Total,K-5,2034-35,311,forecast,middle
2025-26,school_program,Rieke,ES,Total,K-5,2022-23,299,actual,middle
2025-26,school_program,Rieke,ES,Total,K-5,2023-24,288,actual,middle
2025-26,school_program,Rieke,ES,Total,K-5,2024-25,278,actual,middle
2025-26,school_program,Rieke,ES,Total,K-5,2025-26,264,forecast,middle
2025-26,school_program,Rieke,ES,Total,K-5,2026-27,245,forecast,middle
2025-26,school_program,Rieke,ES,Total,K-5,2027-28,261,forecast,middle
2025-26,school_program,Rieke,ES,Total,K-5,2028-29,262,forecast,middle
2025-26,school_program,Rieke,ES,Total,K-5,2029-30,259,forecast,middle
2025-26,school_program,Rieke,ES,Total,K-5,2030-31,260,forecast,middle
2025-26,school_program,Rieke,ES,Total,K-5,2031-32,261,forecast,middle
2025-26,school_program,Rieke,ES,Total,K-5,2032-33,255,forecast,middle
2025-26,school_program,Rieke,ES,Total,K-5,2033-34,245,forecast,middle
2025-26,school_program,Rieke,ES,Total,K-5,2034-35,246,forecast,middle
2025-26,school_program,Stephenson,ES,Total,K-5,2022-23,307,actual,middle
2025-26,school_program,Stephenson,ES,Total,K-5,2023-24,310,actual,middle
2025-26,school_program,Stephenson,ES,Total,K-5,2024-25,285,actual,middle
2025-26,school_program,Stephenson,ES,Total,K-5,2025-26,276,forecast,middle
2025-26,school_program,Stephenson,ES,Total,K-5,2026-27,255,forecast,middle
2025-26,school_program,Stephenson,ES,Total,K-5,2027-28,253,forecast,middle
2025-26,school_program,Stephenson,ES,Total,K-5,2028-29,237,forecast,middle
2025-26,school_program,Stephenson,ES,Total,K-5,2029-30,224,forecast,middle
2025-26,school_program,Stephenson,ES,Total,K-5,2030-31,234,forecast,middle
2025-26,school_program,Stephenson,ES,Total,K-5,2031-32,235,forecast,middle
2025-26,school_program,Stephenson,ES,Total,K-5,2032-33,240,forecast,middle
2025-26,school_program,Stephenson,ES,Total,K-5,2033-34,242,forecast,middle
2025-26,school_program,Stephenson,ES,Total,K-5,2034-35,245,forecast,middle
2025-26,school_program,Gray,MS,Total,6-8,2022-23,481,actual,middle
2025-26,school_program,Gray,MS,Total,6-8,2023-24,472,actual,middle
2025-26,school_program,Gray,MS,Total,6-8,2024-25,438,actual,middle
2025-26,school_program,Gray,MS,Total,6-8,2025-26,423,forecast,middle
2025-26,school_program,Gray,MS,Total,6-8,2026-27,417,forecast,middle
2025-26,school_program,Gray,MS,Total,6-8,2027-28,430,forecast,middle
2025-26,school_program,Gray,MS,Total,6-8,2028-29,406,forecast,middle
2025-26,school_program,Gray,MS,Total,6-8,2029-30,397,forecast,middle
2025-26,school_program,Gray,MS,Total,6-8,2030-31,359,forecast,middle
2025-26,school_program,Gray,MS,Total,6-8,2031-32,346,forecast,middle
2025-26,school_program,Gray,MS,Total,6-8,2032-33,332,forecast,middle
2025-26,school_program,Gray,MS,Total,6-8,2033-34,349,forecast,middle
2025-26,school_program,Gray,MS,Total,6-8,2034-35,350,forecast,middle
2025-26,school_program,Jackson,MS,Total,6-8,2022-23,787,actual,middle
2025-26,school_program,Jackson,MS,Total,6-8,2023-24,711,actual,middle
2025-26,school_program,Jackson,MS,Total,6-8,2024-25,715,actual,middle
2025-26,school_program,Jackson,MS,Total,6-8,2025-26,704,forecast,middle
2025-26,school_program,Jackson,MS,Total,6-8,2026-27,706,forecast,middle
2025-26,school_program,Jackson,MS,Total,6-8,2027-28,691,forecast,middle
2025-26,school_program,Jackson,MS,Total,6-8,2028-29,674,forecast,middle
2025-26,school_program,Jackson,MS,Total,6-8,2029-30,649,forecast,middle
2025-26,school_program,Jackson,MS,Total,6-8,2030-31,577,forecast,middle
2025-26,school_program,Jackson,MS,Total,6-8,2031-32,539,forecast,middle
2025-26,school_program,Jackson,MS,Total,6-8,2032-33,522,forecast,middle
2025-26,school_program,Jackson,MS,Total,6-8,2033-34,554,forecast,middle
2025-26,school_program,Jackson,MS,Total,6-8,2034-35,543,forecast,middle
2025-26,school_program,Ida B Wells-Barnett,HS,Total,9-12,2022-23,1555,actual,middle
2025-26,school_program,Ida B Wells-Barnett,HS,Total,9-12,2023-24,1652,actual,middle
2025-26,school_program,Ida B Wells-Barnett,HS,Total,9-12,2024-25,1650,actual,middle
2025-26,school_program,Ida B Wells-Barnett,HS,Total,9-12,2025-26,1586,forecast,middle
2025-26,school_program,Ida B Wells-Barnett,HS,Total,9-12,2026-27,1568,forecast,middle
2025-26,school_program,Ida B Wells-Barnett,HS,Total,9-12,2027-28,1540,forecast,middle
2025-26,school_program,Ida B Wells-Barnett,HS,Total,9-12,2028-29,1541,forecast,middle
2025-26,school_program,Ida B Wells-Barnett,HS,Total,9-12,2029-30,1493,forecast,middle
2025-26,school_program,Ida B Wells-Barnett,HS,Total,9-12,2030-31,1491,forecast,middle
2025-26,school_program,Ida B Wells-Barnett,HS,Total,9-12,2031-32,1467,forecast,middle
2025-26,school_program,Ida B Wells-Barnett,HS,Total,9-12,2032-33,1404,forecast,middle
2025-26,school_program,Ida B Wells-Barnett,HS,Total,9-12,2033-34,1284,forecast,middle
2025-26,school_program,Ida B Wells-Barnett,HS,Total,9-12,2034-35,1238,forecast,middle
2025-26,school_program,ACCESS,G28,Total,G28,2022-23,317,actual,middle
2025-26,school_program,ACCESS,G28,Total,G28,2023-24,329,actual,middle
2025-26,school_program,ACCESS,G28,Total,G28,2024-25,323,actual,middle
2025-26,school_program,ACCESS,G28,Total,G28,2025-26,311,forecast,middle
2025-26,school_program,ACCESS,G28,Total,G28,2026-27,301,forecast,middle
2025-26,school_program,ACCESS,G28,Total,G28,2027-28,289,forecast,middle
2025-26,school_program,ACCESS,G28,Total,G28,2028-29,282,forecast,middle
2025-26,school_program,ACCESS,G28,Total,G28,2029-30,277,forecast,middle
2025-26,school_program,ACCESS,G28,Total,G28,2030-31,275,forecast,middle
2025-26,school_program,ACCESS,G28,Total,G28,2031-32,274,forecast,middle
2025-26,school_program,ACCESS,G28,Total,G28,2032-33,274,forecast,middle
2025-26,school_program,ACCESS,G28,Total,G28,2033-34,273,forecast,middle
2025-26,school_program,ACCESS,G28,Total,G28,2034-35,272,forecast,middle
2025-26,school_program,Creative Science,K8,Total,K-8,2022-23,423,actual,middle
2025-26,school_program,Creative Science,K8,Total,K-8,2023-24,0,actual,middle
2025-26,school_program,Creative Science,K8,Total,K-8,2024-25,0,actual,middle
2025-26,school_program,Creative Science,K8,Total,K-8,2025-26,0,forecast,middle
2025-26,school_program,Creative Science,K8,Total,K-8,2026-27,0,forecast,middle
2025-26,school_program,Creative Science,K8,Total,K-8,2027-28,0,forecast,middle
2025-26,school_program,Creative Science,K8,Total,K-8,2028-29,0,forecast,middle
2025-26,school_program,Creative Science,K8,Total,K-8,2029-30,0,forecast,middle
2025-26,school_program,Creative Science,K8,Total,K-8,2030-31,0,forecast,middle
2025-26,school_program,Creative Science,K8,Total,K-8,2031-32,0,forecast,middle
2025-26,school_program,Creative Science,K8,Total,K-8,2032-33,0,forecast,middle
2025-26,school_program,Creative Science,K8,Total,K-8,2033-34,0,forecast,middle
2025-26,school_program,Creative Science,K8,Total,K-8,2034-35,0,forecast,middle
2025-26,school_program,Odyssey,K8,Total,K-8,2022-23,225,actual,middle
2025-26,school_program,Odyssey,K8,Total,K-8,2023-24,227,actual,middle
2025-26,school_program,Odyssey,K8,Total,K-8,2024-25,211,actual,middle
2025-26,school_program,Odyssey,K8,Total,K-8,2025-26,218,forecast,middle
2025-26,school_program,Odyssey,K8,Total,K-8,2026-27,221,forecast,middle
2025-26,school_program,Odyssey,K8,Total,K-8,2027-28,215,forecast,middle
2025-26,school_program,Odyssey,K8,Total,K-8,2028-29,215,forecast,middle
2025-26,school_program,Odyssey,K8,Total,K-8,2029-30,208,forecast,middle
2025-26,school_program,Odyssey,K8,Total,K-8,2030-31,205,forecast,middle
2025-26,school_program,Odyssey,K8,Total,K-8,2031-32,207,forecast,middle
2025-26,school_program,Odyssey,K8,Total,K-8,2032-33,204,forecast,middle
2025-26,school_program,Odyssey,K8,Total,K-8,2033-34,201,forecast,middle
2025-26,school_program,Odyssey,K8,Total,K-8,2034-35,202,forecast,middle
2025-26,school_program,Richmond,ES,Total,K-5,2022-23,539,actual,middle
2025-26,school_program,Richmond,ES,Total,K-5,2023-24,537,actual,middle
2025-26,school_program,Richmond,ES,Total,K-5,2024-25,530,actual,middle
2025-26,school_program,Richmond,ES,Total,K-5,2025-26,537,forecast,middle
2025-26,school_program,Richmond,ES,Total,K-5,2026-27,537,forecast,middle
2025-26,school_program,Richmond,ES,Total,K-5,2027-28,542,forecast,middle
2025-26,school_program,Richmond,ES,Total,K-5,2028-29,548,forecast,middle
2025-26,school_program,Richmond,ES,Total,K-5,2029-30,548,forecast,middle
2025-26,school_program,Richmond,ES,Total,K-5,2030-31,542,forecast,middle
2025-26,school_program,Richmond,ES,Total,K-5,2031-32,542,forecast,middle
2025-26,school_program,Richmond,ES,Total,K-5,2032-33,542,forecast,middle
2025-26,school_program,Richmond,ES,Total,K-5,2033-34,542,forecast,middle
2025-26,school_program,Richmond,ES,Total,K-5,2034-35,546,forecast,middle
2025-26,school_program,Winterhaven,K8,Total,K-12,2022-23,313,actual,middle
2025-26,school_program,Winterhaven,K8,Total,K-12,2023-24,316,actual,middle
2025-26,school_program,Winterhaven,K8,Total,K-12,2024-25,322,actual,middle
2025-26,school_program,Winterhaven,K8,Total,K-12,2025-26,320,forecast,middle
2025-26,school_program,Winterhaven,K8,Total,K-12,2026-27,319,forecast,middle
2025-26,school_program,Winterhaven,K8,Total,K-12,2027-28,311,forecast,middle
2025-26,school_program,Winterhaven,K8,Total,K-12,2028-29,306,forecast,middle
2025-26,school_program,Winterhaven,K8,Total,K-12,2029-30,302,forecast,middle
2025-26,school_program,Winterhaven,K8,Total,K-12,2030-31,301,forecast,middle
2025-26,school_program,Winterhaven,K8,Total,K-12,2031-32,296,forecast,middle
2025-26,school_program,Winterhaven,K8,Total,K-12,2032-33,292,forecast,middle
2025-26,school_program,Winterhaven,K8,Total,K-12,2033-34,290,forecast,middle
2025-26,school_program,Winterhaven,K8,Total,K-12,2034-35,285,forecast,middle
2025-26,school_program,da Vinci,MS,Total,6-8,2022-23,433,actual,middle
2025-26,school_program,da Vinci,MS,Total,6-8,2023-24,407,actual,middle
2025-26,school_program,da Vinci,MS,Total,6-8,2024-25,427,actual,middle
2025-26,school_program,da Vinci,MS,Total,6-8,2025-26,433,forecast,middle
2025-26,school_program,da Vinci,MS,Total,6-8,2026-27,440,forecast,middle
2025-26,school_program,da Vinci,MS,Total,6-8,2027-28,441,forecast,middle
2025-26,school_program,da Vinci,MS,Total,6-8,2028-29,436,forecast,middle
2025-26,school_program,da Vinci,MS,Total,6-8,2029-30,426,forecast,middle
2025-26,school_program,da Vinci,MS,Total,6-8,2030-31,408,forecast,middle
2025-26,school_program,da Vinci,MS,Total,6-8,2031-32,391,forecast,middle
2025-26,school_program,da Vinci,MS,Total,6-8,2032-33,375,forecast,middle
2025-26,school_program,da Vinci,MS,Total,6-8,2033-34,367,forecast,middle
2025-26,school_program,da Vinci,MS,Total,6-8,2034-35,354,forecast,middle
2025-26,school_program,Benson Polytechnic,HS,Total,9-12,2022-23,826,actual,middle
2025-26,school_program,Benson Polytechnic,HS,Total,9-12,2023-24,818,actual,middle
2025-26,school_program,Benson Polytechnic,HS,Total,9-12,2024-25,896,actual,middle
2025-26,school_program,Benson Polytechnic,HS,Total,9-12,2025-26,1050,forecast,middle
2025-26,school_program,Benson Polytechnic,HS,Total,9-12,2026-27,1148,forecast,middle
2025-26,school_program,Benson Polytechnic,HS,Total,9-12,2027-28,1264,forecast,middle
2025-26,school_program,Benson Polytechnic,HS,Total,9-12,2028-29,1252,forecast,middle
2025-26,school_program,Benson Polytechnic,HS,Total,9-12,2029-30,1219,forecast,middle
2025-26,school_program,Benson Polytechnic,HS,Total,9-12,2030-31,1207,forecast,middle
2025-26,school_program,Benson Polytechnic,HS,Total,9-12,2031-32,1180,forecast,middle
2025-26,school_program,Benson Polytechnic,HS,Total,9-12,2032-33,1154,forecast,middle
2025-26,school_program,Benson Polytechnic,HS,Total,9-12,2033-34,1137,forecast,middle
2025-26,school_program,Benson Polytechnic,HS,Total,9-12,2034-35,1113,forecast,middle
2025-26,school_program,MLC,K12,Total,K-12,2022-23,347,actual,middle
2025-26,school_program,MLC,K12,Total,K-12,2023-24,336,actual,middle
2025-26,school_program,MLC,K12,Total,K-12,2024-25,319,actual,middle
2025-26,school_program,MLC,K12,Total,K-12,2025-26,304,forecast,middle
2025-26,school_program,MLC,K12,Total,K-12,2026-27,305,forecast,middle
2025-26,school_program,MLC,K12,Total,K-12,2027-28,295,forecast,middle
2025-26,school_program,MLC,K12,Total,K-12,2028-29,288,forecast,middle
2025-26,school_program,MLC,K12,Total,K-12,2029-30,280,forecast,middle
2025-26,school_program,MLC,K12,Total,K-12,2030-31,277,forecast,middle
2025-26,school_program,MLC,K12,Total,K-12,2031-32,289,forecast,middle
2025-26,school_program,MLC,K12,Total,K-12,2032-33,294,forecast,middle
2025-26,school_program,MLC,K12,Total,K-12,2033-34,294,forecast,middle
2025-26,school_program,MLC,K12,Total,K-12,2034-35,292,forecast,middle
2025-26,school_program,OLA,K12,Total,K-12,2022-23,223,actual,middle
2025-26,school_program,OLA,K12,Total,K-12,2023-24,0,actual,middle
2025-26,school_program,OLA,K12,Total,K-12,2024-25,0,actual,middle
2025-26,school_program,OLA,K12,Total,K-12,2025-26,0,forecast,middle
2025-26,school_program,OLA,K12,Total,K-12,2026-27,0,forecast,middle
2025-26,school_program,OLA,K12,Total,K-12,2027-28,0,forecast,middle
2025-26,school_program,OLA,K12,Total,K-12,2028-29,0,forecast,middle
2025-26,school_program,OLA,K12,Total,K-12,2029-30,0,forecast,middle
2025-26,school_program,OLA,K12,Total,K-12,2030-31,0,forecast,middle
2025-26,school_program,OLA,K12,Total,K-12,2031-32,0,forecast,middle
2025-26,school_program,OLA,K12,Total,K-12,2032-33,0,forecast,middle
2025-26,school_program,OLA,K12,Total,K-12,2033-34,0,forecast,middle
2025-26,school_program,OLA,K12,Total,K-12,2034-35,0,forecast,middle
2025-26,school_program,Other (incl. Charters),K12,Total,K-12,2022-23,2603,actual,middle
2025-26,school_program,Other (incl. Charters),K12,Total,K-12,2023-24,2659,actual,middle
2025-26,school_program,Other (incl. Charters),K12,Total,K-12,2024-25,2657,actual,middle
2025-26,school_program,Other (incl. Charters),K12,Total,K-12,2025-26,2523,forecast,middle
2025-26,school_program,Other (incl. Charters),K12,Total,K-12,2026-27,2332,forecast,middle
2025-26,school_program,Other (incl. Charters),K12,Total,K-12,2027-28,2133,forecast,middle
2025-26,school_program,Other (incl. Charters),K12,Total,K-12,2028-29,2196,forecast,middle
2025-26,school_program,Other (incl. Charters),K12,Total,K-12,2029-30,2158,forecast,middle
2025-26,school_program,Other (incl. Charters),K12,Total,K-12,2030-31,2166,forecast,middle
2025-26,school_program,Other (incl. Charters),K12,Total,K-12,2031-32,2126,forecast,middle
2025-26,school_program,Other (incl. Charters),K12,Total,K-12,2032-33,2090,forecast,middle
2025-26,school_program,Other (incl. Charters),K12,Total,K-12,2033-34,2083,forecast,middle
2025-26,school_program,Other (incl. Charters),K12,Total,K-12,2034-35,1999,forecast,middle
2025-26,school_group_subtotal,Elementary Schools Subtotal,,,,2022-23,14800,actual,middle
2025-26,school_group_subtotal,Elementary Schools Subtotal,,,,2023-24,15202,actual,middle
2025-26,school_group_subtotal,Elementary Schools Subtotal,,,,2024-25,14683,actual,middle
2025-26,school_group_subtotal,Elementary Schools Subtotal,,,,2025-26,14217,forecast,middle
2025-26,school_group_subtotal,Elementary Schools Subtotal,,,,2026-27,13726,forecast,middle
2025-26,school_group_subtotal,Elementary Schools Subtotal,,,,2027-28,13233,forecast,middle
2025-26,school_group_subtotal,Elementary Schools Subtotal,,,,2028-29,12993,forecast,middle
2025-26,school_group_subtotal,Elementary Schools Subtotal,,,,2029-30,12951,forecast,middle
2025-26,school_group_subtotal,Elementary Schools Subtotal,,,,2030-31,12995,forecast,middle
2025-26,school_group_subtotal,Elementary Schools Subtotal,,,,2031-32,13067,forecast,middle
2025-26,school_group_subtotal,Elementary Schools Subtotal,,,,2032-33,13163,forecast,middle
2025-26,school_group_subtotal,Elementary Schools Subtotal,,,,2033-34,13259,forecast,middle
2025-26,school_group_subtotal,Elementary Schools Subtotal,,,,2034-35,13206,forecast,middle
2025-26,school_group_subtotal,Middle Schools Subtotal,,,,2022-23,8004,actual,middle
2025-26,school_group_subtotal,Middle Schools Subtotal,,,,2023-24,7388,actual,middle
2025-26,school_group_subtotal,Middle Schools Subtotal,,,,2024-25,7356,actual,middle
2025-26,school_group_subtotal,Middle Schools Subtotal,,,,2025-26,7337,forecast,middle
2025-26,school_group_subtotal,Middle Schools Subtotal,,,,2026-27,7308,forecast,middle
2025-26,school_group_subtotal,Middle Schools Subtotal,,,,2027-28,7281,forecast,middle
2025-26,school_group_subtotal,Middle Schools Subtotal,,,,2028-29,7081,forecast,middle
2025-26,school_group_subtotal,Middle Schools Subtotal,,,,2029-30,6913,forecast,middle
2025-26,school_group_subtotal,Middle Schools Subtotal,,,,2030-31,6575,forecast,middle
2025-26,school_group_subtotal,Middle Schools Subtotal,,,,2031-32,6321,forecast,middle
2025-26,school_group_subtotal,Middle Schools Subtotal,,,,2032-33,6091,forecast,middle
2025-26,school_group_subtotal,Middle Schools Subtotal,,,,2033-34,5976,forecast,middle
2025-26,school_group_subtotal,Middle Schools Subtotal,,,,2034-35,6012,forecast,middle
2025-26,school_group_subtotal,High Schools Subtotal,,,,2022-23,13077,actual,middle
2025-26,school_group_subtotal,High Schools Subtotal,,,,2023-24,13144,actual,middle
2025-26,school_group_subtotal,High Schools Subtotal,,,,2024-25,13138,actual,middle
2025-26,school_group_subtotal,High Schools Subtotal,,,,2025-26,13005,forecast,middle
2025-26,school_group_subtotal,High Schools Subtotal,,,,2026-27,12804,forecast,middle
2025-26,school_group_subtotal,High Schools Subtotal,,,,2027-28,12837,forecast,middle
2025-26,school_group_subtotal,High Schools Subtotal,,,,2028-29,12652,forecast,middle
2025-26,school_group_subtotal,High Schools Subtotal,,,,2029-30,12400,forecast,middle
2025-26,school_group_subtotal,High Schools Subtotal,,,,2030-31,12300,forecast,middle
2025-26,school_group_subtotal,High Schools Subtotal,,,,2031-32,12061,forecast,middle
2025-26,school_group_subtotal,High Schools Subtotal,,,,2032-33,11707,forecast,middle
2025-26,school_group_subtotal,High Schools Subtotal,,,,2033-34,11351,forecast,middle
2025-26,school_group_subtotal,High Schools Subtotal,,,,2034-35,10942,forecast,middle
2025-26,school_group_subtotal,"Other (K-8, 2-8, and K-12)",,,,2022-23,8399,actual,middle
2025-26,school_group_subtotal,"Other (K-8, 2-8, and K-12)",,,,2023-24,8271,actual,middle
2025-26,school_group_subtotal,"Other (K-8, 2-8, and K-12)",,,,2024-25,8198,actual,middle
2025-26,school_group_subtotal,"Other (K-8, 2-8, and K-12)",,,,2025-26,7912,forecast,middle
2025-26,school_group_subtotal,"Other (K-8, 2-8, and K-12)",,,,2026-27,7612,forecast,middle
2025-26,school_group_subtotal,"Other (K-8, 2-8, and K-12)",,,,2027-28,7246,forecast,middle
2025-26,school_group_subtotal,"Other (K-8, 2-8, and K-12)",,,,2028-29,7219,forecast,middle
2025-26,school_group_subtotal,"Other (K-8, 2-8, and K-12)",,,,2029-30,7193,forecast,middle
2025-26,school_group_subtotal,"Other (K-8, 2-8, and K-12)",,,,2030-31,7152,forecast,middle
2025-26,school_group_subtotal,"Other (K-8, 2-8, and K-12)",,,,2031-32,7058,forecast,middle
2025-26,school_group_subtotal,"Other (K-8, 2-8, and K-12)",,,,2032-33,7013,forecast,middle
2025-26,school_group_subtotal,"Other (K-8, 2-8, and K-12)",,,,2033-34,6978,forecast,middle
2025-26,school_group_subtotal,"Other (K-8, 2-8, and K-12)",,,,2034-35,6897,forecast,middle
2025-26,school_group_subtotal,TOTAL,,,,2022-23,44609,actual,middle
2025-26,school_group_subtotal,TOTAL,,,,2023-24,44005,actual,middle
2025-26,school_group_subtotal,TOTAL,,,,2024-25,43375,actual,middle
2025-26,school_group_subtotal,TOTAL,,,,2025-26,42471,forecast,middle
2025-26,school_group_subtotal,TOTAL,,,,2026-27,41450,forecast,middle
2025-26,school_group_subtotal,TOTAL,,,,2027-28,40597,forecast,middle
2025-26,school_group_subtotal,TOTAL,,,,2028-29,39945,forecast,middle
2025-26,school_group_subtotal,TOTAL,,,,2029-30,39457,forecast,middle
2025-26,school_group_subtotal,TOTAL,,,,2030-31,39022,forecast,middle
2025-26,school_group_subtotal,TOTAL,,,,2031-32,38507,forecast,middle
2025-26,school_group_subtotal,TOTAL,,,,2032-33,37974,forecast,middle
2025-26,school_group_subtotal,TOTAL,,,,2033-34,37564,forecast,middle
2025-26,school_group_subtotal,TOTAL,,,,2034-35,37057,forecast,middle
2026-27,district_by_grade,District,,,K,2021-22,3195,actual,middle
2026-27,district_by_grade,District,,,K,2022-23,3152,actual,middle
2026-27,district_by_grade,District,,,K,2023-24,2995,actual,middle
2026-27,district_by_grade,District,,,K,2024-25,2837,actual,middle
2026-27,district_by_grade,District,,,K,2025-26,2919,actual,middle
2026-27,district_by_grade,District,,,K,2026-27,2969,forecast,middle
2026-27,district_by_grade,District,,,K,2027-28,3044,forecast,middle
2026-27,district_by_grade,District,,,K,2028-29,3150,forecast,middle
2026-27,district_by_grade,District,,,K,2029-30,2948,forecast,middle
2026-27,district_by_grade,District,,,K,2030-31,2772,forecast,middle
2026-27,district_by_grade,District,,,K,2031-32,2778,forecast,middle
2026-27,district_by_grade,District,,,K,2032-33,2697,forecast,middle
2026-27,district_by_grade,District,,,K,2033-34,2681,forecast,middle
2026-27,district_by_grade,District,,,K,2034-35,2677,forecast,middle
2026-27,district_by_grade,District,,,K,2035-36,2683,forecast,middle
2026-27,district_by_grade,District,,,K,2036-37,2698,forecast,middle
2026-27,district_by_grade,District,,,K,2037-38,2720,forecast,middle
2026-27,district_by_grade,District,,,K,2038-39,2744,forecast,middle
2026-27,district_by_grade,District,,,K,2039-40,2768,forecast,middle
2026-27,district_by_grade,District,,,K,2040-41,2791,forecast,middle
2026-27,district_by_grade,District,,,1,2021-22,3282,actual,middle
2026-27,district_by_grade,District,,,1,2022-23,3376,actual,middle
2026-27,district_by_grade,District,,,1,2023-24,3213,actual,middle
2026-27,district_by_grade,District,,,1,2024-25,3070,actual,middle
2026-27,district_by_grade,District,,,1,2025-26,2950,actual,middle
2026-27,district_by_grade,District,,,1,2026-27,3004,forecast,middle
2026-27,district_by_grade,District,,,1,2027-28,3052,forecast,middle
2026-27,district_by_grade,District,,,1,2028-29,3130,forecast,middle
2026-27,district_by_grade,District,,,1,2029-30,3238,forecast,middle
2026-27,district_by_grade,District,,,1,2030-31,3032,forecast,middle
2026-27,district_by_grade,District,,,1,2031-32,2852,forecast,middle
2026-27,district_by_grade,District,,,1,2032-33,2858,forecast,middle
2026-27,district_by_grade,District,,,1,2033-34,2775,forecast,middle
2026-27,district_by_grade,District,,,1,2034-35,2759,forecast,middle
2026-27,district_by_grade,District,,,1,2035-36,2755,forecast,middle
2026-27,district_by_grade,District,,,1,2036-37,2761,forecast,middle
2026-27,district_by_grade,District,,,1,2037-38,2776,forecast,middle
2026-27,district_by_grade,District,,,1,2038-39,2799,forecast,middle
2026-27,district_by_grade,District,,,1,2039-40,2823,forecast,middle
2026-27,district_by_grade,District,,,1,2040-41,2848,forecast,middle
2026-27,district_by_grade,District,,,2,2021-22,3476,actual,middle
2026-27,district_by_grade,District,,,2,2022-23,3319,actual,middle
2026-27,district_by_grade,District,,,2,2023-24,3360,actual,middle
2026-27,district_by_grade,District,,,2,2024-25,3207,actual,middle
2026-27,district_by_grade,District,,,2,2025-26,3078,actual,middle
2026-27,district_by_grade,District,,,2,2026-27,2946,forecast,middle
2026-27,district_by_grade,District,,,2,2027-28,3002,forecast,middle
2026-27,district_by_grade,District,,,2,2028-29,3048,forecast,middle
2026-27,district_by_grade,District,,,2,2029-30,3127,forecast,middle
2026-27,district_by_grade,District,,,2,2030-31,3234,forecast,middle
2026-27,district_by_grade,District,,,2,2031-32,3029,forecast,middle
2026-27,district_by_grade,District,,,2,2032-33,2850,forecast,middle
2026-27,district_by_grade,District,,,2,2033-34,2856,forecast,middle
2026-27,district_by_grade,District,,,2,2034-35,2773,forecast,middle
2026-27,district_by_grade,District,,,2,2035-36,2757,forecast,middle
2026-27,district_by_grade,District,,,2,2036-37,2753,forecast,middle
2026-27,district_by_grade,District,,,2,2037-38,2759,forecast,middle
2026-27,district_by_grade,District,,,2,2038-39,2774,forecast,middle
2026-27,district_by_grade,District,,,2,2039-40,2797,forecast,middle
2026-27,district_by_grade,District,,,2,2040-41,2821,forecast,middle
2026-27,district_by_grade,District,,,3,2021-22,3486,actual,middle
2026-27,district_by_grade,District,,,3,2022-23,3502,actual,middle
2026-27,district_by_grade,District,,,3,2023-24,3320,actual,middle
2026-27,district_by_grade,District,,,3,2024-25,3365,actual,middle
2026-27,district_by_grade,District,,,3,2025-26,3158,actual,middle
2026-27,district_by_grade,District,,,3,2026-27,3064,forecast,middle
2026-27,district_by_grade,District,,,3,2027-28,2933,forecast,middle
2026-27,district_by_grade,District,,,3,2028-29,2990,forecast,middle
2026-27,district_by_grade,District,,,3,2029-30,3035,forecast,middle
2026-27,district_by_grade,District,,,3,2030-31,3114,forecast,middle
2026-27,district_by_grade,District,,,3,2031-32,3220,forecast,middle
2026-27,district_by_grade,District,,,3,2032-33,3016,forecast,middle
2026-27,district_by_grade,District,,,3,2033-34,2838,forecast,middle
2026-27,district_by_grade,District,,,3,2034-35,2844,forecast,middle
2026-27,district_by_grade,District,,,3,2035-36,2762,forecast,middle
2026-27,district_by_grade,District,,,3,2036-37,2746,forecast,middle
2026-27,district_by_grade,District,,,3,2037-38,2742,forecast,middle
2026-27,district_by_grade,District,,,3,2038-39,2748,forecast,middle
2026-27,district_by_grade,District,,,3,2039-40,2763,forecast,middle
2026-27,district_by_grade,District,,,3,2040-41,2786,forecast,middle
2026-27,district_by_grade,District,,,4,2021-22,3388,actual,middle
2026-27,district_by_grade,District,,,4,2022-23,3485,actual,middle
2026-27,district_by_grade,District,,,4,2023-24,3464,actual,middle
2026-27,district_by_grade,District,,,4,2024-25,3296,actual,middle
2026-27,district_by_grade,District,,,4,2025-26,3351,actual,middle
2026-27,district_by_grade,District,,,4,2026-27,3136,forecast,middle
2026-27,district_by_grade,District,,,4,2027-28,3042,forecast,middle
2026-27,district_by_grade,District,,,4,2028-29,2912,forecast,middle
2026-27,district_by_grade,District,,,4,2029-30,2971,forecast,middle
2026-27,district_by_grade,District,,,4,2030-31,3014,forecast,middle
2026-27,district_by_grade,District,,,4,2031-32,3093,forecast,middle
2026-27,district_by_grade,District,,,4,2032-33,3198,forecast,middle
2026-27,district_by_grade,District,,,4,2033-34,2996,forecast,middle
2026-27,district_by_grade,District,,,4,2034-35,2819,forecast,middle
2026-27,district_by_grade,District,,,4,2035-36,2825,forecast,middle
2026-27,district_by_grade,District,,,4,2036-37,2744,forecast,middle
2026-27,district_by_grade,District,,,4,2037-38,2728,forecast,middle
2026-27,district_by_grade,District,,,4,2038-39,2724,forecast,middle
2026-27,district_by_grade,District,,,4,2039-40,2730,forecast,middle
2026-27,district_by_grade,District,,,4,2040-41,2745,forecast,middle
2026-27,district_by_grade,District,,,5,2021-22,3497,actual,middle
2026-27,district_by_grade,District,,,5,2022-23,3358,actual,middle
2026-27,district_by_grade,District,,,5,2023-24,3461,actual,middle
2026-27,district_by_grade,District,,,5,2024-25,3410,actual,middle
2026-27,district_by_grade,District,,,5,2025-26,3239,actual,middle
2026-27,district_by_grade,District,,,5,2026-27,3308,forecast,middle
2026-27,district_by_grade,District,,,5,2027-28,3096,forecast,middle
2026-27,district_by_grade,District,,,5,2028-29,3002,forecast,middle
2026-27,district_by_grade,District,,,5,2029-30,2875,forecast,middle
2026-27,district_by_grade,District,,,5,2030-31,2935,forecast,middle
2026-27,district_by_grade,District,,,5,2031-32,2976,forecast,middle
2026-27,district_by_grade,District,,,5,2032-33,3054,forecast,middle
2026-27,district_by_grade,District,,,5,2033-34,3157,forecast,middle
2026-27,district_by_grade,District,,,5,2034-35,2958,forecast,middle
2026-27,district_by_grade,District,,,5,2035-36,2784,forecast,middle
2026-27,district_by_grade,District,,,5,2036-37,2790,forecast,middle
2026-27,district_by_grade,District,,,5,2037-38,2710,forecast,middle
2026-27,district_by_grade,District,,,5,2038-39,2694,forecast,middle
2026-27,district_by_grade,District,,,5,2039-40,2690,forecast,middle
2026-27,district_by_grade,District,,,5,2040-41,2696,forecast,middle
2026-27,district_by_grade,District,,,6,2021-22,3375,actual,middle
2026-27,district_by_grade,District,,,6,2022-23,3405,actual,middle
2026-27,district_by_grade,District,,,6,2023-24,3205,actual,middle
2026-27,district_by_grade,District,,,6,2024-25,3270,actual,middle
2026-27,district_by_grade,District,,,6,2025-26,3305,actual,middle
2026-27,district_by_grade,District,,,6,2026-27,3108,forecast,middle
2026-27,district_by_grade,District,,,6,2027-28,3168,forecast,middle
2026-27,district_by_grade,District,,,6,2028-29,2955,forecast,middle
2026-27,district_by_grade,District,,,6,2029-30,2865,forecast,middle
2026-27,district_by_grade,District,,,6,2030-31,2737,forecast,middle
2026-27,district_by_grade,District,,,6,2031-32,2786,forecast,middle
2026-27,district_by_grade,District,,,6,2032-33,2833,forecast,middle
2026-27,district_by_grade,District,,,6,2033-34,2907,forecast,middle
2026-27,district_by_grade,District,,,6,2034-35,3005,forecast,middle
2026-27,district_by_grade,District,,,6,2035-36,2814,forecast,middle
2026-27,district_by_grade,District,,,6,2036-37,2646,forecast,middle
2026-27,district_by_grade,District,,,6,2037-38,2652,forecast,middle
2026-27,district_by_grade,District,,,6,2038-39,2574,forecast,middle
2026-27,district_by_grade,District,,,6,2039-40,2559,forecast,middle
2026-27,district_by_grade,District,,,6,2040-41,2555,forecast,middle
2026-27,district_by_grade,District,,,7,2021-22,3420,actual,middle
2026-27,district_by_grade,District,,,7,2022-23,3355,actual,middle
2026-27,district_by_grade,District,,,7,2023-24,3334,actual,middle
2026-27,district_by_grade,District,,,7,2024-25,3200,actual,middle
2026-27,district_by_grade,District,,,7,2025-26,3233,actual,middle
2026-27,district_by_grade,District,,,7,2026-27,3266,forecast,middle
2026-27,district_by_grade,District,,,7,2027-28,3074,forecast,middle
2026-27,district_by_grade,District,,,7,2028-29,3135,forecast,middle
2026-27,district_by_grade,District,,,7,2029-30,2926,forecast,middle
2026-27,district_by_grade,District,,,7,2030-31,2835,forecast,middle
2026-27,district_by_grade,District,,,7,2031-32,2709,forecast,middle
2026-27,district_by_grade,District,,,7,2032-33,2760,forecast,middle
2026-27,district_by_grade,District,,,7,2033-34,2804,forecast,middle
2026-27,district_by_grade,District,,,7,2034-35,2877,forecast,middle
2026-27,district_by_grade,District,,,7,2035-36,2975,forecast,middle
2026-27,district_by_grade,District,,,7,2036-37,2786,forecast,middle
2026-27,district_by_grade,District,,,7,2037-38,2620,forecast,middle
2026-27,district_by_grade,District,,,7,2038-39,2626,forecast,middle
2026-27,district_by_grade,District,,,7,2039-40,2549,forecast,middle
2026-27,district_by_grade,District,,,7,2040-41,2534,forecast,middle
2026-27,district_by_grade,District,,,8,2021-22,3550,actual,middle
2026-27,district_by_grade,District,,,8,2022-23,3457,actual,middle
2026-27,district_by_grade,District,,,8,2023-24,3285,actual,middle
2026-27,district_by_grade,District,,,8,2024-25,3336,actual,middle
2026-27,district_by_grade,District,,,8,2025-26,3215,actual,middle
2026-27,district_by_grade,District,,,8,2026-27,3216,forecast,middle
2026-27,district_by_grade,District,,,8,2027-28,3249,forecast,middle
2026-27,district_by_grade,District,,,8,2028-29,3058,forecast,middle
2026-27,district_by_grade,District,,,8,2029-30,3118,forecast,middle
2026-27,district_by_grade,District,,,8,2030-31,2910,forecast,middle
2026-27,district_by_grade,District,,,8,2031-32,2820,forecast,middle
2026-27,district_by_grade,District,,,8,2032-33,2695,forecast,middle
2026-27,district_by_grade,District,,,8,2033-34,2745,forecast,middle
2026-27,district_by_grade,District,,,8,2034-35,2788,forecast,middle
2026-27,district_by_grade,District,,,8,2035-36,2861,forecast,middle
2026-27,district_by_grade,District,,,8,2036-37,2959,forecast,middle
2026-27,district_by_grade,District,,,8,2037-38,2771,forecast,middle
2026-27,district_by_grade,District,,,8,2038-39,2605,forecast,middle
2026-27,district_by_grade,District,,,8,2039-40,2611,forecast,middle
2026-27,district_by_grade,District,,,8,2040-41,2535,forecast,middle
2026-27,district_by_grade,District,,,9,2021-22,3652,actual,middle
2026-27,district_by_grade,District,,,9,2022-23,3601,actual,middle
2026-27,district_by_grade,District,,,9,2023-24,3439,actual,middle
2026-27,district_by_grade,District,,,9,2024-25,3394,actual,middle
2026-27,district_by_grade,District,,,9,2025-26,3480,actual,middle
2026-27,district_by_grade,District,,,9,2026-27,3357,forecast,middle
2026-27,district_by_grade,District,,,9,2027-28,3337,forecast,middle
2026-27,district_by_grade,District,,,9,2028-29,3382,forecast,middle
2026-27,district_by_grade,District,,,9,2029-30,3159,forecast,middle
2026-27,district_by_grade,District,,,9,2030-31,3201,forecast,middle
2026-27,district_by_grade,District,,,9,2031-32,2973,forecast,middle
2026-27,district_by_grade,District,,,9,2032-33,2883,forecast,middle
2026-27,district_by_grade,District,,,9,2033-34,2753,forecast,middle
2026-27,district_by_grade,District,,,9,2034-35,2802,forecast,middle
2026-27,district_by_grade,District,,,9,2035-36,2849,forecast,middle
2026-27,district_by_grade,District,,,9,2036-37,2924,forecast,middle
2026-27,district_by_grade,District,,,9,2037-38,3023,forecast,middle
2026-27,district_by_grade,District,,,9,2038-39,2831,forecast,middle
2026-27,district_by_grade,District,,,9,2039-40,2660,forecast,middle
2026-27,district_by_grade,District,,,9,2040-41,2666,forecast,middle
2026-27,district_by_grade,District,,,10,2021-22,3474,actual,middle
2026-27,district_by_grade,District,,,10,2022-23,3621,actual,middle
2026-27,district_by_grade,District,,,10,2023-24,3593,actual,middle
2026-27,district_by_grade,District,,,10,2024-25,3434,actual,middle
2026-27,district_by_grade,District,,,10,2025-26,3401,actual,middle
2026-27,district_by_grade,District,,,10,2026-27,3481,forecast,middle
2026-27,district_by_grade,District,,,10,2027-28,3360,forecast,middle
2026-27,district_by_grade,District,,,10,2028-29,3345,forecast,middle
2026-27,district_by_grade,District,,,10,2029-30,3383,forecast,middle
2026-27,district_by_grade,District,,,10,2030-31,3167,forecast,middle
2026-27,district_by_grade,District,,,10,2031-32,3212,forecast,middle
2026-27,district_by_grade,District,,,10,2032-33,2988,forecast,middle
2026-27,district_by_grade,District,,,10,2033-34,2891,forecast,middle
2026-27,district_by_grade,District,,,10,2034-35,2764,forecast,middle
2026-27,district_by_grade,District,,,10,2035-36,2819,forecast,middle
2026-27,district_by_grade,District,,,10,2036-37,2862,forecast,middle
2026-27,district_by_grade,District,,,10,2037-38,2936,forecast,middle
2026-27,district_by_grade,District,,,10,2038-39,3036,forecast,middle
2026-27,district_by_grade,District,,,10,2039-40,2844,forecast,middle
2026-27,district_by_grade,District,,,10,2040-41,2674,forecast,middle
2026-27,district_by_grade,District,,,11,2021-22,3379,actual,middle
2026-27,district_by_grade,District,,,11,2022-23,3381,actual,middle
2026-27,district_by_grade,District,,,11,2023-24,3558,actual,middle
2026-27,district_by_grade,District,,,11,2024-25,3546,actual,middle
2026-27,district_by_grade,District,,,11,2025-26,3364,actual,middle
2026-27,district_by_grade,District,,,11,2026-27,3340,forecast,middle
2026-27,district_by_grade,District,,,11,2027-28,3421,forecast,middle
2026-27,district_by_grade,District,,,11,2028-29,3304,forecast,middle
2026-27,district_by_grade,District,,,11,2029-30,3292,forecast,middle
2026-27,district_by_grade,District,,,11,2030-31,3325,forecast,middle
2026-27,district_by_grade,District,,,11,2031-32,3117,forecast,middle
2026-27,district_by_grade,District,,,11,2032-33,3163,forecast,middle
2026-27,district_by_grade,District,,,11,2033-34,2945,forecast,middle
2026-27,district_by_grade,District,,,11,2034-35,2846,forecast,middle
2026-27,district_by_grade,District,,,11,2035-36,2723,forecast,middle
2026-27,district_by_grade,District,,,11,2036-37,2781,forecast,middle
2026-27,district_by_grade,District,,,11,2037-38,2821,forecast,middle
2026-27,district_by_grade,District,,,11,2038-39,2893,forecast,middle
2026-27,district_by_grade,District,,,11,2039-40,2991,forecast,middle
2026-27,district_by_grade,District,,,11,2040-41,2803,forecast,middle
2026-27,district_by_grade,District,,,12,2021-22,3831,actual,middle
2026-27,district_by_grade,District,,,12,2022-23,3786,actual,middle
2026-27,district_by_grade,District,,,12,2023-24,3778,actual,middle
2026-27,district_by_grade,District,,,12,2024-25,4010,actual,middle
2026-27,district_by_grade,District,,,12,2025-26,3929,actual,middle
2026-27,district_by_grade,District,,,12,2026-27,3726,forecast,middle
2026-27,district_by_grade,District,,,12,2027-28,3699,forecast,middle
2026-27,district_by_grade,District,,,12,2028-29,3791,forecast,middle
2026-27,district_by_grade,District,,,12,2029-30,3661,forecast,middle
2026-27,district_by_grade,District,,,12,2030-31,3650,forecast,middle
2026-27,district_by_grade,District,,,12,2031-32,3684,forecast,middle
2026-27,district_by_grade,District,,,12,2032-33,3457,forecast,middle
2026-27,district_by_grade,District,,,12,2033-34,3508,forecast,middle
2026-27,district_by_grade,District,,,12,2034-35,3269,forecast,middle
2026-27,district_by_grade,District,,,12,2035-36,3156,forecast,middle
2026-27,district_by_grade,District,,,12,2036-37,3021,forecast,middle
2026-27,district_by_grade,District,,,12,2037-38,3088,forecast,middle
2026-27,district_by_grade,District,,,12,2038-39,3130,forecast,middle
2026-27,district_by_grade,District,,,12,2039-40,3210,forecast,middle
2026-27,district_by_grade,District,,,12,2040-41,3319,forecast,middle
2026-27,district_by_grade,District,,,Total,2021-22,45005,actual,middle
2026-27,district_by_grade,District,,,Total,2022-23,44798,actual,middle
2026-27,district_by_grade,District,,,Total,2023-24,44005,actual,middle
2026-27,district_by_grade,District,,,Total,2024-25,43375,actual,middle
2026-27,district_by_grade,District,,,Total,2025-26,42622,actual,middle
2026-27,district_by_grade,District,,,Total,2026-27,41921,forecast,middle
2026-27,district_by_grade,District,,,Total,2027-28,41477,forecast,middle
2026-27,district_by_grade,District,,,Total,2028-29,41202,forecast,middle
2026-27,district_by_grade,District,,,Total,2029-30,40598,forecast,middle
2026-27,district_by_grade,District,,,Total,2030-31,39926,forecast,middle
2026-27,district_by_grade,District,,,Total,2031-32,39249,forecast,middle
2026-27,district_by_grade,District,,,Total,2032-33,38452,forecast,middle
2026-27,district_by_grade,District,,,Total,2033-34,37856,forecast,middle
2026-27,district_by_grade,District,,,Total,2034-35,37181,forecast,middle
2026-27,district_by_grade,District,,,Total,2035-36,36763,forecast,middle
2026-27,district_by_grade,District,,,Total,2036-37,36471,forecast,middle
2026-27,district_by_grade,District,,,Total,2037-38,36346,forecast,middle
2026-27,district_by_grade,District,,,Total,2038-39,36178,forecast,middle
2026-27,district_by_grade,District,,,Total,2039-40,35995,forecast,middle
2026-27,district_by_grade,District,,,Total,2040-41,35773,forecast,middle
2026-27,district_by_grade,District,,,K-2,2021-22,9953,actual,middle
2026-27,district_by_grade,District,,,K-2,2022-23,9847,actual,middle
2026-27,district_by_grade,District,,,K-2,2023-24,9568,actual,middle
2026-27,district_by_grade,District,,,K-2,2024-25,9114,actual,middle
2026-27,district_by_grade,District,,,K-2,2025-26,8947,actual,middle
2026-27,district_by_grade,District,,,K-2,2026-27,8919,forecast,middle
2026-27,district_by_grade,District,,,K-2,2027-28,9098,forecast,middle
2026-27,district_by_grade,District,,,K-2,2028-29,9328,forecast,middle
2026-27,district_by_grade,District,,,K-2,2029-30,9313,forecast,middle
2026-27,district_by_grade,District,,,K-2,2030-31,9038,forecast,middle
2026-27,district_by_grade,District,,,K-2,2031-32,8659,forecast,middle
2026-27,district_by_grade,District,,,K-2,2032-33,8405,forecast,middle
2026-27,district_by_grade,District,,,K-2,2033-34,8312,forecast,middle
2026-27,district_by_grade,District,,,K-2,2034-35,8209,forecast,middle
2026-27,district_by_grade,District,,,K-2,2035-36,8195,forecast,middle
2026-27,district_by_grade,District,,,K-2,2036-37,8212,forecast,middle
2026-27,district_by_grade,District,,,K-2,2037-38,8255,forecast,middle
2026-27,district_by_grade,District,,,K-2,2038-39,8317,forecast,middle
2026-27,district_by_grade,District,,,K-2,2039-40,8388,forecast,middle
2026-27,district_by_grade,District,,,K-2,2040-41,8460,forecast,middle
2026-27,district_by_grade,District,,,3-5,2021-22,10371,actual,middle
2026-27,district_by_grade,District,,,3-5,2022-23,10345,actual,middle
2026-27,district_by_grade,District,,,3-5,2023-24,10245,actual,middle
2026-27,district_by_grade,District,,,3-5,2024-25,10071,actual,middle
2026-27,district_by_grade,District,,,3-5,2025-26,9748,actual,middle
2026-27,district_by_grade,District,,,3-5,2026-27,9508,forecast,middle
2026-27,district_by_grade,District,,,3-5,2027-28,9071,forecast,middle
2026-27,district_by_grade,District,,,3-5,2028-29,8904,forecast,middle
2026-27,district_by_grade,District,,,3-5,2029-30,8881,forecast,middle
2026-27,district_by_grade,District,,,3-5,2030-31,9063,forecast,middle
2026-27,district_by_grade,District,,,3-5,2031-32,9289,forecast,middle
2026-27,district_by_grade,District,,,3-5,2032-33,9268,forecast,middle
2026-27,district_by_grade,District,,,3-5,2033-34,8991,forecast,middle
2026-27,district_by_grade,District,,,3-5,2034-35,8621,forecast,middle
2026-27,district_by_grade,District,,,3-5,2035-36,8371,forecast,middle
2026-27,district_by_grade,District,,,3-5,2036-37,8280,forecast,middle
2026-27,district_by_grade,District,,,3-5,2037-38,8180,forecast,middle
2026-27,district_by_grade,District,,,3-5,2038-39,8166,forecast,middle
2026-27,district_by_grade,District,,,3-5,2039-40,8183,forecast,middle
2026-27,district_by_grade,District,,,3-5,2040-41,8227,forecast,middle
2026-27,district_by_grade,District,,,6-8,2021-22,10345,actual,middle
2026-27,district_by_grade,District,,,6-8,2022-23,10217,actual,middle
2026-27,district_by_grade,District,,,6-8,2023-24,9824,actual,middle
2026-27,district_by_grade,District,,,6-8,2024-25,9806,actual,middle
2026-27,district_by_grade,District,,,6-8,2025-26,9753,actual,middle
2026-27,district_by_grade,District,,,6-8,2026-27,9590,forecast,middle
2026-27,district_by_grade,District,,,6-8,2027-28,9491,forecast,middle
2026-27,district_by_grade,District,,,6-8,2028-29,9148,forecast,middle
2026-27,district_by_grade,District,,,6-8,2029-30,8909,forecast,middle
2026-27,district_by_grade,District,,,6-8,2030-31,8482,forecast,middle
2026-27,district_by_grade,District,,,6-8,2031-32,8315,forecast,middle
2026-27,district_by_grade,District,,,6-8,2032-33,8288,forecast,middle
2026-27,district_by_grade,District,,,6-8,2033-34,8456,forecast,middle
2026-27,district_by_grade,District,,,6-8,2034-35,8670,forecast,middle
2026-27,district_by_grade,District,,,6-8,2035-36,8650,forecast,middle
2026-27,district_by_grade,District,,,6-8,2036-37,8391,forecast,middle
2026-27,district_by_grade,District,,,6-8,2037-38,8043,forecast,middle
2026-27,district_by_grade,District,,,6-8,2038-39,7805,forecast,middle
2026-27,district_by_grade,District,,,6-8,2039-40,7719,forecast,middle
2026-27,district_by_grade,District,,,6-8,2040-41,7624,forecast,middle
2026-27,district_by_grade,District,,,9-12,2021-22,14336,actual,middle
2026-27,district_by_grade,District,,,9-12,2022-23,14389,actual,middle
2026-27,district_by_grade,District,,,9-12,2023-24,14368,actual,middle
2026-27,district_by_grade,District,,,9-12,2024-25,14384,actual,middle
2026-27,district_by_grade,District,,,9-12,2025-26,14174,actual,middle
2026-27,district_by_grade,District,,,9-12,2026-27,13904,forecast,middle
2026-27,district_by_grade,District,,,9-12,2027-28,13817,forecast,middle
2026-27,district_by_grade,District,,,9-12,2028-29,13822,forecast,middle
2026-27,district_by_grade,District,,,9-12,2029-30,13495,forecast,middle
2026-27,district_by_grade,District,,,9-12,2030-31,13343,forecast,middle
2026-27,district_by_grade,District,,,9-12,2031-32,12986,forecast,middle
2026-27,district_by_grade,District,,,9-12,2032-33,12491,forecast,middle
2026-27,district_by_grade,District,,,9-12,2033-34,12097,forecast,middle
2026-27,district_by_grade,District,,,9-12,2034-35,11681,forecast,middle
2026-27,district_by_grade,District,,,9-12,2035-36,11547,forecast,middle
2026-27,district_by_grade,District,,,9-12,2036-37,11588,forecast,middle
2026-27,district_by_grade,District,,,9-12,2037-38,11868,forecast,middle
2026-27,district_by_grade,District,,,9-12,2038-39,11890,forecast,middle
2026-27,district_by_grade,District,,,9-12,2039-40,11705,forecast,middle
2026-27,district_by_grade,District,,,9-12,2040-41,11462,forecast,middle
2026-27,district_by_grade,District,,,K,2021-22,3195,actual,low
2026-27,district_by_grade,District,,,K,2022-23,3152,actual,low
2026-27,district_by_grade,District,,,K,2023-24,2995,actual,low
2026-27,district_by_grade,District,,,K,2024-25,2837,actual,low
2026-27,district_by_grade,District,,,K,2025-26,2919,actual,low
2026-27,district_by_grade,District,,,K,2026-27,2865,forecast,low
2026-27,district_by_grade,District,,,K,2027-28,2903,forecast,low
2026-27,district_by_grade,District,,,K,2028-29,2973,forecast,low
2026-27,district_by_grade,District,,,K,2029-30,2780,forecast,low
2026-27,district_by_grade,District,,,K,2030-31,2618,forecast,low
2026-27,district_by_grade,District,,,K,2031-32,2641,forecast,low
2026-27,district_by_grade,District,,,K,2032-33,2574,forecast,low
2026-27,district_by_grade,District,,,K,2033-34,2551,forecast,low
2026-27,district_by_grade,District,,,K,2034-35,2535,forecast,low
2026-27,district_by_grade,District,,,K,2035-36,2526,forecast,low
2026-27,district_by_grade,District,,,K,2036-37,2522,forecast,low
2026-27,district_by_grade,District,,,K,2037-38,2523,forecast,low
2026-27,district_by_grade,District,,,K,2038-39,2523,forecast,low
2026-27,district_by_grade,District,,,K,2039-40,2526,forecast,low
2026-27,district_by_grade,District,,,K,2040-41,2531,forecast,low
2026-27,district_by_grade,District,,,1,2021-22,3282,actual,low
2026-27,district_by_grade,District,,,1,2022-23,3376,actual,low
2026-27,district_by_grade,District,,,1,2023-24,3213,actual,low
2026-27,district_by_grade,District,,,1,2024-25,3070,actual,low
2026-27,district_by_grade,District,,,1,2025-26,2950,actual,low
2026-27,district_by_grade,District,,,1,2026-27,2974,forecast,low
2026-27,district_by_grade,District,,,1,2027-28,2917,forecast,low
2026-27,district_by_grade,District,,,1,2028-29,2956,forecast,low
2026-27,district_by_grade,District,,,1,2029-30,3027,forecast,low
2026-27,district_by_grade,District,,,1,2030-31,2832,forecast,low
2026-27,district_by_grade,District,,,1,2031-32,2668,forecast,low
2026-27,district_by_grade,District,,,1,2032-33,2691,forecast,low
2026-27,district_by_grade,District,,,1,2033-34,2623,forecast,low
2026-27,district_by_grade,District,,,1,2034-35,2600,forecast,low
2026-27,district_by_grade,District,,,1,2035-36,2584,forecast,low
2026-27,district_by_grade,District,,,1,2036-37,2575,forecast,low
2026-27,district_by_grade,District,,,1,2037-38,2571,forecast,low
2026-27,district_by_grade,District,,,1,2038-39,2572,forecast,low
2026-27,district_by_grade,District,,,1,2039-40,2572,forecast,low
2026-27,district_by_grade,District,,,1,2040-41,2575,forecast,low
2026-27,district_by_grade,District,,,2,2021-22,3476,actual,low
2026-27,district_by_grade,District,,,2,2022-23,3319,actual,low
2026-27,district_by_grade,District,,,2,2023-24,3360,actual,low
2026-27,district_by_grade,District,,,2,2024-25,3207,actual,low
2026-27,district_by_grade,District,,,2,2025-26,3078,actual,low
2026-27,district_by_grade,District,,,2,2026-27,2930,forecast,low
2026-27,district_by_grade,District,,,2,2027-28,2956,forecast,low
2026-27,district_by_grade,District,,,2,2028-29,2898,forecast,low
2026-27,district_by_grade,District,,,2,2029-30,2937,forecast,low
2026-27,district_by_grade,District,,,2,2030-31,3008,forecast,low
2026-27,district_by_grade,District,,,2,2031-32,2815,forecast,low
2026-27,district_by_grade,District,,,2,2032-33,2652,forecast,low
2026-27,district_by_grade,District,,,2,2033-34,2675,forecast,low
2026-27,district_by_grade,District,,,2,2034-35,2608,forecast,low
2026-27,district_by_grade,District,,,2,2035-36,2585,forecast,low
2026-27,district_by_grade,District,,,2,2036-37,2569,forecast,low
2026-27,district_by_grade,District,,,2,2037-38,2560,forecast,low
2026-27,district_by_grade,District,,,2,2038-39,2556,forecast,low
2026-27,district_by_grade,District,,,2,2039-40,2557,forecast,low
2026-27,district_by_grade,District,,,2,2040-41,2557,forecast,low
2026-27,district_by_grade,District,,,3,2021-22,3486,actual,low
2026-27,district_by_grade,District,,,3,2022-23,3502,actual,low
2026-27,district_by_grade,District,,,3,2023-24,3320,actual,low
2026-27,district_by_grade,District,,,3,2024-25,3365,actual,low
2026-27,district_by_grade,District,,,3,2025-26,3158,actual,low
2026-27,district_by_grade,District,,,3,2026-27,3031,forecast,low
2026-27,district_by_grade,District,,,3,2027-28,2885,forecast,low
2026-27,district_by_grade,District,,,3,2028-29,2912,forecast,low
2026-27,district_by_grade,District,,,3,2029-30,2855,forecast,low
2026-27,district_by_grade,District,,,3,2030-31,2893,forecast,low
2026-27,district_by_grade,District,,,3,2031-32,2963,forecast,low
2026-27,district_by_grade,District,,,3,2032-33,2774,forecast,low
2026-27,district_by_grade,District,,,3,2033-34,2613,forecast,low
2026-27,district_by_grade,District,,,3,2034-35,2636,forecast,low
2026-27,district_by_grade,District,,,3,2035-36,2570,forecast,low
2026-27,district_by_grade,District,,,3,2036-37,2548,forecast,low
2026-27,district_by_grade,District,,,3,2037-38,2532,forecast,low
2026-27,district_by_grade,District,,,3,2038-39,2523,forecast,low
2026-27,district_by_grade,District,,,3,2039-40,2519,forecast,low
2026-27,district_by_grade,District,,,3,2040-41,2520,forecast,low
2026-27,district_by_grade,District,,,4,2021-22,3388,actual,low
2026-27,district_by_grade,District,,,4,2022-23,3485,actual,low
2026-27,district_by_grade,District,,,4,2023-24,3464,actual,low
2026-27,district_by_grade,District,,,4,2024-25,3296,actual,low
2026-27,district_by_grade,District,,,4,2025-26,3351,actual,low
2026-27,district_by_grade,District,,,4,2026-27,3128,forecast,low
2026-27,district_by_grade,District,,,4,2027-28,3001,forecast,low
2026-27,district_by_grade,District,,,4,2028-29,2857,forecast,low
2026-27,district_by_grade,District,,,4,2029-30,2886,forecast,low
2026-27,district_by_grade,District,,,4,2030-31,2828,forecast,low
2026-27,district_by_grade,District,,,4,2031-32,2866,forecast,low
2026-27,district_by_grade,District,,,4,2032-33,2935,forecast,low
2026-27,district_by_grade,District,,,4,2033-34,2748,forecast,low
2026-27,district_by_grade,District,,,4,2034-35,2589,forecast,low
2026-27,district_by_grade,District,,,4,2035-36,2612,forecast,low
2026-27,district_by_grade,District,,,4,2036-37,2547,forecast,low
2026-27,district_by_grade,District,,,4,2037-38,2525,forecast,low
2026-27,district_by_grade,District,,,4,2038-39,2509,forecast,low
2026-27,district_by_grade,District,,,4,2039-40,2500,forecast,low
2026-27,district_by_grade,District,,,4,2040-41,2496,forecast,low
2026-27,district_by_grade,District,,,5,2021-22,3497,actual,low
2026-27,district_by_grade,District,,,5,2022-23,3358,actual,low
2026-27,district_by_grade,District,,,5,2023-24,3461,actual,low
2026-27,district_by_grade,District,,,5,2024-25,3410,actual,low
2026-27,district_by_grade,District,,,5,2025-26,3239,actual,low
2026-27,district_by_grade,District,,,5,2026-27,3294,forecast,low
2026-27,district_by_grade,District,,,5,2027-28,3076,forecast,low
2026-27,district_by_grade,District,,,5,2028-29,2949,forecast,low
2026-27,district_by_grade,District,,,5,2029-30,2809,forecast,low
2026-27,district_by_grade,District,,,5,2030-31,2839,forecast,low
2026-27,district_by_grade,District,,,5,2031-32,2781,forecast,low
2026-27,district_by_grade,District,,,5,2032-33,2819,forecast,low
2026-27,district_by_grade,District,,,5,2033-34,2886,forecast,low
2026-27,district_by_grade,District,,,5,2034-35,2703,forecast,low
2026-27,district_by_grade,District,,,5,2035-36,2547,forecast,low
2026-27,district_by_grade,District,,,5,2036-37,2569,forecast,low
2026-27,district_by_grade,District,,,5,2037-38,2506,forecast,low
2026-27,district_by_grade,District,,,5,2038-39,2484,forecast,low
2026-27,district_by_grade,District,,,5,2039-40,2468,forecast,low
2026-27,district_by_grade,District,,,5,2040-41,2460,forecast,low
2026-27,district_by_grade,District,,,6,2021-22,3375,actual,low
2026-27,district_by_grade,District,,,6,2022-23,3405,actual,low
2026-27,district_by_grade,District,,,6,2023-24,3205,actual,low
2026-27,district_by_grade,District,,,6,2024-25,3270,actual,low
2026-27,district_by_grade,District,,,6,2025-26,3305,actual,low
2026-27,district_by_grade,District,,,6,2026-27,3058,forecast,low
2026-27,district_by_grade,District,,,6,2027-28,3108,forecast,low
2026-27,district_by_grade,District,,,6,2028-29,2894,forecast,low
2026-27,district_by_grade,District,,,6,2029-30,2784,forecast,low
2026-27,district_by_grade,District,,,6,2030-31,2646,forecast,low
2026-27,district_by_grade,District,,,6,2031-32,2666,forecast,low
2026-27,district_by_grade,District,,,6,2032-33,2617,forecast,low
2026-27,district_by_grade,District,,,6,2033-34,2652,forecast,low
2026-27,district_by_grade,District,,,6,2034-35,2715,forecast,low
2026-27,district_by_grade,District,,,6,2035-36,2541,forecast,low
2026-27,district_by_grade,District,,,6,2036-37,2392,forecast,low
2026-27,district_by_grade,District,,,6,2037-38,2413,forecast,low
2026-27,district_by_grade,District,,,6,2038-39,2353,forecast,low
2026-27,district_by_grade,District,,,6,2039-40,2332,forecast,low
2026-27,district_by_grade,District,,,6,2040-41,2316,forecast,low
2026-27,district_by_grade,District,,,7,2021-22,3420,actual,low
2026-27,district_by_grade,District,,,7,2022-23,3355,actual,low
2026-27,district_by_grade,District,,,7,2023-24,3334,actual,low
2026-27,district_by_grade,District,,,7,2024-25,3200,actual,low
2026-27,district_by_grade,District,,,7,2025-26,3233,actual,low
2026-27,district_by_grade,District,,,7,2026-27,3244,forecast,low
2026-27,district_by_grade,District,,,7,2027-28,3005,forecast,low
2026-27,district_by_grade,District,,,7,2028-29,3055,forecast,low
2026-27,district_by_grade,District,,,7,2029-30,2846,forecast,low
2026-27,district_by_grade,District,,,7,2030-31,2736,forecast,low
2026-27,district_by_grade,District,,,7,2031-32,2601,forecast,low
2026-27,district_by_grade,District,,,7,2032-33,2624,forecast,low
2026-27,district_by_grade,District,,,7,2033-34,2574,forecast,low
2026-27,district_by_grade,District,,,7,2034-35,2608,forecast,low
2026-27,district_by_grade,District,,,7,2035-36,2671,forecast,low
2026-27,district_by_grade,District,,,7,2036-37,2500,forecast,low
2026-27,district_by_grade,District,,,7,2037-38,2354,forecast,low
2026-27,district_by_grade,District,,,7,2038-39,2374,forecast,low
2026-27,district_by_grade,District,,,7,2039-40,2316,forecast,low
2026-27,district_by_grade,District,,,7,2040-41,2295,forecast,low
2026-27,district_by_grade,District,,,8,2021-22,3550,actual,low
2026-27,district_by_grade,District,,,8,2022-23,3457,actual,low
2026-27,district_by_grade,District,,,8,2023-24,3285,actual,low
2026-27,district_by_grade,District,,,8,2024-25,3336,actual,low
2026-27,district_by_grade,District,,,8,2025-26,3215,actual,low
2026-27,district_by_grade,District,,,8,2026-27,3163,forecast,low
2026-27,district_by_grade,District,,,8,2027-28,3174,forecast,low
2026-27,district_by_grade,District,,,8,2028-29,2940,forecast,low
2026-27,district_by_grade,District,,,8,2029-30,2988,forecast,low
2026-27,district_by_grade,District,,,8,2030-31,2784,forecast,low
2026-27,district_by_grade,District,,,8,2031-32,2677,forecast,low
2026-27,district_by_grade,District,,,8,2032-33,2545,forecast,low
2026-27,district_by_grade,District,,,8,2033-34,2567,forecast,low
2026-27,district_by_grade,District,,,8,2034-35,2518,forecast,low
2026-27,district_by_grade,District,,,8,2035-36,2551,forecast,low
2026-27,district_by_grade,District,,,8,2036-37,2613,forecast,low
2026-27,district_by_grade,District,,,8,2037-38,2445,forecast,low
2026-27,district_by_grade,District,,,8,2038-39,2302,forecast,low
2026-27,district_by_grade,District,,,8,2039-40,2322,forecast,low
2026-27,district_by_grade,District,,,8,2040-41,2265,forecast,low
2026-27,district_by_grade,District,,,9,2021-22,3652,actual,low
2026-27,district_by_grade,District,,,9,2022-23,3601,actual,low
2026-27,district_by_grade,District,,,9,2023-24,3439,actual,low
2026-27,district_by_grade,District,,,9,2024-25,3394,actual,low
2026-27,district_by_grade,District,,,9,2025-26,3480,actual,low
2026-27,district_by_grade,District,,,9,2026-27,3203,forecast,low
2026-27,district_by_grade,District,,,9,2027-28,3149,forecast,low
2026-27,district_by_grade,District,,,9,2028-29,3163,forecast,low
2026-27,district_by_grade,District,,,9,2029-30,2927,forecast,low
2026-27,district_by_grade,District,,,9,2030-31,2974,forecast,low
2026-27,district_by_grade,District,,,9,2031-32,2770,forecast,low
2026-27,district_by_grade,District,,,9,2032-33,2665,forecast,low
2026-27,district_by_grade,District,,,9,2033-34,2532,forecast,low
2026-27,district_by_grade,District,,,9,2034-35,2552,forecast,low
2026-27,district_by_grade,District,,,9,2035-36,2505,forecast,low
2026-27,district_by_grade,District,,,9,2036-37,2538,forecast,low
2026-27,district_by_grade,District,,,9,2037-38,2599,forecast,low
2026-27,district_by_grade,District,,,9,2038-39,2432,forecast,low
2026-27,district_by_grade,District,,,9,2039-40,2288,forecast,low
2026-27,district_by_grade,District,,,9,2040-41,2308,forecast,low
2026-27,district_by_grade,District,,,10,2021-22,3474,actual,low
2026-27,district_by_grade,District,,,10,2022-23,3621,actual,low
2026-27,district_by_grade,District,,,10,2023-24,3593,actual,low
2026-27,district_by_grade,District,,,10,2024-25,3434,actual,low
2026-27,district_by_grade,District,,,10,2025-26,3401,actual,low
2026-27,district_by_grade,District,,,10,2026-27,3459,forecast,low
2026-27,district_by_grade,District,,,10,2027-28,3186,forecast,low
2026-27,district_by_grade,District,,,10,2028-29,3138,forecast,low
2026-27,district_by_grade,District,,,10,2029-30,3146,forecast,low
2026-27,district_by_grade,District,,,10,2030-31,2918,forecast,low
2026-27,district_by_grade,District,,,10,2031-32,2967,forecast,low
2026-27,district_by_grade,District,,,10,2032-33,2769,forecast,low
2026-27,district_by_grade,District,,,10,2033-34,2658,forecast,low
2026-27,district_by_grade,District,,,10,2034-35,2529,forecast,low
2026-27,district_by_grade,District,,,10,2035-36,2555,forecast,low
2026-27,district_by_grade,District,,,10,2036-37,2504,forecast,low
2026-27,district_by_grade,District,,,10,2037-38,2537,forecast,low
2026-27,district_by_grade,District,,,10,2038-39,2598,forecast,low
2026-27,district_by_grade,District,,,10,2039-40,2432,forecast,low
2026-27,district_by_grade,District,,,10,2040-41,2290,forecast,low
2026-27,district_by_grade,District,,,11,2021-22,3379,actual,low
2026-27,district_by_grade,District,,,11,2022-23,3381,actual,low
2026-27,district_by_grade,District,,,11,2023-24,3558,actual,low
2026-27,district_by_grade,District,,,11,2024-25,3546,actual,low
2026-27,district_by_grade,District,,,11,2025-26,3364,actual,low
2026-27,district_by_grade,District,,,11,2026-27,3330,forecast,low
2026-27,district_by_grade,District,,,11,2027-28,3389,forecast,low
2026-27,district_by_grade,District,,,11,2028-29,3123,forecast,low
2026-27,district_by_grade,District,,,11,2029-30,3080,forecast,low
2026-27,district_by_grade,District,,,11,2030-31,3083,forecast,low
2026-27,district_by_grade,District,,,11,2031-32,2864,forecast,low
2026-27,district_by_grade,District,,,11,2032-33,2914,forecast,low
2026-27,district_by_grade,District,,,11,2033-34,2722,forecast,low
2026-27,district_by_grade,District,,,11,2034-35,2609,forecast,low
2026-27,district_by_grade,District,,,11,2035-36,2485,forecast,low
2026-27,district_by_grade,District,,,11,2036-37,2514,forecast,low
2026-27,district_by_grade,District,,,11,2037-38,2462,forecast,low
2026-27,district_by_grade,District,,,11,2038-39,2494,forecast,low
2026-27,district_by_grade,District,,,11,2039-40,2554,forecast,low
2026-27,district_by_grade,District,,,11,2040-41,2392,forecast,low
2026-27,district_by_grade,District,,,12,2021-22,3831,actual,low
2026-27,district_by_grade,District,,,12,2022-23,3786,actual,low
2026-27,district_by_grade,District,,,12,2023-24,3778,actual,low
2026-27,district_by_grade,District,,,12,2024-25,4010,actual,low
2026-27,district_by_grade,District,,,12,2025-26,3929,actual,low
2026-27,district_by_grade,District,,,12,2026-27,3695,forecast,low
2026-27,district_by_grade,District,,,12,2027-28,3657,forecast,low
2026-27,district_by_grade,District,,,12,2028-29,3724,forecast,low
2026-27,district_by_grade,District,,,12,2029-30,3433,forecast,low
2026-27,district_by_grade,District,,,12,2030-31,3388,forecast,low
2026-27,district_by_grade,District,,,12,2031-32,3389,forecast,low
2026-27,district_by_grade,District,,,12,2032-33,3151,forecast,low
2026-27,district_by_grade,District,,,12,2033-34,3207,forecast,low
2026-27,district_by_grade,District,,,12,2034-35,2998,forecast,low
2026-27,district_by_grade,District,,,12,2035-36,2871,forecast,low
2026-27,district_by_grade,District,,,12,2036-37,2736,forecast,low
2026-27,district_by_grade,District,,,12,2037-38,2771,forecast,low
2026-27,district_by_grade,District,,,12,2038-39,2712,forecast,low
2026-27,district_by_grade,District,,,12,2039-40,2747,forecast,low
2026-27,district_by_grade,District,,,12,2040-41,2813,forecast,low
2026-27,district_by_grade,District,,,Total,2021-22,45005,actual,low
2026-27,district_by_grade,District,,,Total,2022-23,44798,actual,low
2026-27,district_by_grade,District,,,Total,2023-24,44005,actual,low
2026-27,district_by_grade,District,,,Total,2024-25,43375,actual,low
2026-27,district_by_grade,District,,,Total,2025-26,42622,actual,low
2026-27,district_by_grade,District,,,Total,2026-27,41374,forecast,low
2026-27,district_by_grade,District,,,Total,2027-28,40406,forecast,low
2026-27,district_by_grade,District,,,Total,2028-29,39582,forecast,low
2026-27,district_by_grade,District,,,Total,2029-30,38498,forecast,low
2026-27,district_by_grade,District,,,Total,2030-31,37547,forecast,low
2026-27,district_by_grade,District,,,Total,2031-32,36668,forecast,low
2026-27,district_by_grade,District,,,Total,2032-33,35730,forecast,low
2026-27,district_by_grade,District,,,Total,2033-34,35008,forecast,low
2026-27,district_by_grade,District,,,Total,2034-35,34200,forecast,low
2026-27,district_by_grade,District,,,Total,2035-36,33603,forecast,low
2026-27,district_by_grade,District,,,Total,2036-37,33127,forecast,low
2026-27,district_by_grade,District,,,Total,2037-38,32798,forecast,low
2026-27,district_by_grade,District,,,Total,2038-39,32432,forecast,low
2026-27,district_by_grade,District,,,Total,2039-40,32133,forecast,low
2026-27,district_by_grade,District,,,Total,2040-41,31818,forecast,low
2026-27,district_by_grade,District,,,K-2,2021-22,9953,actual,low
2026-27,district_by_grade,District,,,K-2,2022-23,9847,actual,low
2026-27,district_by_grade,District,,,K-2,2023-24,9568,actual,low
2026-27,district_by_grade,District,,,K-2,2024-25,9114,actual,low
2026-27,district_by_grade,District,,,K-2,2025-26,8947,actual,low
2026-27,district_by_grade,District,,,K-2,2026-27,8769,forecast,low
2026-27,district_by_grade,District,,,K-2,2027-28,8776,forecast,low
2026-27,district_by_grade,District,,,K-2,2028-29,8827,forecast,low
2026-27,district_by_grade,District,,,K-2,2029-30,8744,forecast,low
2026-27,district_by_grade,District,,,K-2,2030-31,8458,forecast,low
2026-27,district_by_grade,District,,,K-2,2031-32,8124,forecast,low
2026-27,district_by_grade,District,,,K-2,2032-33,7917,forecast,low
2026-27,district_by_grade,District,,,K-2,2033-34,7849,forecast,low
2026-27,district_by_grade,District,,,K-2,2034-35,7743,forecast,low
2026-27,district_by_grade,District,,,K-2,2035-36,7695,forecast,low
2026-27,district_by_grade,District,,,K-2,2036-37,7666,forecast,low
2026-27,district_by_grade,District,,,K-2,2037-38,7654,forecast,low
2026-27,district_by_grade,District,,,K-2,2038-39,7651,forecast,low
2026-27,district_by_grade,District,,,K-2,2039-40,7655,forecast,low
2026-27,district_by_grade,District,,,K-2,2040-41,7663,forecast,low
2026-27,district_by_grade,District,,,3-5,2021-22,10371,actual,low
2026-27,district_by_grade,District,,,3-5,2022-23,10345,actual,low
2026-27,district_by_grade,District,,,3-5,2023-24,10245,actual,low
2026-27,district_by_grade,District,,,3-5,2024-25,10071,actual,low
2026-27,district_by_grade,District,,,3-5,2025-26,9748,actual,low
2026-27,district_by_grade,District,,,3-5,2026-27,9453,forecast,low
2026-27,district_by_grade,District,,,3-5,2027-28,8962,forecast,low
2026-27,district_by_grade,District,,,3-5,2028-29,8718,forecast,low
2026-27,district_by_grade,District,,,3-5,2029-30,8550,forecast,low
2026-27,district_by_grade,District,,,3-5,2030-31,8560,forecast,low
2026-27,district_by_grade,District,,,3-5,2031-32,8610,forecast,low
2026-27,district_by_grade,District,,,3-5,2032-33,8528,forecast,low
2026-27,district_by_grade,District,,,3-5,2033-34,8247,forecast,low
2026-27,district_by_grade,District,,,3-5,2034-35,7928,forecast,low
2026-27,district_by_grade,District,,,3-5,2035-36,7729,forecast,low
2026-27,district_by_grade,District,,,3-5,2036-37,7664,forecast,low
2026-27,district_by_grade,District,,,3-5,2037-38,7563,forecast,low
2026-27,district_by_grade,District,,,3-5,2038-39,7516,forecast,low
2026-27,district_by_grade,District,,,3-5,2039-40,7487,forecast,low
2026-27,district_by_grade,District,,,3-5,2040-41,7476,forecast,low
2026-27,district_by_grade,District,,,6-8,2021-22,10345,actual,low
2026-27,district_by_grade,District,,,6-8,2022-23,10217,actual,low
2026-27,district_by_grade,District,,,6-8,2023-24,9824,actual,low
2026-27,district_by_grade,District,,,6-8,2024-25,9806,actual,low
2026-27,district_by_grade,District,,,6-8,2025-26,9753,actual,low
2026-27,district_by_grade,District,,,6-8,2026-27,9465,forecast,low
2026-27,district_by_grade,District,,,6-8,2027-28,9287,forecast,low
2026-27,district_by_grade,District,,,6-8,2028-29,8889,forecast,low
2026-27,district_by_grade,District,,,6-8,2029-30,8618,forecast,low
2026-27,district_by_grade,District,,,6-8,2030-31,8166,forecast,low
2026-27,district_by_grade,District,,,6-8,2031-32,7944,forecast,low
2026-27,district_by_grade,District,,,6-8,2032-33,7786,forecast,low
2026-27,district_by_grade,District,,,6-8,2033-34,7793,forecast,low
2026-27,district_by_grade,District,,,6-8,2034-35,7841,forecast,low
2026-27,district_by_grade,District,,,6-8,2035-36,7763,forecast,low
2026-27,district_by_grade,District,,,6-8,2036-37,7505,forecast,low
2026-27,district_by_grade,District,,,6-8,2037-38,7212,forecast,low
2026-27,district_by_grade,District,,,6-8,2038-39,7029,forecast,low
2026-27,district_by_grade,District,,,6-8,2039-40,6970,forecast,low
2026-27,district_by_grade,District,,,6-8,2040-41,6876,forecast,low
2026-27,district_by_grade,District,,,9-12,2021-22,14336,actual,low
2026-27,district_by_grade,District,,,9-12,2022-23,14389,actual,low
2026-27,district_by_grade,District,,,9-12,2023-24,14368,actual,low
2026-27,district_by_grade,District,,,9-12,2024-25,14384,actual,low
2026-27,district_by_grade,District,,,9-12,2025-26,14174,actual,low
2026-27,district_by_grade,District,,,9-12,2026-27,13687,forecast,low
2026-27,district_by_grade,District,,,9-12,2027-28,13381,forecast,low
2026-27,district_by_grade,District,,,9-12,2028-29,13148,forecast,low
2026-27,district_by_grade,District,,,9-12,2029-30,12586,forecast,low
2026-27,district_by_grade,District,,,9-12,2030-31,12363,forecast,low
2026-27,district_by_grade,District,,,9-12,2031-32,11990,forecast,low
2026-27,district_by_grade,District,,,9-12,2032-33,11499,forecast,low
2026-27,district_by_grade,District,,,9-12,2033-34,11119,forecast,low
2026-27,district_by_grade,District,,,9-12,2034-35,10688,forecast,low
2026-27,district_by_grade,District,,,9-12,2035-36,10416,forecast,low
2026-27,district_by_grade,District,,,9-12,2036-37,10292,forecast,low
2026-27,district_by_grade,District,,,9-12,2037-38,10369,forecast,low
2026-27,district_by_grade,District,,,9-12,2038-39,10236,forecast,low
2026-27,district_by_grade,District,,,9-12,2039-40,10021,forecast,low
2026-27,district_by_grade,District,,,9-12,2040-41,9803,forecast,low
2026-27,district_by_grade,District,,,K,2021-22,3195,actual,high
2026-27,district_by_grade,District,,,K,2022-23,3152,actual,high
2026-27,district_by_grade,District,,,K,2023-24,2995,actual,high
2026-27,district_by_grade,District,,,K,2024-25,2837,actual,high
2026-27,district_by_grade,District,,,K,2025-26,2919,actual,high
2026-27,district_by_grade,District,,,K,2026-27,2983,forecast,high
2026-27,district_by_grade,District,,,K,2027-28,3065,forecast,high
2026-27,district_by_grade,District,,,K,2028-29,3167,forecast,high
2026-27,district_by_grade,District,,,K,2029-30,2961,forecast,high
2026-27,district_by_grade,District,,,K,2030-31,2781,forecast,high
2026-27,district_by_grade,District,,,K,2031-32,2865,forecast,high
2026-27,district_by_grade,District,,,K,2032-33,2929,forecast,high
2026-27,district_by_grade,District,,,K,2033-34,2994,forecast,high
2026-27,district_by_grade,District,,,K,2034-35,3077,forecast,high
2026-27,district_by_grade,District,,,K,2035-36,3178,forecast,high
2026-27,district_by_grade,District,,,K,2036-37,3296,forecast,high
2026-27,district_by_grade,District,,,K,2037-38,3430,forecast,high
2026-27,district_by_grade,District,,,K,2038-39,3569,forecast,high
2026-27,district_by_grade,District,,,K,2039-40,3709,forecast,high
2026-27,district_by_grade,District,,,K,2040-41,3849,forecast,high
2026-27,district_by_grade,District,,,1,2021-22,3282,actual,high
2026-27,district_by_grade,District,,,1,2022-23,3376,actual,high
2026-27,district_by_grade,District,,,1,2023-24,3213,actual,high
2026-27,district_by_grade,District,,,1,2024-25,3070,actual,high
2026-27,district_by_grade,District,,,1,2025-26,2950,actual,high
2026-27,district_by_grade,District,,,1,2026-27,3035,forecast,high
2026-27,district_by_grade,District,,,1,2027-28,3099,forecast,high
2026-27,district_by_grade,District,,,1,2028-29,3184,forecast,high
2026-27,district_by_grade,District,,,1,2029-30,3290,forecast,high
2026-27,district_by_grade,District,,,1,2030-31,3077,forecast,high
2026-27,district_by_grade,District,,,1,2031-32,2891,forecast,high
2026-27,district_by_grade,District,,,1,2032-33,2978,forecast,high
2026-27,district_by_grade,District,,,1,2033-34,3044,forecast,high
2026-27,district_by_grade,District,,,1,2034-35,3111,forecast,high
2026-27,district_by_grade,District,,,1,2035-36,3197,forecast,high
2026-27,district_by_grade,District,,,1,2036-37,3301,forecast,high
2026-27,district_by_grade,District,,,1,2037-38,3423,forecast,high
2026-27,district_by_grade,District,,,1,2038-39,3561,forecast,high
2026-27,district_by_grade,District,,,1,2039-40,3705,forecast,high
2026-27,district_by_grade,District,,,1,2040-41,3850,forecast,high
2026-27,district_by_grade,District,,,2,2021-22,3476,actual,high
2026-27,district_by_grade,District,,,2,2022-23,3319,actual,high
2026-27,district_by_grade,District,,,2,2023-24,3360,actual,high
2026-27,district_by_grade,District,,,2,2024-25,3207,actual,high
2026-27,district_by_grade,District,,,2,2025-26,3078,actual,high
2026-27,district_by_grade,District,,,2,2026-27,2963,forecast,high
2026-27,district_by_grade,District,,,2,2027-28,3050,forecast,high
2026-27,district_by_grade,District,,,2,2028-29,3112,forecast,high
2026-27,district_by_grade,District,,,2,2029-30,3198,forecast,high
2026-27,district_by_grade,District,,,2,2030-31,3304,forecast,high
2026-27,district_by_grade,District,,,2,2031-32,3091,forecast,high
2026-27,district_by_grade,District,,,2,2032-33,2904,forecast,high
2026-27,district_by_grade,District,,,2,2033-34,2991,forecast,high
2026-27,district_by_grade,District,,,2,2034-35,3058,forecast,high
2026-27,district_by_grade,District,,,2,2035-36,3125,forecast,high
2026-27,district_by_grade,District,,,2,2036-37,3211,forecast,high
2026-27,district_by_grade,District,,,2,2037-38,3315,forecast,high
2026-27,district_by_grade,District,,,2,2038-39,3437,forecast,high
2026-27,district_by_grade,District,,,2,2039-40,3576,forecast,high
2026-27,district_by_grade,District,,,2,2040-41,3720,forecast,high
2026-27,district_by_grade,District,,,3,2021-22,3486,actual,high
2026-27,district_by_grade,District,,,3,2022-23,3502,actual,high
2026-27,district_by_grade,District,,,3,2023-24,3320,actual,high
2026-27,district_by_grade,District,,,3,2024-25,3365,actual,high
2026-27,district_by_grade,District,,,3,2025-26,3158,actual,high
2026-27,district_by_grade,District,,,3,2026-27,3086,forecast,high
2026-27,district_by_grade,District,,,3,2027-28,2970,forecast,high
2026-27,district_by_grade,District,,,3,2028-29,3059,forecast,high
2026-27,district_by_grade,District,,,3,2029-30,3120,forecast,high
2026-27,district_by_grade,District,,,3,2030-31,3207,forecast,high
2026-27,district_by_grade,District,,,3,2031-32,3313,forecast,high
2026-27,district_by_grade,District,,,3,2032-33,3099,forecast,high
2026-27,district_by_grade,District,,,3,2033-34,2913,forecast,high
2026-27,district_by_grade,District,,,3,2034-35,3000,forecast,high
2026-27,district_by_grade,District,,,3,2035-36,3066,forecast,high
2026-27,district_by_grade,District,,,3,2036-37,3134,forecast,high
2026-27,district_by_grade,District,,,3,2037-38,3220,forecast,high
2026-27,district_by_grade,District,,,3,2038-39,3324,forecast,high
2026-27,district_by_grade,District,,,3,2039-40,3447,forecast,high
2026-27,district_by_grade,District,,,3,2040-41,3585,forecast,high
2026-27,district_by_grade,District,,,4,2021-22,3388,actual,high
2026-27,district_by_grade,District,,,4,2022-23,3485,actual,high
2026-27,district_by_grade,District,,,4,2023-24,3464,actual,high
2026-27,district_by_grade,District,,,4,2024-25,3296,actual,high
2026-27,district_by_grade,District,,,4,2025-26,3351,actual,high
2026-27,district_by_grade,District,,,4,2026-27,3149,forecast,high
2026-27,district_by_grade,District,,,4,2027-28,3076,forecast,high
2026-27,district_by_grade,District,,,4,2028-29,2961,forecast,high
2026-27,district_by_grade,District,,,4,2029-30,3051,forecast,high
2026-27,district_by_grade,District,,,4,2030-31,3112,forecast,high
2026-27,district_by_grade,District,,,4,2031-32,3198,forecast,high
2026-27,district_by_grade,District,,,4,2032-33,3303,forecast,high
2026-27,district_by_grade,District,,,4,2033-34,3091,forecast,high
2026-27,district_by_grade,District,,,4,2034-35,2905,forecast,high
2026-27,district_by_grade,District,,,4,2035-36,2992,forecast,high
2026-27,district_by_grade,District,,,4,2036-37,3058,forecast,high
2026-27,district_by_grade,District,,,4,2037-38,3125,forecast,high
2026-27,district_by_grade,District,,,4,2038-39,3210,forecast,high
2026-27,district_by_grade,District,,,4,2039-40,3315,forecast,high
2026-27,district_by_grade,District,,,4,2040-41,3436,forecast,high
2026-27,district_by_grade,District,,,5,2021-22,3497,actual,high
2026-27,district_by_grade,District,,,5,2022-23,3358,actual,high
2026-27,district_by_grade,District,,,5,2023-24,3461,actual,high
2026-27,district_by_grade,District,,,5,2024-25,3410,actual,high
2026-27,district_by_grade,District,,,5,2025-26,3239,actual,high
2026-27,district_by_grade,District,,,5,2026-27,3328,forecast,high
2026-27,district_by_grade,District,,,5,2027-28,3128,forecast,high
2026-27,district_by_grade,District,,,5,2028-29,3055,forecast,high
2026-27,district_by_grade,District,,,5,2029-30,2942,forecast,high
2026-27,district_by_grade,District,,,5,2030-31,3032,forecast,high
2026-27,district_by_grade,District,,,5,2031-32,3091,forecast,high
2026-27,district_by_grade,District,,,5,2032-33,3177,forecast,high
2026-27,district_by_grade,District,,,5,2033-34,3281,forecast,high
2026-27,district_by_grade,District,,,5,2034-35,3070,forecast,high
2026-27,district_by_grade,District,,,5,2035-36,2886,forecast,high
2026-27,district_by_grade,District,,,5,2036-37,2972,forecast,high
2026-27,district_by_grade,District,,,5,2037-38,3038,forecast,high
2026-27,district_by_grade,District,,,5,2038-39,3104,forecast,high
2026-27,district_by_grade,District,,,5,2039-40,3189,forecast,high
2026-27,district_by_grade,District,,,5,2040-41,3292,forecast,high
2026-27,district_by_grade,District,,,6,2021-22,3375,actual,high
2026-27,district_by_grade,District,,,6,2022-23,3405,actual,high
2026-27,district_by_grade,District,,,6,2023-24,3205,actual,high
2026-27,district_by_grade,District,,,6,2024-25,3270,actual,high
2026-27,district_by_grade,District,,,6,2025-26,3305,actual,high
2026-27,district_by_grade,District,,,6,2026-27,3142,forecast,high
2026-27,district_by_grade,District,,,6,2027-28,3227,forecast,high
2026-27,district_by_grade,District,,,6,2028-29,3025,forecast,high
2026-27,district_by_grade,District,,,6,2029-30,2965,forecast,high
2026-27,district_by_grade,District,,,6,2030-31,2849,forecast,high
2026-27,district_by_grade,District,,,6,2031-32,2928,forecast,high
2026-27,district_by_grade,District,,,6,2032-33,2994,forecast,high
2026-27,district_by_grade,District,,,6,2033-34,3076,forecast,high
2026-27,district_by_grade,District,,,6,2034-35,3178,forecast,high
2026-27,district_by_grade,District,,,6,2035-36,2972,forecast,high
2026-27,district_by_grade,District,,,6,2036-37,2791,forecast,high
2026-27,district_by_grade,District,,,6,2037-38,2875,forecast,high
2026-27,district_by_grade,District,,,6,2038-39,2939,forecast,high
2026-27,district_by_grade,District,,,6,2039-40,3005,forecast,high
2026-27,district_by_grade,District,,,6,2040-41,3088,forecast,high
2026-27,district_by_grade,District,,,7,2021-22,3420,actual,high
2026-27,district_by_grade,District,,,7,2022-23,3355,actual,high
2026-27,district_by_grade,District,,,7,2023-24,3334,actual,high
2026-27,district_by_grade,District,,,7,2024-25,3200,actual,high
2026-27,district_by_grade,District,,,7,2025-26,3233,actual,high
2026-27,district_by_grade,District,,,7,2026-27,3295,forecast,high
2026-27,district_by_grade,District,,,7,2027-28,3135,forecast,high
2026-27,district_by_grade,District,,,7,2028-29,3221,forecast,high
2026-27,district_by_grade,District,,,7,2029-30,3021,forecast,high
2026-27,district_by_grade,District,,,7,2030-31,2959,forecast,high
2026-27,district_by_grade,District,,,7,2031-32,2844,forecast,high
2026-27,district_by_grade,District,,,7,2032-33,2926,forecast,high
2026-27,district_by_grade,District,,,7,2033-34,2989,forecast,high
2026-27,district_by_grade,District,,,7,2034-35,3071,forecast,high
2026-27,district_by_grade,District,,,7,2035-36,3173,forecast,high
2026-27,district_by_grade,District,,,7,2036-37,2967,forecast,high
2026-27,district_by_grade,District,,,7,2037-38,2787,forecast,high
2026-27,district_by_grade,District,,,7,2038-39,2871,forecast,high
2026-27,district_by_grade,District,,,7,2039-40,2935,forecast,high
2026-27,district_by_grade,District,,,7,2040-41,3000,forecast,high
2026-27,district_by_grade,District,,,8,2021-22,3550,actual,high
2026-27,district_by_grade,District,,,8,2022-23,3457,actual,high
2026-27,district_by_grade,District,,,8,2023-24,3285,actual,high
2026-27,district_by_grade,District,,,8,2024-25,3336,actual,high
2026-27,district_by_grade,District,,,8,2025-26,3215,actual,high
2026-27,district_by_grade,District,,,8,2026-27,3250,forecast,high
2026-27,district_by_grade,District,,,8,2027-28,3313,forecast,high
2026-27,district_by_grade,District,,,8,2028-29,3152,forecast,high
2026-27,district_by_grade,District,,,8,2029-30,3237,forecast,high
2026-27,district_by_grade,District,,,8,2030-31,3035,forecast,high
2026-27,district_by_grade,District,,,8,2031-32,2974,forecast,high
2026-27,district_by_grade,District,,,8,2032-33,2859,forecast,high
2026-27,district_by_grade,District,,,8,2033-34,2940,forecast,high
2026-27,district_by_grade,District,,,8,2034-35,3003,forecast,high
2026-27,district_by_grade,District,,,8,2035-36,3086,forecast,high
2026-27,district_by_grade,District,,,8,2036-37,3188,forecast,high
2026-27,district_by_grade,District,,,8,2037-38,2981,forecast,high
2026-27,district_by_grade,District,,,8,2038-39,2800,forecast,high
2026-27,district_by_grade,District,,,8,2039-40,2885,forecast,high
2026-27,district_by_grade,District,,,8,2040-41,2949,forecast,high
2026-27,district_by_grade,District,,,9,2021-22,3652,actual,high
2026-27,district_by_grade,District,,,9,2022-23,3601,actual,high
2026-27,district_by_grade,District,,,9,2023-24,3439,actual,high
2026-27,district_by_grade,District,,,9,2024-25,3394,actual,high
2026-27,district_by_grade,District,,,9,2025-26,3480,actual,high
2026-27,district_by_grade,District,,,9,2026-27,3350,forecast,high
2026-27,district_by_grade,District,,,9,2027-28,3384,forecast,high
2026-27,district_by_grade,District,,,9,2028-29,3454,forecast,high
2026-27,district_by_grade,District,,,9,2029-30,3283,forecast,high
2026-27,district_by_grade,District,,,9,2030-31,3370,forecast,high
2026-27,district_by_grade,District,,,9,2031-32,3158,forecast,high
2026-27,district_by_grade,District,,,9,2032-33,3097,forecast,high
2026-27,district_by_grade,District,,,9,2033-34,2975,forecast,high
2026-27,district_by_grade,District,,,9,2034-35,3057,forecast,high
2026-27,district_by_grade,District,,,9,2035-36,3126,forecast,high
2026-27,district_by_grade,District,,,9,2036-37,3212,forecast,high
2026-27,district_by_grade,District,,,9,2037-38,3318,forecast,high
2026-27,district_by_grade,District,,,9,2038-39,3103,forecast,high
2026-27,district_by_grade,District,,,9,2039-40,2912,forecast,high
2026-27,district_by_grade,District,,,9,2040-41,3001,forecast,high
2026-27,district_by_grade,District,,,10,2021-22,3474,actual,high
2026-27,district_by_grade,District,,,10,2022-23,3621,actual,high
2026-27,district_by_grade,District,,,10,2023-24,3593,actual,high
2026-27,district_by_grade,District,,,10,2024-25,3434,actual,high
2026-27,district_by_grade,District,,,10,2025-26,3401,actual,high
2026-27,district_by_grade,District,,,10,2026-27,3503,forecast,high
2026-27,district_by_grade,District,,,10,2027-28,3374,forecast,high
2026-27,district_by_grade,District,,,10,2028-29,3413,forecast,high
2026-27,district_by_grade,District,,,10,2029-30,3477,forecast,high
2026-27,district_by_grade,District,,,10,2030-31,3310,forecast,high
2026-27,district_by_grade,District,,,10,2031-32,3401,forecast,high
2026-27,district_by_grade,District,,,10,2032-33,3192,forecast,high
2026-27,district_by_grade,District,,,10,2033-34,3124,forecast,high
2026-27,district_by_grade,District,,,10,2034-35,3003,forecast,high
2026-27,district_by_grade,District,,,10,2035-36,3092,forecast,high
2026-27,district_by_grade,District,,,10,2036-37,3157,forecast,high
2026-27,district_by_grade,District,,,10,2037-38,3243,forecast,high
2026-27,district_by_grade,District,,,10,2038-39,3350,forecast,high
2026-27,district_by_grade,District,,,10,2039-40,3133,forecast,high
2026-27,district_by_grade,District,,,10,2040-41,2943,forecast,high
2026-27,district_by_grade,District,,,11,2021-22,3379,actual,high
2026-27,district_by_grade,District,,,11,2022-23,3381,actual,high
2026-27,district_by_grade,District,,,11,2023-24,3558,actual,high
2026-27,district_by_grade,District,,,11,2024-25,3546,actual,high
2026-27,district_by_grade,District,,,11,2025-26,3364,actual,high
2026-27,district_by_grade,District,,,11,2026-27,3354,forecast,high
2026-27,district_by_grade,District,,,11,2027-28,3456,forecast,high
2026-27,district_by_grade,District,,,11,2028-29,3331,forecast,high
2026-27,district_by_grade,District,,,11,2029-30,3372,forecast,high
2026-27,district_by_grade,District,,,11,2030-31,3431,forecast,high
2026-27,district_by_grade,District,,,11,2031-32,3270,forecast,high
2026-27,district_by_grade,District,,,11,2032-33,3362,forecast,high
2026-27,district_by_grade,District,,,11,2033-34,3157,forecast,high
2026-27,district_by_grade,District,,,11,2034-35,3086,forecast,high
2026-27,district_by_grade,District,,,11,2035-36,2969,forecast,high
2026-27,district_by_grade,District,,,11,2036-37,3060,forecast,high
2026-27,district_by_grade,District,,,11,2037-38,3121,forecast,high
2026-27,district_by_grade,District,,,11,2038-39,3206,forecast,high
2026-27,district_by_grade,District,,,11,2039-40,3312,forecast,high
2026-27,district_by_grade,District,,,11,2040-41,3098,forecast,high
2026-27,district_by_grade,District,,,12,2021-22,3831,actual,high
2026-27,district_by_grade,District,,,12,2022-23,3786,actual,high
2026-27,district_by_grade,District,,,12,2023-24,3778,actual,high
2026-27,district_by_grade,District,,,12,2024-25,4010,actual,high
2026-27,district_by_grade,District,,,12,2025-26,3929,actual,high
2026-27,district_by_grade,District,,,12,2026-27,3781,forecast,high
2026-27,district_by_grade,District,,,12,2027-28,3769,forecast,high
2026-27,district_by_grade,District,,,12,2028-29,3886,forecast,high
2026-27,district_by_grade,District,,,12,2029-30,3745,forecast,high
2026-27,district_by_grade,District,,,12,2030-31,3793,forecast,high
2026-27,district_by_grade,District,,,12,2031-32,3857,forecast,high
2026-27,district_by_grade,District,,,12,2032-33,3679,forecast,high
2026-27,district_by_grade,District,,,12,2033-34,3782,forecast,high
2026-27,district_by_grade,District,,,12,2034-35,3553,forecast,high
2026-27,district_by_grade,District,,,12,2035-36,3471,forecast,high
2026-27,district_by_grade,District,,,12,2036-37,3341,forecast,high
2026-27,district_by_grade,District,,,12,2037-38,3445,forecast,high
2026-27,district_by_grade,District,,,12,2038-39,3512,forecast,high
2026-27,district_by_grade,District,,,12,2039-40,3607,forecast,high
2026-27,district_by_grade,District,,,12,2040-41,3726,forecast,high
2026-27,district_by_grade,District,,,Total,2021-22,45005,actual,high
2026-27,district_by_grade,District,,,Total,2022-23,44798,actual,high
2026-27,district_by_grade,District,,,Total,2023-24,44005,actual,high
2026-27,district_by_grade,District,,,Total,2024-25,43375,actual,high
2026-27,district_by_grade,District,,,Total,2025-26,42622,actual,high
2026-27,district_by_grade,District,,,Total,2026-27,42219,forecast,high
2026-27,district_by_grade,District,,,Total,2027-28,42047,forecast,high
2026-27,district_by_grade,District,,,Total,2028-29,42019,forecast,high
2026-27,district_by_grade,District,,,Total,2029-30,41662,forecast,high
2026-27,district_by_grade,District,,,Total,2030-31,41260,forecast,high
2026-27,district_by_grade,District,,,Total,2031-32,40881,forecast,high
2026-27,district_by_grade,District,,,Total,2032-33,40498,forecast,high
2026-27,district_by_grade,District,,,Total,2033-34,40356,forecast,high
2026-27,district_by_grade,District,,,Total,2034-35,40172,forecast,high
2026-27,district_by_grade,District,,,Total,2035-36,40332,forecast,high
2026-27,district_by_grade,District,,,Total,2036-37,40687,forecast,high
2026-27,district_by_grade,District,,,Total,2037-38,41321,forecast,high
2026-27,district_by_grade,District,,,Total,2038-39,41988,forecast,high
2026-27,district_by_grade,District,,,Total,2039-40,42729,forecast,high
2026-27,district_by_grade,District,,,Total,2040-41,43538,forecast,high
2026-27,district_by_grade,District,,,K-2,2021-22,9953,actual,high
2026-27,district_by_grade,District,,,K-2,2022-23,9847,actual,high
2026-27,district_by_grade,District,,,K-2,2023-24,9568,actual,high
2026-27,district_by_grade,District,,,K-2,2024-25,9114,actual,high
2026-27,district_by_grade,District,,,K-2,2025-26,8947,actual,high
2026-27,district_by_grade,District,,,K-2,2026-27,8981,forecast,high
2026-27,district_by_grade,District,,,K-2,2027-28,9214,forecast,high
2026-27,district_by_grade,District,,,K-2,2028-29,9463,forecast,high
2026-27,district_by_grade,District,,,K-2,2029-30,9449,forecast,high
2026-27,district_by_grade,District,,,K-2,2030-31,9162,forecast,high
2026-27,district_by_grade,District,,,K-2,2031-32,8847,forecast,high
2026-27,district_by_grade,District,,,K-2,2032-33,8811,forecast,high
2026-27,district_by_grade,District,,,K-2,2033-34,9029,forecast,high
2026-27,district_by_grade,District,,,K-2,2034-35,9246,forecast,high
2026-27,district_by_grade,District,,,K-2,2035-36,9500,forecast,high
2026-27,district_by_grade,District,,,K-2,2036-37,9808,forecast,high
2026-27,district_by_grade,District,,,K-2,2037-38,10168,forecast,high
2026-27,district_by_grade,District,,,K-2,2038-39,10568,forecast,high
2026-27,district_by_grade,District,,,K-2,2039-40,10990,forecast,high
2026-27,district_by_grade,District,,,K-2,2040-41,11419,forecast,high
2026-27,district_by_grade,District,,,3-5,2021-22,10371,actual,high
2026-27,district_by_grade,District,,,3-5,2022-23,10345,actual,high
2026-27,district_by_grade,District,,,3-5,2023-24,10245,actual,high
2026-27,district_by_grade,District,,,3-5,2024-25,10071,actual,high
2026-27,district_by_grade,District,,,3-5,2025-26,9748,actual,high
2026-27,district_by_grade,District,,,3-5,2026-27,9563,forecast,high
2026-27,district_by_grade,District,,,3-5,2027-28,9175,forecast,high
2026-27,district_by_grade,District,,,3-5,2028-29,9074,forecast,high
2026-27,district_by_grade,District,,,3-5,2029-30,9114,forecast,high
2026-27,district_by_grade,District,,,3-5,2030-31,9351,forecast,high
2026-27,district_by_grade,District,,,3-5,2031-32,9602,forecast,high
2026-27,district_by_grade,District,,,3-5,2032-33,9579,forecast,high
2026-27,district_by_grade,District,,,3-5,2033-34,9285,forecast,high
2026-27,district_by_grade,District,,,3-5,2034-35,8976,forecast,high
2026-27,district_by_grade,District,,,3-5,2035-36,8945,forecast,high
2026-27,district_by_grade,District,,,3-5,2036-37,9164,forecast,high
2026-27,district_by_grade,District,,,3-5,2037-38,9382,forecast,high
2026-27,district_by_grade,District,,,3-5,2038-39,9639,forecast,high
2026-27,district_by_grade,District,,,3-5,2039-40,9950,forecast,high
2026-27,district_by_grade,District,,,3-5,2040-41,10314,forecast,high
2026-27,district_by_grade,District,,,6-8,2021-22,10345,actual,high
2026-27,district_by_grade,District,,,6-8,2022-23,10217,actual,high
2026-27,district_by_grade,District,,,6-8,2023-24,9824,actual,high
2026-27,district_by_grade,District,,,6-8,2024-25,9806,actual,high
2026-27,district_by_grade,District,,,6-8,2025-26,9753,actual,high
2026-27,district_by_grade,District,,,6-8,2026-27,9688,forecast,high
2026-27,district_by_grade,District,,,6-8,2027-28,9676,forecast,high
2026-27,district_by_grade,District,,,6-8,2028-29,9398,forecast,high
2026-27,district_by_grade,District,,,6-8,2029-30,9222,forecast,high
2026-27,district_by_grade,District,,,6-8,2030-31,8843,forecast,high
2026-27,district_by_grade,District,,,6-8,2031-32,8747,forecast,high
2026-27,district_by_grade,District,,,6-8,2032-33,8778,forecast,high
2026-27,district_by_grade,District,,,6-8,2033-34,9005,forecast,high
2026-27,district_by_grade,District,,,6-8,2034-35,9252,forecast,high
2026-27,district_by_grade,District,,,6-8,2035-36,9230,forecast,high
2026-27,district_by_grade,District,,,6-8,2036-37,8946,forecast,high
2026-27,district_by_grade,District,,,6-8,2037-38,8643,forecast,high
2026-27,district_by_grade,District,,,6-8,2038-39,8611,forecast,high
2026-27,district_by_grade,District,,,6-8,2039-40,8824,forecast,high
2026-27,district_by_grade,District,,,6-8,2040-41,9037,forecast,high
2026-27,district_by_grade,District,,,9-12,2021-22,14336,actual,high
2026-27,district_by_grade,District,,,9-12,2022-23,14389,actual,high
2026-27,district_by_grade,District,,,9-12,2023-24,14368,actual,high
2026-27,district_by_grade,District,,,9-12,2024-25,14384,actual,high
2026-27,district_by_grade,District,,,9-12,2025-26,14174,actual,high
2026-27,district_by_grade,District,,,9-12,2026-27,13988,forecast,high
2026-27,district_by_grade,District,,,9-12,2027-28,13984,forecast,high
2026-27,district_by_grade,District,,,9-12,2028-29,14084,forecast,high
2026-27,district_by_grade,District,,,9-12,2029-30,13877,forecast,high
2026-27,district_by_grade,District,,,9-12,2030-31,13904,forecast,high
2026-27,district_by_grade,District,,,9-12,2031-32,13686,forecast,high
2026-27,district_by_grade,District,,,9-12,2032-33,13329,forecast,high
2026-27,district_by_grade,District,,,9-12,2033-34,13037,forecast,high
2026-27,district_by_grade,District,,,9-12,2034-35,12699,forecast,high
2026-27,district_by_grade,District,,,9-12,2035-36,12657,forecast,high
2026-27,district_by_grade,District,,,9-12,2036-37,12769,forecast,high
2026-27,district_by_grade,District,,,9-12,2037-38,13127,forecast,high
2026-27,district_by_grade,District,,,9-12,2038-39,13171,forecast,high
2026-27,district_by_grade,District,,,9-12,2039-40,12964,forecast,high
2026-27,district_by_grade,District,,,9-12,2040-41,12768,forecast,high
2026-27,school_program,Abernethy,ES,Total,K-5,2023-24,330,actual,middle
2026-27,school_program,Abernethy,ES,Total,K-5,2024-25,284,actual,middle
2026-27,school_program,Abernethy,ES,Total,K-5,2025-26,269,actual,middle
2026-27,school_program,Abernethy,ES,Total,K-5,2026-27,250,forecast,middle
2026-27,school_program,Abernethy,ES,Total,K-5,2027-28,242,forecast,middle
2026-27,school_program,Abernethy,ES,Total,K-5,2028-29,242,forecast,middle
2026-27,school_program,Abernethy,ES,Total,K-5,2029-30,247,forecast,middle
2026-27,school_program,Abernethy,ES,Total,K-5,2030-31,244,forecast,middle
2026-27,school_program,Abernethy,ES,Total,K-5,2031-32,241,forecast,middle
2026-27,school_program,Abernethy,ES,Total,K-5,2032-33,237,forecast,middle
2026-27,school_program,Abernethy,ES,Total,K-5,2033-34,232,forecast,middle
2026-27,school_program,Abernethy,ES,Total,K-5,2034-35,225,forecast,middle
2026-27,school_program,Abernethy,ES,Total,K-5,2035-36,223,forecast,middle
2026-27,school_program,Buckman,ES,Total,K-5,2023-24,371,actual,middle
2026-27,school_program,Buckman,ES,Total,K-5,2024-25,308,actual,middle
2026-27,school_program,Buckman,ES,Total,K-5,2025-26,283,actual,middle
2026-27,school_program,Buckman,ES,Total,K-5,2026-27,263,forecast,middle
2026-27,school_program,Buckman,ES,Total,K-5,2027-28,244,forecast,middle
2026-27,school_program,Buckman,ES,Total,K-5,2028-29,245,forecast,middle
2026-27,school_program,Buckman,ES,Total,K-5,2029-30,248,forecast,middle
2026-27,school_program,Buckman,ES,Total,K-5,2030-31,246,forecast,middle
2026-27,school_program,Buckman,ES,Total,K-5,2031-32,239,forecast,middle
2026-27,school_program,Buckman,ES,Total,K-5,2032-33,233,forecast,middle
2026-27,school_program,Buckman,ES,Total,K-5,2033-34,231,forecast,middle
2026-27,school_program,Buckman,ES,Total,K-5,2034-35,225,forecast,middle
2026-27,school_program,Buckman,ES,Total,K-5,2035-36,222,forecast,middle
2026-27,school_program,Duniway,ES,Total,K-5,2023-24,409,actual,middle
2026-27,school_program,Duniway,ES,Total,K-5,2024-25,387,actual,middle
2026-27,school_program,Duniway,ES,Total,K-5,2025-26,362,actual,middle
2026-27,school_program,Duniway,ES,Total,K-5,2026-27,362,forecast,middle
2026-27,school_program,Duniway,ES,Total,K-5,2027-28,338,forecast,middle
2026-27,school_program,Duniway,ES,Total,K-5,2028-29,347,forecast,middle
2026-27,school_program,Duniway,ES,Total,K-5,2029-30,344,forecast,middle
2026-27,school_program,Duniway,ES,Total,K-5,2030-31,348,forecast,middle
2026-27,school_program,Duniway,ES,Total,K-5,2031-32,345,forecast,middle
2026-27,school_program,Duniway,ES,Total,K-5,2032-33,340,forecast,middle
2026-27,school_program,Duniway,ES,Total,K-5,2033-34,337,forecast,middle
2026-27,school_program,Duniway,ES,Total,K-5,2034-35,329,forecast,middle
2026-27,school_program,Duniway,ES,Total,K-5,2035-36,325,forecast,middle
2026-27,school_program,Grout,ES,Total,K-5,2023-24,302,actual,middle
2026-27,school_program,Grout,ES,Total,K-5,2024-25,294,actual,middle
2026-27,school_program,Grout,ES,Total,K-5,2025-26,327,actual,middle
2026-27,school_program,Grout,ES,Total,K-5,2026-27,306,forecast,middle
2026-27,school_program,Grout,ES,Total,K-5,2027-28,303,forecast,middle
2026-27,school_program,Grout,ES,Total,K-5,2028-29,300,forecast,middle
2026-27,school_program,Grout,ES,Total,K-5,2029-30,297,forecast,middle
2026-27,school_program,Grout,ES,Total,K-5,2030-31,285,forecast,middle
2026-27,school_program,Grout,ES,Total,K-5,2031-32,280,forecast,middle
2026-27,school_program,Grout,ES,Total,K-5,2032-33,275,forecast,middle
2026-27,school_program,Grout,ES,Total,K-5,2033-34,267,forecast,middle
2026-27,school_program,Grout,ES,Total,K-5,2034-35,260,forecast,middle
2026-27,school_program,Grout,ES,Total,K-5,2035-36,255,forecast,middle
2026-27,school_program,Lewis,ES,Total,K-5,2023-24,298,actual,middle
2026-27,school_program,Lewis,ES,Total,K-5,2024-25,264,actual,middle
2026-27,school_program,Lewis,ES,Total,K-5,2025-26,259,actual,middle
2026-27,school_program,Lewis,ES,Total,K-5,2026-27,243,forecast,middle
2026-27,school_program,Lewis,ES,Total,K-5,2027-28,224,forecast,middle
2026-27,school_program,Lewis,ES,Total,K-5,2028-29,206,forecast,middle
2026-27,school_program,Lewis,ES,Total,K-5,2029-30,213,forecast,middle
2026-27,school_program,Lewis,ES,Total,K-5,2030-31,202,forecast,middle
2026-27,school_program,Lewis,ES,Total,K-5,2031-32,201,forecast,middle
2026-27,school_program,Lewis,ES,Total,K-5,2032-33,197,forecast,middle
2026-27,school_program,Lewis,ES,Total,K-5,2033-34,192,forecast,middle
2026-27,school_program,Lewis,ES,Total,K-5,2034-35,188,forecast,middle
2026-27,school_program,Lewis,ES,Total,K-5,2035-36,185,forecast,middle
2026-27,school_program,Llewellyn,ES,Total,K-5,2023-24,393,actual,middle
2026-27,school_program,Llewellyn,ES,Total,K-5,2024-25,373,actual,middle
2026-27,school_program,Llewellyn,ES,Total,K-5,2025-26,345,actual,middle
2026-27,school_program,Llewellyn,ES,Total,K-5,2026-27,333,forecast,middle
2026-27,school_program,Llewellyn,ES,Total,K-5,2027-28,312,forecast,middle
2026-27,school_program,Llewellyn,ES,Total,K-5,2028-29,303,forecast,middle
2026-27,school_program,Llewellyn,ES,Total,K-5,2029-30,313,forecast,middle
2026-27,school_program,Llewellyn,ES,Total,K-5,2030-31,316,forecast,middle
2026-27,school_program,Llewellyn,ES,Total,K-5,2031-32,312,forecast,middle
2026-27,school_program,Llewellyn,ES,Total,K-5,2032-33,310,forecast,middle
2026-27,school_program,Llewellyn,ES,Total,K-5,2033-34,304,forecast,middle
2026-27,school_program,Llewellyn,ES,Total,K-5,2034-35,297,forecast,middle
2026-27,school_program,Llewellyn,ES,Total,K-5,2035-36,291,forecast,middle
2026-27,school_program,Whitman,ES,Total,K-5,2023-24,180,actual,middle
2026-27,school_program,Whitman,ES,Total,K-5,2024-25,198,actual,middle
2026-27,school_program,Whitman,ES,Total,K-5,2025-26,194,actual,middle
2026-27,school_program,Whitman,ES,Total,K-5,2026-27,197,forecast,middle
2026-27,school_program,Whitman,ES,Total,K-5,2027-28,205,forecast,middle
2026-27,school_program,Whitman,ES,Total,K-5,2028-29,216,forecast,middle
2026-27,school_program,Whitman,ES,Total,K-5,2029-30,217,forecast,middle
2026-27,school_program,Whitman,ES,Total,K-5,2030-31,222,forecast,middle
2026-27,school_program,Whitman,ES,Total,K-5,2031-32,223,forecast,middle
2026-27,school_program,Whitman,ES,Total,K-5,2032-33,226,forecast,middle
2026-27,school_program,Whitman,ES,Total,K-5,2033-34,225,forecast,middle
2026-27,school_program,Whitman,ES,Total,K-5,2034-35,219,forecast,middle
2026-27,school_program,Whitman,ES,Total,K-5,2035-36,215,forecast,middle
2026-27,school_program,Woodstock,ES,Mandarin,K-5,2023-24,237,actual,middle
2026-27,school_program,Woodstock,ES,Mandarin,K-5,2024-25,206,actual,middle
2026-27,school_program,Woodstock,ES,Mandarin,K-5,2025-26,190,actual,middle
2026-27,school_program,Woodstock,ES,Mandarin,K-5,2026-27,190,forecast,middle
2026-27,school_program,Woodstock,ES,Mandarin,K-5,2027-28,193,forecast,middle
2026-27,school_program,Woodstock,ES,Mandarin,K-5,2028-29,200,forecast,middle
2026-27,school_program,Woodstock,ES,Mandarin,K-5,2029-30,195,forecast,middle
2026-27,school_program,Woodstock,ES,Mandarin,K-5,2030-31,197,forecast,middle
2026-27,school_program,Woodstock,ES,Mandarin,K-5,2031-32,194,forecast,middle
2026-27,school_program,Woodstock,ES,Mandarin,K-5,2032-33,192,forecast,middle
2026-27,school_program,Woodstock,ES,Mandarin,K-5,2033-34,187,forecast,middle
2026-27,school_program,Woodstock,ES,Mandarin,K-5,2034-35,182,forecast,middle
2026-27,school_program,Woodstock,ES,Mandarin,K-5,2035-36,180,forecast,middle
2026-27,school_program,Woodstock,ES,Neighborhood,K-5,2023-24,214,actual,middle
2026-27,school_program,Woodstock,ES,Neighborhood,K-5,2024-25,188,actual,middle
2026-27,school_program,Woodstock,ES,Neighborhood,K-5,2025-26,177,actual,middle
2026-27,school_program,Woodstock,ES,Neighborhood,K-5,2026-27,163,forecast,middle
2026-27,school_program,Woodstock,ES,Neighborhood,K-5,2027-28,149,forecast,middle
2026-27,school_program,Woodstock,ES,Neighborhood,K-5,2028-29,144,forecast,middle
2026-27,school_program,Woodstock,ES,Neighborhood,K-5,2029-30,142,forecast,middle
2026-27,school_program,Woodstock,ES,Neighborhood,K-5,2030-31,139,forecast,middle
2026-27,school_program,Woodstock,ES,Neighborhood,K-5,2031-32,131,forecast,middle
2026-27,school_program,Woodstock,ES,Neighborhood,K-5,2032-33,127,forecast,middle
2026-27,school_program,Woodstock,ES,Neighborhood,K-5,2033-34,122,forecast,middle
2026-27,school_program,Woodstock,ES,Neighborhood,K-5,2034-35,121,forecast,middle
2026-27,school_program,Woodstock,ES,Neighborhood,K-5,2035-36,121,forecast,middle
2026-27,school_program,Woodstock,ES,Total,K-5,2023-24,451,actual,middle
2026-27,school_program,Woodstock,ES,Total,K-5,2024-25,394,actual,middle
2026-27,school_program,Woodstock,ES,Total,K-5,2025-26,367,actual,middle
2026-27,school_program,Woodstock,ES,Total,K-5,2026-27,353,forecast,middle
2026-27,school_program,Woodstock,ES,Total,K-5,2027-28,342,forecast,middle
2026-27,school_program,Woodstock,ES,Total,K-5,2028-29,344,forecast,middle
2026-27,school_program,Woodstock,ES,Total,K-5,2029-30,337,forecast,middle
2026-27,school_program,Woodstock,ES,Total,K-5,2030-31,336,forecast,middle
2026-27,school_program,Woodstock,ES,Total,K-5,2031-32,325,forecast,middle
2026-27,school_program,Woodstock,ES,Total,K-5,2032-33,319,forecast,middle
2026-27,school_program,Woodstock,ES,Total,K-5,2033-34,309,forecast,middle
2026-27,school_program,Woodstock,ES,Total,K-5,2034-35,303,forecast,middle
2026-27,school_program,Woodstock,ES,Total,K-5,2035-36,301,forecast,middle
2026-27,school_program,Hosford,MS,Total,6-8,2023-24,517,actual,middle
2026-27,school_program,Hosford,MS,Total,6-8,2024-25,537,actual,middle
2026-27,school_program,Hosford,MS,Total,6-8,2025-26,528,actual,middle
2026-27,school_program,Hosford,MS,Total,6-8,2026-27,522,forecast,middle
2026-27,school_program,Hosford,MS,Total,6-8,2027-28,482,forecast,middle
2026-27,school_program,Hosford,MS,Total,6-8,2028-29,445,forecast,middle
2026-27,school_program,Hosford,MS,Total,6-8,2029-30,390,forecast,middle
2026-27,school_program,Hosford,MS,Total,6-8,2030-31,375,forecast,middle
2026-27,school_program,Hosford,MS,Total,6-8,2031-32,374,forecast,middle
2026-27,school_program,Hosford,MS,Total,6-8,2032-33,376,forecast,middle
2026-27,school_program,Hosford,MS,Total,6-8,2033-34,371,forecast,middle
2026-27,school_program,Hosford,MS,Total,6-8,2034-35,371,forecast,middle
2026-27,school_program,Hosford,MS,Total,6-8,2035-36,370,forecast,middle
2026-27,school_program,Sellwood,MS,Total,6-8,2023-24,567,actual,middle
2026-27,school_program,Sellwood,MS,Total,6-8,2024-25,576,actual,middle
2026-27,school_program,Sellwood,MS,Total,6-8,2025-26,564,actual,middle
2026-27,school_program,Sellwood,MS,Total,6-8,2026-27,537,forecast,middle
2026-27,school_program,Sellwood,MS,Total,6-8,2027-28,523,forecast,middle
2026-27,school_program,Sellwood,MS,Total,6-8,2028-29,484,forecast,middle
2026-27,school_program,Sellwood,MS,Total,6-8,2029-30,439,forecast,middle
2026-27,school_program,Sellwood,MS,Total,6-8,2030-31,382,forecast,middle
2026-27,school_program,Sellwood,MS,Total,6-8,2031-32,350,forecast,middle
2026-27,school_program,Sellwood,MS,Total,6-8,2032-33,362,forecast,middle
2026-27,school_program,Sellwood,MS,Total,6-8,2033-34,364,forecast,middle
2026-27,school_program,Sellwood,MS,Total,6-8,2034-35,380,forecast,middle
2026-27,school_program,Sellwood,MS,Total,6-8,2035-36,380,forecast,middle
2026-27,school_program,Cleveland,HS,Mandarin,9-12,2023-24,146,actual,middle
2026-27,school_program,Cleveland,HS,Mandarin,9-12,2024-25,131,actual,middle
2026-27,school_program,Cleveland,HS,Mandarin,9-12,2025-26,115,actual,middle
2026-27,school_program,Cleveland,HS,Mandarin,9-12,2026-27,104,forecast,middle
2026-27,school_program,Cleveland,HS,Mandarin,9-12,2027-28,113,forecast,middle
2026-27,school_program,Cleveland,HS,Mandarin,9-12,2028-29,122,forecast,middle
2026-27,school_program,Cleveland,HS,Mandarin,9-12,2029-30,126,forecast,middle
2026-27,school_program,Cleveland,HS,Mandarin,9-12,2030-31,124,forecast,middle
2026-27,school_program,Cleveland,HS,Mandarin,9-12,2031-32,112,forecast,middle
2026-27,school_program,Cleveland,HS,Mandarin,9-12,2032-33,115,forecast,middle
2026-27,school_program,Cleveland,HS,Mandarin,9-12,2033-34,115,forecast,middle
2026-27,school_program,Cleveland,HS,Mandarin,9-12,2034-35,122,forecast,middle
2026-27,school_program,Cleveland,HS,Mandarin,9-12,2035-36,121,forecast,middle
2026-27,school_program,Cleveland,HS,Neighborhood,9-12,2023-24,1328,actual,middle
2026-27,school_program,Cleveland,HS,Neighborhood,9-12,2024-25,1291,actual,middle
2026-27,school_program,Cleveland,HS,Neighborhood,9-12,2025-26,1336,actual,middle
2026-27,school_program,Cleveland,HS,Neighborhood,9-12,2026-27,1314,forecast,middle
2026-27,school_program,Cleveland,HS,Neighborhood,9-12,2027-28,1347,forecast,middle
2026-27,school_program,Cleveland,HS,Neighborhood,9-12,2028-29,1345,forecast,middle
2026-27,school_program,Cleveland,HS,Neighborhood,9-12,2029-30,1293,forecast,middle
2026-27,school_program,Cleveland,HS,Neighborhood,9-12,2030-31,1279,forecast,middle
2026-27,school_program,Cleveland,HS,Neighborhood,9-12,2031-32,1206,forecast,middle
2026-27,school_program,Cleveland,HS,Neighborhood,9-12,2032-33,1116,forecast,middle
2026-27,school_program,Cleveland,HS,Neighborhood,9-12,2033-34,1064,forecast,middle
2026-27,school_program,Cleveland,HS,Neighborhood,9-12,2034-35,1017,forecast,middle
2026-27,school_program,Cleveland,HS,Neighborhood,9-12,2035-36,1006,forecast,middle
2026-27,school_program,Cleveland,HS,Total,9-12,2023-24,1474,actual,middle
2026-27,school_program,Cleveland,HS,Total,9-12,2024-25,1422,actual,middle
2026-27,school_program,Cleveland,HS,Total,9-12,2025-26,1451,actual,middle
2026-27,school_program,Cleveland,HS,Total,9-12,2026-27,1418,forecast,middle
2026-27,school_program,Cleveland,HS,Total,9-12,2027-28,1460,forecast,middle
2026-27,school_program,Cleveland,HS,Total,9-12,2028-29,1467,forecast,middle
2026-27,school_program,Cleveland,HS,Total,9-12,2029-30,1419,forecast,middle
2026-27,school_program,Cleveland,HS,Total,9-12,2030-31,1403,forecast,middle
2026-27,school_program,Cleveland,HS,Total,9-12,2031-32,1318,forecast,middle
2026-27,school_program,Cleveland,HS,Total,9-12,2032-33,1231,forecast,middle
2026-27,school_program,Cleveland,HS,Total,9-12,2033-34,1179,forecast,middle
2026-27,school_program,Cleveland,HS,Total,9-12,2034-35,1139,forecast,middle
2026-27,school_program,Cleveland,HS,Total,9-12,2035-36,1127,forecast,middle
2026-27,school_program,Arleta,ES,Total,K-5,2023-24,274,actual,middle
2026-27,school_program,Arleta,ES,Total,K-5,2024-25,252,actual,middle
2026-27,school_program,Arleta,ES,Total,K-5,2025-26,230,actual,middle
2026-27,school_program,Arleta,ES,Total,K-5,2026-27,216,forecast,middle
2026-27,school_program,Arleta,ES,Total,K-5,2027-28,213,forecast,middle
2026-27,school_program,Arleta,ES,Total,K-5,2028-29,214,forecast,middle
2026-27,school_program,Arleta,ES,Total,K-5,2029-30,212,forecast,middle
2026-27,school_program,Arleta,ES,Total,K-5,2030-31,216,forecast,middle
2026-27,school_program,Arleta,ES,Total,K-5,2031-32,210,forecast,middle
2026-27,school_program,Arleta,ES,Total,K-5,2032-33,211,forecast,middle
2026-27,school_program,Arleta,ES,Total,K-5,2033-34,211,forecast,middle
2026-27,school_program,Arleta,ES,Total,K-5,2034-35,203,forecast,middle
2026-27,school_program,Arleta,ES,Total,K-5,2035-36,203,forecast,middle
2026-27,school_program,Atkinson,ES,Neighborhood,K-5,2023-24,203,actual,middle
2026-27,school_program,Atkinson,ES,Neighborhood,K-5,2024-25,188,actual,middle
2026-27,school_program,Atkinson,ES,Neighborhood,K-5,2025-26,188,actual,middle
2026-27,school_program,Atkinson,ES,Neighborhood,K-5,2026-27,176,forecast,middle
2026-27,school_program,Atkinson,ES,Neighborhood,K-5,2027-28,181,forecast,middle
2026-27,school_program,Atkinson,ES,Neighborhood,K-5,2028-29,188,forecast,middle
2026-27,school_program,Atkinson,ES,Neighborhood,K-5,2029-30,188,forecast,middle
2026-27,school_program,Atkinson,ES,Neighborhood,K-5,2030-31,203,forecast,middle
2026-27,school_program,Atkinson,ES,Neighborhood,K-5,2031-32,203,forecast,middle
2026-27,school_program,Atkinson,ES,Neighborhood,K-5,2032-33,208,forecast,middle
2026-27,school_program,Atkinson,ES,Neighborhood,K-5,2033-34,206,forecast,middle
2026-27,school_program,Atkinson,ES,Neighborhood,K-5,2034-35,200,forecast,middle
2026-27,school_program,Atkinson,ES,Neighborhood,K-5,2035-36,196,forecast,middle
2026-27,school_program,Atkinson,ES,Spanish,K-5,2023-24,163,actual,middle
2026-27,school_program,Atkinson,ES,Spanish,K-5,2024-25,185,actual,middle
2026-27,school_program,Atkinson,ES,Spanish,K-5,2025-26,178,actual,middle
2026-27,school_program,Atkinson,ES,Spanish,K-5,2026-27,181,forecast,middle
2026-27,school_program,Atkinson,ES,Spanish,K-5,2027-28,182,forecast,middle
2026-27,school_program,Atkinson,ES,Spanish,K-5,2028-29,187,forecast,middle
2026-27,school_program,Atkinson,ES,Spanish,K-5,2029-30,190,forecast,middle
2026-27,school_program,Atkinson,ES,Spanish,K-5,2030-31,183,forecast,middle
2026-27,school_program,Atkinson,ES,Spanish,K-5,2031-32,183,forecast,middle
2026-27,school_program,Atkinson,ES,Spanish,K-5,2032-33,181,forecast,middle
2026-27,school_program,Atkinson,ES,Spanish,K-5,2033-34,178,forecast,middle
2026-27,school_program,Atkinson,ES,Spanish,K-5,2034-35,170,forecast,middle
2026-27,school_program,Atkinson,ES,Spanish,K-5,2035-36,168,forecast,middle
2026-27,school_program,Atkinson,ES,Total,K-5,2023-24,366,actual,middle
2026-27,school_program,Atkinson,ES,Total,K-5,2024-25,373,actual,middle
2026-27,school_program,Atkinson,ES,Total,K-5,2025-26,366,actual,middle
2026-27,school_program,Atkinson,ES,Total,K-5,2026-27,357,forecast,middle
2026-27,school_program,Atkinson,ES,Total,K-5,2027-28,363,forecast,middle
2026-27,school_program,Atkinson,ES,Total,K-5,2028-29,375,forecast,middle
2026-27,school_program,Atkinson,ES,Total,K-5,2029-30,378,forecast,middle
2026-27,school_program,Atkinson,ES,Total,K-5,2030-31,386,forecast,middle
2026-27,school_program,Atkinson,ES,Total,K-5,2031-32,386,forecast,middle
2026-27,school_program,Atkinson,ES,Total,K-5,2032-33,389,forecast,middle
2026-27,school_program,Atkinson,ES,Total,K-5,2033-34,384,forecast,middle
2026-27,school_program,Atkinson,ES,Total,K-5,2034-35,370,forecast,middle
2026-27,school_program,Atkinson,ES,Total,K-5,2035-36,364,forecast,middle
2026-27,school_program,Creston,ES,Total,K-5,2023-24,238,actual,middle
2026-27,school_program,Creston,ES,Total,K-5,2024-25,241,actual,middle
2026-27,school_program,Creston,ES,Total,K-5,2025-26,213,actual,middle
2026-27,school_program,Creston,ES,Total,K-5,2026-27,199,forecast,middle
2026-27,school_program,Creston,ES,Total,K-5,2027-28,201,forecast,middle
2026-27,school_program,Creston,ES,Total,K-5,2028-29,191,forecast,middle
2026-27,school_program,Creston,ES,Total,K-5,2029-30,189,forecast,middle
2026-27,school_program,Creston,ES,Total,K-5,2030-31,188,forecast,middle
2026-27,school_program,Creston,ES,Total,K-5,2031-32,187,forecast,middle
2026-27,school_program,Creston,ES,Total,K-5,2032-33,181,forecast,middle
2026-27,school_program,Creston,ES,Total,K-5,2033-34,173,forecast,middle
2026-27,school_program,Creston,ES,Total,K-5,2034-35,171,forecast,middle
2026-27,school_program,Creston,ES,Total,K-5,2035-36,167,forecast,middle
2026-27,school_program,Glencoe,ES,Total,K-5,2023-24,372,actual,middle
2026-27,school_program,Glencoe,ES,Total,K-5,2024-25,356,actual,middle
2026-27,school_program,Glencoe,ES,Total,K-5,2025-26,339,actual,middle
2026-27,school_program,Glencoe,ES,Total,K-5,2026-27,326,forecast,middle
2026-27,school_program,Glencoe,ES,Total,K-5,2027-28,311,forecast,middle
2026-27,school_program,Glencoe,ES,Total,K-5,2028-29,292,forecast,middle
2026-27,school_program,Glencoe,ES,Total,K-5,2029-30,295,forecast,middle
2026-27,school_program,Glencoe,ES,Total,K-5,2030-31,301,forecast,middle
2026-27,school_program,Glencoe,ES,Total,K-5,2031-32,296,forecast,middle
2026-27,school_program,Glencoe,ES,Total,K-5,2032-33,290,forecast,middle
2026-27,school_program,Glencoe,ES,Total,K-5,2033-34,283,forecast,middle
2026-27,school_program,Glencoe,ES,Total,K-5,2034-35,274,forecast,middle
2026-27,school_program,Glencoe,ES,Total,K-5,2035-36,269,forecast,middle
2026-27,school_program,Kelly,ES,Neighborhood,K-5,2023-24,232,actual,middle
2026-27,school_program,Kelly,ES,Neighborhood,K-5,2024-25,246,actual,middle
2026-27,school_program,Kelly,ES,Neighborhood,K-5,2025-26,268,actual,middle
2026-27,school_program,Kelly,ES,Neighborhood,K-5,2026-27,265,forecast,middle
2026-27,school_program,Kelly,ES,Neighborhood,K-5,2027-28,257,forecast,middle
2026-27,school_program,Kelly,ES,Neighborhood,K-5,2028-29,258,forecast,middle
2026-27,school_program,Kelly,ES,Neighborhood,K-5,2029-30,253,forecast,middle
2026-27,school_program,Kelly,ES,Neighborhood,K-5,2030-31,246,forecast,middle
2026-27,school_program,Kelly,ES,Neighborhood,K-5,2031-32,246,forecast,middle
2026-27,school_program,Kelly,ES,Neighborhood,K-5,2032-33,245,forecast,middle
2026-27,school_program,Kelly,ES,Neighborhood,K-5,2033-34,241,forecast,middle
2026-27,school_program,Kelly,ES,Neighborhood,K-5,2034-35,235,forecast,middle
2026-27,school_program,Kelly,ES,Neighborhood,K-5,2035-36,233,forecast,middle
2026-27,school_program,Kelly,ES,Russian,K-5,2023-24,144,actual,middle
2026-27,school_program,Kelly,ES,Russian,K-5,2024-25,139,actual,middle
2026-27,school_program,Kelly,ES,Russian,K-5,2025-26,143,actual,middle
2026-27,school_program,Kelly,ES,Russian,K-5,2026-27,147,forecast,middle
2026-27,school_program,Kelly,ES,Russian,K-5,2027-28,145,forecast,middle
2026-27,school_program,Kelly,ES,Russian,K-5,2028-29,144,forecast,middle
2026-27,school_program,Kelly,ES,Russian,K-5,2029-30,150,forecast,middle
2026-27,school_program,Kelly,ES,Russian,K-5,2030-31,148,forecast,middle
2026-27,school_program,Kelly,ES,Russian,K-5,2031-32,145,forecast,middle
2026-27,school_program,Kelly,ES,Russian,K-5,2032-33,143,forecast,middle
2026-27,school_program,Kelly,ES,Russian,K-5,2033-34,141,forecast,middle
2026-27,school_program,Kelly,ES,Russian,K-5,2034-35,139,forecast,middle
2026-27,school_program,Kelly,ES,Russian,K-5,2035-36,139,forecast,middle
2026-27,school_program,Kelly,ES,Total,K-5,2023-24,376,actual,middle
2026-27,school_program,Kelly,ES,Total,K-5,2024-25,385,actual,middle
2026-27,school_program,Kelly,ES,Total,K-5,2025-26,411,actual,middle
2026-27,school_program,Kelly,ES,Total,K-5,2026-27,412,forecast,middle
2026-27,school_program,Kelly,ES,Total,K-5,2027-28,402,forecast,middle
2026-27,school_program,Kelly,ES,Total,K-5,2028-29,402,forecast,middle
2026-27,school_program,Kelly,ES,Total,K-5,2029-30,403,forecast,middle
2026-27,school_program,Kelly,ES,Total,K-5,2030-31,394,forecast,middle
2026-27,school_program,Kelly,ES,Total,K-5,2031-32,391,forecast,middle
2026-27,school_program,Kelly,ES,Total,K-5,2032-33,388,forecast,middle
2026-27,school_program,Kelly,ES,Total,K-5,2033-34,382,forecast,middle
2026-27,school_program,Kelly,ES,Total,K-5,2034-35,374,forecast,middle
2026-27,school_program,Kelly,ES,Total,K-5,2035-36,372,forecast,middle
2026-27,school_program,Lent,ES,Spanish,K-5,2023-24,273,actual,middle
2026-27,school_program,Lent,ES,Spanish,K-5,2024-25,256,actual,middle
2026-27,school_program,Lent,ES,Spanish,K-5,2025-26,256,actual,middle
2026-27,school_program,Lent,ES,Spanish,K-5,2026-27,253,forecast,middle
2026-27,school_program,Lent,ES,Spanish,K-5,2027-28,256,forecast,middle
2026-27,school_program,Lent,ES,Spanish,K-5,2028-29,268,forecast,middle
2026-27,school_program,Lent,ES,Spanish,K-5,2029-30,271,forecast,middle
2026-27,school_program,Lent,ES,Spanish,K-5,2030-31,283,forecast,middle
2026-27,school_program,Lent,ES,Spanish,K-5,2031-32,274,forecast,middle
2026-27,school_program,Lent,ES,Spanish,K-5,2032-33,270,forecast,middle
2026-27,school_program,Lent,ES,Spanish,K-5,2033-34,265,forecast,middle
2026-27,school_program,Lent,ES,Spanish,K-5,2034-35,254,forecast,middle
2026-27,school_program,Lent,ES,Spanish,K-5,2035-36,249,forecast,middle
2026-27,school_program,Lent,ES,Total,K-5,2023-24,273,actual,middle
2026-27,school_program,Lent,ES,Total,K-5,2024-25,256,actual,middle
2026-27,school_program,Lent,ES,Total,K-5,2025-26,256,actual,middle
2026-27,school_program,Lent,ES,Total,K-5,2026-27,253,forecast,middle
2026-27,school_program,Lent,ES,Total,K-5,2027-28,256,forecast,middle
2026-27,school_program,Lent,ES,Total,K-5,2028-29,268,forecast,middle
2026-27,school_program,Lent,ES,Total,K-5,2029-30,271,forecast,middle
2026-27,school_program,Lent,ES,Total,K-5,2030-31,283,forecast,middle
2026-27,school_program,Lent,ES,Total,K-5,2031-32,274,forecast,middle
2026-27,school_program,Lent,ES,Total,K-5,2032-33,270,forecast,middle
2026-27,school_program,Lent,ES,Total,K-5,2033-34,265,forecast,middle
2026-27,school_program,Lent,ES,Total,K-5,2034-35,254,forecast,middle
2026-27,school_program,Lent,ES,Total,K-5,2035-36,249,forecast,middle
2026-27,school_program,Marysville,ES,Total,K-5,2023-24,359,actual,middle
2026-27,school_program,Marysville,ES,Total,K-5,2024-25,320,actual,middle
2026-27,school_program,Marysville,ES,Total,K-5,2025-26,307,actual,middle
2026-27,school_program,Marysville,ES,Total,K-5,2026-27,294,forecast,middle
2026-27,school_program,Marysville,ES,Total,K-5,2027-28,300,forecast,middle
2026-27,school_program,Marysville,ES,Total,K-5,2028-29,308,forecast,middle
2026-27,school_program,Marysville,ES,Total,K-5,2029-30,317,forecast,middle
2026-27,school_program,Marysville,ES,Total,K-5,2030-31,317,forecast,middle
2026-27,school_program,Marysville,ES,Total,K-5,2031-32,312,forecast,middle
2026-27,school_program,Marysville,ES,Total,K-5,2032-33,306,forecast,middle
2026-27,school_program,Marysville,ES,Total,K-5,2033-34,297,forecast,middle
2026-27,school_program,Marysville,ES,Total,K-5,2034-35,287,forecast,middle
2026-27,school_program,Marysville,ES,Total,K-5,2035-36,279,forecast,middle
2026-27,school_program,Woodmere,ES,Total,K-5,2023-24,248,actual,middle
2026-27,school_program,Woodmere,ES,Total,K-5,2024-25,242,actual,middle
2026-27,school_program,Woodmere,ES,Total,K-5,2025-26,227,actual,middle
2026-27,school_program,Woodmere,ES,Total,K-5,2026-27,222,forecast,middle
2026-27,school_program,Woodmere,ES,Total,K-5,2027-28,224,forecast,middle
2026-27,school_program,Woodmere,ES,Total,K-5,2028-29,222,forecast,middle
2026-27,school_program,Woodmere,ES,Total,K-5,2029-30,223,forecast,middle
2026-27,school_program,Woodmere,ES,Total,K-5,2030-31,217,forecast,middle
2026-27,school_program,Woodmere,ES,Total,K-5,2031-32,225,forecast,middle
2026-27,school_program,Woodmere,ES,Total,K-5,2032-33,221,forecast,middle
2026-27,school_program,Woodmere,ES,Total,K-5,2033-34,216,forecast,middle
2026-27,school_program,Woodmere,ES,Total,K-5,2034-35,209,forecast,middle
2026-27,school_program,Woodmere,ES,Total,K-5,2035-36,200,forecast,middle
2026-27,school_program,Bridger Creative Science,K8,Total,K-8,2023-24,515,actual,middle
2026-27,school_program,Bridger Creative Science,K8,Total,K-8,2024-25,474,actual,middle
2026-27,school_program,Bridger Creative Science,K8,Total,K-8,2025-26,446,actual,middle
2026-27,school_program,Bridger Creative Science,K8,Total,K-8,2026-27,449,forecast,middle
2026-27,school_program,Bridger Creative Science,K8,Total,K-8,2027-28,450,forecast,middle
2026-27,school_program,Bridger Creative Science,K8,Total,K-8,2028-29,444,forecast,middle
2026-27,school_program,Bridger Creative Science,K8,Total,K-8,2029-30,440,forecast,middle
2026-27,school_program,Bridger Creative Science,K8,Total,K-8,2030-31,421,forecast,middle
2026-27,school_program,Bridger Creative Science,K8,Total,K-8,2031-32,415,forecast,middle
2026-27,school_program,Bridger Creative Science,K8,Total,K-8,2032-33,418,forecast,middle
2026-27,school_program,Bridger Creative Science,K8,Total,K-8,2033-34,418,forecast,middle
2026-27,school_program,Bridger Creative Science,K8,Total,K-8,2034-35,411,forecast,middle
2026-27,school_program,Bridger Creative Science,K8,Total,K-8,2035-36,403,forecast,middle
2026-27,school_program,Sunnyside Environmental,K8,Total,K-8,2023-24,447,actual,middle
2026-27,school_program,Sunnyside Environmental,K8,Total,K-8,2024-25,461,actual,middle
2026-27,school_program,Sunnyside Environmental,K8,Total,K-8,2025-26,485,actual,middle
2026-27,school_program,Sunnyside Environmental,K8,Total,K-8,2026-27,482,forecast,middle
2026-27,school_program,Sunnyside Environmental,K8,Total,K-8,2027-28,484,forecast,middle
2026-27,school_program,Sunnyside Environmental,K8,Total,K-8,2028-29,481,forecast,middle
2026-27,school_program,Sunnyside Environmental,K8,Total,K-8,2029-30,474,forecast,middle
2026-27,school_program,Sunnyside Environmental,K8,Total,K-8,2030-31,478,forecast,middle
2026-27,school_program,Sunnyside Environmental,K8,Total,K-8,2031-32,475,forecast,middle
2026-27,school_program,Sunnyside Environmental,K8,Total,K-8,2032-33,483,forecast,middle
2026-27,school_program,Sunnyside Environmental,K8,Total,K-8,2033-34,485,forecast,middle
2026-27,school_program,Sunnyside Environmental,K8,Total,K-8,2034-35,477,forecast,middle
2026-27,school_program,Sunnyside Environmental,K8,Total,K-8,2035-36,476,forecast,middle
2026-27,school_program,Kellogg,MS,Neighborhood,6-8,2023-24,449,actual,middle
2026-27,school_program,Kellogg,MS,Neighborhood,6-8,2024-25,373,actual,middle
2026-27,school_program,Kellogg,MS,Neighborhood,6-8,2025-26,330,actual,middle
2026-27,school_program,Kellogg,MS,Neighborhood,6-8,2026-27,298,forecast,middle
2026-27,school_program,Kellogg,MS,Neighborhood,6-8,2027-28,275,forecast,middle
2026-27,school_program,Kellogg,MS,Neighborhood,6-8,2028-29,246,forecast,middle
2026-27,school_program,Kellogg,MS,Neighborhood,6-8,2029-30,226,forecast,middle
2026-27,school_program,Kellogg,MS,Neighborhood,6-8,2030-31,208,forecast,middle
2026-27,school_program,Kellogg,MS,Neighborhood,6-8,2031-32,214,forecast,middle
2026-27,school_program,Kellogg,MS,Neighborhood,6-8,2032-33,219,forecast,middle
2026-27,school_program,Kellogg,MS,Neighborhood,6-8,2033-34,233,forecast,middle
2026-27,school_program,Kellogg,MS,Neighborhood,6-8,2034-35,243,forecast,middle
2026-27,school_program,Kellogg,MS,Neighborhood,6-8,2035-36,249,forecast,middle
2026-27,school_program,Kellogg,MS,Spanish,6-8,2023-24,228,actual,middle
2026-27,school_program,Kellogg,MS,Spanish,6-8,2024-25,221,actual,middle
2026-27,school_program,Kellogg,MS,Spanish,6-8,2025-26,201,actual,middle
2026-27,school_program,Kellogg,MS,Spanish,6-8,2026-27,216,forecast,middle
2026-27,school_program,Kellogg,MS,Spanish,6-8,2027-28,238,forecast,middle
2026-27,school_program,Kellogg,MS,Spanish,6-8,2028-29,247,forecast,middle
2026-27,school_program,Kellogg,MS,Spanish,6-8,2029-30,244,forecast,middle
2026-27,school_program,Kellogg,MS,Spanish,6-8,2030-31,242,forecast,middle
2026-27,school_program,Kellogg,MS,Spanish,6-8,2031-32,257,forecast,middle
2026-27,school_program,Kellogg,MS,Spanish,6-8,2032-33,263,forecast,middle
2026-27,school_program,Kellogg,MS,Spanish,6-8,2033-34,273,forecast,middle
2026-27,school_program,Kellogg,MS,Spanish,6-8,2034-35,282,forecast,middle
2026-27,school_program,Kellogg,MS,Spanish,6-8,2035-36,283,forecast,middle
2026-27,school_program,Kellogg,MS,Total,6-8,2023-24,677,actual,middle
2026-27,school_program,Kellogg,MS,Total,6-8,2024-25,594,actual,middle
2026-27,school_program,Kellogg,MS,Total,6-8,2025-26,531,actual,middle
2026-27,school_program,Kellogg,MS,Total,6-8,2026-27,514,forecast,middle
2026-27,school_program,Kellogg,MS,Total,6-8,2027-28,513,forecast,middle
2026-27,school_program,Kellogg,MS,Total,6-8,2028-29,493,forecast,middle
2026-27,school_program,Kellogg,MS,Total,6-8,2029-30,470,forecast,middle
2026-27,school_program,Kellogg,MS,Total,6-8,2030-31,450,forecast,middle
2026-27,school_program,Kellogg,MS,Total,6-8,2031-32,471,forecast,middle
2026-27,school_program,Kellogg,MS,Total,6-8,2032-33,482,forecast,middle
2026-27,school_program,Kellogg,MS,Total,6-8,2033-34,506,forecast,middle
2026-27,school_program,Kellogg,MS,Total,6-8,2034-35,525,forecast,middle
2026-27,school_program,Kellogg,MS,Total,6-8,2035-36,532,forecast,middle
2026-27,school_program,Lane,MS,Neighborhood,6-8,2023-24,362,actual,middle
2026-27,school_program,Lane,MS,Neighborhood,6-8,2024-25,386,actual,middle
2026-27,school_program,Lane,MS,Neighborhood,6-8,2025-26,411,actual,middle
2026-27,school_program,Lane,MS,Neighborhood,6-8,2026-27,388,forecast,middle
2026-27,school_program,Lane,MS,Neighborhood,6-8,2027-28,384,forecast,middle
2026-27,school_program,Lane,MS,Neighborhood,6-8,2028-29,367,forecast,middle
2026-27,school_program,Lane,MS,Neighborhood,6-8,2029-30,360,forecast,middle
2026-27,school_program,Lane,MS,Neighborhood,6-8,2030-31,342,forecast,middle
2026-27,school_program,Lane,MS,Neighborhood,6-8,2031-32,327,forecast,middle
2026-27,school_program,Lane,MS,Neighborhood,6-8,2032-33,321,forecast,middle
2026-27,school_program,Lane,MS,Neighborhood,6-8,2033-34,320,forecast,middle
2026-27,school_program,Lane,MS,Neighborhood,6-8,2034-35,338,forecast,middle
2026-27,school_program,Lane,MS,Neighborhood,6-8,2035-36,341,forecast,middle
2026-27,school_program,Lane,MS,Russian,6-8,2023-24,29,actual,middle
2026-27,school_program,Lane,MS,Russian,6-8,2024-25,32,actual,middle
2026-27,school_program,Lane,MS,Russian,6-8,2025-26,36,actual,middle
2026-27,school_program,Lane,MS,Russian,6-8,2026-27,37,forecast,middle
2026-27,school_program,Lane,MS,Russian,6-8,2027-28,33,forecast,middle
2026-27,school_program,Lane,MS,Russian,6-8,2028-29,35,forecast,middle
2026-27,school_program,Lane,MS,Russian,6-8,2029-30,33,forecast,middle
2026-27,school_program,Lane,MS,Russian,6-8,2030-31,30,forecast,middle
2026-27,school_program,Lane,MS,Russian,6-8,2031-32,30,forecast,middle
2026-27,school_program,Lane,MS,Russian,6-8,2032-33,31,forecast,middle
2026-27,school_program,Lane,MS,Russian,6-8,2033-34,32,forecast,middle
2026-27,school_program,Lane,MS,Russian,6-8,2034-35,32,forecast,middle
2026-27,school_program,Lane,MS,Russian,6-8,2035-36,31,forecast,middle
2026-27,school_program,Lane,MS,Total,6-8,2023-24,391,actual,middle
2026-27,school_program,Lane,MS,Total,6-8,2024-25,418,actual,middle
2026-27,school_program,Lane,MS,Total,6-8,2025-26,447,actual,middle
2026-27,school_program,Lane,MS,Total,6-8,2026-27,425,forecast,middle
2026-27,school_program,Lane,MS,Total,6-8,2027-28,417,forecast,middle
2026-27,school_program,Lane,MS,Total,6-8,2028-29,402,forecast,middle
2026-27,school_program,Lane,MS,Total,6-8,2029-30,393,forecast,middle
2026-27,school_program,Lane,MS,Total,6-8,2030-31,372,forecast,middle
2026-27,school_program,Lane,MS,Total,6-8,2031-32,357,forecast,middle
2026-27,school_program,Lane,MS,Total,6-8,2032-33,352,forecast,middle
2026-27,school_program,Lane,MS,Total,6-8,2033-34,352,forecast,middle
2026-27,school_program,Lane,MS,Total,6-8,2034-35,370,forecast,middle
2026-27,school_program,Lane,MS,Total,6-8,2035-36,372,forecast,middle
2026-27,school_program,Mt Tabor,MS,Japanese,6-8,2023-24,244,actual,middle
2026-27,school_program,Mt Tabor,MS,Japanese,6-8,2024-25,238,actual,middle
2026-27,school_program,Mt Tabor,MS,Japanese,6-8,2025-26,222,actual,middle
2026-27,school_program,Mt Tabor,MS,Japanese,6-8,2026-27,216,forecast,middle
2026-27,school_program,Mt Tabor,MS,Japanese,6-8,2027-28,213,forecast,middle
2026-27,school_program,Mt Tabor,MS,Japanese,6-8,2028-29,210,forecast,middle
2026-27,school_program,Mt Tabor,MS,Japanese,6-8,2029-30,204,forecast,middle
2026-27,school_program,Mt Tabor,MS,Japanese,6-8,2030-31,209,forecast,middle
2026-27,school_program,Mt Tabor,MS,Japanese,6-8,2031-32,210,forecast,middle
2026-27,school_program,Mt Tabor,MS,Japanese,6-8,2032-33,210,forecast,middle
2026-27,school_program,Mt Tabor,MS,Japanese,6-8,2033-34,205,forecast,middle
2026-27,school_program,Mt Tabor,MS,Japanese,6-8,2034-35,205,forecast,middle
2026-27,school_program,Mt Tabor,MS,Japanese,6-8,2035-36,209,forecast,middle
2026-27,school_program,Mt Tabor,MS,Neighborhood,6-8,2023-24,259,actual,middle
2026-27,school_program,Mt Tabor,MS,Neighborhood,6-8,2024-25,229,actual,middle
2026-27,school_program,Mt Tabor,MS,Neighborhood,6-8,2025-26,208,actual,middle
2026-27,school_program,Mt Tabor,MS,Neighborhood,6-8,2026-27,199,forecast,middle
2026-27,school_program,Mt Tabor,MS,Neighborhood,6-8,2027-28,193,forecast,middle
2026-27,school_program,Mt Tabor,MS,Neighborhood,6-8,2028-29,201,forecast,middle
2026-27,school_program,Mt Tabor,MS,Neighborhood,6-8,2029-30,182,forecast,middle
2026-27,school_program,Mt Tabor,MS,Neighborhood,6-8,2030-31,165,forecast,middle
2026-27,school_program,Mt Tabor,MS,Neighborhood,6-8,2031-32,144,forecast,middle
2026-27,school_program,Mt Tabor,MS,Neighborhood,6-8,2032-33,149,forecast,middle
2026-27,school_program,Mt Tabor,MS,Neighborhood,6-8,2033-34,160,forecast,middle
2026-27,school_program,Mt Tabor,MS,Neighborhood,6-8,2034-35,161,forecast,middle
2026-27,school_program,Mt Tabor,MS,Neighborhood,6-8,2035-36,162,forecast,middle
2026-27,school_program,Mt Tabor,MS,Total,6-8,2023-24,503,actual,middle
2026-27,school_program,Mt Tabor,MS,Total,6-8,2024-25,467,actual,middle
2026-27,school_program,Mt Tabor,MS,Total,6-8,2025-26,430,actual,middle
2026-27,school_program,Mt Tabor,MS,Total,6-8,2026-27,415,forecast,middle
2026-27,school_program,Mt Tabor,MS,Total,6-8,2027-28,406,forecast,middle
2026-27,school_program,Mt Tabor,MS,Total,6-8,2028-29,411,forecast,middle
2026-27,school_program,Mt Tabor,MS,Total,6-8,2029-30,386,forecast,middle
2026-27,school_program,Mt Tabor,MS,Total,6-8,2030-31,374,forecast,middle
2026-27,school_program,Mt Tabor,MS,Total,6-8,2031-32,354,forecast,middle
2026-27,school_program,Mt Tabor,MS,Total,6-8,2032-33,359,forecast,middle
2026-27,school_program,Mt Tabor,MS,Total,6-8,2033-34,365,forecast,middle
2026-27,school_program,Mt Tabor,MS,Total,6-8,2034-35,366,forecast,middle
2026-27,school_program,Mt Tabor,MS,Total,6-8,2035-36,371,forecast,middle
2026-27,school_program,Franklin,HS,Neighborhood,9-12,2023-24,1622,actual,middle
2026-27,school_program,Franklin,HS,Neighborhood,9-12,2024-25,1612,actual,middle
2026-27,school_program,Franklin,HS,Neighborhood,9-12,2025-26,1578,actual,middle
2026-27,school_program,Franklin,HS,Neighborhood,9-12,2026-27,1515,forecast,middle
2026-27,school_program,Franklin,HS,Neighborhood,9-12,2027-28,1479,forecast,middle
2026-27,school_program,Franklin,HS,Neighborhood,9-12,2028-29,1391,forecast,middle
2026-27,school_program,Franklin,HS,Neighborhood,9-12,2029-30,1336,forecast,middle
2026-27,school_program,Franklin,HS,Neighborhood,9-12,2030-31,1286,forecast,middle
2026-27,school_program,Franklin,HS,Neighborhood,9-12,2031-32,1242,forecast,middle
2026-27,school_program,Franklin,HS,Neighborhood,9-12,2032-33,1165,forecast,middle
2026-27,school_program,Franklin,HS,Neighborhood,9-12,2033-34,1080,forecast,middle
2026-27,school_program,Franklin,HS,Neighborhood,9-12,2034-35,1032,forecast,middle
2026-27,school_program,Franklin,HS,Neighborhood,9-12,2035-36,1005,forecast,middle
2026-27,school_program,Franklin,HS,Russian,9-12,2023-24,41,actual,middle
2026-27,school_program,Franklin,HS,Russian,9-12,2024-25,36,actual,middle
2026-27,school_program,Franklin,HS,Russian,9-12,2025-26,29,actual,middle
2026-27,school_program,Franklin,HS,Russian,9-12,2026-27,23,forecast,middle
2026-27,school_program,Franklin,HS,Russian,9-12,2027-28,26,forecast,middle
2026-27,school_program,Franklin,HS,Russian,9-12,2028-29,25,forecast,middle
2026-27,school_program,Franklin,HS,Russian,9-12,2029-30,24,forecast,middle
2026-27,school_program,Franklin,HS,Russian,9-12,2030-31,28,forecast,middle
2026-27,school_program,Franklin,HS,Russian,9-12,2031-32,25,forecast,middle
2026-27,school_program,Franklin,HS,Russian,9-12,2032-33,25,forecast,middle
2026-27,school_program,Franklin,HS,Russian,9-12,2033-34,25,forecast,middle
2026-27,school_program,Franklin,HS,Russian,9-12,2034-35,24,forecast,middle
2026-27,school_program,Franklin,HS,Russian,9-12,2035-36,23,forecast,middle
2026-27,school_program,Franklin,HS,Spanish,9-12,2023-24,148,actual,middle
2026-27,school_program,Franklin,HS,Spanish,9-12,2024-25,161,actual,middle
2026-27,school_program,Franklin,HS,Spanish,9-12,2025-26,173,actual,middle
2026-27,school_program,Franklin,HS,Spanish,9-12,2026-27,187,forecast,middle
2026-27,school_program,Franklin,HS,Spanish,9-12,2027-28,184,forecast,middle
2026-27,school_program,Franklin,HS,Spanish,9-12,2028-29,191,forecast,middle
2026-27,school_program,Franklin,HS,Spanish,9-12,2029-30,207,forecast,middle
2026-27,school_program,Franklin,HS,Spanish,9-12,2030-31,216,forecast,middle
2026-27,school_program,Franklin,HS,Spanish,9-12,2031-32,225,forecast,middle
2026-27,school_program,Franklin,HS,Spanish,9-12,2032-33,234,forecast,middle
2026-27,school_program,Franklin,HS,Spanish,9-12,2033-34,233,forecast,middle
2026-27,school_program,Franklin,HS,Spanish,9-12,2034-35,240,forecast,middle
2026-27,school_program,Franklin,HS,Spanish,9-12,2035-36,248,forecast,middle
2026-27,school_program,Franklin,HS,Total,9-12,2023-24,1811,actual,middle
2026-27,school_program,Franklin,HS,Total,9-12,2024-25,1809,actual,middle
2026-27,school_program,Franklin,HS,Total,9-12,2025-26,1780,actual,middle
2026-27,school_program,Franklin,HS,Total,9-12,2026-27,1725,forecast,middle
2026-27,school_program,Franklin,HS,Total,9-12,2027-28,1689,forecast,middle
2026-27,school_program,Franklin,HS,Total,9-12,2028-29,1607,forecast,middle
2026-27,school_program,Franklin,HS,Total,9-12,2029-30,1567,forecast,middle
2026-27,school_program,Franklin,HS,Total,9-12,2030-31,1530,forecast,middle
2026-27,school_program,Franklin,HS,Total,9-12,2031-32,1492,forecast,middle
2026-27,school_program,Franklin,HS,Total,9-12,2032-33,1424,forecast,middle
2026-27,school_program,Franklin,HS,Total,9-12,2033-34,1338,forecast,middle
2026-27,school_program,Franklin,HS,Total,9-12,2034-35,1296,forecast,middle
2026-27,school_program,Franklin,HS,Total,9-12,2035-36,1276,forecast,middle
2026-27,school_program,Alameda,ES,Total,K-5,2023-24,521,actual,middle
2026-27,school_program,Alameda,ES,Total,K-5,2024-25,496,actual,middle
2026-27,school_program,Alameda,ES,Total,K-5,2025-26,513,actual,middle
2026-27,school_program,Alameda,ES,Total,K-5,2026-27,503,forecast,middle
2026-27,school_program,Alameda,ES,Total,K-5,2027-28,498,forecast,middle
2026-27,school_program,Alameda,ES,Total,K-5,2028-29,503,forecast,middle
2026-27,school_program,Alameda,ES,Total,K-5,2029-30,507,forecast,middle
2026-27,school_program,Alameda,ES,Total,K-5,2030-31,502,forecast,middle
2026-27,school_program,Alameda,ES,Total,K-5,2031-32,492,forecast,middle
2026-27,school_program,Alameda,ES,Total,K-5,2032-33,486,forecast,middle
2026-27,school_program,Alameda,ES,Total,K-5,2033-34,476,forecast,middle
2026-27,school_program,Alameda,ES,Total,K-5,2034-35,465,forecast,middle
2026-27,school_program,Alameda,ES,Total,K-5,2035-36,461,forecast,middle
2026-27,school_program,Beverly Cleary,K8,Total,K-8,2023-24,560,actual,middle
2026-27,school_program,Beverly Cleary,K8,Total,K-8,2024-25,535,actual,middle
2026-27,school_program,Beverly Cleary,K8,Total,K-8,2025-26,480,actual,middle
2026-27,school_program,Beverly Cleary,K8,Total,K-8,2026-27,464,forecast,middle
2026-27,school_program,Beverly Cleary,K8,Total,K-8,2027-28,430,forecast,middle
2026-27,school_program,Beverly Cleary,K8,Total,K-8,2028-29,412,forecast,middle
2026-27,school_program,Beverly Cleary,K8,Total,K-8,2029-30,407,forecast,middle
2026-27,school_program,Beverly Cleary,K8,Total,K-8,2030-31,398,forecast,middle
2026-27,school_program,Beverly Cleary,K8,Total,K-8,2031-32,389,forecast,middle
2026-27,school_program,Beverly Cleary,K8,Total,K-8,2032-33,392,forecast,middle
2026-27,school_program,Beverly Cleary,K8,Total,K-8,2033-34,379,forecast,middle
2026-27,school_program,Beverly Cleary,K8,Total,K-8,2034-35,377,forecast,middle
2026-27,school_program,Beverly Cleary,K8,Total,K-8,2035-36,374,forecast,middle
2026-27,school_program,Laurelhurst,K8,Total,K-8,2023-24,659,actual,middle
2026-27,school_program,Laurelhurst,K8,Total,K-8,2024-25,656,actual,middle
2026-27,school_program,Laurelhurst,K8,Total,K-8,2025-26,610,actual,middle
2026-27,school_program,Laurelhurst,K8,Total,K-8,2026-27,574,forecast,middle
2026-27,school_program,Laurelhurst,K8,Total,K-8,2027-28,607,forecast,middle
2026-27,school_program,Laurelhurst,K8,Total,K-8,2028-29,587,forecast,middle
2026-27,school_program,Laurelhurst,K8,Total,K-8,2029-30,560,forecast,middle
2026-27,school_program,Laurelhurst,K8,Total,K-8,2030-31,542,forecast,middle
2026-27,school_program,Laurelhurst,K8,Total,K-8,2031-32,525,forecast,middle
2026-27,school_program,Laurelhurst,K8,Total,K-8,2032-33,516,forecast,middle
2026-27,school_program,Laurelhurst,K8,Total,K-8,2033-34,498,forecast,middle
2026-27,school_program,Laurelhurst,K8,Total,K-8,2034-35,491,forecast,middle
2026-27,school_program,Laurelhurst,K8,Total,K-8,2035-36,471,forecast,middle
2026-27,school_program,Beaumont,MS,Neighborhood,6-8,2023-24,320,actual,middle
2026-27,school_program,Beaumont,MS,Neighborhood,6-8,2024-25,319,actual,middle
2026-27,school_program,Beaumont,MS,Neighborhood,6-8,2025-26,315,actual,middle
2026-27,school_program,Beaumont,MS,Neighborhood,6-8,2026-27,314,forecast,middle
2026-27,school_program,Beaumont,MS,Neighborhood,6-8,2027-28,295,forecast,middle
2026-27,school_program,Beaumont,MS,Neighborhood,6-8,2028-29,279,forecast,middle
2026-27,school_program,Beaumont,MS,Neighborhood,6-8,2029-30,265,forecast,middle
2026-27,school_program,Beaumont,MS,Neighborhood,6-8,2030-31,257,forecast,middle
2026-27,school_program,Beaumont,MS,Neighborhood,6-8,2031-32,273,forecast,middle
2026-27,school_program,Beaumont,MS,Neighborhood,6-8,2032-33,280,forecast,middle
2026-27,school_program,Beaumont,MS,Neighborhood,6-8,2033-34,287,forecast,middle
2026-27,school_program,Beaumont,MS,Neighborhood,6-8,2034-35,287,forecast,middle
2026-27,school_program,Beaumont,MS,Neighborhood,6-8,2035-36,281,forecast,middle
2026-27,school_program,Beaumont,MS,Spanish,6-8,2023-24,114,actual,middle
2026-27,school_program,Beaumont,MS,Spanish,6-8,2024-25,116,actual,middle
2026-27,school_program,Beaumont,MS,Spanish,6-8,2025-26,101,actual,middle
2026-27,school_program,Beaumont,MS,Spanish,6-8,2026-27,101,forecast,middle
2026-27,school_program,Beaumont,MS,Spanish,6-8,2027-28,115,forecast,middle
2026-27,school_program,Beaumont,MS,Spanish,6-8,2028-29,109,forecast,middle
2026-27,school_program,Beaumont,MS,Spanish,6-8,2029-30,125,forecast,middle
2026-27,school_program,Beaumont,MS,Spanish,6-8,2030-31,133,forecast,middle
2026-27,school_program,Beaumont,MS,Spanish,6-8,2031-32,145,forecast,middle
2026-27,school_program,Beaumont,MS,Spanish,6-8,2032-33,144,forecast,middle
2026-27,school_program,Beaumont,MS,Spanish,6-8,2033-34,144,forecast,middle
2026-27,school_program,Beaumont,MS,Spanish,6-8,2034-35,151,forecast,middle
2026-27,school_program,Beaumont,MS,Spanish,6-8,2035-36,150,forecast,middle
2026-27,school_program,Beaumont,MS,Total,6-8,2023-24,434,actual,middle
2026-27,school_program,Beaumont,MS,Total,6-8,2024-25,435,actual,middle
2026-27,school_program,Beaumont,MS,Total,6-8,2025-26,416,actual,middle
2026-27,school_program,Beaumont,MS,Total,6-8,2026-27,415,forecast,middle
2026-27,school_program,Beaumont,MS,Total,6-8,2027-28,410,forecast,middle
2026-27,school_program,Beaumont,MS,Total,6-8,2028-29,388,forecast,middle
2026-27,school_program,Beaumont,MS,Total,6-8,2029-30,390,forecast,middle
2026-27,school_program,Beaumont,MS,Total,6-8,2030-31,390,forecast,middle
2026-27,school_program,Beaumont,MS,Total,6-8,2031-32,418,forecast,middle
2026-27,school_program,Beaumont,MS,Total,6-8,2032-33,424,forecast,middle
2026-27,school_program,Beaumont,MS,Total,6-8,2033-34,431,forecast,middle
2026-27,school_program,Beaumont,MS,Total,6-8,2034-35,438,forecast,middle
2026-27,school_program,Beaumont,MS,Total,6-8,2035-36,431,forecast,middle
2026-27,school_program,Grant,HS,Japanese,9-12,2023-24,286,actual,middle
2026-27,school_program,Grant,HS,Japanese,9-12,2024-25,274,actual,middle
2026-27,school_program,Grant,HS,Japanese,9-12,2025-26,265,actual,middle
2026-27,school_program,Grant,HS,Japanese,9-12,2026-27,260,forecast,middle
2026-27,school_program,Grant,HS,Japanese,9-12,2027-28,253,forecast,middle
2026-27,school_program,Grant,HS,Japanese,9-12,2028-29,241,forecast,middle
2026-27,school_program,Grant,HS,Japanese,9-12,2029-30,232,forecast,middle
2026-27,school_program,Grant,HS,Japanese,9-12,2030-31,225,forecast,middle
2026-27,school_program,Grant,HS,Japanese,9-12,2031-32,221,forecast,middle
2026-27,school_program,Grant,HS,Japanese,9-12,2032-33,217,forecast,middle
2026-27,school_program,Grant,HS,Japanese,9-12,2033-34,217,forecast,middle
2026-27,school_program,Grant,HS,Japanese,9-12,2034-35,217,forecast,middle
2026-27,school_program,Grant,HS,Japanese,9-12,2035-36,217,forecast,middle
2026-27,school_program,Grant,HS,Neighborhood,9-12,2023-24,1892,actual,middle
2026-27,school_program,Grant,HS,Neighborhood,9-12,2024-25,1875,actual,middle
2026-27,school_program,Grant,HS,Neighborhood,9-12,2025-26,1809,actual,middle
2026-27,school_program,Grant,HS,Neighborhood,9-12,2026-27,1755,forecast,middle
2026-27,school_program,Grant,HS,Neighborhood,9-12,2027-28,1682,forecast,middle
2026-27,school_program,Grant,HS,Neighborhood,9-12,2028-29,1581,forecast,middle
2026-27,school_program,Grant,HS,Neighborhood,9-12,2029-30,1481,forecast,middle
2026-27,school_program,Grant,HS,Neighborhood,9-12,2030-31,1351,forecast,middle
2026-27,school_program,Grant,HS,Neighborhood,9-12,2031-32,1266,forecast,middle
2026-27,school_program,Grant,HS,Neighborhood,9-12,2032-33,1177,forecast,middle
2026-27,school_program,Grant,HS,Neighborhood,9-12,2033-34,1115,forecast,middle
2026-27,school_program,Grant,HS,Neighborhood,9-12,2034-35,1046,forecast,middle
2026-27,school_program,Grant,HS,Neighborhood,9-12,2035-36,1020,forecast,middle
2026-27,school_program,Grant,HS,Total,9-12,2023-24,2178,actual,middle
2026-27,school_program,Grant,HS,Total,9-12,2024-25,2149,actual,middle
2026-27,school_program,Grant,HS,Total,9-12,2025-26,2074,actual,middle
2026-27,school_program,Grant,HS,Total,9-12,2026-27,2015,forecast,middle
2026-27,school_program,Grant,HS,Total,9-12,2027-28,1935,forecast,middle
2026-27,school_program,Grant,HS,Total,9-12,2028-29,1822,forecast,middle
2026-27,school_program,Grant,HS,Total,9-12,2029-30,1713,forecast,middle
2026-27,school_program,Grant,HS,Total,9-12,2030-31,1576,forecast,middle
2026-27,school_program,Grant,HS,Total,9-12,2031-32,1487,forecast,middle
2026-27,school_program,Grant,HS,Total,9-12,2032-33,1394,forecast,middle
2026-27,school_program,Grant,HS,Total,9-12,2033-34,1332,forecast,middle
2026-27,school_program,Grant,HS,Total,9-12,2034-35,1263,forecast,middle
2026-27,school_program,Grant,HS,Total,9-12,2035-36,1237,forecast,middle
2026-27,school_program,Boise-Eliot/Humboldt,ES,Total,K-5,2023-24,308,actual,middle
2026-27,school_program,Boise-Eliot/Humboldt,ES,Total,K-5,2024-25,315,actual,middle
2026-27,school_program,Boise-Eliot/Humboldt,ES,Total,K-5,2025-26,294,actual,middle
2026-27,school_program,Boise-Eliot/Humboldt,ES,Total,K-5,2026-27,310,forecast,middle
2026-27,school_program,Boise-Eliot/Humboldt,ES,Total,K-5,2027-28,314,forecast,middle
2026-27,school_program,Boise-Eliot/Humboldt,ES,Total,K-5,2028-29,333,forecast,middle
2026-27,school_program,Boise-Eliot/Humboldt,ES,Total,K-5,2029-30,324,forecast,middle
2026-27,school_program,Boise-Eliot/Humboldt,ES,Total,K-5,2030-31,322,forecast,middle
2026-27,school_program,Boise-Eliot/Humboldt,ES,Total,K-5,2031-32,308,forecast,middle
2026-27,school_program,Boise-Eliot/Humboldt,ES,Total,K-5,2032-33,292,forecast,middle
2026-27,school_program,Boise-Eliot/Humboldt,ES,Total,K-5,2033-34,279,forecast,middle
2026-27,school_program,Boise-Eliot/Humboldt,ES,Total,K-5,2034-35,267,forecast,middle
2026-27,school_program,Boise-Eliot/Humboldt,ES,Total,K-5,2035-36,265,forecast,middle
2026-27,school_program,Irvington,ES,Total,K-5,2023-24,235,actual,middle
2026-27,school_program,Irvington,ES,Total,K-5,2024-25,249,actual,middle
2026-27,school_program,Irvington,ES,Total,K-5,2025-26,259,actual,middle
2026-27,school_program,Irvington,ES,Total,K-5,2026-27,249,forecast,middle
2026-27,school_program,Irvington,ES,Total,K-5,2027-28,240,forecast,middle
2026-27,school_program,Irvington,ES,Total,K-5,2028-29,236,forecast,middle
2026-27,school_program,Irvington,ES,Total,K-5,2029-30,229,forecast,middle
2026-27,school_program,Irvington,ES,Total,K-5,2030-31,220,forecast,middle
2026-27,school_program,Irvington,ES,Total,K-5,2031-32,223,forecast,middle
2026-27,school_program,Irvington,ES,Total,K-5,2032-33,222,forecast,middle
2026-27,school_program,Irvington,ES,Total,K-5,2033-34,218,forecast,middle
2026-27,school_program,Irvington,ES,Total,K-5,2034-35,213,forecast,middle
2026-27,school_program,Irvington,ES,Total,K-5,2035-36,210,forecast,middle
2026-27,school_program,MLK Jr,ES,Mandarin,K-5,2023-24,183,actual,middle
2026-27,school_program,MLK Jr,ES,Mandarin,K-5,2024-25,179,actual,middle
2026-27,school_program,MLK Jr,ES,Mandarin,K-5,2025-26,193,actual,middle
2026-27,school_program,MLK Jr,ES,Mandarin,K-5,2026-27,189,forecast,middle
2026-27,school_program,MLK Jr,ES,Mandarin,K-5,2027-28,201,forecast,middle
2026-27,school_program,MLK Jr,ES,Mandarin,K-5,2028-29,201,forecast,middle
2026-27,school_program,MLK Jr,ES,Mandarin,K-5,2029-30,203,forecast,middle
2026-27,school_program,MLK Jr,ES,Mandarin,K-5,2030-31,204,forecast,middle
2026-27,school_program,MLK Jr,ES,Mandarin,K-5,2031-32,196,forecast,middle
2026-27,school_program,MLK Jr,ES,Mandarin,K-5,2032-33,193,forecast,middle
2026-27,school_program,MLK Jr,ES,Mandarin,K-5,2033-34,190,forecast,middle
2026-27,school_program,MLK Jr,ES,Mandarin,K-5,2034-35,185,forecast,middle
2026-27,school_program,MLK Jr,ES,Mandarin,K-5,2035-36,184,forecast,middle
2026-27,school_program,MLK Jr,ES,Neighborhood,K-5,2023-24,124,actual,middle
2026-27,school_program,MLK Jr,ES,Neighborhood,K-5,2024-25,133,actual,middle
2026-27,school_program,MLK Jr,ES,Neighborhood,K-5,2025-26,126,actual,middle
2026-27,school_program,MLK Jr,ES,Neighborhood,K-5,2026-27,125,forecast,middle
2026-27,school_program,MLK Jr,ES,Neighborhood,K-5,2027-28,136,forecast,middle
2026-27,school_program,MLK Jr,ES,Neighborhood,K-5,2028-29,142,forecast,middle
2026-27,school_program,MLK Jr,ES,Neighborhood,K-5,2029-30,143,forecast,middle
2026-27,school_program,MLK Jr,ES,Neighborhood,K-5,2030-31,146,forecast,middle
2026-27,school_program,MLK Jr,ES,Neighborhood,K-5,2031-32,141,forecast,middle
2026-27,school_program,MLK Jr,ES,Neighborhood,K-5,2032-33,137,forecast,middle
2026-27,school_program,MLK Jr,ES,Neighborhood,K-5,2033-34,130,forecast,middle
2026-27,school_program,MLK Jr,ES,Neighborhood,K-5,2034-35,122,forecast,middle
2026-27,school_program,MLK Jr,ES,Neighborhood,K-5,2035-36,119,forecast,middle
2026-27,school_program,MLK Jr,ES,Total,K-5,2023-24,307,actual,middle
2026-27,school_program,MLK Jr,ES,Total,K-5,2024-25,312,actual,middle
2026-27,school_program,MLK Jr,ES,Total,K-5,2025-26,319,actual,middle
2026-27,school_program,MLK Jr,ES,Total,K-5,2026-27,314,forecast,middle
2026-27,school_program,MLK Jr,ES,Total,K-5,2027-28,337,forecast,middle
2026-27,school_program,MLK Jr,ES,Total,K-5,2028-29,343,forecast,middle
2026-27,school_program,MLK Jr,ES,Total,K-5,2029-30,346,forecast,middle
2026-27,school_program,MLK Jr,ES,Total,K-5,2030-31,350,forecast,middle
2026-27,school_program,MLK Jr,ES,Total,K-5,2031-32,337,forecast,middle
2026-27,school_program,MLK Jr,ES,Total,K-5,2032-33,330,forecast,middle
2026-27,school_program,MLK Jr,ES,Total,K-5,2033-34,320,forecast,middle
2026-27,school_program,MLK Jr,ES,Total,K-5,2034-35,307,forecast,middle
2026-27,school_program,MLK Jr,ES,Total,K-5,2035-36,303,forecast,middle
2026-27,school_program,Sabin,ES,Total,K-5,2023-24,302,actual,middle
2026-27,school_program,Sabin,ES,Total,K-5,2024-25,293,actual,middle
2026-27,school_program,Sabin,ES,Total,K-5,2025-26,269,actual,middle
2026-27,school_program,Sabin,ES,Total,K-5,2026-27,258,forecast,middle
2026-27,school_program,Sabin,ES,Total,K-5,2027-28,236,forecast,middle
2026-27,school_program,Sabin,ES,Total,K-5,2028-29,248,forecast,middle
2026-27,school_program,Sabin,ES,Total,K-5,2029-30,240,forecast,middle
2026-27,school_program,Sabin,ES,Total,K-5,2030-31,234,forecast,middle
2026-27,school_program,Sabin,ES,Total,K-5,2031-32,235,forecast,middle
2026-27,school_program,Sabin,ES,Total,K-5,2032-33,232,forecast,middle
2026-27,school_program,Sabin,ES,Total,K-5,2033-34,229,forecast,middle
2026-27,school_program,Sabin,ES,Total,K-5,2034-35,223,forecast,middle
2026-27,school_program,Sabin,ES,Total,K-5,2035-36,220,forecast,middle
2026-27,school_program,Harriet Tubman,MS,Mandarin,6-8,2023-24,32,actual,middle
2026-27,school_program,Harriet Tubman,MS,Mandarin,6-8,2024-25,43,actual,middle
2026-27,school_program,Harriet Tubman,MS,Mandarin,6-8,2025-26,48,actual,middle
2026-27,school_program,Harriet Tubman,MS,Mandarin,6-8,2026-27,57,forecast,middle
2026-27,school_program,Harriet Tubman,MS,Mandarin,6-8,2027-28,50,forecast,middle
2026-27,school_program,Harriet Tubman,MS,Mandarin,6-8,2028-29,54,forecast,middle
2026-27,school_program,Harriet Tubman,MS,Mandarin,6-8,2029-30,47,forecast,middle
2026-27,school_program,Harriet Tubman,MS,Mandarin,6-8,2030-31,51,forecast,middle
2026-27,school_program,Harriet Tubman,MS,Mandarin,6-8,2031-32,52,forecast,middle
2026-27,school_program,Harriet Tubman,MS,Mandarin,6-8,2032-33,56,forecast,middle
2026-27,school_program,Harriet Tubman,MS,Mandarin,6-8,2033-34,60,forecast,middle
2026-27,school_program,Harriet Tubman,MS,Mandarin,6-8,2034-35,58,forecast,middle
2026-27,school_program,Harriet Tubman,MS,Mandarin,6-8,2035-36,58,forecast,middle
2026-27,school_program,Harriet Tubman,MS,Neighborhood,6-8,2023-24,288,actual,middle
2026-27,school_program,Harriet Tubman,MS,Neighborhood,6-8,2024-25,285,actual,middle
2026-27,school_program,Harriet Tubman,MS,Neighborhood,6-8,2025-26,354,actual,middle
2026-27,school_program,Harriet Tubman,MS,Neighborhood,6-8,2026-27,383,forecast,middle
2026-27,school_program,Harriet Tubman,MS,Neighborhood,6-8,2027-28,407,forecast,middle
2026-27,school_program,Harriet Tubman,MS,Neighborhood,6-8,2028-29,360,forecast,middle
2026-27,school_program,Harriet Tubman,MS,Neighborhood,6-8,2029-30,342,forecast,middle
2026-27,school_program,Harriet Tubman,MS,Neighborhood,6-8,2030-31,317,forecast,middle
2026-27,school_program,Harriet Tubman,MS,Neighborhood,6-8,2031-32,322,forecast,middle
2026-27,school_program,Harriet Tubman,MS,Neighborhood,6-8,2032-33,321,forecast,middle
2026-27,school_program,Harriet Tubman,MS,Neighborhood,6-8,2033-34,326,forecast,middle
2026-27,school_program,Harriet Tubman,MS,Neighborhood,6-8,2034-35,333,forecast,middle
2026-27,school_program,Harriet Tubman,MS,Neighborhood,6-8,2035-36,323,forecast,middle
2026-27,school_program,Harriet Tubman,MS,Total,6-8,2023-24,320,actual,middle
2026-27,school_program,Harriet Tubman,MS,Total,6-8,2024-25,328,actual,middle
2026-27,school_program,Harriet Tubman,MS,Total,6-8,2025-26,402,actual,middle
2026-27,school_program,Harriet Tubman,MS,Total,6-8,2026-27,440,forecast,middle
2026-27,school_program,Harriet Tubman,MS,Total,6-8,2027-28,457,forecast,middle
2026-27,school_program,Harriet Tubman,MS,Total,6-8,2028-29,414,forecast,middle
2026-27,school_program,Harriet Tubman,MS,Total,6-8,2029-30,389,forecast,middle
2026-27,school_program,Harriet Tubman,MS,Total,6-8,2030-31,368,forecast,middle
2026-27,school_program,Harriet Tubman,MS,Total,6-8,2031-32,374,forecast,middle
2026-27,school_program,Harriet Tubman,MS,Total,6-8,2032-33,377,forecast,middle
2026-27,school_program,Harriet Tubman,MS,Total,6-8,2033-34,386,forecast,middle
2026-27,school_program,Harriet Tubman,MS,Total,6-8,2034-35,391,forecast,middle
2026-27,school_program,Harriet Tubman,MS,Total,6-8,2035-36,381,forecast,middle
2026-27,school_program,Faubion,K8,Total,K-8,2023-24,571,actual,middle
2026-27,school_program,Faubion,K8,Total,K-8,2024-25,589,actual,middle
2026-27,school_program,Faubion,K8,Total,K-8,2025-26,600,actual,middle
2026-27,school_program,Faubion,K8,Total,K-8,2026-27,627,forecast,middle
2026-27,school_program,Faubion,K8,Total,K-8,2027-28,618,forecast,middle
2026-27,school_program,Faubion,K8,Total,K-8,2028-29,606,forecast,middle
2026-27,school_program,Faubion,K8,Total,K-8,2029-30,606,forecast,middle
2026-27,school_program,Faubion,K8,Total,K-8,2030-31,606,forecast,middle
2026-27,school_program,Faubion,K8,Total,K-8,2031-32,602,forecast,middle
2026-27,school_program,Faubion,K8,Total,K-8,2032-33,589,forecast,middle
2026-27,school_program,Faubion,K8,Total,K-8,2033-34,583,forecast,middle
2026-27,school_program,Faubion,K8,Total,K-8,2034-35,572,forecast,middle
2026-27,school_program,Faubion,K8,Total,K-8,2035-36,558,forecast,middle
2026-27,school_program,Vernon,K8,Total,K-8,2023-24,578,actual,middle
2026-27,school_program,Vernon,K8,Total,K-8,2024-25,563,actual,middle
2026-27,school_program,Vernon,K8,Total,K-8,2025-26,541,actual,middle
2026-27,school_program,Vernon,K8,Total,K-8,2026-27,515,forecast,middle
2026-27,school_program,Vernon,K8,Total,K-8,2027-28,492,forecast,middle
2026-27,school_program,Vernon,K8,Total,K-8,2028-29,488,forecast,middle
2026-27,school_program,Vernon,K8,Total,K-8,2029-30,477,forecast,middle
2026-27,school_program,Vernon,K8,Total,K-8,2030-31,463,forecast,middle
2026-27,school_program,Vernon,K8,Total,K-8,2031-32,453,forecast,middle
2026-27,school_program,Vernon,K8,Total,K-8,2032-33,448,forecast,middle
2026-27,school_program,Vernon,K8,Total,K-8,2033-34,444,forecast,middle
2026-27,school_program,Vernon,K8,Total,K-8,2034-35,447,forecast,middle
2026-27,school_program,Vernon,K8,Total,K-8,2035-36,444,forecast,middle
2026-27,school_program,Beach,ES,Neighborhood,K-5,2023-24,134,actual,middle
2026-27,school_program,Beach,ES,Neighborhood,K-5,2024-25,121,actual,middle
2026-27,school_program,Beach,ES,Neighborhood,K-5,2025-26,133,actual,middle
2026-27,school_program,Beach,ES,Neighborhood,K-5,2026-27,145,forecast,middle
2026-27,school_program,Beach,ES,Neighborhood,K-5,2027-28,158,forecast,middle
2026-27,school_program,Beach,ES,Neighborhood,K-5,2028-29,161,forecast,middle
2026-27,school_program,Beach,ES,Neighborhood,K-5,2029-30,167,forecast,middle
2026-27,school_program,Beach,ES,Neighborhood,K-5,2030-31,168,forecast,middle
2026-27,school_program,Beach,ES,Neighborhood,K-5,2031-32,160,forecast,middle
2026-27,school_program,Beach,ES,Neighborhood,K-5,2032-33,154,forecast,middle
2026-27,school_program,Beach,ES,Neighborhood,K-5,2033-34,148,forecast,middle
2026-27,school_program,Beach,ES,Neighborhood,K-5,2034-35,142,forecast,middle
2026-27,school_program,Beach,ES,Neighborhood,K-5,2035-36,137,forecast,middle
2026-27,school_program,Beach,ES,Spanish,K-5,2023-24,191,actual,middle
2026-27,school_program,Beach,ES,Spanish,K-5,2024-25,174,actual,middle
2026-27,school_program,Beach,ES,Spanish,K-5,2025-26,155,actual,middle
2026-27,school_program,Beach,ES,Spanish,K-5,2026-27,140,forecast,middle
2026-27,school_program,Beach,ES,Spanish,K-5,2027-28,126,forecast,middle
2026-27,school_program,Beach,ES,Spanish,K-5,2028-29,127,forecast,middle
2026-27,school_program,Beach,ES,Spanish,K-5,2029-30,124,forecast,middle
2026-27,school_program,Beach,ES,Spanish,K-5,2030-31,129,forecast,middle
2026-27,school_program,Beach,ES,Spanish,K-5,2031-32,127,forecast,middle
2026-27,school_program,Beach,ES,Spanish,K-5,2032-33,124,forecast,middle
2026-27,school_program,Beach,ES,Spanish,K-5,2033-34,121,forecast,middle
2026-27,school_program,Beach,ES,Spanish,K-5,2034-35,118,forecast,middle
2026-27,school_program,Beach,ES,Spanish,K-5,2035-36,116,forecast,middle
2026-27,school_program,Beach,ES,Total,K-5,2023-24,325,actual,middle
2026-27,school_program,Beach,ES,Total,K-5,2024-25,295,actual,middle
2026-27,school_program,Beach,ES,Total,K-5,2025-26,288,actual,middle
2026-27,school_program,Beach,ES,Total,K-5,2026-27,285,forecast,middle
2026-27,school_program,Beach,ES,Total,K-5,2027-28,284,forecast,middle
2026-27,school_program,Beach,ES,Total,K-5,2028-29,288,forecast,middle
2026-27,school_program,Beach,ES,Total,K-5,2029-30,291,forecast,middle
2026-27,school_program,Beach,ES,Total,K-5,2030-31,297,forecast,middle
2026-27,school_program,Beach,ES,Total,K-5,2031-32,287,forecast,middle
2026-27,school_program,Beach,ES,Total,K-5,2032-33,278,forecast,middle
2026-27,school_program,Beach,ES,Total,K-5,2033-34,269,forecast,middle
2026-27,school_program,Beach,ES,Total,K-5,2034-35,260,forecast,middle
2026-27,school_program,Beach,ES,Total,K-5,2035-36,253,forecast,middle
2026-27,school_program,Chief Joseph,ES,Total,K-5,2023-24,265,actual,middle
2026-27,school_program,Chief Joseph,ES,Total,K-5,2024-25,275,actual,middle
2026-27,school_program,Chief Joseph,ES,Total,K-5,2025-26,242,actual,middle
2026-27,school_program,Chief Joseph,ES,Total,K-5,2026-27,242,forecast,middle
2026-27,school_program,Chief Joseph,ES,Total,K-5,2027-28,245,forecast,middle
2026-27,school_program,Chief Joseph,ES,Total,K-5,2028-29,248,forecast,middle
2026-27,school_program,Chief Joseph,ES,Total,K-5,2029-30,240,forecast,middle
2026-27,school_program,Chief Joseph,ES,Total,K-5,2030-31,234,forecast,middle
2026-27,school_program,Chief Joseph,ES,Total,K-5,2031-32,238,forecast,middle
2026-27,school_program,Chief Joseph,ES,Total,K-5,2032-33,234,forecast,middle
2026-27,school_program,Chief Joseph,ES,Total,K-5,2033-34,229,forecast,middle
2026-27,school_program,Chief Joseph,ES,Total,K-5,2034-35,224,forecast,middle
2026-27,school_program,Chief Joseph,ES,Total,K-5,2035-36,221,forecast,middle
2026-27,school_program,Peninsula,ES,Total,K-5,2023-24,234,actual,middle
2026-27,school_program,Peninsula,ES,Total,K-5,2024-25,235,actual,middle
2026-27,school_program,Peninsula,ES,Total,K-5,2025-26,239,actual,middle
2026-27,school_program,Peninsula,ES,Total,K-5,2026-27,252,forecast,middle
2026-27,school_program,Peninsula,ES,Total,K-5,2027-28,250,forecast,middle
2026-27,school_program,Peninsula,ES,Total,K-5,2028-29,249,forecast,middle
2026-27,school_program,Peninsula,ES,Total,K-5,2029-30,236,forecast,middle
2026-27,school_program,Peninsula,ES,Total,K-5,2030-31,236,forecast,middle
2026-27,school_program,Peninsula,ES,Total,K-5,2031-32,236,forecast,middle
2026-27,school_program,Peninsula,ES,Total,K-5,2032-33,236,forecast,middle
2026-27,school_program,Peninsula,ES,Total,K-5,2033-34,228,forecast,middle
2026-27,school_program,Peninsula,ES,Total,K-5,2034-35,221,forecast,middle
2026-27,school_program,Peninsula,ES,Total,K-5,2035-36,217,forecast,middle
2026-27,school_program,Woodlawn,ES,Total,K-5,2023-24,299,actual,middle
2026-27,school_program,Woodlawn,ES,Total,K-5,2024-25,306,actual,middle
2026-27,school_program,Woodlawn,ES,Total,K-5,2025-26,323,actual,middle
2026-27,school_program,Woodlawn,ES,Total,K-5,2026-27,320,forecast,middle
2026-27,school_program,Woodlawn,ES,Total,K-5,2027-28,300,forecast,middle
2026-27,school_program,Woodlawn,ES,Total,K-5,2028-29,315,forecast,middle
2026-27,school_program,Woodlawn,ES,Total,K-5,2029-30,298,forecast,middle
2026-27,school_program,Woodlawn,ES,Total,K-5,2030-31,291,forecast,middle
2026-27,school_program,Woodlawn,ES,Total,K-5,2031-32,289,forecast,middle
2026-27,school_program,Woodlawn,ES,Total,K-5,2032-33,283,forecast,middle
2026-27,school_program,Woodlawn,ES,Total,K-5,2033-34,279,forecast,middle
2026-27,school_program,Woodlawn,ES,Total,K-5,2034-35,270,forecast,middle
2026-27,school_program,Woodlawn,ES,Total,K-5,2035-36,265,forecast,middle
2026-27,school_program,Ockley Green,MS,Neighborhood,6-8,2023-24,350,actual,middle
2026-27,school_program,Ockley Green,MS,Neighborhood,6-8,2024-25,341,actual,middle
2026-27,school_program,Ockley Green,MS,Neighborhood,6-8,2025-26,397,actual,middle
2026-27,school_program,Ockley Green,MS,Neighborhood,6-8,2026-27,372,forecast,middle
2026-27,school_program,Ockley Green,MS,Neighborhood,6-8,2027-28,377,forecast,middle
2026-27,school_program,Ockley Green,MS,Neighborhood,6-8,2028-29,350,forecast,middle
2026-27,school_program,Ockley Green,MS,Neighborhood,6-8,2029-30,392,forecast,middle
2026-27,school_program,Ockley Green,MS,Neighborhood,6-8,2030-31,390,forecast,middle
2026-27,school_program,Ockley Green,MS,Neighborhood,6-8,2031-32,402,forecast,middle
2026-27,school_program,Ockley Green,MS,Neighborhood,6-8,2032-33,386,forecast,middle
2026-27,school_program,Ockley Green,MS,Neighborhood,6-8,2033-34,396,forecast,middle
2026-27,school_program,Ockley Green,MS,Neighborhood,6-8,2034-35,405,forecast,middle
2026-27,school_program,Ockley Green,MS,Neighborhood,6-8,2035-36,407,forecast,middle
2026-27,school_program,Ockley Green,MS,Spanish,6-8,2023-24,78,actual,middle
2026-27,school_program,Ockley Green,MS,Spanish,6-8,2024-25,69,actual,middle
2026-27,school_program,Ockley Green,MS,Spanish,6-8,2025-26,63,actual,middle
2026-27,school_program,Ockley Green,MS,Spanish,6-8,2026-27,64,forecast,middle
2026-27,school_program,Ockley Green,MS,Spanish,6-8,2027-28,65,forecast,middle
2026-27,school_program,Ockley Green,MS,Spanish,6-8,2028-29,55,forecast,middle
2026-27,school_program,Ockley Green,MS,Spanish,6-8,2029-30,48,forecast,middle
2026-27,school_program,Ockley Green,MS,Spanish,6-8,2030-31,33,forecast,middle
2026-27,school_program,Ockley Green,MS,Spanish,6-8,2031-32,34,forecast,middle
2026-27,school_program,Ockley Green,MS,Spanish,6-8,2032-33,34,forecast,middle
2026-27,school_program,Ockley Green,MS,Spanish,6-8,2033-34,39,forecast,middle
2026-27,school_program,Ockley Green,MS,Spanish,6-8,2034-35,39,forecast,middle
2026-27,school_program,Ockley Green,MS,Spanish,6-8,2035-36,38,forecast,middle
2026-27,school_program,Ockley Green,MS,Total,6-8,2023-24,428,actual,middle
2026-27,school_program,Ockley Green,MS,Total,6-8,2024-25,410,actual,middle
2026-27,school_program,Ockley Green,MS,Total,6-8,2025-26,460,actual,middle
2026-27,school_program,Ockley Green,MS,Total,6-8,2026-27,436,forecast,middle
2026-27,school_program,Ockley Green,MS,Total,6-8,2027-28,442,forecast,middle
2026-27,school_program,Ockley Green,MS,Total,6-8,2028-29,405,forecast,middle
2026-27,school_program,Ockley Green,MS,Total,6-8,2029-30,440,forecast,middle
2026-27,school_program,Ockley Green,MS,Total,6-8,2030-31,423,forecast,middle
2026-27,school_program,Ockley Green,MS,Total,6-8,2031-32,436,forecast,middle
2026-27,school_program,Ockley Green,MS,Total,6-8,2032-33,420,forecast,middle
2026-27,school_program,Ockley Green,MS,Total,6-8,2033-34,435,forecast,middle
2026-27,school_program,Ockley Green,MS,Total,6-8,2034-35,444,forecast,middle
2026-27,school_program,Ockley Green,MS,Total,6-8,2035-36,445,forecast,middle
2026-27,school_program,Jefferson,HS,Mandarin,9-12,2023-24,10,actual,middle
2026-27,school_program,Jefferson,HS,Mandarin,9-12,2024-25,13,actual,middle
2026-27,school_program,Jefferson,HS,Mandarin,9-12,2025-26,14,actual,middle
2026-27,school_program,Jefferson,HS,Mandarin,9-12,2026-27,8,forecast,middle
2026-27,school_program,Jefferson,HS,Mandarin,9-12,2027-28,8,forecast,middle
2026-27,school_program,Jefferson,HS,Mandarin,9-12,2028-29,9,forecast,middle
2026-27,school_program,Jefferson,HS,Mandarin,9-12,2029-30,10,forecast,middle
2026-27,school_program,Jefferson,HS,Mandarin,9-12,2030-31,10,forecast,middle
2026-27,school_program,Jefferson,HS,Mandarin,9-12,2031-32,11,forecast,middle
2026-27,school_program,Jefferson,HS,Mandarin,9-12,2032-33,11,forecast,middle
2026-27,school_program,Jefferson,HS,Mandarin,9-12,2033-34,11,forecast,middle
2026-27,school_program,Jefferson,HS,Mandarin,9-12,2034-35,13,forecast,middle
2026-27,school_program,Jefferson,HS,Mandarin,9-12,2035-36,11,forecast,middle
2026-27,school_program,Jefferson,HS,Neighborhood,9-12,2023-24,515,actual,middle
2026-27,school_program,Jefferson,HS,Neighborhood,9-12,2024-25,446,actual,middle
2026-27,school_program,Jefferson,HS,Neighborhood,9-12,2025-26,377,actual,middle
2026-27,school_program,Jefferson,HS,Neighborhood,9-12,2026-27,414,forecast,middle
2026-27,school_program,Jefferson,HS,Neighborhood,9-12,2027-28,556,forecast,middle
2026-27,school_program,Jefferson,HS,Neighborhood,9-12,2028-29,796,forecast,middle
2026-27,school_program,Jefferson,HS,Neighborhood,9-12,2029-30,971,forecast,middle
2026-27,school_program,Jefferson,HS,Neighborhood,9-12,2030-31,1148,forecast,middle
2026-27,school_program,Jefferson,HS,Neighborhood,9-12,2031-32,1172,forecast,middle
2026-27,school_program,Jefferson,HS,Neighborhood,9-12,2032-33,1167,forecast,middle
2026-27,school_program,Jefferson,HS,Neighborhood,9-12,2033-34,1162,forecast,middle
2026-27,school_program,Jefferson,HS,Neighborhood,9-12,2034-35,1146,forecast,middle
2026-27,school_program,Jefferson,HS,Neighborhood,9-12,2035-36,1164,forecast,middle
2026-27,school_program,Jefferson,HS,Total,9-12,2023-24,525,actual,middle
2026-27,school_program,Jefferson,HS,Total,9-12,2024-25,459,actual,middle
2026-27,school_program,Jefferson,HS,Total,9-12,2025-26,391,actual,middle
2026-27,school_program,Jefferson,HS,Total,9-12,2026-27,422,forecast,middle
2026-27,school_program,Jefferson,HS,Total,9-12,2027-28,564,forecast,middle
2026-27,school_program,Jefferson,HS,Total,9-12,2028-29,805,forecast,middle
2026-27,school_program,Jefferson,HS,Total,9-12,2029-30,981,forecast,middle
2026-27,school_program,Jefferson,HS,Total,9-12,2030-31,1158,forecast,middle
2026-27,school_program,Jefferson,HS,Total,9-12,2031-32,1183,forecast,middle
2026-27,school_program,Jefferson,HS,Total,9-12,2032-33,1178,forecast,middle
2026-27,school_program,Jefferson,HS,Total,9-12,2033-34,1173,forecast,middle
2026-27,school_program,Jefferson,HS,Total,9-12,2034-35,1159,forecast,middle
2026-27,school_program,Jefferson,HS,Total,9-12,2035-36,1175,forecast,middle
2026-27,school_program,Ainsworth,ES,Neighborhood,K-5,2023-24,294,actual,middle
2026-27,school_program,Ainsworth,ES,Neighborhood,K-5,2024-25,289,actual,middle
2026-27,school_program,Ainsworth,ES,Neighborhood,K-5,2025-26,273,actual,middle
2026-27,school_program,Ainsworth,ES,Neighborhood,K-5,2026-27,268,forecast,middle
2026-27,school_program,Ainsworth,ES,Neighborhood,K-5,2027-28,269,forecast,middle
2026-27,school_program,Ainsworth,ES,Neighborhood,K-5,2028-29,274,forecast,middle
2026-27,school_program,Ainsworth,ES,Neighborhood,K-5,2029-30,260,forecast,middle
2026-27,school_program,Ainsworth,ES,Neighborhood,K-5,2030-31,258,forecast,middle
2026-27,school_program,Ainsworth,ES,Neighborhood,K-5,2031-32,266,forecast,middle
2026-27,school_program,Ainsworth,ES,Neighborhood,K-5,2032-33,265,forecast,middle
2026-27,school_program,Ainsworth,ES,Neighborhood,K-5,2033-34,261,forecast,middle
2026-27,school_program,Ainsworth,ES,Neighborhood,K-5,2034-35,255,forecast,middle
2026-27,school_program,Ainsworth,ES,Neighborhood,K-5,2035-36,248,forecast,middle
2026-27,school_program,Ainsworth,ES,Spanish,K-5,2023-24,291,actual,middle
2026-27,school_program,Ainsworth,ES,Spanish,K-5,2024-25,295,actual,middle
2026-27,school_program,Ainsworth,ES,Spanish,K-5,2025-26,287,actual,middle
2026-27,school_program,Ainsworth,ES,Spanish,K-5,2026-27,287,forecast,middle
2026-27,school_program,Ainsworth,ES,Spanish,K-5,2027-28,286,forecast,middle
2026-27,school_program,Ainsworth,ES,Spanish,K-5,2028-29,294,forecast,middle
2026-27,school_program,Ainsworth,ES,Spanish,K-5,2029-30,291,forecast,middle
2026-27,school_program,Ainsworth,ES,Spanish,K-5,2030-31,293,forecast,middle
2026-27,school_program,Ainsworth,ES,Spanish,K-5,2031-32,291,forecast,middle
2026-27,school_program,Ainsworth,ES,Spanish,K-5,2032-33,285,forecast,middle
2026-27,school_program,Ainsworth,ES,Spanish,K-5,2033-34,279,forecast,middle
2026-27,school_program,Ainsworth,ES,Spanish,K-5,2034-35,272,forecast,middle
2026-27,school_program,Ainsworth,ES,Spanish,K-5,2035-36,268,forecast,middle
2026-27,school_program,Ainsworth,ES,Total,K-5,2023-24,585,actual,middle
2026-27,school_program,Ainsworth,ES,Total,K-5,2024-25,584,actual,middle
2026-27,school_program,Ainsworth,ES,Total,K-5,2025-26,560,actual,middle
2026-27,school_program,Ainsworth,ES,Total,K-5,2026-27,555,forecast,middle
2026-27,school_program,Ainsworth,ES,Total,K-5,2027-28,555,forecast,middle
2026-27,school_program,Ainsworth,ES,Total,K-5,2028-29,568,forecast,middle
2026-27,school_program,Ainsworth,ES,Total,K-5,2029-30,551,forecast,middle
2026-27,school_program,Ainsworth,ES,Total,K-5,2030-31,551,forecast,middle
2026-27,school_program,Ainsworth,ES,Total,K-5,2031-32,557,forecast,middle
2026-27,school_program,Ainsworth,ES,Total,K-5,2032-33,550,forecast,middle
2026-27,school_program,Ainsworth,ES,Total,K-5,2033-34,540,forecast,middle
2026-27,school_program,Ainsworth,ES,Total,K-5,2034-35,527,forecast,middle
2026-27,school_program,Ainsworth,ES,Total,K-5,2035-36,516,forecast,middle
2026-27,school_program,Chapman,ES,Total,K-5,2023-24,344,actual,middle
2026-27,school_program,Chapman,ES,Total,K-5,2024-25,349,actual,middle
2026-27,school_program,Chapman,ES,Total,K-5,2025-26,330,actual,middle
2026-27,school_program,Chapman,ES,Total,K-5,2026-27,336,forecast,middle
2026-27,school_program,Chapman,ES,Total,K-5,2027-28,316,forecast,middle
2026-27,school_program,Chapman,ES,Total,K-5,2028-29,338,forecast,middle
2026-27,school_program,Chapman,ES,Total,K-5,2029-30,333,forecast,middle
2026-27,school_program,Chapman,ES,Total,K-5,2030-31,324,forecast,middle
2026-27,school_program,Chapman,ES,Total,K-5,2031-32,333,forecast,middle
2026-27,school_program,Chapman,ES,Total,K-5,2032-33,327,forecast,middle
2026-27,school_program,Chapman,ES,Total,K-5,2033-34,318,forecast,middle
2026-27,school_program,Chapman,ES,Total,K-5,2034-35,300,forecast,middle
2026-27,school_program,Chapman,ES,Total,K-5,2035-36,295,forecast,middle
2026-27,school_program,Forest Park,ES,Total,K-5,2023-24,321,actual,middle
2026-27,school_program,Forest Park,ES,Total,K-5,2024-25,303,actual,middle
2026-27,school_program,Forest Park,ES,Total,K-5,2025-26,264,actual,middle
2026-27,school_program,Forest Park,ES,Total,K-5,2026-27,259,forecast,middle
2026-27,school_program,Forest Park,ES,Total,K-5,2027-28,260,forecast,middle
2026-27,school_program,Forest Park,ES,Total,K-5,2028-29,260,forecast,middle
2026-27,school_program,Forest Park,ES,Total,K-5,2029-30,257,forecast,middle
2026-27,school_program,Forest Park,ES,Total,K-5,2030-31,252,forecast,middle
2026-27,school_program,Forest Park,ES,Total,K-5,2031-32,258,forecast,middle
2026-27,school_program,Forest Park,ES,Total,K-5,2032-33,253,forecast,middle
2026-27,school_program,Forest Park,ES,Total,K-5,2033-34,251,forecast,middle
2026-27,school_program,Forest Park,ES,Total,K-5,2034-35,246,forecast,middle
2026-27,school_program,Forest Park,ES,Total,K-5,2035-36,243,forecast,middle
2026-27,school_program,Skyline,K8,Total,K-8,2023-24,218,actual,middle
2026-27,school_program,Skyline,K8,Total,K-8,2024-25,226,actual,middle
2026-27,school_program,Skyline,K8,Total,K-8,2025-26,207,actual,middle
2026-27,school_program,Skyline,K8,Total,K-8,2026-27,203,forecast,middle
2026-27,school_program,Skyline,K8,Total,K-8,2027-28,196,forecast,middle
2026-27,school_program,Skyline,K8,Total,K-8,2028-29,197,forecast,middle
2026-27,school_program,Skyline,K8,Total,K-8,2029-30,190,forecast,middle
2026-27,school_program,Skyline,K8,Total,K-8,2030-31,180,forecast,middle
2026-27,school_program,Skyline,K8,Total,K-8,2031-32,177,forecast,middle
2026-27,school_program,Skyline,K8,Total,K-8,2032-33,170,forecast,middle
2026-27,school_program,Skyline,K8,Total,K-8,2033-34,168,forecast,middle
2026-27,school_program,Skyline,K8,Total,K-8,2034-35,174,forecast,middle
2026-27,school_program,Skyline,K8,Total,K-8,2035-36,170,forecast,middle
2026-27,school_program,West Sylvan,MS,Neighborhood,6-8,2023-24,591,actual,middle
2026-27,school_program,West Sylvan,MS,Neighborhood,6-8,2024-25,553,actual,middle
2026-27,school_program,West Sylvan,MS,Neighborhood,6-8,2025-26,567,actual,middle
2026-27,school_program,West Sylvan,MS,Neighborhood,6-8,2026-27,536,forecast,middle
2026-27,school_program,West Sylvan,MS,Neighborhood,6-8,2027-28,552,forecast,middle
2026-27,school_program,West Sylvan,MS,Neighborhood,6-8,2028-29,515,forecast,middle
2026-27,school_program,West Sylvan,MS,Neighborhood,6-8,2029-30,536,forecast,middle
2026-27,school_program,West Sylvan,MS,Neighborhood,6-8,2030-31,517,forecast,middle
2026-27,school_program,West Sylvan,MS,Neighborhood,6-8,2031-32,487,forecast,middle
2026-27,school_program,West Sylvan,MS,Neighborhood,6-8,2032-33,464,forecast,middle
2026-27,school_program,West Sylvan,MS,Neighborhood,6-8,2033-34,464,forecast,middle
2026-27,school_program,West Sylvan,MS,Neighborhood,6-8,2034-35,507,forecast,middle
2026-27,school_program,West Sylvan,MS,Neighborhood,6-8,2035-36,511,forecast,middle
2026-27,school_program,West Sylvan,MS,Spanish,6-8,2023-24,131,actual,middle
2026-27,school_program,West Sylvan,MS,Spanish,6-8,2024-25,117,actual,middle
2026-27,school_program,West Sylvan,MS,Spanish,6-8,2025-26,116,actual,middle
2026-27,school_program,West Sylvan,MS,Spanish,6-8,2026-27,117,forecast,middle
2026-27,school_program,West Sylvan,MS,Spanish,6-8,2027-28,135,forecast,middle
2026-27,school_program,West Sylvan,MS,Spanish,6-8,2028-29,132,forecast,middle
2026-27,school_program,West Sylvan,MS,Spanish,6-8,2029-30,134,forecast,middle
2026-27,school_program,West Sylvan,MS,Spanish,6-8,2030-31,128,forecast,middle
2026-27,school_program,West Sylvan,MS,Spanish,6-8,2031-32,133,forecast,middle
2026-27,school_program,West Sylvan,MS,Spanish,6-8,2032-33,131,forecast,middle
2026-27,school_program,West Sylvan,MS,Spanish,6-8,2033-34,136,forecast,middle
2026-27,school_program,West Sylvan,MS,Spanish,6-8,2034-35,138,forecast,middle
2026-27,school_program,West Sylvan,MS,Spanish,6-8,2035-36,138,forecast,middle
2026-27,school_program,West Sylvan,MS,Total,6-8,2023-24,722,actual,middle
2026-27,school_program,West Sylvan,MS,Total,6-8,2024-25,670,actual,middle
2026-27,school_program,West Sylvan,MS,Total,6-8,2025-26,683,actual,middle
2026-27,school_program,West Sylvan,MS,Total,6-8,2026-27,653,forecast,middle
2026-27,school_program,West Sylvan,MS,Total,6-8,2027-28,687,forecast,middle
2026-27,school_program,West Sylvan,MS,Total,6-8,2028-29,647,forecast,middle
2026-27,school_program,West Sylvan,MS,Total,6-8,2029-30,670,forecast,middle
2026-27,school_program,West Sylvan,MS,Total,6-8,2030-31,645,forecast,middle
2026-27,school_program,West Sylvan,MS,Total,6-8,2031-32,620,forecast,middle
2026-27,school_program,West Sylvan,MS,Total,6-8,2032-33,595,forecast,middle
2026-27,school_program,West Sylvan,MS,Total,6-8,2033-34,600,forecast,middle
2026-27,school_program,West Sylvan,MS,Total,6-8,2034-35,645,forecast,middle
2026-27,school_program,West Sylvan,MS,Total,6-8,2035-36,649,forecast,middle
2026-27,school_program,Lincoln,HS,Neighborhood,9-12,2023-24,1387,actual,middle
2026-27,school_program,Lincoln,HS,Neighborhood,9-12,2024-25,1430,actual,middle
2026-27,school_program,Lincoln,HS,Neighborhood,9-12,2025-26,1469,actual,middle
2026-27,school_program,Lincoln,HS,Neighborhood,9-12,2026-27,1470,forecast,middle
2026-27,school_program,Lincoln,HS,Neighborhood,9-12,2027-28,1432,forecast,middle
2026-27,school_program,Lincoln,HS,Neighborhood,9-12,2028-29,1421,forecast,middle
2026-27,school_program,Lincoln,HS,Neighborhood,9-12,2029-30,1338,forecast,middle
2026-27,school_program,Lincoln,HS,Neighborhood,9-12,2030-31,1271,forecast,middle
2026-27,school_program,Lincoln,HS,Neighborhood,9-12,2031-32,1231,forecast,middle
2026-27,school_program,Lincoln,HS,Neighborhood,9-12,2032-33,1169,forecast,middle
2026-27,school_program,Lincoln,HS,Neighborhood,9-12,2033-34,1117,forecast,middle
2026-27,school_program,Lincoln,HS,Neighborhood,9-12,2034-35,1051,forecast,middle
2026-27,school_program,Lincoln,HS,Neighborhood,9-12,2035-36,1021,forecast,middle
2026-27,school_program,Lincoln,HS,Spanish,9-12,2023-24,192,actual,middle
2026-27,school_program,Lincoln,HS,Spanish,9-12,2024-25,185,actual,middle
2026-27,school_program,Lincoln,HS,Spanish,9-12,2025-26,178,actual,middle
2026-27,school_program,Lincoln,HS,Spanish,9-12,2026-27,182,forecast,middle
2026-27,school_program,Lincoln,HS,Spanish,9-12,2027-28,166,forecast,middle
2026-27,school_program,Lincoln,HS,Spanish,9-12,2028-29,168,forecast,middle
2026-27,school_program,Lincoln,HS,Spanish,9-12,2029-30,168,forecast,middle
2026-27,school_program,Lincoln,HS,Spanish,9-12,2030-31,171,forecast,middle
2026-27,school_program,Lincoln,HS,Spanish,9-12,2031-32,180,forecast,middle
2026-27,school_program,Lincoln,HS,Spanish,9-12,2032-33,183,forecast,middle
2026-27,school_program,Lincoln,HS,Spanish,9-12,2033-34,180,forecast,middle
2026-27,school_program,Lincoln,HS,Spanish,9-12,2034-35,179,forecast,middle
2026-27,school_program,Lincoln,HS,Spanish,9-12,2035-36,185,forecast,middle
2026-27,school_program,Lincoln,HS,Total,9-12,2023-24,1579,actual,middle
2026-27,school_program,Lincoln,HS,Total,9-12,2024-25,1615,actual,middle
2026-27,school_program,Lincoln,HS,Total,9-12,2025-26,1647,actual,middle
2026-27,school_program,Lincoln,HS,Total,9-12,2026-27,1652,forecast,middle
2026-27,school_program,Lincoln,HS,Total,9-12,2027-28,1598,forecast,middle
2026-27,school_program,Lincoln,HS,Total,9-12,2028-29,1589,forecast,middle
2026-27,school_program,Lincoln,HS,Total,9-12,2029-30,1506,forecast,middle
2026-27,school_program,Lincoln,HS,Total,9-12,2030-31,1442,forecast,middle
2026-27,school_program,Lincoln,HS,Total,9-12,2031-32,1411,forecast,middle
2026-27,school_program,Lincoln,HS,Total,9-12,2032-33,1352,forecast,middle
2026-27,school_program,Lincoln,HS,Total,9-12,2033-34,1297,forecast,middle
2026-27,school_program,Lincoln,HS,Total,9-12,2034-35,1230,forecast,middle
2026-27,school_program,Lincoln,HS,Total,9-12,2035-36,1206,forecast,middle
2026-27,school_program,Clark,ES,Mandarin,K-5,2023-24,80,actual,middle
2026-27,school_program,Clark,ES,Mandarin,K-5,2024-25,72,actual,middle
2026-27,school_program,Clark,ES,Mandarin,K-5,2025-26,91,actual,middle
2026-27,school_program,Clark,ES,Mandarin,K-5,2026-27,95,forecast,middle
2026-27,school_program,Clark,ES,Mandarin,K-5,2027-28,100,forecast,middle
2026-27,school_program,Clark,ES,Mandarin,K-5,2028-29,94,forecast,middle
2026-27,school_program,Clark,ES,Mandarin,K-5,2029-30,93,forecast,middle
2026-27,school_program,Clark,ES,Mandarin,K-5,2030-31,92,forecast,middle
2026-27,school_program,Clark,ES,Mandarin,K-5,2031-32,87,forecast,middle
2026-27,school_program,Clark,ES,Mandarin,K-5,2032-33,85,forecast,middle
2026-27,school_program,Clark,ES,Mandarin,K-5,2033-34,84,forecast,middle
2026-27,school_program,Clark,ES,Mandarin,K-5,2034-35,84,forecast,middle
2026-27,school_program,Clark,ES,Mandarin,K-5,2035-36,84,forecast,middle
2026-27,school_program,Clark,ES,Neighborhood,K-5,2023-24,261,actual,middle
2026-27,school_program,Clark,ES,Neighborhood,K-5,2024-25,259,actual,middle
2026-27,school_program,Clark,ES,Neighborhood,K-5,2025-26,273,actual,middle
2026-27,school_program,Clark,ES,Neighborhood,K-5,2026-27,268,forecast,middle
2026-27,school_program,Clark,ES,Neighborhood,K-5,2027-28,260,forecast,middle
2026-27,school_program,Clark,ES,Neighborhood,K-5,2028-29,261,forecast,middle
2026-27,school_program,Clark,ES,Neighborhood,K-5,2029-30,263,forecast,middle
2026-27,school_program,Clark,ES,Neighborhood,K-5,2030-31,258,forecast,middle
2026-27,school_program,Clark,ES,Neighborhood,K-5,2031-32,256,forecast,middle
2026-27,school_program,Clark,ES,Neighborhood,K-5,2032-33,253,forecast,middle
2026-27,school_program,Clark,ES,Neighborhood,K-5,2033-34,249,forecast,middle
2026-27,school_program,Clark,ES,Neighborhood,K-5,2034-35,242,forecast,middle
2026-27,school_program,Clark,ES,Neighborhood,K-5,2035-36,239,forecast,middle
2026-27,school_program,Clark,ES,Total,K-5,2023-24,341,actual,middle
2026-27,school_program,Clark,ES,Total,K-5,2024-25,331,actual,middle
2026-27,school_program,Clark,ES,Total,K-5,2025-26,364,actual,middle
2026-27,school_program,Clark,ES,Total,K-5,2026-27,363,forecast,middle
2026-27,school_program,Clark,ES,Total,K-5,2027-28,360,forecast,middle
2026-27,school_program,Clark,ES,Total,K-5,2028-29,355,forecast,middle
2026-27,school_program,Clark,ES,Total,K-5,2029-30,356,forecast,middle
2026-27,school_program,Clark,ES,Total,K-5,2030-31,350,forecast,middle
2026-27,school_program,Clark,ES,Total,K-5,2031-32,343,forecast,middle
2026-27,school_program,Clark,ES,Total,K-5,2032-33,338,forecast,middle
2026-27,school_program,Clark,ES,Total,K-5,2033-34,333,forecast,middle
2026-27,school_program,Clark,ES,Total,K-5,2034-35,326,forecast,middle
2026-27,school_program,Clark,ES,Total,K-5,2035-36,323,forecast,middle
2026-27,school_program,Lee,ES,Total,K-5,2023-24,288,actual,middle
2026-27,school_program,Lee,ES,Total,K-5,2024-25,257,actual,middle
2026-27,school_program,Lee,ES,Total,K-5,2025-26,251,actual,middle
2026-27,school_program,Lee,ES,Total,K-5,2026-27,254,forecast,middle
2026-27,school_program,Lee,ES,Total,K-5,2027-28,245,forecast,middle
2026-27,school_program,Lee,ES,Total,K-5,2028-29,249,forecast,middle
2026-27,school_program,Lee,ES,Total,K-5,2029-30,239,forecast,middle
2026-27,school_program,Lee,ES,Total,K-5,2030-31,252,forecast,middle
2026-27,school_program,Lee,ES,Total,K-5,2031-32,254,forecast,middle
2026-27,school_program,Lee,ES,Total,K-5,2032-33,252,forecast,middle
2026-27,school_program,Lee,ES,Total,K-5,2033-34,250,forecast,middle
2026-27,school_program,Lee,ES,Total,K-5,2034-35,243,forecast,middle
2026-27,school_program,Lee,ES,Total,K-5,2035-36,239,forecast,middle
2026-27,school_program,Rigler,ES,Spanish,K-5,2023-24,255,actual,middle
2026-27,school_program,Rigler,ES,Spanish,K-5,2024-25,301,actual,middle
2026-27,school_program,Rigler,ES,Spanish,K-5,2025-26,289,actual,middle
2026-27,school_program,Rigler,ES,Spanish,K-5,2026-27,301,forecast,middle
2026-27,school_program,Rigler,ES,Spanish,K-5,2027-28,306,forecast,middle
2026-27,school_program,Rigler,ES,Spanish,K-5,2028-29,329,forecast,middle
2026-27,school_program,Rigler,ES,Spanish,K-5,2029-30,326,forecast,middle
2026-27,school_program,Rigler,ES,Spanish,K-5,2030-31,320,forecast,middle
2026-27,school_program,Rigler,ES,Spanish,K-5,2031-32,321,forecast,middle
2026-27,school_program,Rigler,ES,Spanish,K-5,2032-33,316,forecast,middle
2026-27,school_program,Rigler,ES,Spanish,K-5,2033-34,310,forecast,middle
2026-27,school_program,Rigler,ES,Spanish,K-5,2034-35,302,forecast,middle
2026-27,school_program,Rigler,ES,Spanish,K-5,2035-36,298,forecast,middle
2026-27,school_program,Rigler,ES,Total,K-5,2023-24,255,actual,middle
2026-27,school_program,Rigler,ES,Total,K-5,2024-25,301,actual,middle
2026-27,school_program,Rigler,ES,Total,K-5,2025-26,289,actual,middle
2026-27,school_program,Rigler,ES,Total,K-5,2026-27,301,forecast,middle
2026-27,school_program,Rigler,ES,Total,K-5,2027-28,306,forecast,middle
2026-27,school_program,Rigler,ES,Total,K-5,2028-29,329,forecast,middle
2026-27,school_program,Rigler,ES,Total,K-5,2029-30,326,forecast,middle
2026-27,school_program,Rigler,ES,Total,K-5,2030-31,320,forecast,middle
2026-27,school_program,Rigler,ES,Total,K-5,2031-32,321,forecast,middle
2026-27,school_program,Rigler,ES,Total,K-5,2032-33,316,forecast,middle
2026-27,school_program,Rigler,ES,Total,K-5,2033-34,310,forecast,middle
2026-27,school_program,Rigler,ES,Total,K-5,2034-35,302,forecast,middle
2026-27,school_program,Rigler,ES,Total,K-5,2035-36,298,forecast,middle
2026-27,school_program,Rose City Park,ES,Neighborhood,K-5,2023-24,248,actual,middle
2026-27,school_program,Rose City Park,ES,Neighborhood,K-5,2024-25,237,actual,middle
2026-27,school_program,Rose City Park,ES,Neighborhood,K-5,2025-26,210,actual,middle
2026-27,school_program,Rose City Park,ES,Neighborhood,K-5,2026-27,196,forecast,middle
2026-27,school_program,Rose City Park,ES,Neighborhood,K-5,2027-28,183,forecast,middle
2026-27,school_program,Rose City Park,ES,Neighborhood,K-5,2028-29,157,forecast,middle
2026-27,school_program,Rose City Park,ES,Neighborhood,K-5,2029-30,161,forecast,middle
2026-27,school_program,Rose City Park,ES,Neighborhood,K-5,2030-31,153,forecast,middle
2026-27,school_program,Rose City Park,ES,Neighborhood,K-5,2031-32,160,forecast,middle
2026-27,school_program,Rose City Park,ES,Neighborhood,K-5,2032-33,159,forecast,middle
2026-27,school_program,Rose City Park,ES,Neighborhood,K-5,2033-34,157,forecast,middle
2026-27,school_program,Rose City Park,ES,Neighborhood,K-5,2034-35,151,forecast,middle
2026-27,school_program,Rose City Park,ES,Neighborhood,K-5,2035-36,148,forecast,middle
2026-27,school_program,Rose City Park,ES,Total,K-5,2023-24,464,actual,middle
2026-27,school_program,Rose City Park,ES,Total,K-5,2024-25,446,actual,middle
2026-27,school_program,Rose City Park,ES,Total,K-5,2025-26,417,actual,middle
2026-27,school_program,Rose City Park,ES,Total,K-5,2026-27,398,forecast,middle
2026-27,school_program,Rose City Park,ES,Total,K-5,2027-28,391,forecast,middle
2026-27,school_program,Rose City Park,ES,Total,K-5,2028-29,366,forecast,middle
2026-27,school_program,Rose City Park,ES,Total,K-5,2029-30,368,forecast,middle
2026-27,school_program,Rose City Park,ES,Total,K-5,2030-31,364,forecast,middle
2026-27,school_program,Rose City Park,ES,Total,K-5,2031-32,370,forecast,middle
2026-27,school_program,Rose City Park,ES,Total,K-5,2032-33,365,forecast,middle
2026-27,school_program,Rose City Park,ES,Total,K-5,2033-34,359,forecast,middle
2026-27,school_program,Rose City Park,ES,Total,K-5,2034-35,349,forecast,middle
2026-27,school_program,Rose City Park,ES,Total,K-5,2035-36,345,forecast,middle
2026-27,school_program,Rose City Park,ES,Vietnamese,K-5,2023-24,216,actual,middle
2026-27,school_program,Rose City Park,ES,Vietnamese,K-5,2024-25,209,actual,middle
2026-27,school_program,Rose City Park,ES,Vietnamese,K-5,2025-26,207,actual,middle
2026-27,school_program,Rose City Park,ES,Vietnamese,K-5,2026-27,202,forecast,middle
2026-27,school_program,Rose City Park,ES,Vietnamese,K-5,2027-28,208,forecast,middle
2026-27,school_program,Rose City Park,ES,Vietnamese,K-5,2028-29,209,forecast,middle
2026-27,school_program,Rose City Park,ES,Vietnamese,K-5,2029-30,207,forecast,middle
2026-27,school_program,Rose City Park,ES,Vietnamese,K-5,2030-31,211,forecast,middle
2026-27,school_program,Rose City Park,ES,Vietnamese,K-5,2031-32,210,forecast,middle
2026-27,school_program,Rose City Park,ES,Vietnamese,K-5,2032-33,206,forecast,middle
2026-27,school_program,Rose City Park,ES,Vietnamese,K-5,2033-34,202,forecast,middle
2026-27,school_program,Rose City Park,ES,Vietnamese,K-5,2034-35,198,forecast,middle
2026-27,school_program,Rose City Park,ES,Vietnamese,K-5,2035-36,197,forecast,middle
2026-27,school_program,Scott,ES,Neighborhood,K-5,2023-24,265,actual,middle
2026-27,school_program,Scott,ES,Neighborhood,K-5,2024-25,252,actual,middle
2026-27,school_program,Scott,ES,Neighborhood,K-5,2025-26,254,actual,middle
2026-27,school_program,Scott,ES,Neighborhood,K-5,2026-27,275,forecast,middle
2026-27,school_program,Scott,ES,Neighborhood,K-5,2027-28,277,forecast,middle
2026-27,school_program,Scott,ES,Neighborhood,K-5,2028-29,263,forecast,middle
2026-27,school_program,Scott,ES,Neighborhood,K-5,2029-30,262,forecast,middle
2026-27,school_program,Scott,ES,Neighborhood,K-5,2030-31,253,forecast,middle
2026-27,school_program,Scott,ES,Neighborhood,K-5,2031-32,247,forecast,middle
2026-27,school_program,Scott,ES,Neighborhood,K-5,2032-33,236,forecast,middle
2026-27,school_program,Scott,ES,Neighborhood,K-5,2033-34,232,forecast,middle
2026-27,school_program,Scott,ES,Neighborhood,K-5,2034-35,222,forecast,middle
2026-27,school_program,Scott,ES,Neighborhood,K-5,2035-36,218,forecast,middle
2026-27,school_program,Scott,ES,Spanish,K-5,2023-24,235,actual,middle
2026-27,school_program,Scott,ES,Spanish,K-5,2024-25,242,actual,middle
2026-27,school_program,Scott,ES,Spanish,K-5,2025-26,222,actual,middle
2026-27,school_program,Scott,ES,Spanish,K-5,2026-27,221,forecast,middle
2026-27,school_program,Scott,ES,Spanish,K-5,2027-28,223,forecast,middle
2026-27,school_program,Scott,ES,Spanish,K-5,2028-29,227,forecast,middle
2026-27,school_program,Scott,ES,Spanish,K-5,2029-30,223,forecast,middle
2026-27,school_program,Scott,ES,Spanish,K-5,2030-31,223,forecast,middle
2026-27,school_program,Scott,ES,Spanish,K-5,2031-32,223,forecast,middle
2026-27,school_program,Scott,ES,Spanish,K-5,2032-33,220,forecast,middle
2026-27,school_program,Scott,ES,Spanish,K-5,2033-34,215,forecast,middle
2026-27,school_program,Scott,ES,Spanish,K-5,2034-35,209,forecast,middle
2026-27,school_program,Scott,ES,Spanish,K-5,2035-36,206,forecast,middle
2026-27,school_program,Scott,ES,Total,K-5,2023-24,500,actual,middle
2026-27,school_program,Scott,ES,Total,K-5,2024-25,494,actual,middle
2026-27,school_program,Scott,ES,Total,K-5,2025-26,476,actual,middle
2026-27,school_program,Scott,ES,Total,K-5,2026-27,496,forecast,middle
2026-27,school_program,Scott,ES,Total,K-5,2027-28,500,forecast,middle
2026-27,school_program,Scott,ES,Total,K-5,2028-29,490,forecast,middle
2026-27,school_program,Scott,ES,Total,K-5,2029-30,485,forecast,middle
2026-27,school_program,Scott,ES,Total,K-5,2030-31,476,forecast,middle
2026-27,school_program,Scott,ES,Total,K-5,2031-32,470,forecast,middle
2026-27,school_program,Scott,ES,Total,K-5,2032-33,456,forecast,middle
2026-27,school_program,Scott,ES,Total,K-5,2033-34,447,forecast,middle
2026-27,school_program,Scott,ES,Total,K-5,2034-35,431,forecast,middle
2026-27,school_program,Scott,ES,Total,K-5,2035-36,424,forecast,middle
2026-27,school_program,Vestal,ES,Total,K-5,2023-24,228,actual,middle
2026-27,school_program,Vestal,ES,Total,K-5,2024-25,257,actual,middle
2026-27,school_program,Vestal,ES,Total,K-5,2025-26,283,actual,middle
2026-27,school_program,Vestal,ES,Total,K-5,2026-27,288,forecast,middle
2026-27,school_program,Vestal,ES,Total,K-5,2027-28,294,forecast,middle
2026-27,school_program,Vestal,ES,Total,K-5,2028-29,290,forecast,middle
2026-27,school_program,Vestal,ES,Total,K-5,2029-30,292,forecast,middle
2026-27,school_program,Vestal,ES,Total,K-5,2030-31,287,forecast,middle
2026-27,school_program,Vestal,ES,Total,K-5,2031-32,279,forecast,middle
2026-27,school_program,Vestal,ES,Total,K-5,2032-33,278,forecast,middle
2026-27,school_program,Vestal,ES,Total,K-5,2033-34,270,forecast,middle
2026-27,school_program,Vestal,ES,Total,K-5,2034-35,267,forecast,middle
2026-27,school_program,Vestal,ES,Total,K-5,2035-36,262,forecast,middle
2026-27,school_program,Harrison Park,MS,Mandarin,6-8,2023-24,80,actual,middle
2026-27,school_program,Harrison Park,MS,Mandarin,6-8,2024-25,94,actual,middle
2026-27,school_program,Harrison Park,MS,Mandarin,6-8,2025-26,111,actual,middle
2026-27,school_program,Harrison Park,MS,Mandarin,6-8,2026-27,109,forecast,middle
2026-27,school_program,Harrison Park,MS,Mandarin,6-8,2027-28,92,forecast,middle
2026-27,school_program,Harrison Park,MS,Mandarin,6-8,2028-29,89,forecast,middle
2026-27,school_program,Harrison Park,MS,Mandarin,6-8,2029-30,96,forecast,middle
2026-27,school_program,Harrison Park,MS,Mandarin,6-8,2030-31,95,forecast,middle
2026-27,school_program,Harrison Park,MS,Mandarin,6-8,2031-32,98,forecast,middle
2026-27,school_program,Harrison Park,MS,Mandarin,6-8,2032-33,94,forecast,middle
2026-27,school_program,Harrison Park,MS,Mandarin,6-8,2033-34,100,forecast,middle
2026-27,school_program,Harrison Park,MS,Mandarin,6-8,2034-35,98,forecast,middle
2026-27,school_program,Harrison Park,MS,Mandarin,6-8,2035-36,96,forecast,middle
2026-27,school_program,Harrison Park,MS,Neighborhood,6-8,2023-24,241,actual,middle
2026-27,school_program,Harrison Park,MS,Neighborhood,6-8,2024-25,278,actual,middle
2026-27,school_program,Harrison Park,MS,Neighborhood,6-8,2025-26,308,actual,middle
2026-27,school_program,Harrison Park,MS,Neighborhood,6-8,2026-27,333,forecast,middle
2026-27,school_program,Harrison Park,MS,Neighborhood,6-8,2027-28,335,forecast,middle
2026-27,school_program,Harrison Park,MS,Neighborhood,6-8,2028-29,327,forecast,middle
2026-27,school_program,Harrison Park,MS,Neighborhood,6-8,2029-30,323,forecast,middle
2026-27,school_program,Harrison Park,MS,Neighborhood,6-8,2030-31,305,forecast,middle
2026-27,school_program,Harrison Park,MS,Neighborhood,6-8,2031-32,319,forecast,middle
2026-27,school_program,Harrison Park,MS,Neighborhood,6-8,2032-33,315,forecast,middle
2026-27,school_program,Harrison Park,MS,Neighborhood,6-8,2033-34,334,forecast,middle
2026-27,school_program,Harrison Park,MS,Neighborhood,6-8,2034-35,336,forecast,middle
2026-27,school_program,Harrison Park,MS,Neighborhood,6-8,2035-36,341,forecast,middle
2026-27,school_program,Harrison Park,MS,Total,6-8,2023-24,321,actual,middle
2026-27,school_program,Harrison Park,MS,Total,6-8,2024-25,372,actual,middle
2026-27,school_program,Harrison Park,MS,Total,6-8,2025-26,419,actual,middle
2026-27,school_program,Harrison Park,MS,Total,6-8,2026-27,442,forecast,middle
2026-27,school_program,Harrison Park,MS,Total,6-8,2027-28,427,forecast,middle
2026-27,school_program,Harrison Park,MS,Total,6-8,2028-29,416,forecast,middle
2026-27,school_program,Harrison Park,MS,Total,6-8,2029-30,419,forecast,middle
2026-27,school_program,Harrison Park,MS,Total,6-8,2030-31,400,forecast,middle
2026-27,school_program,Harrison Park,MS,Total,6-8,2031-32,417,forecast,middle
2026-27,school_program,Harrison Park,MS,Total,6-8,2032-33,409,forecast,middle
2026-27,school_program,Harrison Park,MS,Total,6-8,2033-34,434,forecast,middle
2026-27,school_program,Harrison Park,MS,Total,6-8,2034-35,434,forecast,middle
2026-27,school_program,Harrison Park,MS,Total,6-8,2035-36,437,forecast,middle
2026-27,school_program,Roseway Heights,MS,Neighborhood,6-8,2023-24,432,actual,middle
2026-27,school_program,Roseway Heights,MS,Neighborhood,6-8,2024-25,421,actual,middle
2026-27,school_program,Roseway Heights,MS,Neighborhood,6-8,2025-26,415,actual,middle
2026-27,school_program,Roseway Heights,MS,Neighborhood,6-8,2026-27,391,forecast,middle
2026-27,school_program,Roseway Heights,MS,Neighborhood,6-8,2027-28,390,forecast,middle
2026-27,school_program,Roseway Heights,MS,Neighborhood,6-8,2028-29,382,forecast,middle
2026-27,school_program,Roseway Heights,MS,Neighborhood,6-8,2029-30,393,forecast,middle
2026-27,school_program,Roseway Heights,MS,Neighborhood,6-8,2030-31,379,forecast,middle
2026-27,school_program,Roseway Heights,MS,Neighborhood,6-8,2031-32,348,forecast,middle
2026-27,school_program,Roseway Heights,MS,Neighborhood,6-8,2032-33,350,forecast,middle
2026-27,school_program,Roseway Heights,MS,Neighborhood,6-8,2033-34,355,forecast,middle
2026-27,school_program,Roseway Heights,MS,Neighborhood,6-8,2034-35,373,forecast,middle
2026-27,school_program,Roseway Heights,MS,Neighborhood,6-8,2035-36,366,forecast,middle
2026-27,school_program,Roseway Heights,MS,Spanish,6-8,2023-24,83,actual,middle
2026-27,school_program,Roseway Heights,MS,Spanish,6-8,2024-25,94,actual,middle
2026-27,school_program,Roseway Heights,MS,Spanish,6-8,2025-26,93,actual,middle
2026-27,school_program,Roseway Heights,MS,Spanish,6-8,2026-27,89,forecast,middle
2026-27,school_program,Roseway Heights,MS,Spanish,6-8,2027-28,84,forecast,middle
2026-27,school_program,Roseway Heights,MS,Spanish,6-8,2028-29,81,forecast,middle
2026-27,school_program,Roseway Heights,MS,Spanish,6-8,2029-30,84,forecast,middle
2026-27,school_program,Roseway Heights,MS,Spanish,6-8,2030-31,81,forecast,middle
2026-27,school_program,Roseway Heights,MS,Spanish,6-8,2031-32,78,forecast,middle
2026-27,school_program,Roseway Heights,MS,Spanish,6-8,2032-33,75,forecast,middle
2026-27,school_program,Roseway Heights,MS,Spanish,6-8,2033-34,79,forecast,middle
2026-27,school_program,Roseway Heights,MS,Spanish,6-8,2034-35,84,forecast,middle
2026-27,school_program,Roseway Heights,MS,Spanish,6-8,2035-36,85,forecast,middle
2026-27,school_program,Roseway Heights,MS,Total,6-8,2023-24,551,actual,middle
2026-27,school_program,Roseway Heights,MS,Total,6-8,2024-25,565,actual,middle
2026-27,school_program,Roseway Heights,MS,Total,6-8,2025-26,572,actual,middle
2026-27,school_program,Roseway Heights,MS,Total,6-8,2026-27,560,forecast,middle
2026-27,school_program,Roseway Heights,MS,Total,6-8,2027-28,554,forecast,middle
2026-27,school_program,Roseway Heights,MS,Total,6-8,2028-29,543,forecast,middle
2026-27,school_program,Roseway Heights,MS,Total,6-8,2029-30,555,forecast,middle
2026-27,school_program,Roseway Heights,MS,Total,6-8,2030-31,535,forecast,middle
2026-27,school_program,Roseway Heights,MS,Total,6-8,2031-32,498,forecast,middle
2026-27,school_program,Roseway Heights,MS,Total,6-8,2032-33,495,forecast,middle
2026-27,school_program,Roseway Heights,MS,Total,6-8,2033-34,512,forecast,middle
2026-27,school_program,Roseway Heights,MS,Total,6-8,2034-35,537,forecast,middle
2026-27,school_program,Roseway Heights,MS,Total,6-8,2035-36,531,forecast,middle
2026-27,school_program,Roseway Heights,MS,Vietnamese,6-8,2023-24,36,actual,middle
2026-27,school_program,Roseway Heights,MS,Vietnamese,6-8,2024-25,50,actual,middle
2026-27,school_program,Roseway Heights,MS,Vietnamese,6-8,2025-26,64,actual,middle
2026-27,school_program,Roseway Heights,MS,Vietnamese,6-8,2026-27,80,forecast,middle
2026-27,school_program,Roseway Heights,MS,Vietnamese,6-8,2027-28,80,forecast,middle
2026-27,school_program,Roseway Heights,MS,Vietnamese,6-8,2028-29,80,forecast,middle
2026-27,school_program,Roseway Heights,MS,Vietnamese,6-8,2029-30,78,forecast,middle
2026-27,school_program,Roseway Heights,MS,Vietnamese,6-8,2030-31,75,forecast,middle
2026-27,school_program,Roseway Heights,MS,Vietnamese,6-8,2031-32,72,forecast,middle
2026-27,school_program,Roseway Heights,MS,Vietnamese,6-8,2032-33,70,forecast,middle
2026-27,school_program,Roseway Heights,MS,Vietnamese,6-8,2033-34,78,forecast,middle
2026-27,school_program,Roseway Heights,MS,Vietnamese,6-8,2034-35,80,forecast,middle
2026-27,school_program,Roseway Heights,MS,Vietnamese,6-8,2035-36,80,forecast,middle
2026-27,school_program,McDaniel,HS,Neighborhood,9-12,2023-24,1380,actual,middle
2026-27,school_program,McDaniel,HS,Neighborhood,9-12,2024-25,1375,actual,middle
2026-27,school_program,McDaniel,HS,Neighborhood,9-12,2025-26,1325,actual,middle
2026-27,school_program,McDaniel,HS,Neighborhood,9-12,2026-27,1269,forecast,middle
2026-27,school_program,McDaniel,HS,Neighborhood,9-12,2027-28,1209,forecast,middle
2026-27,school_program,McDaniel,HS,Neighborhood,9-12,2028-29,1144,forecast,middle
2026-27,school_program,McDaniel,HS,Neighborhood,9-12,2029-30,1002,forecast,middle
2026-27,school_program,McDaniel,HS,Neighborhood,9-12,2030-31,938,forecast,middle
2026-27,school_program,McDaniel,HS,Neighborhood,9-12,2031-32,905,forecast,middle
2026-27,school_program,McDaniel,HS,Neighborhood,9-12,2032-33,852,forecast,middle
2026-27,school_program,McDaniel,HS,Neighborhood,9-12,2033-34,832,forecast,middle
2026-27,school_program,McDaniel,HS,Neighborhood,9-12,2034-35,799,forecast,middle
2026-27,school_program,McDaniel,HS,Neighborhood,9-12,2035-36,779,forecast,middle
2026-27,school_program,McDaniel,HS,PISA,9-12,2023-24,66,actual,middle
2026-27,school_program,McDaniel,HS,PISA,9-12,2024-25,97,actual,middle
2026-27,school_program,McDaniel,HS,PISA,9-12,2025-26,65,actual,middle
2026-27,school_program,McDaniel,HS,PISA,9-12,2026-27,74,forecast,middle
2026-27,school_program,McDaniel,HS,PISA,9-12,2027-28,78,forecast,middle
2026-27,school_program,McDaniel,HS,PISA,9-12,2028-29,77,forecast,middle
2026-27,school_program,McDaniel,HS,PISA,9-12,2029-30,75,forecast,middle
2026-27,school_program,McDaniel,HS,PISA,9-12,2030-31,74,forecast,middle
2026-27,school_program,McDaniel,HS,PISA,9-12,2031-32,72,forecast,middle
2026-27,school_program,McDaniel,HS,PISA,9-12,2032-33,70,forecast,middle
2026-27,school_program,McDaniel,HS,PISA,9-12,2033-34,70,forecast,middle
2026-27,school_program,McDaniel,HS,PISA,9-12,2034-35,70,forecast,middle
2026-27,school_program,McDaniel,HS,PISA,9-12,2035-36,70,forecast,middle
2026-27,school_program,McDaniel,HS,Spanish,9-12,2023-24,204,actual,middle
2026-27,school_program,McDaniel,HS,Spanish,9-12,2024-25,214,actual,middle
2026-27,school_program,McDaniel,HS,Spanish,9-12,2025-26,205,actual,middle
2026-27,school_program,McDaniel,HS,Spanish,9-12,2026-27,195,forecast,middle
2026-27,school_program,McDaniel,HS,Spanish,9-12,2027-28,180,forecast,middle
2026-27,school_program,McDaniel,HS,Spanish,9-12,2028-29,177,forecast,middle
2026-27,school_program,McDaniel,HS,Spanish,9-12,2029-30,172,forecast,middle
2026-27,school_program,McDaniel,HS,Spanish,9-12,2030-31,174,forecast,middle
2026-27,school_program,McDaniel,HS,Spanish,9-12,2031-32,174,forecast,middle
2026-27,school_program,McDaniel,HS,Spanish,9-12,2032-33,184,forecast,middle
2026-27,school_program,McDaniel,HS,Spanish,9-12,2033-34,193,forecast,middle
2026-27,school_program,McDaniel,HS,Spanish,9-12,2034-35,194,forecast,middle
2026-27,school_program,McDaniel,HS,Spanish,9-12,2035-36,204,forecast,middle
2026-27,school_program,McDaniel,HS,Total,9-12,2023-24,1650,actual,middle
2026-27,school_program,McDaniel,HS,Total,9-12,2024-25,1686,actual,middle
2026-27,school_program,McDaniel,HS,Total,9-12,2025-26,1629,actual,middle
2026-27,school_program,McDaniel,HS,Total,9-12,2026-27,1588,forecast,middle
2026-27,school_program,McDaniel,HS,Total,9-12,2027-28,1528,forecast,middle
2026-27,school_program,McDaniel,HS,Total,9-12,2028-29,1476,forecast,middle
2026-27,school_program,McDaniel,HS,Total,9-12,2029-30,1346,forecast,middle
2026-27,school_program,McDaniel,HS,Total,9-12,2030-31,1292,forecast,middle
2026-27,school_program,McDaniel,HS,Total,9-12,2031-32,1261,forecast,middle
2026-27,school_program,McDaniel,HS,Total,9-12,2032-33,1220,forecast,middle
2026-27,school_program,McDaniel,HS,Total,9-12,2033-34,1199,forecast,middle
2026-27,school_program,McDaniel,HS,Total,9-12,2034-35,1167,forecast,middle
2026-27,school_program,McDaniel,HS,Total,9-12,2035-36,1157,forecast,middle
2026-27,school_program,McDaniel,HS,Vietnamese,9-12,2023-24,0,actual,middle
2026-27,school_program,McDaniel,HS,Vietnamese,9-12,2024-25,0,actual,middle
2026-27,school_program,McDaniel,HS,Vietnamese,9-12,2025-26,34,actual,middle
2026-27,school_program,McDaniel,HS,Vietnamese,9-12,2026-27,50,forecast,middle
2026-27,school_program,McDaniel,HS,Vietnamese,9-12,2027-28,61,forecast,middle
2026-27,school_program,McDaniel,HS,Vietnamese,9-12,2028-29,78,forecast,middle
2026-27,school_program,McDaniel,HS,Vietnamese,9-12,2029-30,97,forecast,middle
2026-27,school_program,McDaniel,HS,Vietnamese,9-12,2030-31,106,forecast,middle
2026-27,school_program,McDaniel,HS,Vietnamese,9-12,2031-32,110,forecast,middle
2026-27,school_program,McDaniel,HS,Vietnamese,9-12,2032-33,114,forecast,middle
2026-27,school_program,McDaniel,HS,Vietnamese,9-12,2033-34,104,forecast,middle
2026-27,school_program,McDaniel,HS,Vietnamese,9-12,2034-35,104,forecast,middle
2026-27,school_program,McDaniel,HS,Vietnamese,9-12,2035-36,104,forecast,middle
2026-27,school_program,James John,ES,Neighborhood,K-5,2023-24,220,actual,middle
2026-27,school_program,James John,ES,Neighborhood,K-5,2024-25,224,actual,middle
2026-27,school_program,James John,ES,Neighborhood,K-5,2025-26,232,actual,middle
2026-27,school_program,James John,ES,Neighborhood,K-5,2026-27,226,forecast,middle
2026-27,school_program,James John,ES,Neighborhood,K-5,2027-28,222,forecast,middle
2026-27,school_program,James John,ES,Neighborhood,K-5,2028-29,228,forecast,middle
2026-27,school_program,James John,ES,Neighborhood,K-5,2029-30,233,forecast,middle
2026-27,school_program,James John,ES,Neighborhood,K-5,2030-31,221,forecast,middle
2026-27,school_program,James John,ES,Neighborhood,K-5,2031-32,216,forecast,middle
2026-27,school_program,James John,ES,Neighborhood,K-5,2032-33,214,forecast,middle
2026-27,school_program,James John,ES,Neighborhood,K-5,2033-34,209,forecast,middle
2026-27,school_program,James John,ES,Neighborhood,K-5,2034-35,206,forecast,middle
2026-27,school_program,James John,ES,Neighborhood,K-5,2035-36,203,forecast,middle
2026-27,school_program,James John,ES,Spanish,K-5,2023-24,128,actual,middle
2026-27,school_program,James John,ES,Spanish,K-5,2024-25,143,actual,middle
2026-27,school_program,James John,ES,Spanish,K-5,2025-26,133,actual,middle
2026-27,school_program,James John,ES,Spanish,K-5,2026-27,135,forecast,middle
2026-27,school_program,James John,ES,Spanish,K-5,2027-28,137,forecast,middle
2026-27,school_program,James John,ES,Spanish,K-5,2028-29,138,forecast,middle
2026-27,school_program,James John,ES,Spanish,K-5,2029-30,136,forecast,middle
2026-27,school_program,James John,ES,Spanish,K-5,2030-31,133,forecast,middle
2026-27,school_program,James John,ES,Spanish,K-5,2031-32,136,forecast,middle
2026-27,school_program,James John,ES,Spanish,K-5,2032-33,134,forecast,middle
2026-27,school_program,James John,ES,Spanish,K-5,2033-34,131,forecast,middle
2026-27,school_program,James John,ES,Spanish,K-5,2034-35,127,forecast,middle
2026-27,school_program,James John,ES,Spanish,K-5,2035-36,125,forecast,middle
2026-27,school_program,James John,ES,Total,K-5,2023-24,348,actual,middle
2026-27,school_program,James John,ES,Total,K-5,2024-25,367,actual,middle
2026-27,school_program,James John,ES,Total,K-5,2025-26,365,actual,middle
2026-27,school_program,James John,ES,Total,K-5,2026-27,361,forecast,middle
2026-27,school_program,James John,ES,Total,K-5,2027-28,359,forecast,middle
2026-27,school_program,James John,ES,Total,K-5,2028-29,366,forecast,middle
2026-27,school_program,James John,ES,Total,K-5,2029-30,369,forecast,middle
2026-27,school_program,James John,ES,Total,K-5,2030-31,354,forecast,middle
2026-27,school_program,James John,ES,Total,K-5,2031-32,352,forecast,middle
2026-27,school_program,James John,ES,Total,K-5,2032-33,348,forecast,middle
2026-27,school_program,James John,ES,Total,K-5,2033-34,340,forecast,middle
2026-27,school_program,James John,ES,Total,K-5,2034-35,333,forecast,middle
2026-27,school_program,James John,ES,Total,K-5,2035-36,328,forecast,middle
2026-27,school_program,Rosa Parks,ES,Total,K-5,2023-24,177,actual,middle
2026-27,school_program,Rosa Parks,ES,Total,K-5,2024-25,172,actual,middle
2026-27,school_program,Rosa Parks,ES,Total,K-5,2025-26,160,actual,middle
2026-27,school_program,Rosa Parks,ES,Total,K-5,2026-27,161,forecast,middle
2026-27,school_program,Rosa Parks,ES,Total,K-5,2027-28,159,forecast,middle
2026-27,school_program,Rosa Parks,ES,Total,K-5,2028-29,165,forecast,middle
2026-27,school_program,Rosa Parks,ES,Total,K-5,2029-30,168,forecast,middle
2026-27,school_program,Rosa Parks,ES,Total,K-5,2030-31,164,forecast,middle
2026-27,school_program,Rosa Parks,ES,Total,K-5,2031-32,168,forecast,middle
2026-27,school_program,Rosa Parks,ES,Total,K-5,2032-33,167,forecast,middle
2026-27,school_program,Rosa Parks,ES,Total,K-5,2033-34,166,forecast,middle
2026-27,school_program,Rosa Parks,ES,Total,K-5,2034-35,162,forecast,middle
2026-27,school_program,Rosa Parks,ES,Total,K-5,2035-36,159,forecast,middle
2026-27,school_program,Sitton,ES,Neighborhood,K-5,2023-24,207,actual,middle
2026-27,school_program,Sitton,ES,Neighborhood,K-5,2024-25,206,actual,middle
2026-27,school_program,Sitton,ES,Neighborhood,K-5,2025-26,207,actual,middle
2026-27,school_program,Sitton,ES,Neighborhood,K-5,2026-27,205,forecast,middle
2026-27,school_program,Sitton,ES,Neighborhood,K-5,2027-28,203,forecast,middle
2026-27,school_program,Sitton,ES,Neighborhood,K-5,2028-29,195,forecast,middle
2026-27,school_program,Sitton,ES,Neighborhood,K-5,2029-30,199,forecast,middle
2026-27,school_program,Sitton,ES,Neighborhood,K-5,2030-31,202,forecast,middle
2026-27,school_program,Sitton,ES,Neighborhood,K-5,2031-32,198,forecast,middle
2026-27,school_program,Sitton,ES,Neighborhood,K-5,2032-33,197,forecast,middle
2026-27,school_program,Sitton,ES,Neighborhood,K-5,2033-34,193,forecast,middle
2026-27,school_program,Sitton,ES,Neighborhood,K-5,2034-35,187,forecast,middle
2026-27,school_program,Sitton,ES,Neighborhood,K-5,2035-36,184,forecast,middle
2026-27,school_program,Sitton,ES,Spanish,K-5,2023-24,128,actual,middle
2026-27,school_program,Sitton,ES,Spanish,K-5,2024-25,133,actual,middle
2026-27,school_program,Sitton,ES,Spanish,K-5,2025-26,138,actual,middle
2026-27,school_program,Sitton,ES,Spanish,K-5,2026-27,135,forecast,middle
2026-27,school_program,Sitton,ES,Spanish,K-5,2027-28,130,forecast,middle
2026-27,school_program,Sitton,ES,Spanish,K-5,2028-29,124,forecast,middle
2026-27,school_program,Sitton,ES,Spanish,K-5,2029-30,118,forecast,middle
2026-27,school_program,Sitton,ES,Spanish,K-5,2030-31,113,forecast,middle
2026-27,school_program,Sitton,ES,Spanish,K-5,2031-32,113,forecast,middle
2026-27,school_program,Sitton,ES,Spanish,K-5,2032-33,111,forecast,middle
2026-27,school_program,Sitton,ES,Spanish,K-5,2033-34,108,forecast,middle
2026-27,school_program,Sitton,ES,Spanish,K-5,2034-35,104,forecast,middle
2026-27,school_program,Sitton,ES,Spanish,K-5,2035-36,102,forecast,middle
2026-27,school_program,Sitton,ES,Total,K-5,2023-24,335,actual,middle
2026-27,school_program,Sitton,ES,Total,K-5,2024-25,339,actual,middle
2026-27,school_program,Sitton,ES,Total,K-5,2025-26,345,actual,middle
2026-27,school_program,Sitton,ES,Total,K-5,2026-27,340,forecast,middle
2026-27,school_program,Sitton,ES,Total,K-5,2027-28,333,forecast,middle
2026-27,school_program,Sitton,ES,Total,K-5,2028-29,319,forecast,middle
2026-27,school_program,Sitton,ES,Total,K-5,2029-30,317,forecast,middle
2026-27,school_program,Sitton,ES,Total,K-5,2030-31,315,forecast,middle
2026-27,school_program,Sitton,ES,Total,K-5,2031-32,311,forecast,middle
2026-27,school_program,Sitton,ES,Total,K-5,2032-33,308,forecast,middle
2026-27,school_program,Sitton,ES,Total,K-5,2033-34,301,forecast,middle
2026-27,school_program,Sitton,ES,Total,K-5,2034-35,291,forecast,middle
2026-27,school_program,Sitton,ES,Total,K-5,2035-36,286,forecast,middle
2026-27,school_program,Astor,K8,Total,K-8,2023-24,375,actual,middle
2026-27,school_program,Astor,K8,Total,K-8,2024-25,408,actual,middle
2026-27,school_program,Astor,K8,Total,K-8,2025-26,400,actual,middle
2026-27,school_program,Astor,K8,Total,K-8,2026-27,414,forecast,middle
2026-27,school_program,Astor,K8,Total,K-8,2027-28,412,forecast,middle
2026-27,school_program,Astor,K8,Total,K-8,2028-29,409,forecast,middle
2026-27,school_program,Astor,K8,Total,K-8,2029-30,443,forecast,middle
2026-27,school_program,Astor,K8,Total,K-8,2030-31,426,forecast,middle
2026-27,school_program,Astor,K8,Total,K-8,2031-32,418,forecast,middle
2026-27,school_program,Astor,K8,Total,K-8,2032-33,403,forecast,middle
2026-27,school_program,Astor,K8,Total,K-8,2033-34,393,forecast,middle
2026-27,school_program,Astor,K8,Total,K-8,2034-35,393,forecast,middle
2026-27,school_program,Astor,K8,Total,K-8,2035-36,386,forecast,middle
2026-27,school_program,César Chávez,K8,Neighborhood,K-8,2023-24,156,actual,middle
2026-27,school_program,César Chávez,K8,Neighborhood,K-8,2024-25,145,actual,middle
2026-27,school_program,César Chávez,K8,Neighborhood,K-8,2025-26,143,actual,middle
2026-27,school_program,César Chávez,K8,Neighborhood,K-8,2026-27,129,forecast,middle
2026-27,school_program,César Chávez,K8,Neighborhood,K-8,2027-28,122,forecast,middle
2026-27,school_program,César Chávez,K8,Neighborhood,K-8,2028-29,111,forecast,middle
2026-27,school_program,César Chávez,K8,Neighborhood,K-8,2029-30,103,forecast,middle
2026-27,school_program,César Chávez,K8,Neighborhood,K-8,2030-31,97,forecast,middle
2026-27,school_program,César Chávez,K8,Neighborhood,K-8,2031-32,97,forecast,middle
2026-27,school_program,César Chávez,K8,Neighborhood,K-8,2032-33,96,forecast,middle
2026-27,school_program,César Chávez,K8,Neighborhood,K-8,2033-34,89,forecast,middle
2026-27,school_program,César Chávez,K8,Neighborhood,K-8,2034-35,83,forecast,middle
2026-27,school_program,César Chávez,K8,Neighborhood,K-8,2035-36,82,forecast,middle
2026-27,school_program,César Chávez,K8,Spanish,K-8,2023-24,325,actual,middle
2026-27,school_program,César Chávez,K8,Spanish,K-8,2024-25,309,actual,middle
2026-27,school_program,César Chávez,K8,Spanish,K-8,2025-26,300,actual,middle
2026-27,school_program,César Chávez,K8,Spanish,K-8,2026-27,295,forecast,middle
2026-27,school_program,César Chávez,K8,Spanish,K-8,2027-28,291,forecast,middle
2026-27,school_program,César Chávez,K8,Spanish,K-8,2028-29,292,forecast,middle
2026-27,school_program,César Chávez,K8,Spanish,K-8,2029-30,301,forecast,middle
2026-27,school_program,César Chávez,K8,Spanish,K-8,2030-31,308,forecast,middle
2026-27,school_program,César Chávez,K8,Spanish,K-8,2031-32,295,forecast,middle
2026-27,school_program,César Chávez,K8,Spanish,K-8,2032-33,291,forecast,middle
2026-27,school_program,César Chávez,K8,Spanish,K-8,2033-34,297,forecast,middle
2026-27,school_program,César Chávez,K8,Spanish,K-8,2034-35,297,forecast,middle
2026-27,school_program,César Chávez,K8,Spanish,K-8,2035-36,294,forecast,middle
2026-27,school_program,César Chávez,K8,Total,K-8,2023-24,481,actual,middle
2026-27,school_program,César Chávez,K8,Total,K-8,2024-25,454,actual,middle
2026-27,school_program,César Chávez,K8,Total,K-8,2025-26,443,actual,middle
2026-27,school_program,César Chávez,K8,Total,K-8,2026-27,424,forecast,middle
2026-27,school_program,César Chávez,K8,Total,K-8,2027-28,413,forecast,middle
2026-27,school_program,César Chávez,K8,Total,K-8,2028-29,403,forecast,middle
2026-27,school_program,César Chávez,K8,Total,K-8,2029-30,404,forecast,middle
2026-27,school_program,César Chávez,K8,Total,K-8,2030-31,405,forecast,middle
2026-27,school_program,César Chávez,K8,Total,K-8,2031-32,392,forecast,middle
2026-27,school_program,César Chávez,K8,Total,K-8,2032-33,387,forecast,middle
2026-27,school_program,César Chávez,K8,Total,K-8,2033-34,386,forecast,middle
2026-27,school_program,César Chávez,K8,Total,K-8,2034-35,380,forecast,middle
2026-27,school_program,César Chávez,K8,Total,K-8,2035-36,376,forecast,middle
2026-27,school_program,George,MS,Neighborhood,6-8,2023-24,254,actual,middle
2026-27,school_program,George,MS,Neighborhood,6-8,2024-25,291,actual,middle
2026-27,school_program,George,MS,Neighborhood,6-8,2025-26,249,actual,middle
2026-27,school_program,George,MS,Neighborhood,6-8,2026-27,257,forecast,middle
2026-27,school_program,George,MS,Neighborhood,6-8,2027-28,269,forecast,middle
2026-27,school_program,George,MS,Neighborhood,6-8,2028-29,276,forecast,middle
2026-27,school_program,George,MS,Neighborhood,6-8,2029-30,268,forecast,middle
2026-27,school_program,George,MS,Neighborhood,6-8,2030-31,262,forecast,middle
2026-27,school_program,George,MS,Neighborhood,6-8,2031-32,267,forecast,middle
2026-27,school_program,George,MS,Neighborhood,6-8,2032-33,270,forecast,middle
2026-27,school_program,George,MS,Neighborhood,6-8,2033-34,265,forecast,middle
2026-27,school_program,George,MS,Neighborhood,6-8,2034-35,262,forecast,middle
2026-27,school_program,George,MS,Neighborhood,6-8,2035-36,265,forecast,middle
2026-27,school_program,George,MS,Spanish,6-8,2023-24,113,actual,middle
2026-27,school_program,George,MS,Spanish,6-8,2024-25,113,actual,middle
2026-27,school_program,George,MS,Spanish,6-8,2025-26,109,actual,middle
2026-27,school_program,George,MS,Spanish,6-8,2026-27,120,forecast,middle
2026-27,school_program,George,MS,Spanish,6-8,2027-28,122,forecast,middle
2026-27,school_program,George,MS,Spanish,6-8,2028-29,129,forecast,middle
2026-27,school_program,George,MS,Spanish,6-8,2029-30,134,forecast,middle
2026-27,school_program,George,MS,Spanish,6-8,2030-31,134,forecast,middle
2026-27,school_program,George,MS,Spanish,6-8,2031-32,123,forecast,middle
2026-27,school_program,George,MS,Spanish,6-8,2032-33,117,forecast,middle
2026-27,school_program,George,MS,Spanish,6-8,2033-34,115,forecast,middle
2026-27,school_program,George,MS,Spanish,6-8,2034-35,123,forecast,middle
2026-27,school_program,George,MS,Spanish,6-8,2035-36,123,forecast,middle
2026-27,school_program,George,MS,Total,6-8,2023-24,367,actual,middle
2026-27,school_program,George,MS,Total,6-8,2024-25,404,actual,middle
2026-27,school_program,George,MS,Total,6-8,2025-26,358,actual,middle
2026-27,school_program,George,MS,Total,6-8,2026-27,377,forecast,middle
2026-27,school_program,George,MS,Total,6-8,2027-28,391,forecast,middle
2026-27,school_program,George,MS,Total,6-8,2028-29,405,forecast,middle
2026-27,school_program,George,MS,Total,6-8,2029-30,402,forecast,middle
2026-27,school_program,George,MS,Total,6-8,2030-31,396,forecast,middle
2026-27,school_program,George,MS,Total,6-8,2031-32,390,forecast,middle
2026-27,school_program,George,MS,Total,6-8,2032-33,387,forecast,middle
2026-27,school_program,George,MS,Total,6-8,2033-34,380,forecast,middle
2026-27,school_program,George,MS,Total,6-8,2034-35,385,forecast,middle
2026-27,school_program,George,MS,Total,6-8,2035-36,388,forecast,middle
2026-27,school_program,Roosevelt,HS,Neighborhood,9-12,2023-24,1130,actual,middle
2026-27,school_program,Roosevelt,HS,Neighborhood,9-12,2024-25,1110,actual,middle
2026-27,school_program,Roosevelt,HS,Neighborhood,9-12,2025-26,1082,actual,middle
2026-27,school_program,Roosevelt,HS,Neighborhood,9-12,2026-27,1001,forecast,middle
2026-27,school_program,Roosevelt,HS,Neighborhood,9-12,2027-28,970,forecast,middle
2026-27,school_program,Roosevelt,HS,Neighborhood,9-12,2028-29,917,forecast,middle
2026-27,school_program,Roosevelt,HS,Neighborhood,9-12,2029-30,850,forecast,middle
2026-27,school_program,Roosevelt,HS,Neighborhood,9-12,2030-31,830,forecast,middle
2026-27,school_program,Roosevelt,HS,Neighborhood,9-12,2031-32,782,forecast,middle
2026-27,school_program,Roosevelt,HS,Neighborhood,9-12,2032-33,742,forecast,middle
2026-27,school_program,Roosevelt,HS,Neighborhood,9-12,2033-34,744,forecast,middle
2026-27,school_program,Roosevelt,HS,Neighborhood,9-12,2034-35,722,forecast,middle
2026-27,school_program,Roosevelt,HS,Neighborhood,9-12,2035-36,719,forecast,middle
2026-27,school_program,Roosevelt,HS,PISA,9-12,2023-24,71,actual,middle
2026-27,school_program,Roosevelt,HS,PISA,9-12,2024-25,47,actual,middle
2026-27,school_program,Roosevelt,HS,PISA,9-12,2025-26,38,actual,middle
2026-27,school_program,Roosevelt,HS,PISA,9-12,2026-27,49,forecast,middle
2026-27,school_program,Roosevelt,HS,PISA,9-12,2027-28,53,forecast,middle
2026-27,school_program,Roosevelt,HS,PISA,9-12,2028-29,53,forecast,middle
2026-27,school_program,Roosevelt,HS,PISA,9-12,2029-30,53,forecast,middle
2026-27,school_program,Roosevelt,HS,PISA,9-12,2030-31,53,forecast,middle
2026-27,school_program,Roosevelt,HS,PISA,9-12,2031-32,53,forecast,middle
2026-27,school_program,Roosevelt,HS,PISA,9-12,2032-33,53,forecast,middle
2026-27,school_program,Roosevelt,HS,PISA,9-12,2033-34,53,forecast,middle
2026-27,school_program,Roosevelt,HS,PISA,9-12,2034-35,53,forecast,middle
2026-27,school_program,Roosevelt,HS,PISA,9-12,2035-36,53,forecast,middle
2026-27,school_program,Roosevelt,HS,Spanish,9-12,2023-24,256,actual,middle
2026-27,school_program,Roosevelt,HS,Spanish,9-12,2024-25,295,actual,middle
2026-27,school_program,Roosevelt,HS,Spanish,9-12,2025-26,299,actual,middle
2026-27,school_program,Roosevelt,HS,Spanish,9-12,2026-27,289,forecast,middle
2026-27,school_program,Roosevelt,HS,Spanish,9-12,2027-28,289,forecast,middle
2026-27,school_program,Roosevelt,HS,Spanish,9-12,2028-29,280,forecast,middle
2026-27,school_program,Roosevelt,HS,Spanish,9-12,2029-30,276,forecast,middle
2026-27,school_program,Roosevelt,HS,Spanish,9-12,2030-31,281,forecast,middle
2026-27,school_program,Roosevelt,HS,Spanish,9-12,2031-32,282,forecast,middle
2026-27,school_program,Roosevelt,HS,Spanish,9-12,2032-33,278,forecast,middle
2026-27,school_program,Roosevelt,HS,Spanish,9-12,2033-34,271,forecast,middle
2026-27,school_program,Roosevelt,HS,Spanish,9-12,2034-35,263,forecast,middle
2026-27,school_program,Roosevelt,HS,Spanish,9-12,2035-36,253,forecast,middle
2026-27,school_program,Roosevelt,HS,Total,9-12,2023-24,1457,actual,middle
2026-27,school_program,Roosevelt,HS,Total,9-12,2024-25,1452,actual,middle
2026-27,school_program,Roosevelt,HS,Total,9-12,2025-26,1419,actual,middle
2026-27,school_program,Roosevelt,HS,Total,9-12,2026-27,1339,forecast,middle
2026-27,school_program,Roosevelt,HS,Total,9-12,2027-28,1312,forecast,middle
2026-27,school_program,Roosevelt,HS,Total,9-12,2028-29,1250,forecast,middle
2026-27,school_program,Roosevelt,HS,Total,9-12,2029-30,1179,forecast,middle
2026-27,school_program,Roosevelt,HS,Total,9-12,2030-31,1164,forecast,middle
2026-27,school_program,Roosevelt,HS,Total,9-12,2031-32,1117,forecast,middle
2026-27,school_program,Roosevelt,HS,Total,9-12,2032-33,1073,forecast,middle
2026-27,school_program,Roosevelt,HS,Total,9-12,2033-34,1068,forecast,middle
2026-27,school_program,Roosevelt,HS,Total,9-12,2034-35,1038,forecast,middle
2026-27,school_program,Roosevelt,HS,Total,9-12,2035-36,1025,forecast,middle
2026-27,school_program,Bridlemile,ES,Total,K-5,2023-24,446,actual,middle
2026-27,school_program,Bridlemile,ES,Total,K-5,2024-25,419,actual,middle
2026-27,school_program,Bridlemile,ES,Total,K-5,2025-26,423,actual,middle
2026-27,school_program,Bridlemile,ES,Total,K-5,2026-27,413,forecast,middle
2026-27,school_program,Bridlemile,ES,Total,K-5,2027-28,414,forecast,middle
2026-27,school_program,Bridlemile,ES,Total,K-5,2028-29,409,forecast,middle
2026-27,school_program,Bridlemile,ES,Total,K-5,2029-30,409,forecast,middle
2026-27,school_program,Bridlemile,ES,Total,K-5,2030-31,417,forecast,middle
2026-27,school_program,Bridlemile,ES,Total,K-5,2031-32,408,forecast,middle
2026-27,school_program,Bridlemile,ES,Total,K-5,2032-33,405,forecast,middle
2026-27,school_program,Bridlemile,ES,Total,K-5,2033-34,399,forecast,middle
2026-27,school_program,Bridlemile,ES,Total,K-5,2034-35,391,forecast,middle
2026-27,school_program,Bridlemile,ES,Total,K-5,2035-36,386,forecast,middle
2026-27,school_program,Capitol Hill,ES,Total,K-5,2023-24,361,actual,middle
2026-27,school_program,Capitol Hill,ES,Total,K-5,2024-25,318,actual,middle
2026-27,school_program,Capitol Hill,ES,Total,K-5,2025-26,325,actual,middle
2026-27,school_program,Capitol Hill,ES,Total,K-5,2026-27,319,forecast,middle
2026-27,school_program,Capitol Hill,ES,Total,K-5,2027-28,310,forecast,middle
2026-27,school_program,Capitol Hill,ES,Total,K-5,2028-29,301,forecast,middle
2026-27,school_program,Capitol Hill,ES,Total,K-5,2029-30,306,forecast,middle
2026-27,school_program,Capitol Hill,ES,Total,K-5,2030-31,319,forecast,middle
2026-27,school_program,Capitol Hill,ES,Total,K-5,2031-32,311,forecast,middle
2026-27,school_program,Capitol Hill,ES,Total,K-5,2032-33,308,forecast,middle
2026-27,school_program,Capitol Hill,ES,Total,K-5,2033-34,301,forecast,middle
2026-27,school_program,Capitol Hill,ES,Total,K-5,2034-35,292,forecast,middle
2026-27,school_program,Capitol Hill,ES,Total,K-5,2035-36,286,forecast,middle
2026-27,school_program,Hayhurst,ES,Total,K-5,2023-24,335,actual,middle
2026-27,school_program,Hayhurst,ES,Total,K-5,2024-25,314,actual,middle
2026-27,school_program,Hayhurst,ES,Total,K-5,2025-26,290,actual,middle
2026-27,school_program,Hayhurst,ES,Total,K-5,2026-27,283,forecast,middle
2026-27,school_program,Hayhurst,ES,Total,K-5,2027-28,274,forecast,middle
2026-27,school_program,Hayhurst,ES,Total,K-5,2028-29,270,forecast,middle
2026-27,school_program,Hayhurst,ES,Total,K-5,2029-30,266,forecast,middle
2026-27,school_program,Hayhurst,ES,Total,K-5,2030-31,263,forecast,middle
2026-27,school_program,Hayhurst,ES,Total,K-5,2031-32,266,forecast,middle
2026-27,school_program,Hayhurst,ES,Total,K-5,2032-33,264,forecast,middle
2026-27,school_program,Hayhurst,ES,Total,K-5,2033-34,262,forecast,middle
2026-27,school_program,Hayhurst,ES,Total,K-5,2034-35,256,forecast,middle
2026-27,school_program,Hayhurst,ES,Total,K-5,2035-36,252,forecast,middle
2026-27,school_program,Maplewood,ES,Total,K-5,2023-24,301,actual,middle
2026-27,school_program,Maplewood,ES,Total,K-5,2024-25,295,actual,middle
2026-27,school_program,Maplewood,ES,Total,K-5,2025-26,287,actual,middle
2026-27,school_program,Maplewood,ES,Total,K-5,2026-27,288,forecast,middle
2026-27,school_program,Maplewood,ES,Total,K-5,2027-28,278,forecast,middle
2026-27,school_program,Maplewood,ES,Total,K-5,2028-29,265,forecast,middle
2026-27,school_program,Maplewood,ES,Total,K-5,2029-30,258,forecast,middle
2026-27,school_program,Maplewood,ES,Total,K-5,2030-31,261,forecast,middle
2026-27,school_program,Maplewood,ES,Total,K-5,2031-32,247,forecast,middle
2026-27,school_program,Maplewood,ES,Total,K-5,2032-33,245,forecast,middle
2026-27,school_program,Maplewood,ES,Total,K-5,2033-34,240,forecast,middle
2026-27,school_program,Maplewood,ES,Total,K-5,2034-35,235,forecast,middle
2026-27,school_program,Maplewood,ES,Total,K-5,2035-36,231,forecast,middle
2026-27,school_program,Markham,ES,Total,K-5,2023-24,402,actual,middle
2026-27,school_program,Markham,ES,Total,K-5,2024-25,341,actual,middle
2026-27,school_program,Markham,ES,Total,K-5,2025-26,339,actual,middle
2026-27,school_program,Markham,ES,Total,K-5,2026-27,325,forecast,middle
2026-27,school_program,Markham,ES,Total,K-5,2027-28,312,forecast,middle
2026-27,school_program,Markham,ES,Total,K-5,2028-29,340,forecast,middle
2026-27,school_program,Markham,ES,Total,K-5,2029-30,347,forecast,middle
2026-27,school_program,Markham,ES,Total,K-5,2030-31,353,forecast,middle
2026-27,school_program,Markham,ES,Total,K-5,2031-32,347,forecast,middle
2026-27,school_program,Markham,ES,Total,K-5,2032-33,339,forecast,middle
2026-27,school_program,Markham,ES,Total,K-5,2033-34,329,forecast,middle
2026-27,school_program,Markham,ES,Total,K-5,2034-35,315,forecast,middle
2026-27,school_program,Markham,ES,Total,K-5,2035-36,309,forecast,middle
2026-27,school_program,Rieke,ES,Total,K-5,2023-24,288,actual,middle
2026-27,school_program,Rieke,ES,Total,K-5,2024-25,278,actual,middle
2026-27,school_program,Rieke,ES,Total,K-5,2025-26,264,actual,middle
2026-27,school_program,Rieke,ES,Total,K-5,2026-27,255,forecast,middle
2026-27,school_program,Rieke,ES,Total,K-5,2027-28,252,forecast,middle
2026-27,school_program,Rieke,ES,Total,K-5,2028-29,296,forecast,middle
2026-27,school_program,Rieke,ES,Total,K-5,2029-30,314,forecast,middle
2026-27,school_program,Rieke,ES,Total,K-5,2030-31,317,forecast,middle
2026-27,school_program,Rieke,ES,Total,K-5,2031-32,311,forecast,middle
2026-27,school_program,Rieke,ES,Total,K-5,2032-33,298,forecast,middle
2026-27,school_program,Rieke,ES,Total,K-5,2033-34,282,forecast,middle
2026-27,school_program,Rieke,ES,Total,K-5,2034-35,256,forecast,middle
2026-27,school_program,Rieke,ES,Total,K-5,2035-36,248,forecast,middle
2026-27,school_program,Stephenson,ES,Total,K-5,2023-24,310,actual,middle
2026-27,school_program,Stephenson,ES,Total,K-5,2024-25,285,actual,middle
2026-27,school_program,Stephenson,ES,Total,K-5,2025-26,281,actual,middle
2026-27,school_program,Stephenson,ES,Total,K-5,2026-27,267,forecast,middle
2026-27,school_program,Stephenson,ES,Total,K-5,2027-28,271,forecast,middle
2026-27,school_program,Stephenson,ES,Total,K-5,2028-29,264,forecast,middle
2026-27,school_program,Stephenson,ES,Total,K-5,2029-30,251,forecast,middle
2026-27,school_program,Stephenson,ES,Total,K-5,2030-31,260,forecast,middle
2026-27,school_program,Stephenson,ES,Total,K-5,2031-32,261,forecast,middle
2026-27,school_program,Stephenson,ES,Total,K-5,2032-33,257,forecast,middle
2026-27,school_program,Stephenson,ES,Total,K-5,2033-34,253,forecast,middle
2026-27,school_program,Stephenson,ES,Total,K-5,2034-35,247,forecast,middle
2026-27,school_program,Stephenson,ES,Total,K-5,2035-36,242,forecast,middle
2026-27,school_program,Gray,MS,Total,6-8,2023-24,472,actual,middle
2026-27,school_program,Gray,MS,Total,6-8,2024-25,438,actual,middle
2026-27,school_program,Gray,MS,Total,6-8,2025-26,432,actual,middle
2026-27,school_program,Gray,MS,Total,6-8,2026-27,431,forecast,middle
2026-27,school_program,Gray,MS,Total,6-8,2027-28,427,forecast,middle
2026-27,school_program,Gray,MS,Total,6-8,2028-29,412,forecast,middle
2026-27,school_program,Gray,MS,Total,6-8,2029-30,403,forecast,middle
2026-27,school_program,Gray,MS,Total,6-8,2030-31,376,forecast,middle
2026-27,school_program,Gray,MS,Total,6-8,2031-32,368,forecast,middle
2026-27,school_program,Gray,MS,Total,6-8,2032-33,359,forecast,middle
2026-27,school_program,Gray,MS,Total,6-8,2033-34,379,forecast,middle
2026-27,school_program,Gray,MS,Total,6-8,2034-35,396,forecast,middle
2026-27,school_program,Gray,MS,Total,6-8,2035-36,398,forecast,middle
2026-27,school_program,Jackson,MS,Total,6-8,2023-24,711,actual,middle
2026-27,school_program,Jackson,MS,Total,6-8,2024-25,715,actual,middle
2026-27,school_program,Jackson,MS,Total,6-8,2025-26,689,actual,middle
2026-27,school_program,Jackson,MS,Total,6-8,2026-27,683,forecast,middle
2026-27,school_program,Jackson,MS,Total,6-8,2027-28,661,forecast,middle
2026-27,school_program,Jackson,MS,Total,6-8,2028-29,659,forecast,middle
2026-27,school_program,Jackson,MS,Total,6-8,2029-30,623,forecast,middle
2026-27,school_program,Jackson,MS,Total,6-8,2030-31,549,forecast,middle
2026-27,school_program,Jackson,MS,Total,6-8,2031-32,515,forecast,middle
2026-27,school_program,Jackson,MS,Total,6-8,2032-33,513,forecast,middle
2026-27,school_program,Jackson,MS,Total,6-8,2033-34,545,forecast,middle
2026-27,school_program,Jackson,MS,Total,6-8,2034-35,549,forecast,middle
2026-27,school_program,Jackson,MS,Total,6-8,2035-36,544,forecast,middle
2026-27,school_program,Ida B Wells-Barnett,HS,Total,9-12,2023-24,1652,actual,middle
2026-27,school_program,Ida B Wells-Barnett,HS,Total,9-12,2024-25,1650,actual,middle
2026-27,school_program,Ida B Wells-Barnett,HS,Total,9-12,2025-26,1574,actual,middle
2026-27,school_program,Ida B Wells-Barnett,HS,Total,9-12,2026-27,1555,forecast,middle
2026-27,school_program,Ida B Wells-Barnett,HS,Total,9-12,2027-28,1524,forecast,middle
2026-27,school_program,Ida B Wells-Barnett,HS,Total,9-12,2028-29,1513,forecast,middle
2026-27,school_program,Ida B Wells-Barnett,HS,Total,9-12,2029-30,1486,forecast,middle
2026-27,school_program,Ida B Wells-Barnett,HS,Total,9-12,2030-31,1488,forecast,middle
2026-27,school_program,Ida B Wells-Barnett,HS,Total,9-12,2031-32,1457,forecast,middle
2026-27,school_program,Ida B Wells-Barnett,HS,Total,9-12,2032-33,1400,forecast,middle
2026-27,school_program,Ida B Wells-Barnett,HS,Total,9-12,2033-34,1308,forecast,middle
2026-27,school_program,Ida B Wells-Barnett,HS,Total,9-12,2034-35,1266,forecast,middle
2026-27,school_program,Ida B Wells-Barnett,HS,Total,9-12,2035-36,1222,forecast,middle
2026-27,school_program,ACCESS,G28,Total,G28,2023-24,329,actual,middle
2026-27,school_program,ACCESS,G28,Total,G28,2024-25,323,actual,middle
2026-27,school_program,ACCESS,G28,Total,G28,2025-26,324,actual,middle
2026-27,school_program,ACCESS,G28,Total,G28,2026-27,315,forecast,middle
2026-27,school_program,ACCESS,G28,Total,G28,2027-28,310,forecast,middle
2026-27,school_program,ACCESS,G28,Total,G28,2028-29,296,forecast,middle
2026-27,school_program,ACCESS,G28,Total,G28,2029-30,286,forecast,middle
2026-27,school_program,ACCESS,G28,Total,G28,2030-31,278,forecast,middle
2026-27,school_program,ACCESS,G28,Total,G28,2031-32,275,forecast,middle
2026-27,school_program,ACCESS,G28,Total,G28,2032-33,274,forecast,middle
2026-27,school_program,ACCESS,G28,Total,G28,2033-34,276,forecast,middle
2026-27,school_program,ACCESS,G28,Total,G28,2034-35,277,forecast,middle
2026-27,school_program,ACCESS,G28,Total,G28,2035-36,277,forecast,middle
2026-27,school_program,Odyssey,K8,Total,K-8,2023-24,227,actual,middle
2026-27,school_program,Odyssey,K8,Total,K-8,2024-25,211,actual,middle
2026-27,school_program,Odyssey,K8,Total,K-8,2025-26,217,actual,middle
2026-27,school_program,Odyssey,K8,Total,K-8,2026-27,221,forecast,middle
2026-27,school_program,Odyssey,K8,Total,K-8,2027-28,220,forecast,middle
2026-27,school_program,Odyssey,K8,Total,K-8,2028-29,223,forecast,middle
2026-27,school_program,Odyssey,K8,Total,K-8,2029-30,222,forecast,middle
2026-27,school_program,Odyssey,K8,Total,K-8,2030-31,223,forecast,middle
2026-27,school_program,Odyssey,K8,Total,K-8,2031-32,224,forecast,middle
2026-27,school_program,Odyssey,K8,Total,K-8,2032-33,225,forecast,middle
2026-27,school_program,Odyssey,K8,Total,K-8,2033-34,230,forecast,middle
2026-27,school_program,Odyssey,K8,Total,K-8,2034-35,235,forecast,middle
2026-27,school_program,Odyssey,K8,Total,K-8,2035-36,240,forecast,middle
2026-27,school_program,Richmond,ES,Total,K-5,2023-24,537,actual,middle
2026-27,school_program,Richmond,ES,Total,K-5,2024-25,530,actual,middle
2026-27,school_program,Richmond,ES,Total,K-5,2025-26,512,actual,middle
2026-27,school_program,Richmond,ES,Total,K-5,2026-27,505,forecast,middle
2026-27,school_program,Richmond,ES,Total,K-5,2027-28,504,forecast,middle
2026-27,school_program,Richmond,ES,Total,K-5,2028-29,502,forecast,middle
2026-27,school_program,Richmond,ES,Total,K-5,2029-30,506,forecast,middle
2026-27,school_program,Richmond,ES,Total,K-5,2030-31,498,forecast,middle
2026-27,school_program,Richmond,ES,Total,K-5,2031-32,497,forecast,middle
2026-27,school_program,Richmond,ES,Total,K-5,2032-33,493,forecast,middle
2026-27,school_program,Richmond,ES,Total,K-5,2033-34,489,forecast,middle
2026-27,school_program,Richmond,ES,Total,K-5,2034-35,484,forecast,middle
2026-27,school_program,Richmond,ES,Total,K-5,2035-36,478,forecast,middle
2026-27,school_program,Winterhaven,K8,Total,K-8,2023-24,316,actual,middle
2026-27,school_program,Winterhaven,K8,Total,K-8,2024-25,322,actual,middle
2026-27,school_program,Winterhaven,K8,Total,K-8,2025-26,316,actual,middle
2026-27,school_program,Winterhaven,K8,Total,K-8,2026-27,315,forecast,middle
2026-27,school_program,Winterhaven,K8,Total,K-8,2027-28,311,forecast,middle
2026-27,school_program,Winterhaven,K8,Total,K-8,2028-29,312,forecast,middle
2026-27,school_program,Winterhaven,K8,Total,K-8,2029-30,312,forecast,middle
2026-27,school_program,Winterhaven,K8,Total,K-8,2030-31,311,forecast,middle
2026-27,school_program,Winterhaven,K8,Total,K-8,2031-32,310,forecast,middle
2026-27,school_program,Winterhaven,K8,Total,K-8,2032-33,310,forecast,middle
2026-27,school_program,Winterhaven,K8,Total,K-8,2033-34,310,forecast,middle
2026-27,school_program,Winterhaven,K8,Total,K-8,2034-35,309,forecast,middle
2026-27,school_program,Winterhaven,K8,Total,K-8,2035-36,308,forecast,middle
2026-27,school_program,da Vinci,MS,Total,K-12,2023-24,407,actual,middle
2026-27,school_program,da Vinci,MS,Total,K-12,2024-25,427,actual,middle
2026-27,school_program,da Vinci,MS,Total,K-12,2025-26,429,actual,middle
2026-27,school_program,da Vinci,MS,Total,K-12,2026-27,430,forecast,middle
2026-27,school_program,da Vinci,MS,Total,K-12,2027-28,430,forecast,middle
2026-27,school_program,da Vinci,MS,Total,K-12,2028-29,430,forecast,middle
2026-27,school_program,da Vinci,MS,Total,K-12,2029-30,428,forecast,middle
2026-27,school_program,da Vinci,MS,Total,K-12,2030-31,424,forecast,middle
2026-27,school_program,da Vinci,MS,Total,K-12,2031-32,419,forecast,middle
2026-27,school_program,da Vinci,MS,Total,K-12,2032-33,415,forecast,middle
2026-27,school_program,da Vinci,MS,Total,K-12,2033-34,412,forecast,middle
2026-27,school_program,da Vinci,MS,Total,K-12,2034-35,411,forecast,middle
2026-27,school_program,da Vinci,MS,Total,K-12,2035-36,409,forecast,middle
2026-27,school_program,Benson Polytechnic,HS,Total,9-12,2023-24,818,actual,middle
2026-27,school_program,Benson Polytechnic,HS,Total,9-12,2024-25,896,actual,middle
2026-27,school_program,Benson Polytechnic,HS,Total,9-12,2025-26,1025,actual,middle
2026-27,school_program,Benson Polytechnic,HS,Total,9-12,2026-27,1114,forecast,middle
2026-27,school_program,Benson Polytechnic,HS,Total,9-12,2027-28,1200,forecast,middle
2026-27,school_program,Benson Polytechnic,HS,Total,9-12,2028-29,1216,forecast,middle
2026-27,school_program,Benson Polytechnic,HS,Total,9-12,2029-30,1215,forecast,middle
2026-27,school_program,Benson Polytechnic,HS,Total,9-12,2030-31,1215,forecast,middle
2026-27,school_program,Benson Polytechnic,HS,Total,9-12,2031-32,1213,forecast,middle
2026-27,school_program,Benson Polytechnic,HS,Total,9-12,2032-33,1211,forecast,middle
2026-27,school_program,Benson Polytechnic,HS,Total,9-12,2033-34,1209,forecast,middle
2026-27,school_program,Benson Polytechnic,HS,Total,9-12,2034-35,1207,forecast,middle
2026-27,school_program,Benson Polytechnic,HS,Total,9-12,2035-36,1206,forecast,middle
2026-27,school_program,MLC,K12,Total,K-12,2023-24,336,actual,middle
2026-27,school_program,MLC,K12,Total,K-12,2024-25,319,actual,middle
2026-27,school_program,MLC,K12,Total,K-12,2025-26,275,actual,middle
2026-27,school_program,MLC,K12,Total,K-12,2026-27,266,forecast,middle
2026-27,school_program,MLC,K12,Total,K-12,2027-28,245,forecast,middle
2026-27,school_program,MLC,K12,Total,K-12,2028-29,231,forecast,middle
2026-27,school_program,MLC,K12,Total,K-12,2029-30,215,forecast,middle
2026-27,school_program,MLC,K12,Total,K-12,2030-31,198,forecast,middle
2026-27,school_program,MLC,K12,Total,K-12,2031-32,199,forecast,middle
2026-27,school_program,MLC,K12,Total,K-12,2032-33,200,forecast,middle
2026-27,school_program,MLC,K12,Total,K-12,2033-34,197,forecast,middle
2026-27,school_program,MLC,K12,Total,K-12,2034-35,195,forecast,middle
2026-27,school_program,MLC,K12,Total,K-12,2035-36,193,forecast,middle
2026-27,school_program,Other (incl. Charters),K12,Total,K-12,2023-24,2659,actual,middle
2026-27,school_program,Other (incl. Charters),K12,Total,K-12,2024-25,2657,actual,middle
2026-27,school_program,Other (incl. Charters),K12,Total,K-12,2025-26,2602,actual,middle
2026-27,school_program,Other (incl. Charters),K12,Total,K-12,2026-27,2458,forecast,middle
2026-27,school_program,Other (incl. Charters),K12,Total,K-12,2027-28,2375,forecast,middle
2026-27,school_program,Other (incl. Charters),K12,Total,K-12,2028-29,2434,forecast,middle
2026-27,school_program,Other (incl. Charters),K12,Total,K-12,2029-30,2420,forecast,middle
2026-27,school_program,Other (incl. Charters),K12,Total,K-12,2030-31,2386,forecast,middle
2026-27,school_program,Other (incl. Charters),K12,Total,K-12,2031-32,2339,forecast,middle
2026-27,school_program,Other (incl. Charters),K12,Total,K-12,2032-33,2276,forecast,middle
2026-27,school_program,Other (incl. Charters),K12,Total,K-12,2033-34,2239,forecast,middle
2026-27,school_program,Other (incl. Charters),K12,Total,K-12,2034-35,2145,forecast,middle
2026-27,school_program,Other (incl. Charters),K12,Total,K-12,2035-36,2133,forecast,middle
2026-27,school_group_subtotal,Elementary Schools Subtotal,,,,2023-24,15202,actual,middle
2026-27,school_group_subtotal,Elementary Schools Subtotal,,,,2024-25,14683,actual,middle
2026-27,school_group_subtotal,Elementary Schools Subtotal,,,,2025-26,14326,actual,middle
2026-27,school_group_subtotal,Elementary Schools Subtotal,,,,2026-27,14086,forecast,middle
2026-27,school_group_subtotal,Elementary Schools Subtotal,,,,2027-28,13877,forecast,middle
2026-27,school_group_subtotal,Elementary Schools Subtotal,,,,2028-29,13980,forecast,middle
2026-27,school_group_subtotal,Elementary Schools Subtotal,,,,2029-30,13933,forecast,middle
2026-27,school_group_subtotal,Elementary Schools Subtotal,,,,2030-31,13884,forecast,middle
2026-27,school_group_subtotal,Elementary Schools Subtotal,,,,2031-32,13756,forecast,middle
2026-27,school_group_subtotal,Elementary Schools Subtotal,,,,2032-33,13553,forecast,middle
2026-27,school_group_subtotal,Elementary Schools Subtotal,,,,2033-34,13275,forecast,middle
2026-27,school_group_subtotal,Elementary Schools Subtotal,,,,2034-35,12891,forecast,middle
2026-27,school_group_subtotal,Elementary Schools Subtotal,,,,2035-36,12685,forecast,middle
2026-27,school_group_subtotal,Middle Schools Subtotal,,,,2023-24,7388,actual,middle
2026-27,school_group_subtotal,Middle Schools Subtotal,,,,2024-25,7356,actual,middle
2026-27,school_group_subtotal,Middle Schools Subtotal,,,,2025-26,7360,actual,middle
2026-27,school_group_subtotal,Middle Schools Subtotal,,,,2026-27,7280,forecast,middle
2026-27,school_group_subtotal,Middle Schools Subtotal,,,,2027-28,7227,forecast,middle
2026-27,school_group_subtotal,Middle Schools Subtotal,,,,2028-29,6954,forecast,middle
2026-27,school_group_subtotal,Middle Schools Subtotal,,,,2029-30,6797,forecast,middle
2026-27,school_group_subtotal,Middle Schools Subtotal,,,,2030-31,6459,forecast,middle
2026-27,school_group_subtotal,Middle Schools Subtotal,,,,2031-32,6361,forecast,middle
2026-27,school_group_subtotal,Middle Schools Subtotal,,,,2032-33,6325,forecast,middle
2026-27,school_group_subtotal,Middle Schools Subtotal,,,,2033-34,6472,forecast,middle
2026-27,school_group_subtotal,Middle Schools Subtotal,,,,2034-35,6642,forecast,middle
2026-27,school_group_subtotal,Middle Schools Subtotal,,,,2035-36,6638,forecast,middle
2026-27,school_group_subtotal,High Schools Subtotal,,,,2023-24,13144,actual,middle
2026-27,school_group_subtotal,High Schools Subtotal,,,,2024-25,13138,actual,middle
2026-27,school_group_subtotal,High Schools Subtotal,,,,2025-26,12990,actual,middle
2026-27,school_group_subtotal,High Schools Subtotal,,,,2026-27,12828,forecast,middle
2026-27,school_group_subtotal,High Schools Subtotal,,,,2027-28,12810,forecast,middle
2026-27,school_group_subtotal,High Schools Subtotal,,,,2028-29,12745,forecast,middle
2026-27,school_group_subtotal,High Schools Subtotal,,,,2029-30,12412,forecast,middle
2026-27,school_group_subtotal,High Schools Subtotal,,,,2030-31,12268,forecast,middle
2026-27,school_group_subtotal,High Schools Subtotal,,,,2031-32,11939,forecast,middle
2026-27,school_group_subtotal,High Schools Subtotal,,,,2032-33,11483,forecast,middle
2026-27,school_group_subtotal,High Schools Subtotal,,,,2033-34,11103,forecast,middle
2026-27,school_group_subtotal,High Schools Subtotal,,,,2034-35,10765,forecast,middle
2026-27,school_group_subtotal,High Schools Subtotal,,,,2035-36,10631,forecast,middle
2026-27,school_group_subtotal,"Other (K-8, 2-8, and K-12)",,,,2023-24,8271,actual,middle
2026-27,school_group_subtotal,"Other (K-8, 2-8, and K-12)",,,,2024-25,8198,actual,middle
2026-27,school_group_subtotal,"Other (K-8, 2-8, and K-12)",,,,2025-26,7946,actual,middle
2026-27,school_group_subtotal,"Other (K-8, 2-8, and K-12)",,,,2026-27,7727,forecast,middle
2026-27,school_group_subtotal,"Other (K-8, 2-8, and K-12)",,,,2027-28,7563,forecast,middle
2026-27,school_group_subtotal,"Other (K-8, 2-8, and K-12)",,,,2028-29,7523,forecast,middle
2026-27,school_group_subtotal,"Other (K-8, 2-8, and K-12)",,,,2029-30,7456,forecast,middle
2026-27,school_group_subtotal,"Other (K-8, 2-8, and K-12)",,,,2030-31,7315,forecast,middle
2026-27,school_group_subtotal,"Other (K-8, 2-8, and K-12)",,,,2031-32,7193,forecast,middle
2026-27,school_group_subtotal,"Other (K-8, 2-8, and K-12)",,,,2032-33,7091,forecast,middle
2026-27,school_group_subtotal,"Other (K-8, 2-8, and K-12)",,,,2033-34,7006,forecast,middle
2026-27,school_group_subtotal,"Other (K-8, 2-8, and K-12)",,,,2034-35,6883,forecast,middle
2026-27,school_group_subtotal,"Other (K-8, 2-8, and K-12)",,,,2035-36,6809,forecast,middle
2026-27,school_group_subtotal,TOTAL,,,,2023-24,44005,actual,middle
2026-27,school_group_subtotal,TOTAL,,,,2024-25,43375,actual,middle
2026-27,school_group_subtotal,TOTAL,,,,2025-26,42622,actual,middle
2026-27,school_group_subtotal,TOTAL,,,,2026-27,41921,forecast,middle
2026-27,school_group_subtotal,TOTAL,,,,2027-28,41477,forecast,middle
2026-27,school_group_subtotal,TOTAL,,,,2028-29,41202,forecast,middle
2026-27,school_group_subtotal,TOTAL,,,,2029-30,40598,forecast,middle
2026-27,school_group_subtotal,TOTAL,,,,2030-31,39926,forecast,middle
2026-27,school_group_subtotal,TOTAL,,,,2031-32,39249,forecast,middle
2026-27,school_group_subtotal,TOTAL,,,,2032-33,38452,forecast,middle
2026-27,school_group_subtotal,TOTAL,,,,2033-34,37856,forecast,middle
2026-27,school_group_subtotal,TOTAL,,,,2034-35,37181,forecast,middle
2026-27,school_group_subtotal,TOTAL,,,,2035-36,36763,forecast,middle
