forecast_vintage,school,program,year,enrollment,type
2022-23,Abernethy,Total,2019-20,507,actual
2022-23,Abernethy,Total,2020-21,451,actual
2022-23,Abernethy,Total,2021-22,374,actual
2022-23,Abernethy,Total,2022-23,364,forecast
2022-23,Abernethy,Total,2023-24,349,forecast
2022-23,Abernethy,Total,2024-25,328,forecast
2022-23,Abernethy,Total,2025-26,321,forecast
2022-23,Abernethy,Total,2026-27,325,forecast
2022-23,Abernethy,Total,2027-28,328,forecast
2022-23,Abernethy,Total,2028-29,322,forecast
2022-23,Abernethy,Total,2029-30,318,forecast
2022-23,Abernethy,Total,2030-31,315,forecast
2022-23,Abernethy,Total,2031-32,315,forecast
2022-23,Ainsworth,Spanish,2019-20,306,actual
2022-23,Ainsworth,Spanish,2020-21,297,actual
2022-23,Ainsworth,Spanish,2021-22,272,actual
2022-23,Ainsworth,Spanish,2022-23,273,forecast
2022-23,Ainsworth,Spanish,2023-24,277,forecast
2022-23,Ainsworth,Spanish,2024-25,279,forecast
2022-23,Ainsworth,Spanish,2025-26,271,forecast
2022-23,Ainsworth,Spanish,2026-27,274,forecast
2022-23,Ainsworth,Spanish,2027-28,271,forecast
2022-23,Ainsworth,Spanish,2028-29,270,forecast
2022-23,Ainsworth,Spanish,2029-30,264,forecast
2022-23,Ainsworth,Spanish,2030-31,261,forecast
2022-23,Ainsworth,Spanish,2031-32,261,forecast
2022-23,Ainsworth,Neighborhood,2019-20,338,actual
2022-23,Ainsworth,Neighborhood,2020-21,297,actual
2022-23,Ainsworth,Neighborhood,2021-22,281,actual
2022-23,Ainsworth,Neighborhood,2022-23,285,forecast
2022-23,Ainsworth,Neighborhood,2023-24,293,forecast
2022-23,Ainsworth,Neighborhood,2024-25,301,forecast
2022-23,Ainsworth,Neighborhood,2025-26,299,forecast
2022-23,Ainsworth,Neighborhood,2026-27,297,forecast
2022-23,Ainsworth,Neighborhood,2027-28,306,forecast
2022-23,Ainsworth,Neighborhood,2028-29,306,forecast
2022-23,Ainsworth,Neighborhood,2029-30,297,forecast
2022-23,Ainsworth,Neighborhood,2030-31,292,forecast
2022-23,Ainsworth,Neighborhood,2031-32,295,forecast
2022-23,Ainsworth,Total,2019-20,644,actual
2022-23,Ainsworth,Total,2020-21,594,actual
2022-23,Ainsworth,Total,2021-22,553,actual
2022-23,Ainsworth,Total,2022-23,558,forecast
2022-23,Ainsworth,Total,2023-24,570,forecast
2022-23,Ainsworth,Total,2024-25,580,forecast
2022-23,Ainsworth,Total,2025-26,570,forecast
2022-23,Ainsworth,Total,2026-27,571,forecast
2022-23,Ainsworth,Total,2027-28,577,forecast
2022-23,Ainsworth,Total,2028-29,576,forecast
2022-23,Ainsworth,Total,2029-30,561,forecast
2022-23,Ainsworth,Total,2030-31,553,forecast
2022-23,Ainsworth,Total,2031-32,556,forecast
2022-23,Alameda,Total,2019-20,704,actual
2022-23,Alameda,Total,2020-21,623,actual
2022-23,Alameda,Total,2021-22,525,actual
2022-23,Alameda,Total,2022-23,522,forecast
2022-23,Alameda,Total,2023-24,522,forecast
2022-23,Alameda,Total,2024-25,516,forecast
2022-23,Alameda,Total,2025-26,521,forecast
2022-23,Alameda,Total,2026-27,509,forecast
2022-23,Alameda,Total,2027-28,496,forecast
2022-23,Alameda,Total,2028-29,488,forecast
2022-23,Alameda,Total,2029-30,476,forecast
2022-23,Alameda,Total,2030-31,466,forecast
2022-23,Alameda,Total,2031-32,469,forecast
2022-23,Arleta,Total,2019-20,526,actual
2022-23,Arleta,Total,2020-21,485,actual
2022-23,Arleta,Total,2021-22,269,actual
2022-23,Arleta,Total,2022-23,276,forecast
2022-23,Arleta,Total,2023-24,286,forecast
2022-23,Arleta,Total,2024-25,276,forecast
2022-23,Arleta,Total,2025-26,275,forecast
2022-23,Arleta,Total,2026-27,269,forecast
2022-23,Arleta,Total,2027-28,274,forecast
2022-23,Arleta,Total,2028-29,266,forecast
2022-23,Arleta,Total,2029-30,262,forecast
2022-23,Arleta,Total,2030-31,261,forecast
2022-23,Arleta,Total,2031-32,256,forecast
2022-23,Astor,Total,2019-20,416,actual
2022-23,Astor,Total,2020-21,394,actual
2022-23,Astor,Total,2021-22,393,actual
2022-23,Astor,Total,2022-23,375,forecast
2022-23,Astor,Total,2023-24,372,forecast
2022-23,Astor,Total,2024-25,364,forecast
2022-23,Astor,Total,2025-26,331,forecast
2022-23,Astor,Total,2026-27,329,forecast
2022-23,Astor,Total,2027-28,320,forecast
2022-23,Astor,Total,2028-29,318,forecast
2022-23,Astor,Total,2029-30,313,forecast
2022-23,Astor,Total,2030-31,298,forecast
2022-23,Astor,Total,2031-32,292,forecast
2022-23,Atkinson,Spanish,2019-20,153,actual
2022-23,Atkinson,Spanish,2020-21,144,actual
2022-23,Atkinson,Spanish,2021-22,136,actual
2022-23,Atkinson,Spanish,2022-23,129,forecast
2022-23,Atkinson,Spanish,2023-24,126,forecast
2022-23,Atkinson,Spanish,2024-25,123,forecast
2022-23,Atkinson,Spanish,2025-26,121,forecast
2022-23,Atkinson,Spanish,2026-27,121,forecast
2022-23,Atkinson,Spanish,2027-28,119,forecast
2022-23,Atkinson,Spanish,2028-29,119,forecast
2022-23,Atkinson,Spanish,2029-30,119,forecast
2022-23,Atkinson,Spanish,2030-31,119,forecast
2022-23,Atkinson,Spanish,2031-32,119,forecast
2022-23,Atkinson,Neighborhood,2019-20,238,actual
2022-23,Atkinson,Neighborhood,2020-21,246,actual
2022-23,Atkinson,Neighborhood,2021-22,206,actual
2022-23,Atkinson,Neighborhood,2022-23,213,forecast
2022-23,Atkinson,Neighborhood,2023-24,203,forecast
2022-23,Atkinson,Neighborhood,2024-25,196,forecast
2022-23,Atkinson,Neighborhood,2025-26,188,forecast
2022-23,Atkinson,Neighborhood,2026-27,179,forecast
2022-23,Atkinson,Neighborhood,2027-28,177,forecast
2022-23,Atkinson,Neighborhood,2028-29,177,forecast
2022-23,Atkinson,Neighborhood,2029-30,177,forecast
2022-23,Atkinson,Neighborhood,2030-31,177,forecast
2022-23,Atkinson,Neighborhood,2031-32,178,forecast
2022-23,Atkinson,Total,2019-20,391,actual
2022-23,Atkinson,Total,2020-21,390,actual
2022-23,Atkinson,Total,2021-22,342,actual
2022-23,Atkinson,Total,2022-23,342,forecast
2022-23,Atkinson,Total,2023-24,329,forecast
2022-23,Atkinson,Total,2024-25,319,forecast
2022-23,Atkinson,Total,2025-26,309,forecast
2022-23,Atkinson,Total,2026-27,300,forecast
2022-23,Atkinson,Total,2027-28,296,forecast
2022-23,Atkinson,Total,2028-29,296,forecast
2022-23,Atkinson,Total,2029-30,296,forecast
2022-23,Atkinson,Total,2030-31,296,forecast
2022-23,Atkinson,Total,2031-32,297,forecast
2022-23,Beach,Spanish,2019-20,283,actual
2022-23,Beach,Spanish,2020-21,252,actual
2022-23,Beach,Spanish,2021-22,224,actual
2022-23,Beach,Spanish,2022-23,225,forecast
2022-23,Beach,Spanish,2023-24,230,forecast
2022-23,Beach,Spanish,2024-25,230,forecast
2022-23,Beach,Spanish,2025-26,231,forecast
2022-23,Beach,Spanish,2026-27,230,forecast
2022-23,Beach,Spanish,2027-28,225,forecast
2022-23,Beach,Spanish,2028-29,223,forecast
2022-23,Beach,Spanish,2029-30,220,forecast
2022-23,Beach,Spanish,2030-31,219,forecast
2022-23,Beach,Spanish,2031-32,219,forecast
2022-23,Beach,Neighborhood,2019-20,153,actual
2022-23,Beach,Neighborhood,2020-21,130,actual
2022-23,Beach,Neighborhood,2021-22,127,actual
2022-23,Beach,Neighborhood,2022-23,120,forecast
2022-23,Beach,Neighborhood,2023-24,119,forecast
2022-23,Beach,Neighborhood,2024-25,113,forecast
2022-23,Beach,Neighborhood,2025-26,95,forecast
2022-23,Beach,Neighborhood,2026-27,97,forecast
2022-23,Beach,Neighborhood,2027-28,94,forecast
2022-23,Beach,Neighborhood,2028-29,91,forecast
2022-23,Beach,Neighborhood,2029-30,89,forecast
2022-23,Beach,Neighborhood,2030-31,90,forecast
2022-23,Beach,Neighborhood,2031-32,90,forecast
2022-23,Beach,Total,2019-20,436,actual
2022-23,Beach,Total,2020-21,382,actual
2022-23,Beach,Total,2021-22,351,actual
2022-23,Beach,Total,2022-23,345,forecast
2022-23,Beach,Total,2023-24,349,forecast
2022-23,Beach,Total,2024-25,343,forecast
2022-23,Beach,Total,2025-26,326,forecast
2022-23,Beach,Total,2026-27,327,forecast
2022-23,Beach,Total,2027-28,319,forecast
2022-23,Beach,Total,2028-29,314,forecast
2022-23,Beach,Total,2029-30,309,forecast
2022-23,Beach,Total,2030-31,309,forecast
2022-23,Beach,Total,2031-32,309,forecast
2022-23,Beverly Cleary,Fernwood,2019-20,619,actual
2022-23,Beverly Cleary,Fernwood,2020-21,600,actual
2022-23,Beverly Cleary,Fernwood,2021-22,553,actual
2022-23,Beverly Cleary,Fernwood,2022-23,522,forecast
2022-23,Beverly Cleary,Fernwood,2023-24,513,forecast
2022-23,Beverly Cleary,Fernwood,2024-25,482,forecast
2022-23,Beverly Cleary,Fernwood,2025-26,459,forecast
2022-23,Beverly Cleary,Fernwood,2026-27,456,forecast
2022-23,Beverly Cleary,Fernwood,2027-28,425,forecast
2022-23,Beverly Cleary,Fernwood,2028-29,410,forecast
2022-23,Beverly Cleary,Fernwood,2029-30,399,forecast
2022-23,Beverly Cleary,Fernwood,2030-31,395,forecast
2022-23,Beverly Cleary,Fernwood,2031-32,393,forecast
2022-23,Beverly Cleary,Hollyrood,2019-20,123,actual
2022-23,Beverly Cleary,Hollyrood,2020-21,92,actual
2022-23,Beverly Cleary,Hollyrood,2021-22,104,actual
2022-23,Beverly Cleary,Hollyrood,2022-23,95,forecast
2022-23,Beverly Cleary,Hollyrood,2023-24,91,forecast
2022-23,Beverly Cleary,Hollyrood,2024-25,93,forecast
2022-23,Beverly Cleary,Hollyrood,2025-26,86,forecast
2022-23,Beverly Cleary,Hollyrood,2026-27,81,forecast
2022-23,Beverly Cleary,Hollyrood,2027-28,82,forecast
2022-23,Beverly Cleary,Hollyrood,2028-29,83,forecast
2022-23,Beverly Cleary,Hollyrood,2029-30,83,forecast
2022-23,Beverly Cleary,Hollyrood,2030-31,83,forecast
2022-23,Beverly Cleary,Hollyrood,2031-32,83,forecast
2022-23,Beverly Cleary,Total,2019-20,742,actual
2022-23,Beverly Cleary,Total,2020-21,692,actual
2022-23,Beverly Cleary,Total,2021-22,657,actual
2022-23,Beverly Cleary,Total,2022-23,617,forecast
2022-23,Beverly Cleary,Total,2023-24,604,forecast
2022-23,Beverly Cleary,Total,2024-25,575,forecast
2022-23,Beverly Cleary,Total,2025-26,545,forecast
2022-23,Beverly Cleary,Total,2026-27,537,forecast
2022-23,Beverly Cleary,Total,2027-28,507,forecast
2022-23,Beverly Cleary,Total,2028-29,493,forecast
2022-23,Beverly Cleary,Total,2029-30,482,forecast
2022-23,Beverly Cleary,Total,2030-31,478,forecast
2022-23,Beverly Cleary,Total,2031-32,476,forecast
2022-23,Boise-Eliot/Humboldt,Total,2019-20,325,actual
2022-23,Boise-Eliot/Humboldt,Total,2020-21,327,actual
2022-23,Boise-Eliot/Humboldt,Total,2021-22,321,actual
2022-23,Boise-Eliot/Humboldt,Total,2022-23,325,forecast
2022-23,Boise-Eliot/Humboldt,Total,2023-24,311,forecast
2022-23,Boise-Eliot/Humboldt,Total,2024-25,302,forecast
2022-23,Boise-Eliot/Humboldt,Total,2025-26,286,forecast
2022-23,Boise-Eliot/Humboldt,Total,2026-27,268,forecast
2022-23,Boise-Eliot/Humboldt,Total,2027-28,261,forecast
2022-23,Boise-Eliot/Humboldt,Total,2028-29,257,forecast
2022-23,Boise-Eliot/Humboldt,Total,2029-30,255,forecast
2022-23,Boise-Eliot/Humboldt,Total,2030-31,255,forecast
2022-23,Boise-Eliot/Humboldt,Total,2031-32,253,forecast
2022-23,Bridger,Spanish,2019-20,322,actual
2022-23,Bridger,Spanish,2020-21,319,actual
2022-23,Bridger,Spanish,2021-22,211,actual
2022-23,Bridger,Spanish,2022-23,214,forecast
2022-23,Bridger,Spanish,2023-24,208,forecast
2022-23,Bridger,Spanish,2024-25,212,forecast
2022-23,Bridger,Spanish,2025-26,210,forecast
2022-23,Bridger,Spanish,2026-27,204,forecast
2022-23,Bridger,Spanish,2027-28,199,forecast
2022-23,Bridger,Spanish,2028-29,196,forecast
2022-23,Bridger,Spanish,2029-30,197,forecast
2022-23,Bridger,Spanish,2030-31,198,forecast
2022-23,Bridger,Spanish,2031-32,199,forecast
2022-23,Bridger,Neighborhood,2019-20,194,actual
2022-23,Bridger,Neighborhood,2020-21,195,actual
2022-23,Bridger,Neighborhood,2021-22,126,actual
2022-23,Bridger,Neighborhood,2022-23,121,forecast
2022-23,Bridger,Neighborhood,2023-24,123,forecast
2022-23,Bridger,Neighborhood,2024-25,112,forecast
2022-23,Bridger,Neighborhood,2025-26,108,forecast
2022-23,Bridger,Neighborhood,2026-27,105,forecast
2022-23,Bridger,Neighborhood,2027-28,101,forecast
2022-23,Bridger,Neighborhood,2028-29,98,forecast
2022-23,Bridger,Neighborhood,2029-30,97,forecast
2022-23,Bridger,Neighborhood,2030-31,97,forecast
2022-23,Bridger,Neighborhood,2031-32,97,forecast
2022-23,Bridger,Total,2019-20,516,actual
2022-23,Bridger,Total,2020-21,514,actual
2022-23,Bridger,Total,2021-22,337,actual
2022-23,Bridger,Total,2022-23,335,forecast
2022-23,Bridger,Total,2023-24,331,forecast
2022-23,Bridger,Total,2024-25,324,forecast
2022-23,Bridger,Total,2025-26,318,forecast
2022-23,Bridger,Total,2026-27,309,forecast
2022-23,Bridger,Total,2027-28,300,forecast
2022-23,Bridger,Total,2028-29,294,forecast
2022-23,Bridger,Total,2029-30,294,forecast
2022-23,Bridger,Total,2030-31,295,forecast
2022-23,Bridger,Total,2031-32,296,forecast
2022-23,Bridlemile,Total,2019-20,508,actual
2022-23,Bridlemile,Total,2020-21,437,actual
2022-23,Bridlemile,Total,2021-22,435,actual
2022-23,Bridlemile,Total,2022-23,430,forecast
2022-23,Bridlemile,Total,2023-24,422,forecast
2022-23,Bridlemile,Total,2024-25,411,forecast
2022-23,Bridlemile,Total,2025-26,395,forecast
2022-23,Bridlemile,Total,2026-27,393,forecast
2022-23,Bridlemile,Total,2027-28,378,forecast
2022-23,Bridlemile,Total,2028-29,378,forecast
2022-23,Bridlemile,Total,2029-30,378,forecast
2022-23,Bridlemile,Total,2030-31,379,forecast
2022-23,Bridlemile,Total,2031-32,379,forecast
2022-23,Buckman,Total,2019-20,427,actual
2022-23,Buckman,Total,2020-21,446,actual
2022-23,Buckman,Total,2021-22,400,actual
2022-23,Buckman,Total,2022-23,401,forecast
2022-23,Buckman,Total,2023-24,390,forecast
2022-23,Buckman,Total,2024-25,382,forecast
2022-23,Buckman,Total,2025-26,378,forecast
2022-23,Buckman,Total,2026-27,373,forecast
2022-23,Buckman,Total,2027-28,371,forecast
2022-23,Buckman,Total,2028-29,369,forecast
2022-23,Buckman,Total,2029-30,369,forecast
2022-23,Buckman,Total,2030-31,369,forecast
2022-23,Buckman,Total,2031-32,369,forecast
2022-23,Capitol Hill,Total,2019-20,416,actual
2022-23,Capitol Hill,Total,2020-21,346,actual
2022-23,Capitol Hill,Total,2021-22,324,actual
2022-23,Capitol Hill,Total,2022-23,318,forecast
2022-23,Capitol Hill,Total,2023-24,329,forecast
2022-23,Capitol Hill,Total,2024-25,328,forecast
2022-23,Capitol Hill,Total,2025-26,319,forecast
2022-23,Capitol Hill,Total,2026-27,317,forecast
2022-23,Capitol Hill,Total,2027-28,310,forecast
2022-23,Capitol Hill,Total,2028-29,304,forecast
2022-23,Capitol Hill,Total,2029-30,299,forecast
2022-23,Capitol Hill,Total,2030-31,298,forecast
2022-23,Capitol Hill,Total,2031-32,297,forecast
2022-23,César Chávez,Spanish,2019-20,319,actual
2022-23,César Chávez,Spanish,2020-21,308,actual
2022-23,César Chávez,Spanish,2021-22,309,actual
2022-23,César Chávez,Spanish,2022-23,290,forecast
2022-23,César Chávez,Spanish,2023-24,292,forecast
2022-23,César Chávez,Spanish,2024-25,281,forecast
2022-23,César Chávez,Spanish,2025-26,273,forecast
2022-23,César Chávez,Spanish,2026-27,259,forecast
2022-23,César Chávez,Spanish,2027-28,245,forecast
2022-23,César Chávez,Spanish,2028-29,236,forecast
2022-23,César Chávez,Spanish,2029-30,227,forecast
2022-23,César Chávez,Spanish,2030-31,226,forecast
2022-23,César Chávez,Spanish,2031-32,225,forecast
2022-23,César Chávez,Neighborhood,2019-20,230,actual
2022-23,César Chávez,Neighborhood,2020-21,236,actual
2022-23,César Chávez,Neighborhood,2021-22,176,actual
2022-23,César Chávez,Neighborhood,2022-23,169,forecast
2022-23,César Chávez,Neighborhood,2023-24,155,forecast
2022-23,César Chávez,Neighborhood,2024-25,150,forecast
2022-23,César Chávez,Neighborhood,2025-26,148,forecast
2022-23,César Chávez,Neighborhood,2026-27,146,forecast
2022-23,César Chávez,Neighborhood,2027-28,133,forecast
2022-23,César Chávez,Neighborhood,2028-29,135,forecast
2022-23,César Chávez,Neighborhood,2029-30,127,forecast
2022-23,César Chávez,Neighborhood,2030-31,127,forecast
2022-23,César Chávez,Neighborhood,2031-32,127,forecast
2022-23,César Chávez,Total,2019-20,549,actual
2022-23,César Chávez,Total,2020-21,544,actual
2022-23,César Chávez,Total,2021-22,485,actual
2022-23,César Chávez,Total,2022-23,459,forecast
2022-23,César Chávez,Total,2023-24,447,forecast
2022-23,César Chávez,Total,2024-25,431,forecast
2022-23,César Chávez,Total,2025-26,421,forecast
2022-23,César Chávez,Total,2026-27,405,forecast
2022-23,César Chávez,Total,2027-28,378,forecast
2022-23,César Chávez,Total,2028-29,371,forecast
2022-23,César Chávez,Total,2029-30,354,forecast
2022-23,César Chávez,Total,2030-31,353,forecast
2022-23,César Chávez,Total,2031-32,352,forecast
2022-23,Chapman,Total,2019-20,484,actual
2022-23,Chapman,Total,2020-21,375,actual
2022-23,Chapman,Total,2021-22,341,actual
2022-23,Chapman,Total,2022-23,351,forecast
2022-23,Chapman,Total,2023-24,352,forecast
2022-23,Chapman,Total,2024-25,365,forecast
2022-23,Chapman,Total,2025-26,363,forecast
2022-23,Chapman,Total,2026-27,373,forecast
2022-23,Chapman,Total,2027-28,364,forecast
2022-23,Chapman,Total,2028-29,364,forecast
2022-23,Chapman,Total,2029-30,359,forecast
2022-23,Chapman,Total,2030-31,358,forecast
2022-23,Chapman,Total,2031-32,361,forecast
2022-23,Chief Joseph,Total,2019-20,351,actual
2022-23,Chief Joseph,Total,2020-21,305,actual
2022-23,Chief Joseph,Total,2021-22,269,actual
2022-23,Chief Joseph,Total,2022-23,273,forecast
2022-23,Chief Joseph,Total,2023-24,274,forecast
2022-23,Chief Joseph,Total,2024-25,279,forecast
2022-23,Chief Joseph,Total,2025-26,267,forecast
2022-23,Chief Joseph,Total,2026-27,269,forecast
2022-23,Chief Joseph,Total,2027-28,261,forecast
2022-23,Chief Joseph,Total,2028-29,254,forecast
2022-23,Chief Joseph,Total,2029-30,247,forecast
2022-23,Chief Joseph,Total,2030-31,244,forecast
2022-23,Chief Joseph,Total,2031-32,243,forecast
2022-23,Creative Science,Total,2019-20,468,actual
2022-23,Creative Science,Total,2020-21,450,actual
2022-23,Creative Science,Total,2021-22,419,actual
2022-23,Creative Science,Total,2022-23,441,forecast
2022-23,Creative Science,Total,2023-24,445,forecast
2022-23,Creative Science,Total,2024-25,450,forecast
2022-23,Creative Science,Total,2025-26,452,forecast
2022-23,Creative Science,Total,2026-27,457,forecast
2022-23,Creative Science,Total,2027-28,464,forecast
2022-23,Creative Science,Total,2028-29,469,forecast
2022-23,Creative Science,Total,2029-30,471,forecast
2022-23,Creative Science,Total,2030-31,468,forecast
2022-23,Creative Science,Total,2031-32,468,forecast
2022-23,Creston,Total,2019-20,375,actual
2022-23,Creston,Total,2020-21,385,actual
2022-23,Creston,Total,2021-22,250,actual
2022-23,Creston,Total,2022-23,254,forecast
2022-23,Creston,Total,2023-24,246,forecast
2022-23,Creston,Total,2024-25,244,forecast
2022-23,Creston,Total,2025-26,229,forecast
2022-23,Creston,Total,2026-27,219,forecast
2022-23,Creston,Total,2027-28,220,forecast
2022-23,Creston,Total,2028-29,215,forecast
2022-23,Creston,Total,2029-30,213,forecast
2022-23,Creston,Total,2030-31,212,forecast
2022-23,Creston,Total,2031-32,212,forecast
2022-23,Duniway,Total,2019-20,512,actual
2022-23,Duniway,Total,2020-21,468,actual
2022-23,Duniway,Total,2021-22,436,actual
2022-23,Duniway,Total,2022-23,433,forecast
2022-23,Duniway,Total,2023-24,427,forecast
2022-23,Duniway,Total,2024-25,412,forecast
2022-23,Duniway,Total,2025-26,409,forecast
2022-23,Duniway,Total,2026-27,411,forecast
2022-23,Duniway,Total,2027-28,398,forecast
2022-23,Duniway,Total,2028-29,391,forecast
2022-23,Duniway,Total,2029-30,388,forecast
2022-23,Duniway,Total,2030-31,386,forecast
2022-23,Duniway,Total,2031-32,387,forecast
2022-23,Faubion,Total,2019-20,701,actual
2022-23,Faubion,Total,2020-21,697,actual
2022-23,Faubion,Total,2021-22,627,actual
2022-23,Faubion,Total,2022-23,631,forecast
2022-23,Faubion,Total,2023-24,627,forecast
2022-23,Faubion,Total,2024-25,647,forecast
2022-23,Faubion,Total,2025-26,655,forecast
2022-23,Faubion,Total,2026-27,629,forecast
2022-23,Faubion,Total,2027-28,607,forecast
2022-23,Faubion,Total,2028-29,585,forecast
2022-23,Faubion,Total,2029-30,586,forecast
2022-23,Faubion,Total,2030-31,576,forecast
2022-23,Faubion,Total,2031-32,568,forecast
2022-23,Forest Park,Total,2019-20,402,actual
2022-23,Forest Park,Total,2020-21,348,actual
2022-23,Forest Park,Total,2021-22,333,actual
2022-23,Forest Park,Total,2022-23,318,forecast
2022-23,Forest Park,Total,2023-24,325,forecast
2022-23,Forest Park,Total,2024-25,313,forecast
2022-23,Forest Park,Total,2025-26,286,forecast
2022-23,Forest Park,Total,2026-27,278,forecast
2022-23,Forest Park,Total,2027-28,283,forecast
2022-23,Forest Park,Total,2028-29,285,forecast
2022-23,Forest Park,Total,2029-30,282,forecast
2022-23,Forest Park,Total,2030-31,282,forecast
2022-23,Forest Park,Total,2031-32,286,forecast
2022-23,Glencoe,Total,2019-20,449,actual
2022-23,Glencoe,Total,2020-21,395,actual
2022-23,Glencoe,Total,2021-22,373,actual
2022-23,Glencoe,Total,2022-23,381,forecast
2022-23,Glencoe,Total,2023-24,381,forecast
2022-23,Glencoe,Total,2024-25,374,forecast
2022-23,Glencoe,Total,2025-26,372,forecast
2022-23,Glencoe,Total,2026-27,364,forecast
2022-23,Glencoe,Total,2027-28,358,forecast
2022-23,Glencoe,Total,2028-29,349,forecast
2022-23,Glencoe,Total,2029-30,346,forecast
2022-23,Glencoe,Total,2030-31,346,forecast
2022-23,Glencoe,Total,2031-32,342,forecast
2022-23,Grout,Total,2019-20,370,actual
2022-23,Grout,Total,2020-21,350,actual
2022-23,Grout,Total,2021-22,340,actual
2022-23,Grout,Total,2022-23,331,forecast
2022-23,Grout,Total,2023-24,320,forecast
2022-23,Grout,Total,2024-25,323,forecast
2022-23,Grout,Total,2025-26,316,forecast
2022-23,Grout,Total,2026-27,307,forecast
2022-23,Grout,Total,2027-28,300,forecast
2022-23,Grout,Total,2028-29,295,forecast
2022-23,Grout,Total,2029-30,293,forecast
2022-23,Grout,Total,2030-31,292,forecast
2022-23,Grout,Total,2031-32,293,forecast
2022-23,Harrison Park,Mandarin,2019-20,80,actual
2022-23,Harrison Park,Mandarin,2020-21,84,actual
2022-23,Harrison Park,Mandarin,2021-22,72,actual
2022-23,Harrison Park,Mandarin,2022-23,75,forecast
2022-23,Harrison Park,Mandarin,2023-24,80,forecast
2022-23,Harrison Park,Mandarin,2024-25,83,forecast
2022-23,Harrison Park,Mandarin,2025-26,76,forecast
2022-23,Harrison Park,Mandarin,2026-27,70,forecast
2022-23,Harrison Park,Mandarin,2027-28,65,forecast
2022-23,Harrison Park,Mandarin,2028-29,62,forecast
2022-23,Harrison Park,Mandarin,2029-30,61,forecast
2022-23,Harrison Park,Mandarin,2030-31,62,forecast
2022-23,Harrison Park,Mandarin,2031-32,62,forecast
2022-23,Harrison Park,Neighborhood,2019-20,557,actual
2022-23,Harrison Park,Neighborhood,2020-21,517,actual
2022-23,Harrison Park,Neighborhood,2021-22,457,actual
2022-23,Harrison Park,Neighborhood,2022-23,430,forecast
2022-23,Harrison Park,Neighborhood,2023-24,391,forecast
2022-23,Harrison Park,Neighborhood,2024-25,372,forecast
2022-23,Harrison Park,Neighborhood,2025-26,364,forecast
2022-23,Harrison Park,Neighborhood,2026-27,358,forecast
2022-23,Harrison Park,Neighborhood,2027-28,340,forecast
2022-23,Harrison Park,Neighborhood,2028-29,323,forecast
2022-23,Harrison Park,Neighborhood,2029-30,310,forecast
2022-23,Harrison Park,Neighborhood,2030-31,309,forecast
2022-23,Harrison Park,Neighborhood,2031-32,303,forecast
2022-23,Harrison Park,Total,2019-20,637,actual
2022-23,Harrison Park,Total,2020-21,601,actual
2022-23,Harrison Park,Total,2021-22,529,actual
2022-23,Harrison Park,Total,2022-23,505,forecast
2022-23,Harrison Park,Total,2023-24,471,forecast
2022-23,Harrison Park,Total,2024-25,455,forecast
2022-23,Harrison Park,Total,2025-26,440,forecast
2022-23,Harrison Park,Total,2026-27,428,forecast
2022-23,Harrison Park,Total,2027-28,405,forecast
2022-23,Harrison Park,Total,2028-29,385,forecast
2022-23,Harrison Park,Total,2029-30,371,forecast
2022-23,Harrison Park,Total,2030-31,371,forecast
2022-23,Harrison Park,Total,2031-32,365,forecast
2022-23,Hayhurst,Total,2019-20,396,actual
2022-23,Hayhurst,Total,2020-21,380,actual
2022-23,Hayhurst,Total,2021-22,351,actual
2022-23,Hayhurst,Total,2022-23,341,forecast
2022-23,Hayhurst,Total,2023-24,338,forecast
2022-23,Hayhurst,Total,2024-25,333,forecast
2022-23,Hayhurst,Total,2025-26,310,forecast
2022-23,Hayhurst,Total,2026-27,315,forecast
2022-23,Hayhurst,Total,2027-28,313,forecast
2022-23,Hayhurst,Total,2028-29,310,forecast
2022-23,Hayhurst,Total,2029-30,306,forecast
2022-23,Hayhurst,Total,2030-31,305,forecast
2022-23,Hayhurst,Total,2031-32,304,forecast
2022-23,Irvington,Total,2019-20,325,actual
2022-23,Irvington,Total,2020-21,320,actual
2022-23,Irvington,Total,2021-22,248,actual
2022-23,Irvington,Total,2022-23,242,forecast
2022-23,Irvington,Total,2023-24,241,forecast
2022-23,Irvington,Total,2024-25,244,forecast
2022-23,Irvington,Total,2025-26,237,forecast
2022-23,Irvington,Total,2026-27,233,forecast
2022-23,Irvington,Total,2027-28,232,forecast
2022-23,Irvington,Total,2028-29,230,forecast
2022-23,Irvington,Total,2029-30,228,forecast
2022-23,Irvington,Total,2030-31,228,forecast
2022-23,Irvington,Total,2031-32,229,forecast
2022-23,James John,Spanish,2019-20,127,actual
2022-23,James John,Spanish,2020-21,125,actual
2022-23,James John,Spanish,2021-22,124,actual
2022-23,James John,Spanish,2022-23,122,forecast
2022-23,James John,Spanish,2023-24,123,forecast
2022-23,James John,Spanish,2024-25,128,forecast
2022-23,James John,Spanish,2025-26,123,forecast
2022-23,James John,Spanish,2026-27,117,forecast
2022-23,James John,Spanish,2027-28,113,forecast
2022-23,James John,Spanish,2028-29,111,forecast
2022-23,James John,Spanish,2029-30,108,forecast
2022-23,James John,Spanish,2030-31,108,forecast
2022-23,James John,Spanish,2031-32,108,forecast
2022-23,James John,Neighborhood,2019-20,224,actual
2022-23,James John,Neighborhood,2020-21,191,actual
2022-23,James John,Neighborhood,2021-22,208,actual
2022-23,James John,Neighborhood,2022-23,216,forecast
2022-23,James John,Neighborhood,2023-24,215,forecast
2022-23,James John,Neighborhood,2024-25,210,forecast
2022-23,James John,Neighborhood,2025-26,204,forecast
2022-23,James John,Neighborhood,2026-27,192,forecast
2022-23,James John,Neighborhood,2027-28,186,forecast
2022-23,James John,Neighborhood,2028-29,182,forecast
2022-23,James John,Neighborhood,2029-30,178,forecast
2022-23,James John,Neighborhood,2030-31,177,forecast
2022-23,James John,Neighborhood,2031-32,178,forecast
2022-23,James John,Total,2019-20,351,actual
2022-23,James John,Total,2020-21,316,actual
2022-23,James John,Total,2021-22,332,actual
2022-23,James John,Total,2022-23,338,forecast
2022-23,James John,Total,2023-24,338,forecast
2022-23,James John,Total,2024-25,338,forecast
2022-23,James John,Total,2025-26,327,forecast
2022-23,James John,Total,2026-27,309,forecast
2022-23,James John,Total,2027-28,299,forecast
2022-23,James John,Total,2028-29,293,forecast
2022-23,James John,Total,2029-30,286,forecast
2022-23,James John,Total,2030-31,285,forecast
2022-23,James John,Total,2031-32,286,forecast
2022-23,Kelly,Russian,2019-20,224,actual
2022-23,Kelly,Russian,2020-21,176,actual
2022-23,Kelly,Russian,2021-22,134,actual
2022-23,Kelly,Russian,2022-23,130,forecast
2022-23,Kelly,Russian,2023-24,132,forecast
2022-23,Kelly,Russian,2024-25,120,forecast
2022-23,Kelly,Russian,2025-26,116,forecast
2022-23,Kelly,Russian,2026-27,115,forecast
2022-23,Kelly,Russian,2027-28,115,forecast
2022-23,Kelly,Russian,2028-29,114,forecast
2022-23,Kelly,Russian,2029-30,114,forecast
2022-23,Kelly,Russian,2030-31,115,forecast
2022-23,Kelly,Russian,2031-32,116,forecast
2022-23,Kelly,Neighborhood,2019-20,252,actual
2022-23,Kelly,Neighborhood,2020-21,243,actual
2022-23,Kelly,Neighborhood,2021-22,238,actual
2022-23,Kelly,Neighborhood,2022-23,231,forecast
2022-23,Kelly,Neighborhood,2023-24,221,forecast
2022-23,Kelly,Neighborhood,2024-25,210,forecast
2022-23,Kelly,Neighborhood,2025-26,202,forecast
2022-23,Kelly,Neighborhood,2026-27,201,forecast
2022-23,Kelly,Neighborhood,2027-28,196,forecast
2022-23,Kelly,Neighborhood,2028-29,194,forecast
2022-23,Kelly,Neighborhood,2029-30,192,forecast
2022-23,Kelly,Neighborhood,2030-31,193,forecast
2022-23,Kelly,Neighborhood,2031-32,193,forecast
2022-23,Kelly,Total,2019-20,476,actual
2022-23,Kelly,Total,2020-21,419,actual
2022-23,Kelly,Total,2021-22,372,actual
2022-23,Kelly,Total,2022-23,361,forecast
2022-23,Kelly,Total,2023-24,353,forecast
2022-23,Kelly,Total,2024-25,330,forecast
2022-23,Kelly,Total,2025-26,318,forecast
2022-23,Kelly,Total,2026-27,316,forecast
2022-23,Kelly,Total,2027-28,311,forecast
2022-23,Kelly,Total,2028-29,308,forecast
2022-23,Kelly,Total,2029-30,306,forecast
2022-23,Kelly,Total,2030-31,308,forecast
2022-23,Kelly,Total,2031-32,309,forecast
2022-23,Laurelhurst,Total,2019-20,698,actual
2022-23,Laurelhurst,Total,2020-21,688,actual
2022-23,Laurelhurst,Total,2021-22,649,actual
2022-23,Laurelhurst,Total,2022-23,628,forecast
2022-23,Laurelhurst,Total,2023-24,643,forecast
2022-23,Laurelhurst,Total,2024-25,667,forecast
2022-23,Laurelhurst,Total,2025-26,643,forecast
2022-23,Laurelhurst,Total,2026-27,619,forecast
2022-23,Laurelhurst,Total,2027-28,603,forecast
2022-23,Laurelhurst,Total,2028-29,589,forecast
2022-23,Laurelhurst,Total,2029-30,571,forecast
2022-23,Laurelhurst,Total,2030-31,566,forecast
2022-23,Laurelhurst,Total,2031-32,559,forecast
2022-23,Lee,Total,2019-20,269,actual
2022-23,Lee,Total,2020-21,262,actual
2022-23,Lee,Total,2021-22,236,actual
2022-23,Lee,Total,2022-23,232,forecast
2022-23,Lee,Total,2023-24,228,forecast
2022-23,Lee,Total,2024-25,230,forecast
2022-23,Lee,Total,2025-26,226,forecast
2022-23,Lee,Total,2026-27,221,forecast
2022-23,Lee,Total,2027-28,220,forecast
2022-23,Lee,Total,2028-29,215,forecast
2022-23,Lee,Total,2029-30,213,forecast
2022-23,Lee,Total,2030-31,211,forecast
2022-23,Lee,Total,2031-32,211,forecast
2022-23,Lent,Spanish,2019-20,202,actual
2022-23,Lent,Spanish,2020-21,207,actual
2022-23,Lent,Spanish,2021-22,126,actual
2022-23,Lent,Spanish,2022-23,126,forecast
2022-23,Lent,Spanish,2023-24,125,forecast
2022-23,Lent,Spanish,2024-25,123,forecast
2022-23,Lent,Spanish,2025-26,130,forecast
2022-23,Lent,Spanish,2026-27,114,forecast
2022-23,Lent,Spanish,2027-28,110,forecast
2022-23,Lent,Spanish,2028-29,109,forecast
2022-23,Lent,Spanish,2029-30,109,forecast
2022-23,Lent,Spanish,2030-31,109,forecast
2022-23,Lent,Spanish,2031-32,108,forecast
2022-23,Lent,Neighborhood,2019-20,273,actual
2022-23,Lent,Neighborhood,2020-21,269,actual
2022-23,Lent,Neighborhood,2021-22,151,actual
2022-23,Lent,Neighborhood,2022-23,149,forecast
2022-23,Lent,Neighborhood,2023-24,147,forecast
2022-23,Lent,Neighborhood,2024-25,141,forecast
2022-23,Lent,Neighborhood,2025-26,135,forecast
2022-23,Lent,Neighborhood,2026-27,135,forecast
2022-23,Lent,Neighborhood,2027-28,126,forecast
2022-23,Lent,Neighborhood,2028-29,123,forecast
2022-23,Lent,Neighborhood,2029-30,122,forecast
2022-23,Lent,Neighborhood,2030-31,121,forecast
2022-23,Lent,Neighborhood,2031-32,120,forecast
2022-23,Lent,Total,2019-20,475,actual
2022-23,Lent,Total,2020-21,476,actual
2022-23,Lent,Total,2021-22,277,actual
2022-23,Lent,Total,2022-23,275,forecast
2022-23,Lent,Total,2023-24,272,forecast
2022-23,Lent,Total,2024-25,264,forecast
2022-23,Lent,Total,2025-26,265,forecast
2022-23,Lent,Total,2026-27,249,forecast
2022-23,Lent,Total,2027-28,236,forecast
2022-23,Lent,Total,2028-29,232,forecast
2022-23,Lent,Total,2029-30,231,forecast
2022-23,Lent,Total,2030-31,230,forecast
2022-23,Lent,Total,2031-32,228,forecast
2022-23,Lewis,Total,2019-20,410,actual
2022-23,Lewis,Total,2020-21,368,actual
2022-23,Lewis,Total,2021-22,337,actual
2022-23,Lewis,Total,2022-23,335,forecast
2022-23,Lewis,Total,2023-24,331,forecast
2022-23,Lewis,Total,2024-25,325,forecast
2022-23,Lewis,Total,2025-26,329,forecast
2022-23,Lewis,Total,2026-27,334,forecast
2022-23,Lewis,Total,2027-28,321,forecast
2022-23,Lewis,Total,2028-29,313,forecast
2022-23,Lewis,Total,2029-30,308,forecast
2022-23,Lewis,Total,2030-31,303,forecast
2022-23,Lewis,Total,2031-32,301,forecast
2022-23,Llewellyn,Total,2019-20,509,actual
2022-23,Llewellyn,Total,2020-21,460,actual
2022-23,Llewellyn,Total,2021-22,395,actual
2022-23,Llewellyn,Total,2022-23,408,forecast
2022-23,Llewellyn,Total,2023-24,419,forecast
2022-23,Llewellyn,Total,2024-25,411,forecast
2022-23,Llewellyn,Total,2025-26,400,forecast
2022-23,Llewellyn,Total,2026-27,405,forecast
2022-23,Llewellyn,Total,2027-28,388,forecast
2022-23,Llewellyn,Total,2028-29,381,forecast
2022-23,Llewellyn,Total,2029-30,377,forecast
2022-23,Llewellyn,Total,2030-31,374,forecast
2022-23,Llewellyn,Total,2031-32,374,forecast
2022-23,Maplewood,Total,2019-20,374,actual
2022-23,Maplewood,Total,2020-21,347,actual
2022-23,Maplewood,Total,2021-22,291,actual
2022-23,Maplewood,Total,2022-23,274,forecast
2022-23,Maplewood,Total,2023-24,275,forecast
2022-23,Maplewood,Total,2024-25,265,forecast
2022-23,Maplewood,Total,2025-26,259,forecast
2022-23,Maplewood,Total,2026-27,253,forecast
2022-23,Maplewood,Total,2027-28,260,forecast
2022-23,Maplewood,Total,2028-29,258,forecast
2022-23,Maplewood,Total,2029-30,257,forecast
2022-23,Maplewood,Total,2030-31,257,forecast
2022-23,Maplewood,Total,2031-32,257,forecast
2022-23,Markham,Total,2019-20,430,actual
2022-23,Markham,Total,2020-21,416,actual
2022-23,Markham,Total,2021-22,424,actual
2022-23,Markham,Total,2022-23,431,forecast
2022-23,Markham,Total,2023-24,433,forecast
2022-23,Markham,Total,2024-25,432,forecast
2022-23,Markham,Total,2025-26,432,forecast
2022-23,Markham,Total,2026-27,419,forecast
2022-23,Markham,Total,2027-28,401,forecast
2022-23,Markham,Total,2028-29,394,forecast
2022-23,Markham,Total,2029-30,390,forecast
2022-23,Markham,Total,2030-31,392,forecast
2022-23,Markham,Total,2031-32,391,forecast
2022-23,Marysville,Total,2019-20,383,actual
2022-23,Marysville,Total,2020-21,402,actual
2022-23,Marysville,Total,2021-22,248,actual
2022-23,Marysville,Total,2022-23,259,forecast
2022-23,Marysville,Total,2023-24,245,forecast
2022-23,Marysville,Total,2024-25,240,forecast
2022-23,Marysville,Total,2025-26,229,forecast
2022-23,Marysville,Total,2026-27,214,forecast
2022-23,Marysville,Total,2027-28,206,forecast
2022-23,Marysville,Total,2028-29,201,forecast
2022-23,Marysville,Total,2029-30,198,forecast
2022-23,Marysville,Total,2030-31,197,forecast
2022-23,Marysville,Total,2031-32,197,forecast
2022-23,ML King Jr,Mandarin,2019-20,166,actual
2022-23,ML King Jr,Mandarin,2020-21,181,actual
2022-23,ML King Jr,Mandarin,2021-22,169,actual
2022-23,ML King Jr,Mandarin,2022-23,167,forecast
2022-23,ML King Jr,Mandarin,2023-24,161,forecast
2022-23,ML King Jr,Mandarin,2024-25,158,forecast
2022-23,ML King Jr,Mandarin,2025-26,152,forecast
2022-23,ML King Jr,Mandarin,2026-27,147,forecast
2022-23,ML King Jr,Mandarin,2027-28,150,forecast
2022-23,ML King Jr,Mandarin,2028-29,150,forecast
2022-23,ML King Jr,Mandarin,2029-30,150,forecast
2022-23,ML King Jr,Mandarin,2030-31,150,forecast
2022-23,ML King Jr,Mandarin,2031-32,150,forecast
2022-23,ML King Jr,Neighborhood,2019-20,155,actual
2022-23,ML King Jr,Neighborhood,2020-21,138,actual
2022-23,ML King Jr,Neighborhood,2021-22,128,actual
2022-23,ML King Jr,Neighborhood,2022-23,121,forecast
2022-23,ML King Jr,Neighborhood,2023-24,121,forecast
2022-23,ML King Jr,Neighborhood,2024-25,113,forecast
2022-23,ML King Jr,Neighborhood,2025-26,99,forecast
2022-23,ML King Jr,Neighborhood,2026-27,94,forecast
2022-23,ML King Jr,Neighborhood,2027-28,102,forecast
2022-23,ML King Jr,Neighborhood,2028-29,102,forecast
2022-23,ML King Jr,Neighborhood,2029-30,102,forecast
2022-23,ML King Jr,Neighborhood,2030-31,102,forecast
2022-23,ML King Jr,Neighborhood,2031-32,102,forecast
2022-23,ML King Jr,Total,2019-20,321,actual
2022-23,ML King Jr,Total,2020-21,319,actual
2022-23,ML King Jr,Total,2021-22,297,actual
2022-23,ML King Jr,Total,2022-23,288,forecast
2022-23,ML King Jr,Total,2023-24,282,forecast
2022-23,ML King Jr,Total,2024-25,271,forecast
2022-23,ML King Jr,Total,2025-26,251,forecast
2022-23,ML King Jr,Total,2026-27,241,forecast
2022-23,ML King Jr,Total,2027-28,252,forecast
2022-23,ML King Jr,Total,2028-29,252,forecast
2022-23,ML King Jr,Total,2029-30,252,forecast
2022-23,ML King Jr,Total,2030-31,252,forecast
2022-23,ML King Jr,Total,2031-32,252,forecast
2022-23,Odyssey,Total,2019-20,244,actual
2022-23,Odyssey,Total,2020-21,244,actual
2022-23,Odyssey,Total,2021-22,219,actual
2022-23,Odyssey,Total,2022-23,243,forecast
2022-23,Odyssey,Total,2023-24,241,forecast
2022-23,Odyssey,Total,2024-25,240,forecast
2022-23,Odyssey,Total,2025-26,238,forecast
2022-23,Odyssey,Total,2026-27,239,forecast
2022-23,Odyssey,Total,2027-28,240,forecast
2022-23,Odyssey,Total,2028-29,237,forecast
2022-23,Odyssey,Total,2029-30,239,forecast
2022-23,Odyssey,Total,2030-31,237,forecast
2022-23,Odyssey,Total,2031-32,237,forecast
2022-23,Peninsula,Total,2019-20,265,actual
2022-23,Peninsula,Total,2020-21,237,actual
2022-23,Peninsula,Total,2021-22,201,actual
2022-23,Peninsula,Total,2022-23,219,forecast
2022-23,Peninsula,Total,2023-24,222,forecast
2022-23,Peninsula,Total,2024-25,211,forecast
2022-23,Peninsula,Total,2025-26,211,forecast
2022-23,Peninsula,Total,2026-27,208,forecast
2022-23,Peninsula,Total,2027-28,201,forecast
2022-23,Peninsula,Total,2028-29,196,forecast
2022-23,Peninsula,Total,2029-30,191,forecast
2022-23,Peninsula,Total,2030-31,189,forecast
2022-23,Peninsula,Total,2031-32,189,forecast
2022-23,Richmond,Total,2019-20,627,actual
2022-23,Richmond,Total,2020-21,600,actual
2022-23,Richmond,Total,2021-22,551,actual
2022-23,Richmond,Total,2022-23,581,forecast
2022-23,Richmond,Total,2023-24,576,forecast
2022-23,Richmond,Total,2024-25,586,forecast
2022-23,Richmond,Total,2025-26,591,forecast
2022-23,Richmond,Total,2026-27,597,forecast
2022-23,Richmond,Total,2027-28,595,forecast
2022-23,Richmond,Total,2028-29,595,forecast
2022-23,Richmond,Total,2029-30,595,forecast
2022-23,Richmond,Total,2030-31,595,forecast
2022-23,Richmond,Total,2031-32,595,forecast
2022-23,Rieke,Total,2019-20,368,actual
2022-23,Rieke,Total,2020-21,329,actual
2022-23,Rieke,Total,2021-22,313,actual
2022-23,Rieke,Total,2022-23,304,forecast
2022-23,Rieke,Total,2023-24,297,forecast
2022-23,Rieke,Total,2024-25,296,forecast
2022-23,Rieke,Total,2025-26,293,forecast
2022-23,Rieke,Total,2026-27,287,forecast
2022-23,Rieke,Total,2027-28,290,forecast
2022-23,Rieke,Total,2028-29,286,forecast
2022-23,Rieke,Total,2029-30,282,forecast
2022-23,Rieke,Total,2030-31,280,forecast
2022-23,Rieke,Total,2031-32,279,forecast
2022-23,Rigler,Spanish,2019-20,307,actual
2022-23,Rigler,Spanish,2020-21,268,actual
2022-23,Rigler,Spanish,2021-22,237,actual
2022-23,Rigler,Spanish,2022-23,234,forecast
2022-23,Rigler,Spanish,2023-24,246,forecast
2022-23,Rigler,Spanish,2024-25,247,forecast
2022-23,Rigler,Spanish,2025-26,233,forecast
2022-23,Rigler,Spanish,2026-27,235,forecast
2022-23,Rigler,Spanish,2027-28,227,forecast
2022-23,Rigler,Spanish,2028-29,222,forecast
2022-23,Rigler,Spanish,2029-30,219,forecast
2022-23,Rigler,Spanish,2030-31,217,forecast
2022-23,Rigler,Spanish,2031-32,218,forecast
2022-23,Rigler,Total,2019-20,307,actual
2022-23,Rigler,Total,2020-21,268,actual
2022-23,Rigler,Total,2021-22,237,actual
2022-23,Rigler,Total,2022-23,234,forecast
2022-23,Rigler,Total,2023-24,246,forecast
2022-23,Rigler,Total,2024-25,247,forecast
2022-23,Rigler,Total,2025-26,233,forecast
2022-23,Rigler,Total,2026-27,235,forecast
2022-23,Rigler,Total,2027-28,227,forecast
2022-23,Rigler,Total,2028-29,222,forecast
2022-23,Rigler,Total,2029-30,219,forecast
2022-23,Rigler,Total,2030-31,217,forecast
2022-23,Rigler,Total,2031-32,218,forecast
2022-23,Rosa Parks,Total,2019-20,280,actual
2022-23,Rosa Parks,Total,2020-21,266,actual
2022-23,Rosa Parks,Total,2021-22,214,actual
2022-23,Rosa Parks,Total,2022-23,205,forecast
2022-23,Rosa Parks,Total,2023-24,196,forecast
2022-23,Rosa Parks,Total,2024-25,189,forecast
2022-23,Rosa Parks,Total,2025-26,186,forecast
2022-23,Rosa Parks,Total,2026-27,179,forecast
2022-23,Rosa Parks,Total,2027-28,176,forecast
2022-23,Rosa Parks,Total,2028-29,173,forecast
2022-23,Rosa Parks,Total,2029-30,170,forecast
2022-23,Rosa Parks,Total,2030-31,167,forecast
2022-23,Rosa Parks,Total,2031-32,167,forecast
2022-23,Rose City Park,Vietnamese,2019-20,178,actual
2022-23,Rose City Park,Vietnamese,2020-21,200,actual
2022-23,Rose City Park,Vietnamese,2021-22,179,actual
2022-23,Rose City Park,Vietnamese,2022-23,191,forecast
2022-23,Rose City Park,Vietnamese,2023-24,195,forecast
2022-23,Rose City Park,Vietnamese,2024-25,186,forecast
2022-23,Rose City Park,Vietnamese,2025-26,180,forecast
2022-23,Rose City Park,Vietnamese,2026-27,174,forecast
2022-23,Rose City Park,Vietnamese,2027-28,172,forecast
2022-23,Rose City Park,Vietnamese,2028-29,168,forecast
2022-23,Rose City Park,Vietnamese,2029-30,166,forecast
2022-23,Rose City Park,Vietnamese,2030-31,165,forecast
2022-23,Rose City Park,Vietnamese,2031-32,166,forecast
2022-23,Rose City Park,Neighborhood,2019-20,360,actual
2022-23,Rose City Park,Neighborhood,2020-21,329,actual
2022-23,Rose City Park,Neighborhood,2021-22,285,actual
2022-23,Rose City Park,Neighborhood,2022-23,279,forecast
2022-23,Rose City Park,Neighborhood,2023-24,262,forecast
2022-23,Rose City Park,Neighborhood,2024-25,247,forecast
2022-23,Rose City Park,Neighborhood,2025-26,228,forecast
2022-23,Rose City Park,Neighborhood,2026-27,224,forecast
2022-23,Rose City Park,Neighborhood,2027-28,226,forecast
2022-23,Rose City Park,Neighborhood,2028-29,219,forecast
2022-23,Rose City Park,Neighborhood,2029-30,214,forecast
2022-23,Rose City Park,Neighborhood,2030-31,211,forecast
2022-23,Rose City Park,Neighborhood,2031-32,209,forecast
2022-23,Rose City Park,Total,2019-20,538,actual
2022-23,Rose City Park,Total,2020-21,529,actual
2022-23,Rose City Park,Total,2021-22,464,actual
2022-23,Rose City Park,Total,2022-23,470,forecast
2022-23,Rose City Park,Total,2023-24,457,forecast
2022-23,Rose City Park,Total,2024-25,433,forecast
2022-23,Rose City Park,Total,2025-26,408,forecast
2022-23,Rose City Park,Total,2026-27,398,forecast
2022-23,Rose City Park,Total,2027-28,398,forecast
2022-23,Rose City Park,Total,2028-29,387,forecast
2022-23,Rose City Park,Total,2029-30,380,forecast
2022-23,Rose City Park,Total,2030-31,376,forecast
2022-23,Rose City Park,Total,2031-32,375,forecast
2022-23,Sabin,Total,2019-20,418,actual
2022-23,Sabin,Total,2020-21,360,actual
2022-23,Sabin,Total,2021-22,340,actual
2022-23,Sabin,Total,2022-23,340,forecast
2022-23,Sabin,Total,2023-24,341,forecast
2022-23,Sabin,Total,2024-25,326,forecast
2022-23,Sabin,Total,2025-26,316,forecast
2022-23,Sabin,Total,2026-27,319,forecast
2022-23,Sabin,Total,2027-28,308,forecast
2022-23,Sabin,Total,2028-29,303,forecast
2022-23,Sabin,Total,2029-30,298,forecast
2022-23,Sabin,Total,2030-31,296,forecast
2022-23,Sabin,Total,2031-32,295,forecast
2022-23,Scott,Spanish,2019-20,229,actual
2022-23,Scott,Spanish,2020-21,226,actual
2022-23,Scott,Spanish,2021-22,214,actual
2022-23,Scott,Spanish,2022-23,209,forecast
2022-23,Scott,Spanish,2023-24,205,forecast
2022-23,Scott,Spanish,2024-25,197,forecast
2022-23,Scott,Spanish,2025-26,186,forecast
2022-23,Scott,Spanish,2026-27,185,forecast
2022-23,Scott,Spanish,2027-28,182,forecast
2022-23,Scott,Spanish,2028-29,179,forecast
2022-23,Scott,Spanish,2029-30,176,forecast
2022-23,Scott,Spanish,2030-31,173,forecast
2022-23,Scott,Spanish,2031-32,173,forecast
2022-23,Scott,Neighborhood,2019-20,256,actual
2022-23,Scott,Neighborhood,2020-21,234,actual
2022-23,Scott,Neighborhood,2021-22,215,actual
2022-23,Scott,Neighborhood,2022-23,226,forecast
2022-23,Scott,Neighborhood,2023-24,230,forecast
2022-23,Scott,Neighborhood,2024-25,231,forecast
2022-23,Scott,Neighborhood,2025-26,216,forecast
2022-23,Scott,Neighborhood,2026-27,214,forecast
2022-23,Scott,Neighborhood,2027-28,209,forecast
2022-23,Scott,Neighborhood,2028-29,206,forecast
2022-23,Scott,Neighborhood,2029-30,204,forecast
2022-23,Scott,Neighborhood,2030-31,202,forecast
2022-23,Scott,Neighborhood,2031-32,203,forecast
2022-23,Scott,Total,2019-20,485,actual
2022-23,Scott,Total,2020-21,460,actual
2022-23,Scott,Total,2021-22,429,actual
2022-23,Scott,Total,2022-23,435,forecast
2022-23,Scott,Total,2023-24,435,forecast
2022-23,Scott,Total,2024-25,428,forecast
2022-23,Scott,Total,2025-26,402,forecast
2022-23,Scott,Total,2026-27,399,forecast
2022-23,Scott,Total,2027-28,391,forecast
2022-23,Scott,Total,2028-29,385,forecast
2022-23,Scott,Total,2029-30,380,forecast
2022-23,Scott,Total,2030-31,375,forecast
2022-23,Scott,Total,2031-32,376,forecast
2022-23,Sitton,Spanish,2019-20,136,actual
2022-23,Sitton,Spanish,2020-21,133,actual
2022-23,Sitton,Spanish,2021-22,117,actual
2022-23,Sitton,Spanish,2022-23,105,forecast
2022-23,Sitton,Spanish,2023-24,103,forecast
2022-23,Sitton,Spanish,2024-25,96,forecast
2022-23,Sitton,Spanish,2025-26,94,forecast
2022-23,Sitton,Spanish,2026-27,93,forecast
2022-23,Sitton,Spanish,2027-28,91,forecast
2022-23,Sitton,Spanish,2028-29,91,forecast
2022-23,Sitton,Spanish,2029-30,91,forecast
2022-23,Sitton,Spanish,2030-31,91,forecast
2022-23,Sitton,Spanish,2031-32,91,forecast
2022-23,Sitton,Neighborhood,2019-20,238,actual
2022-23,Sitton,Neighborhood,2020-21,204,actual
2022-23,Sitton,Neighborhood,2021-22,190,actual
2022-23,Sitton,Neighborhood,2022-23,207,forecast
2022-23,Sitton,Neighborhood,2023-24,224,forecast
2022-23,Sitton,Neighborhood,2024-25,228,forecast
2022-23,Sitton,Neighborhood,2025-26,234,forecast
2022-23,Sitton,Neighborhood,2026-27,245,forecast
2022-23,Sitton,Neighborhood,2027-28,230,forecast
2022-23,Sitton,Neighborhood,2028-29,224,forecast
2022-23,Sitton,Neighborhood,2029-30,220,forecast
2022-23,Sitton,Neighborhood,2030-31,219,forecast
2022-23,Sitton,Neighborhood,2031-32,219,forecast
2022-23,Sitton,Total,2019-20,374,actual
2022-23,Sitton,Total,2020-21,337,actual
2022-23,Sitton,Total,2021-22,307,actual
2022-23,Sitton,Total,2022-23,312,forecast
2022-23,Sitton,Total,2023-24,327,forecast
2022-23,Sitton,Total,2024-25,324,forecast
2022-23,Sitton,Total,2025-26,328,forecast
2022-23,Sitton,Total,2026-27,338,forecast
2022-23,Sitton,Total,2027-28,321,forecast
2022-23,Sitton,Total,2028-29,315,forecast
2022-23,Sitton,Total,2029-30,311,forecast
2022-23,Sitton,Total,2030-31,310,forecast
2022-23,Sitton,Total,2031-32,310,forecast
2022-23,Skyline,Total,2019-20,248,actual
2022-23,Skyline,Total,2020-21,181,actual
2022-23,Skyline,Total,2021-22,205,actual
2022-23,Skyline,Total,2022-23,201,forecast
2022-23,Skyline,Total,2023-24,208,forecast
2022-23,Skyline,Total,2024-25,206,forecast
2022-23,Skyline,Total,2025-26,201,forecast
2022-23,Skyline,Total,2026-27,198,forecast
2022-23,Skyline,Total,2027-28,197,forecast
2022-23,Skyline,Total,2028-29,200,forecast
2022-23,Skyline,Total,2029-30,196,forecast
2022-23,Skyline,Total,2030-31,192,forecast
2022-23,Skyline,Total,2031-32,191,forecast
2022-23,Stephenson,Total,2019-20,371,actual
2022-23,Stephenson,Total,2020-21,322,actual
2022-23,Stephenson,Total,2021-22,320,actual
2022-23,Stephenson,Total,2022-23,325,forecast
2022-23,Stephenson,Total,2023-24,329,forecast
2022-23,Stephenson,Total,2024-25,317,forecast
2022-23,Stephenson,Total,2025-26,309,forecast
2022-23,Stephenson,Total,2026-27,306,forecast
2022-23,Stephenson,Total,2027-28,306,forecast
2022-23,Stephenson,Total,2028-29,302,forecast
2022-23,Stephenson,Total,2029-30,298,forecast
2022-23,Stephenson,Total,2030-31,296,forecast
2022-23,Stephenson,Total,2031-32,295,forecast
2022-23,Sunnyside Environmental,Total,2019-20,549,actual
2022-23,Sunnyside Environmental,Total,2020-21,522,actual
2022-23,Sunnyside Environmental,Total,2021-22,469,actual
2022-23,Sunnyside Environmental,Total,2022-23,465,forecast
2022-23,Sunnyside Environmental,Total,2023-24,459,forecast
2022-23,Sunnyside Environmental,Total,2024-25,472,forecast
2022-23,Sunnyside Environmental,Total,2025-26,474,forecast
2022-23,Sunnyside Environmental,Total,2026-27,472,forecast
2022-23,Sunnyside Environmental,Total,2027-28,476,forecast
2022-23,Sunnyside Environmental,Total,2028-29,477,forecast
2022-23,Sunnyside Environmental,Total,2029-30,474,forecast
2022-23,Sunnyside Environmental,Total,2030-31,473,forecast
2022-23,Sunnyside Environmental,Total,2031-32,473,forecast
2022-23,Vernon,Total,2019-20,607,actual
2022-23,Vernon,Total,2020-21,569,actual
2022-23,Vernon,Total,2021-22,517,actual
2022-23,Vernon,Total,2022-23,525,forecast
2022-23,Vernon,Total,2023-24,533,forecast
2022-23,Vernon,Total,2024-25,518,forecast
2022-23,Vernon,Total,2025-26,510,forecast
2022-23,Vernon,Total,2026-27,503,forecast
2022-23,Vernon,Total,2027-28,493,forecast
2022-23,Vernon,Total,2028-29,482,forecast
2022-23,Vernon,Total,2029-30,483,forecast
2022-23,Vernon,Total,2030-31,468,forecast
2022-23,Vernon,Total,2031-32,461,forecast
2022-23,Vestal,Total,2019-20,249,actual
2022-23,Vestal,Total,2020-21,228,actual
2022-23,Vestal,Total,2021-22,207,actual
2022-23,Vestal,Total,2022-23,208,forecast
2022-23,Vestal,Total,2023-24,205,forecast
2022-23,Vestal,Total,2024-25,195,forecast
2022-23,Vestal,Total,2025-26,187,forecast
2022-23,Vestal,Total,2026-27,184,forecast
2022-23,Vestal,Total,2027-28,179,forecast
2022-23,Vestal,Total,2028-29,176,forecast
2022-23,Vestal,Total,2029-30,175,forecast
2022-23,Vestal,Total,2030-31,174,forecast
2022-23,Vestal,Total,2031-32,175,forecast
2022-23,Whitman,Total,2019-20,220,actual
2022-23,Whitman,Total,2020-21,185,actual
2022-23,Whitman,Total,2021-22,152,actual
2022-23,Whitman,Total,2022-23,154,forecast
2022-23,Whitman,Total,2023-24,148,forecast
2022-23,Whitman,Total,2024-25,148,forecast
2022-23,Whitman,Total,2025-26,147,forecast
2022-23,Whitman,Total,2026-27,146,forecast
2022-23,Whitman,Total,2027-28,145,forecast
2022-23,Whitman,Total,2028-29,142,forecast
2022-23,Whitman,Total,2029-30,140,forecast
2022-23,Whitman,Total,2030-31,141,forecast
2022-23,Whitman,Total,2031-32,142,forecast
2022-23,Winterhaven,Total,2019-20,299,actual
2022-23,Winterhaven,Total,2020-21,291,actual
2022-23,Winterhaven,Total,2021-22,292,actual
2022-23,Winterhaven,Total,2022-23,298,forecast
2022-23,Winterhaven,Total,2023-24,291,forecast
2022-23,Winterhaven,Total,2024-25,282,forecast
2022-23,Winterhaven,Total,2025-26,278,forecast
2022-23,Winterhaven,Total,2026-27,272,forecast
2022-23,Winterhaven,Total,2027-28,279,forecast
2022-23,Winterhaven,Total,2028-29,275,forecast
2022-23,Winterhaven,Total,2029-30,275,forecast
2022-23,Winterhaven,Total,2030-31,271,forecast
2022-23,Winterhaven,Total,2031-32,271,forecast
2022-23,Woodlawn,Total,2019-20,308,actual
2022-23,Woodlawn,Total,2020-21,315,actual
2022-23,Woodlawn,Total,2021-22,283,actual
2022-23,Woodlawn,Total,2022-23,291,forecast
2022-23,Woodlawn,Total,2023-24,286,forecast
2022-23,Woodlawn,Total,2024-25,274,forecast
2022-23,Woodlawn,Total,2025-26,275,forecast
2022-23,Woodlawn,Total,2026-27,269,forecast
2022-23,Woodlawn,Total,2027-28,257,forecast
2022-23,Woodlawn,Total,2028-29,250,forecast
2022-23,Woodlawn,Total,2029-30,243,forecast
2022-23,Woodlawn,Total,2030-31,239,forecast
2022-23,Woodlawn,Total,2031-32,238,forecast
2022-23,Woodmere,Total,2019-20,273,actual
2022-23,Woodmere,Total,2020-21,269,actual
2022-23,Woodmere,Total,2021-22,253,actual
2022-23,Woodmere,Total,2022-23,238,forecast
2022-23,Woodmere,Total,2023-24,232,forecast
2022-23,Woodmere,Total,2024-25,227,forecast
2022-23,Woodmere,Total,2025-26,213,forecast
2022-23,Woodmere,Total,2026-27,214,forecast
2022-23,Woodmere,Total,2027-28,213,forecast
2022-23,Woodmere,Total,2028-29,210,forecast
2022-23,Woodmere,Total,2029-30,208,forecast
2022-23,Woodmere,Total,2030-31,208,forecast
2022-23,Woodmere,Total,2031-32,207,forecast
2022-23,Woodstock,Mandarin,2019-20,312,actual
2022-23,Woodstock,Mandarin,2020-21,284,actual
2022-23,Woodstock,Mandarin,2021-22,255,actual
2022-23,Woodstock,Mandarin,2022-23,264,forecast
2022-23,Woodstock,Mandarin,2023-24,272,forecast
2022-23,Woodstock,Mandarin,2024-25,269,forecast
2022-23,Woodstock,Mandarin,2025-26,270,forecast
2022-23,Woodstock,Mandarin,2026-27,277,forecast
2022-23,Woodstock,Mandarin,2027-28,276,forecast
2022-23,Woodstock,Mandarin,2028-29,274,forecast
2022-23,Woodstock,Mandarin,2029-30,274,forecast
2022-23,Woodstock,Mandarin,2030-31,274,forecast
2022-23,Woodstock,Mandarin,2031-32,274,forecast
2022-23,Woodstock,Neighborhood,2019-20,231,actual
2022-23,Woodstock,Neighborhood,2020-21,242,actual
2022-23,Woodstock,Neighborhood,2021-22,224,actual
2022-23,Woodstock,Neighborhood,2022-23,224,forecast
2022-23,Woodstock,Neighborhood,2023-24,224,forecast
2022-23,Woodstock,Neighborhood,2024-25,219,forecast
2022-23,Woodstock,Neighborhood,2025-26,217,forecast
2022-23,Woodstock,Neighborhood,2026-27,216,forecast
2022-23,Woodstock,Neighborhood,2027-28,218,forecast
2022-23,Woodstock,Neighborhood,2028-29,215,forecast
2022-23,Woodstock,Neighborhood,2029-30,214,forecast
2022-23,Woodstock,Neighborhood,2030-31,214,forecast
2022-23,Woodstock,Neighborhood,2031-32,214,forecast
2022-23,Woodstock,Total,2019-20,543,actual
2022-23,Woodstock,Total,2020-21,526,actual
2022-23,Woodstock,Total,2021-22,479,actual
2022-23,Woodstock,Total,2022-23,488,forecast
2022-23,Woodstock,Total,2023-24,496,forecast
2022-23,Woodstock,Total,2024-25,488,forecast
2022-23,Woodstock,Total,2025-26,487,forecast
2022-23,Woodstock,Total,2026-27,493,forecast
2022-23,Woodstock,Total,2027-28,494,forecast
2022-23,Woodstock,Total,2028-29,489,forecast
2022-23,Woodstock,Total,2029-30,488,forecast
2022-23,Woodstock,Total,2030-31,488,forecast
2022-23,Woodstock,Total,2031-32,488,forecast
2022-23,Beaumont,Spanish,2019-20,137,actual
2022-23,Beaumont,Spanish,2020-21,126,actual
2022-23,Beaumont,Spanish,2021-22,123,actual
2022-23,Beaumont,Spanish,2022-23,134,forecast
2022-23,Beaumont,Spanish,2023-24,120,forecast
2022-23,Beaumont,Spanish,2024-25,122,forecast
2022-23,Beaumont,Spanish,2025-26,126,forecast
2022-23,Beaumont,Spanish,2026-27,123,forecast
2022-23,Beaumont,Spanish,2027-28,123,forecast
2022-23,Beaumont,Spanish,2028-29,115,forecast
2022-23,Beaumont,Spanish,2029-30,119,forecast
2022-23,Beaumont,Spanish,2030-31,116,forecast
2022-23,Beaumont,Spanish,2031-32,112,forecast
2022-23,Beaumont,Neighborhood,2019-20,436,actual
2022-23,Beaumont,Neighborhood,2020-21,392,actual
2022-23,Beaumont,Neighborhood,2021-22,344,actual
2022-23,Beaumont,Neighborhood,2022-23,294,forecast
2022-23,Beaumont,Neighborhood,2023-24,279,forecast
2022-23,Beaumont,Neighborhood,2024-25,279,forecast
2022-23,Beaumont,Neighborhood,2025-26,260,forecast
2022-23,Beaumont,Neighborhood,2026-27,258,forecast
2022-23,Beaumont,Neighborhood,2027-28,250,forecast
2022-23,Beaumont,Neighborhood,2028-29,261,forecast
2022-23,Beaumont,Neighborhood,2029-30,261,forecast
2022-23,Beaumont,Neighborhood,2030-31,254,forecast
2022-23,Beaumont,Neighborhood,2031-32,244,forecast
2022-23,Beaumont,Total,2019-20,573,actual
2022-23,Beaumont,Total,2020-21,518,actual
2022-23,Beaumont,Total,2021-22,467,actual
2022-23,Beaumont,Total,2022-23,428,forecast
2022-23,Beaumont,Total,2023-24,399,forecast
2022-23,Beaumont,Total,2024-25,401,forecast
2022-23,Beaumont,Total,2025-26,386,forecast
2022-23,Beaumont,Total,2026-27,381,forecast
2022-23,Beaumont,Total,2027-28,373,forecast
2022-23,Beaumont,Total,2028-29,376,forecast
2022-23,Beaumont,Total,2029-30,380,forecast
2022-23,Beaumont,Total,2030-31,370,forecast
2022-23,Beaumont,Total,2031-32,356,forecast
2022-23,da Vinci,Total,2019-20,450,actual
2022-23,da Vinci,Total,2020-21,443,actual
2022-23,da Vinci,Total,2021-22,415,actual
2022-23,da Vinci,Total,2022-23,448,forecast
2022-23,da Vinci,Total,2023-24,455,forecast
2022-23,da Vinci,Total,2024-25,452,forecast
2022-23,da Vinci,Total,2025-26,452,forecast
2022-23,da Vinci,Total,2026-27,451,forecast
2022-23,da Vinci,Total,2027-28,450,forecast
2022-23,da Vinci,Total,2028-29,450,forecast
2022-23,da Vinci,Total,2029-30,450,forecast
2022-23,da Vinci,Total,2030-31,450,forecast
2022-23,da Vinci,Total,2031-32,448,forecast
2022-23,George,Spanish,2019-20,0,actual
2022-23,George,Spanish,2020-21,36,actual
2022-23,George,Spanish,2021-22,70,actual
2022-23,George,Spanish,2022-23,104,forecast
2022-23,George,Spanish,2023-24,94,forecast
2022-23,George,Spanish,2024-25,82,forecast
2022-23,George,Spanish,2025-26,77,forecast
2022-23,George,Spanish,2026-27,80,forecast
2022-23,George,Spanish,2027-28,83,forecast
2022-23,George,Spanish,2028-29,79,forecast
2022-23,George,Spanish,2029-30,76,forecast
2022-23,George,Spanish,2030-31,71,forecast
2022-23,George,Spanish,2031-32,69,forecast
2022-23,George,Neighborhood,2019-20,438,actual
2022-23,George,Neighborhood,2020-21,396,actual
2022-23,George,Neighborhood,2021-22,315,actual
2022-23,George,Neighborhood,2022-23,269,forecast
2022-23,George,Neighborhood,2023-24,258,forecast
2022-23,George,Neighborhood,2024-25,262,forecast
2022-23,George,Neighborhood,2025-26,260,forecast
2022-23,George,Neighborhood,2026-27,261,forecast
2022-23,George,Neighborhood,2027-28,264,forecast
2022-23,George,Neighborhood,2028-29,272,forecast
2022-23,George,Neighborhood,2029-30,275,forecast
2022-23,George,Neighborhood,2030-31,262,forecast
2022-23,George,Neighborhood,2031-32,248,forecast
2022-23,George,Total,2019-20,438,actual
2022-23,George,Total,2020-21,432,actual
2022-23,George,Total,2021-22,385,actual
2022-23,George,Total,2022-23,373,forecast
2022-23,George,Total,2023-24,352,forecast
2022-23,George,Total,2024-25,344,forecast
2022-23,George,Total,2025-26,337,forecast
2022-23,George,Total,2026-27,341,forecast
2022-23,George,Total,2027-28,347,forecast
2022-23,George,Total,2028-29,351,forecast
2022-23,George,Total,2029-30,351,forecast
2022-23,George,Total,2030-31,333,forecast
2022-23,George,Total,2031-32,317,forecast
2022-23,Gray,Total,2019-20,566,actual
2022-23,Gray,Total,2020-21,509,actual
2022-23,Gray,Total,2021-22,478,actual
2022-23,Gray,Total,2022-23,484,forecast
2022-23,Gray,Total,2023-24,471,forecast
2022-23,Gray,Total,2024-25,448,forecast
2022-23,Gray,Total,2025-26,440,forecast
2022-23,Gray,Total,2026-27,437,forecast
2022-23,Gray,Total,2027-28,436,forecast
2022-23,Gray,Total,2028-29,423,forecast
2022-23,Gray,Total,2029-30,419,forecast
2022-23,Gray,Total,2030-31,420,forecast
2022-23,Gray,Total,2031-32,415,forecast
2022-23,Harriet Tubman,Mandarin,2019-20,13,actual
2022-23,Harriet Tubman,Mandarin,2020-21,26,actual
2022-23,Harriet Tubman,Mandarin,2021-22,35,actual
2022-23,Harriet Tubman,Mandarin,2022-23,34,forecast
2022-23,Harriet Tubman,Mandarin,2023-24,36,forecast
2022-23,Harriet Tubman,Mandarin,2024-25,40,forecast
2022-23,Harriet Tubman,Mandarin,2025-26,44,forecast
2022-23,Harriet Tubman,Mandarin,2026-27,46,forecast
2022-23,Harriet Tubman,Mandarin,2027-28,46,forecast
2022-23,Harriet Tubman,Mandarin,2028-29,42,forecast
2022-23,Harriet Tubman,Mandarin,2029-30,42,forecast
2022-23,Harriet Tubman,Mandarin,2030-31,42,forecast
2022-23,Harriet Tubman,Mandarin,2031-32,42,forecast
2022-23,Harriet Tubman,Neighborhood,2019-20,417,actual
2022-23,Harriet Tubman,Neighborhood,2020-21,417,actual
2022-23,Harriet Tubman,Neighborhood,2021-22,353,actual
2022-23,Harriet Tubman,Neighborhood,2022-23,340,forecast
2022-23,Harriet Tubman,Neighborhood,2023-24,300,forecast
2022-23,Harriet Tubman,Neighborhood,2024-25,299,forecast
2022-23,Harriet Tubman,Neighborhood,2025-26,301,forecast
2022-23,Harriet Tubman,Neighborhood,2026-27,285,forecast
2022-23,Harriet Tubman,Neighborhood,2027-28,285,forecast
2022-23,Harriet Tubman,Neighborhood,2028-29,278,forecast
2022-23,Harriet Tubman,Neighborhood,2029-30,279,forecast
2022-23,Harriet Tubman,Neighborhood,2030-31,269,forecast
2022-23,Harriet Tubman,Neighborhood,2031-32,266,forecast
2022-23,Harriet Tubman,Total,2019-20,430,actual
2022-23,Harriet Tubman,Total,2020-21,443,actual
2022-23,Harriet Tubman,Total,2021-22,388,actual
2022-23,Harriet Tubman,Total,2022-23,374,forecast
2022-23,Harriet Tubman,Total,2023-24,336,forecast
2022-23,Harriet Tubman,Total,2024-25,339,forecast
2022-23,Harriet Tubman,Total,2025-26,345,forecast
2022-23,Harriet Tubman,Total,2026-27,331,forecast
2022-23,Harriet Tubman,Total,2027-28,331,forecast
2022-23,Harriet Tubman,Total,2028-29,320,forecast
2022-23,Harriet Tubman,Total,2029-30,321,forecast
2022-23,Harriet Tubman,Total,2030-31,311,forecast
2022-23,Harriet Tubman,Total,2031-32,308,forecast
2022-23,Hosford,Mandarin,2019-20,128,actual
2022-23,Hosford,Mandarin,2020-21,139,actual
2022-23,Hosford,Mandarin,2021-22,116,actual
2022-23,Hosford,Mandarin,2022-23,95,forecast
2022-23,Hosford,Mandarin,2023-24,82,forecast
2022-23,Hosford,Mandarin,2024-25,95,forecast
2022-23,Hosford,Mandarin,2025-26,102,forecast
2022-23,Hosford,Mandarin,2026-27,103,forecast
2022-23,Hosford,Mandarin,2027-28,103,forecast
2022-23,Hosford,Mandarin,2028-29,104,forecast
2022-23,Hosford,Mandarin,2029-30,106,forecast
2022-23,Hosford,Mandarin,2030-31,102,forecast
2022-23,Hosford,Mandarin,2031-32,99,forecast
2022-23,Hosford,Neighborhood,2019-20,523,actual
2022-23,Hosford,Neighborhood,2020-21,537,actual
2022-23,Hosford,Neighborhood,2021-22,513,actual
2022-23,Hosford,Neighborhood,2022-23,479,forecast
2022-23,Hosford,Neighborhood,2023-24,495,forecast
2022-23,Hosford,Neighborhood,2024-25,487,forecast
2022-23,Hosford,Neighborhood,2025-26,482,forecast
2022-23,Hosford,Neighborhood,2026-27,450,forecast
2022-23,Hosford,Neighborhood,2027-28,427,forecast
2022-23,Hosford,Neighborhood,2028-29,408,forecast
2022-23,Hosford,Neighborhood,2029-30,406,forecast
2022-23,Hosford,Neighborhood,2030-31,409,forecast
2022-23,Hosford,Neighborhood,2031-32,388,forecast
2022-23,Hosford,Total,2019-20,651,actual
2022-23,Hosford,Total,2020-21,676,actual
2022-23,Hosford,Total,2021-22,629,actual
2022-23,Hosford,Total,2022-23,574,forecast
2022-23,Hosford,Total,2023-24,577,forecast
2022-23,Hosford,Total,2024-25,582,forecast
2022-23,Hosford,Total,2025-26,584,forecast
2022-23,Hosford,Total,2026-27,553,forecast
2022-23,Hosford,Total,2027-28,530,forecast
2022-23,Hosford,Total,2028-29,512,forecast
2022-23,Hosford,Total,2029-30,512,forecast
2022-23,Hosford,Total,2030-31,511,forecast
2022-23,Hosford,Total,2031-32,487,forecast
2022-23,Jackson,Total,2019-20,793,actual
2022-23,Jackson,Total,2020-21,803,actual
2022-23,Jackson,Total,2021-22,752,actual
2022-23,Jackson,Total,2022-23,790,forecast
2022-23,Jackson,Total,2023-24,749,forecast
2022-23,Jackson,Total,2024-25,729,forecast
2022-23,Jackson,Total,2025-26,706,forecast
2022-23,Jackson,Total,2026-27,707,forecast
2022-23,Jackson,Total,2027-28,697,forecast
2022-23,Jackson,Total,2028-29,692,forecast
2022-23,Jackson,Total,2029-30,698,forecast
2022-23,Jackson,Total,2030-31,685,forecast
2022-23,Jackson,Total,2031-32,666,forecast
2022-23,Kellogg,Spanish,2019-20,0,actual
2022-23,Kellogg,Spanish,2020-21,0,actual
2022-23,Kellogg,Spanish,2021-22,151,actual
2022-23,Kellogg,Spanish,2022-23,155,forecast
2022-23,Kellogg,Spanish,2023-24,150,forecast
2022-23,Kellogg,Spanish,2024-25,131,forecast
2022-23,Kellogg,Spanish,2025-26,127,forecast
2022-23,Kellogg,Spanish,2026-27,120,forecast
2022-23,Kellogg,Spanish,2027-28,122,forecast
2022-23,Kellogg,Spanish,2028-29,123,forecast
2022-23,Kellogg,Spanish,2029-30,122,forecast
2022-23,Kellogg,Spanish,2030-31,122,forecast
2022-23,Kellogg,Spanish,2031-32,121,forecast
2022-23,Kellogg,Neighborhood,2019-20,0,actual
2022-23,Kellogg,Neighborhood,2020-21,0,actual
2022-23,Kellogg,Neighborhood,2021-22,533,actual
2022-23,Kellogg,Neighborhood,2022-23,502,forecast
2022-23,Kellogg,Neighborhood,2023-24,506,forecast
2022-23,Kellogg,Neighborhood,2024-25,497,forecast
2022-23,Kellogg,Neighborhood,2025-26,507,forecast
2022-23,Kellogg,Neighborhood,2026-27,514,forecast
2022-23,Kellogg,Neighborhood,2027-28,501,forecast
2022-23,Kellogg,Neighborhood,2028-29,495,forecast
2022-23,Kellogg,Neighborhood,2029-30,476,forecast
2022-23,Kellogg,Neighborhood,2030-31,469,forecast
2022-23,Kellogg,Neighborhood,2031-32,457,forecast
2022-23,Kellogg,Total,2019-20,0,actual
2022-23,Kellogg,Total,2020-21,0,actual
2022-23,Kellogg,Total,2021-22,684,actual
2022-23,Kellogg,Total,2022-23,657,forecast
2022-23,Kellogg,Total,2023-24,656,forecast
2022-23,Kellogg,Total,2024-25,628,forecast
2022-23,Kellogg,Total,2025-26,634,forecast
2022-23,Kellogg,Total,2026-27,634,forecast
2022-23,Kellogg,Total,2027-28,623,forecast
2022-23,Kellogg,Total,2028-29,618,forecast
2022-23,Kellogg,Total,2029-30,598,forecast
2022-23,Kellogg,Total,2030-31,591,forecast
2022-23,Kellogg,Total,2031-32,578,forecast
2022-23,Lane,Russian,2019-20,47,actual
2022-23,Lane,Russian,2020-21,49,actual
2022-23,Lane,Russian,2021-22,41,actual
2022-23,Lane,Russian,2022-23,38,forecast
2022-23,Lane,Russian,2023-24,29,forecast
2022-23,Lane,Russian,2024-25,36,forecast
2022-23,Lane,Russian,2025-26,41,forecast
2022-23,Lane,Russian,2026-27,47,forecast
2022-23,Lane,Russian,2027-28,44,forecast
2022-23,Lane,Russian,2028-29,43,forecast
2022-23,Lane,Russian,2029-30,43,forecast
2022-23,Lane,Russian,2030-31,43,forecast
2022-23,Lane,Russian,2031-32,43,forecast
2022-23,Lane,Neighborhood,2019-20,385,actual
2022-23,Lane,Neighborhood,2020-21,367,actual
2022-23,Lane,Neighborhood,2021-22,322,actual
2022-23,Lane,Neighborhood,2022-23,301,forecast
2022-23,Lane,Neighborhood,2023-24,302,forecast
2022-23,Lane,Neighborhood,2024-25,302,forecast
2022-23,Lane,Neighborhood,2025-26,292,forecast
2022-23,Lane,Neighborhood,2026-27,277,forecast
2022-23,Lane,Neighborhood,2027-28,256,forecast
2022-23,Lane,Neighborhood,2028-29,246,forecast
2022-23,Lane,Neighborhood,2029-30,250,forecast
2022-23,Lane,Neighborhood,2030-31,245,forecast
2022-23,Lane,Neighborhood,2031-32,237,forecast
2022-23,Lane,Total,2019-20,432,actual
2022-23,Lane,Total,2020-21,416,actual
2022-23,Lane,Total,2021-22,363,actual
2022-23,Lane,Total,2022-23,339,forecast
2022-23,Lane,Total,2023-24,331,forecast
2022-23,Lane,Total,2024-25,338,forecast
2022-23,Lane,Total,2025-26,333,forecast
2022-23,Lane,Total,2026-27,324,forecast
2022-23,Lane,Total,2027-28,300,forecast
2022-23,Lane,Total,2028-29,289,forecast
2022-23,Lane,Total,2029-30,293,forecast
2022-23,Lane,Total,2030-31,288,forecast
2022-23,Lane,Total,2031-32,280,forecast
2022-23,Mt Tabor,Japanese,2019-20,277,actual
2022-23,Mt Tabor,Japanese,2020-21,274,actual
2022-23,Mt Tabor,Japanese,2021-22,249,actual
2022-23,Mt Tabor,Japanese,2022-23,238,forecast
2022-23,Mt Tabor,Japanese,2023-24,240,forecast
2022-23,Mt Tabor,Japanese,2024-25,227,forecast
2022-23,Mt Tabor,Japanese,2025-26,219,forecast
2022-23,Mt Tabor,Japanese,2026-27,210,forecast
2022-23,Mt Tabor,Japanese,2027-28,216,forecast
2022-23,Mt Tabor,Japanese,2028-29,220,forecast
2022-23,Mt Tabor,Japanese,2029-30,227,forecast
2022-23,Mt Tabor,Japanese,2030-31,227,forecast
2022-23,Mt Tabor,Japanese,2031-32,227,forecast
2022-23,Mt Tabor,Spanish,2019-20,69,actual
2022-23,Mt Tabor,Spanish,2020-21,78,actual
2022-23,Mt Tabor,Spanish,2021-22,69,actual
2022-23,Mt Tabor,Spanish,2022-23,61,forecast
2022-23,Mt Tabor,Spanish,2023-24,59,forecast
2022-23,Mt Tabor,Spanish,2024-25,56,forecast
2022-23,Mt Tabor,Spanish,2025-26,48,forecast
2022-23,Mt Tabor,Spanish,2026-27,47,forecast
2022-23,Mt Tabor,Spanish,2027-28,48,forecast
2022-23,Mt Tabor,Spanish,2028-29,49,forecast
2022-23,Mt Tabor,Spanish,2029-30,49,forecast
2022-23,Mt Tabor,Spanish,2030-31,48,forecast
2022-23,Mt Tabor,Spanish,2031-32,48,forecast
2022-23,Mt Tabor,Neighborhood,2019-20,378,actual
2022-23,Mt Tabor,Neighborhood,2020-21,369,actual
2022-23,Mt Tabor,Neighborhood,2021-22,327,actual
2022-23,Mt Tabor,Neighborhood,2022-23,302,forecast
2022-23,Mt Tabor,Neighborhood,2023-24,305,forecast
2022-23,Mt Tabor,Neighborhood,2024-25,303,forecast
2022-23,Mt Tabor,Neighborhood,2025-26,296,forecast
2022-23,Mt Tabor,Neighborhood,2026-27,288,forecast
2022-23,Mt Tabor,Neighborhood,2027-28,282,forecast
2022-23,Mt Tabor,Neighborhood,2028-29,295,forecast
2022-23,Mt Tabor,Neighborhood,2029-30,284,forecast
2022-23,Mt Tabor,Neighborhood,2030-31,276,forecast
2022-23,Mt Tabor,Neighborhood,2031-32,265,forecast
2022-23,Mt Tabor,Total,2019-20,724,actual
2022-23,Mt Tabor,Total,2020-21,721,actual
2022-23,Mt Tabor,Total,2021-22,645,actual
2022-23,Mt Tabor,Total,2022-23,601,forecast
2022-23,Mt Tabor,Total,2023-24,604,forecast
2022-23,Mt Tabor,Total,2024-25,586,forecast
2022-23,Mt Tabor,Total,2025-26,563,forecast
2022-23,Mt Tabor,Total,2026-27,545,forecast
2022-23,Mt Tabor,Total,2027-28,546,forecast
2022-23,Mt Tabor,Total,2028-29,564,forecast
2022-23,Mt Tabor,Total,2029-30,560,forecast
2022-23,Mt Tabor,Total,2030-31,551,forecast
2022-23,Mt Tabor,Total,2031-32,540,forecast
2022-23,Ockley Green,Spanish,2019-20,99,actual
2022-23,Ockley Green,Spanish,2020-21,111,actual
2022-23,Ockley Green,Spanish,2021-22,104,actual
2022-23,Ockley Green,Spanish,2022-23,99,forecast
2022-23,Ockley Green,Spanish,2023-24,90,forecast
2022-23,Ockley Green,Spanish,2024-25,82,forecast
2022-23,Ockley Green,Spanish,2025-26,71,forecast
2022-23,Ockley Green,Spanish,2026-27,71,forecast
2022-23,Ockley Green,Spanish,2027-28,69,forecast
2022-23,Ockley Green,Spanish,2028-29,74,forecast
2022-23,Ockley Green,Spanish,2029-30,75,forecast
2022-23,Ockley Green,Spanish,2030-31,75,forecast
2022-23,Ockley Green,Spanish,2031-32,75,forecast
2022-23,Ockley Green,Neighborhood,2019-20,388,actual
2022-23,Ockley Green,Neighborhood,2020-21,376,actual
2022-23,Ockley Green,Neighborhood,2021-22,381,actual
2022-23,Ockley Green,Neighborhood,2022-23,371,forecast
2022-23,Ockley Green,Neighborhood,2023-24,358,forecast
2022-23,Ockley Green,Neighborhood,2024-25,345,forecast
2022-23,Ockley Green,Neighborhood,2025-26,358,forecast
2022-23,Ockley Green,Neighborhood,2026-27,342,forecast
2022-23,Ockley Green,Neighborhood,2027-28,339,forecast
2022-23,Ockley Green,Neighborhood,2028-29,331,forecast
2022-23,Ockley Green,Neighborhood,2029-30,338,forecast
2022-23,Ockley Green,Neighborhood,2030-31,327,forecast
2022-23,Ockley Green,Neighborhood,2031-32,317,forecast
2022-23,Ockley Green,Total,2019-20,487,actual
2022-23,Ockley Green,Total,2020-21,487,actual
2022-23,Ockley Green,Total,2021-22,485,actual
2022-23,Ockley Green,Total,2022-23,470,forecast
2022-23,Ockley Green,Total,2023-24,448,forecast
2022-23,Ockley Green,Total,2024-25,427,forecast
2022-23,Ockley Green,Total,2025-26,429,forecast
2022-23,Ockley Green,Total,2026-27,413,forecast
2022-23,Ockley Green,Total,2027-28,408,forecast
2022-23,Ockley Green,Total,2028-29,405,forecast
2022-23,Ockley Green,Total,2029-30,413,forecast
2022-23,Ockley Green,Total,2030-31,402,forecast
2022-23,Ockley Green,Total,2031-32,392,forecast
2022-23,Roseway Heights,Spanish,2019-20,69,actual
2022-23,Roseway Heights,Spanish,2020-21,93,actual
2022-23,Roseway Heights,Spanish,2021-22,80,actual
2022-23,Roseway Heights,Spanish,2022-23,78,forecast
2022-23,Roseway Heights,Spanish,2023-24,81,forecast
2022-23,Roseway Heights,Spanish,2024-25,78,forecast
2022-23,Roseway Heights,Spanish,2025-26,81,forecast
2022-23,Roseway Heights,Spanish,2026-27,73,forecast
2022-23,Roseway Heights,Spanish,2027-28,69,forecast
2022-23,Roseway Heights,Spanish,2028-29,61,forecast
2022-23,Roseway Heights,Spanish,2029-30,63,forecast
2022-23,Roseway Heights,Spanish,2030-31,63,forecast
2022-23,Roseway Heights,Spanish,2031-32,63,forecast
2022-23,Roseway Heights,Vietnamese,2019-20,0,actual
2022-23,Roseway Heights,Vietnamese,2020-21,0,actual
2022-23,Roseway Heights,Vietnamese,2021-22,26,actual
2022-23,Roseway Heights,Vietnamese,2022-23,38,forecast
2022-23,Roseway Heights,Vietnamese,2023-24,41,forecast
2022-23,Roseway Heights,Vietnamese,2024-25,52,forecast
2022-23,Roseway Heights,Vietnamese,2025-26,59,forecast
2022-23,Roseway Heights,Vietnamese,2026-27,64,forecast
2022-23,Roseway Heights,Vietnamese,2027-28,57,forecast
2022-23,Roseway Heights,Vietnamese,2028-29,54,forecast
2022-23,Roseway Heights,Vietnamese,2029-30,50,forecast
2022-23,Roseway Heights,Vietnamese,2030-31,50,forecast
2022-23,Roseway Heights,Vietnamese,2031-32,50,forecast
2022-23,Roseway Heights,Neighborhood,2019-20,545,actual
2022-23,Roseway Heights,Neighborhood,2020-21,509,actual
2022-23,Roseway Heights,Neighborhood,2021-22,483,actual
2022-23,Roseway Heights,Neighborhood,2022-23,468,forecast
2022-23,Roseway Heights,Neighborhood,2023-24,447,forecast
2022-23,Roseway Heights,Neighborhood,2024-25,412,forecast
2022-23,Roseway Heights,Neighborhood,2025-26,416,forecast
2022-23,Roseway Heights,Neighborhood,2026-27,410,forecast
2022-23,Roseway Heights,Neighborhood,2027-28,405,forecast
2022-23,Roseway Heights,Neighborhood,2028-29,395,forecast
2022-23,Roseway Heights,Neighborhood,2029-30,392,forecast
2022-23,Roseway Heights,Neighborhood,2030-31,392,forecast
2022-23,Roseway Heights,Neighborhood,2031-32,374,forecast
2022-23,Roseway Heights,Total,2019-20,614,actual
2022-23,Roseway Heights,Total,2020-21,617,actual
2022-23,Roseway Heights,Total,2021-22,589,actual
2022-23,Roseway Heights,Total,2022-23,584,forecast
2022-23,Roseway Heights,Total,2023-24,569,forecast
2022-23,Roseway Heights,Total,2024-25,542,forecast
2022-23,Roseway Heights,Total,2025-26,556,forecast
2022-23,Roseway Heights,Total,2026-27,547,forecast
2022-23,Roseway Heights,Total,2027-28,531,forecast
2022-23,Roseway Heights,Total,2028-29,510,forecast
2022-23,Roseway Heights,Total,2029-30,505,forecast
2022-23,Roseway Heights,Total,2030-31,505,forecast
2022-23,Roseway Heights,Total,2031-32,487,forecast
2022-23,Sellwood,Total,2019-20,588,actual
2022-23,Sellwood,Total,2020-21,549,actual
2022-23,Sellwood,Total,2021-22,553,actual
2022-23,Sellwood,Total,2022-23,550,forecast
2022-23,Sellwood,Total,2023-24,536,forecast
2022-23,Sellwood,Total,2024-25,521,forecast
2022-23,Sellwood,Total,2025-26,515,forecast
2022-23,Sellwood,Total,2026-27,499,forecast
2022-23,Sellwood,Total,2027-28,511,forecast
2022-23,Sellwood,Total,2028-29,518,forecast
2022-23,Sellwood,Total,2029-30,536,forecast
2022-23,Sellwood,Total,2030-31,506,forecast
2022-23,Sellwood,Total,2031-32,491,forecast
2022-23,West Sylvan,Spanish,2019-20,145,actual
2022-23,West Sylvan,Spanish,2020-21,147,actual
2022-23,West Sylvan,Spanish,2021-22,128,actual
2022-23,West Sylvan,Spanish,2022-23,123,forecast
2022-23,West Sylvan,Spanish,2023-24,124,forecast
2022-23,West Sylvan,Spanish,2024-25,120,forecast
2022-23,West Sylvan,Spanish,2025-26,124,forecast
2022-23,West Sylvan,Spanish,2026-27,123,forecast
2022-23,West Sylvan,Spanish,2027-28,125,forecast
2022-23,West Sylvan,Spanish,2028-29,120,forecast
2022-23,West Sylvan,Spanish,2029-30,121,forecast
2022-23,West Sylvan,Spanish,2030-31,121,forecast
2022-23,West Sylvan,Spanish,2031-32,121,forecast
2022-23,West Sylvan,Neighborhood,2019-20,688,actual
2022-23,West Sylvan,Neighborhood,2020-21,655,actual
2022-23,West Sylvan,Neighborhood,2021-22,599,actual
2022-23,West Sylvan,Neighborhood,2022-23,590,forecast
2022-23,West Sylvan,Neighborhood,2023-24,568,forecast
2022-23,West Sylvan,Neighborhood,2024-25,568,forecast
2022-23,West Sylvan,Neighborhood,2025-26,582,forecast
2022-23,West Sylvan,Neighborhood,2026-27,570,forecast
2022-23,West Sylvan,Neighborhood,2027-28,573,forecast
2022-23,West Sylvan,Neighborhood,2028-29,550,forecast
2022-23,West Sylvan,Neighborhood,2029-30,578,forecast
2022-23,West Sylvan,Neighborhood,2030-31,575,forecast
2022-23,West Sylvan,Neighborhood,2031-32,568,forecast
2022-23,West Sylvan,Total,2019-20,833,actual
2022-23,West Sylvan,Total,2020-21,802,actual
2022-23,West Sylvan,Total,2021-22,727,actual
2022-23,West Sylvan,Total,2022-23,713,forecast
2022-23,West Sylvan,Total,2023-24,692,forecast
2022-23,West Sylvan,Total,2024-25,688,forecast
2022-23,West Sylvan,Total,2025-26,706,forecast
2022-23,West Sylvan,Total,2026-27,693,forecast
2022-23,West Sylvan,Total,2027-28,698,forecast
2022-23,West Sylvan,Total,2028-29,670,forecast
2022-23,West Sylvan,Total,2029-30,699,forecast
2022-23,West Sylvan,Total,2030-31,696,forecast
2022-23,West Sylvan,Total,2031-32,689,forecast
2022-23,Benson,Total,2019-20,1055,actual
2022-23,Benson,Total,2020-21,1005,actual
2022-23,Benson,Total,2021-22,895,actual
2022-23,Benson,Total,2022-23,894,forecast
2022-23,Benson,Total,2023-24,908,forecast
2022-23,Benson,Total,2024-25,961,forecast
2022-23,Benson,Total,2025-26,1017,forecast
2022-23,Benson,Total,2026-27,1047,forecast
2022-23,Benson,Total,2027-28,1047,forecast
2022-23,Benson,Total,2028-29,1047,forecast
2022-23,Benson,Total,2029-30,1047,forecast
2022-23,Benson,Total,2030-31,1047,forecast
2022-23,Benson,Total,2031-32,1047,forecast
2022-23,Cleveland,Mandarin,2019-20,133,actual
2022-23,Cleveland,Mandarin,2020-21,124,actual
2022-23,Cleveland,Mandarin,2021-22,130,actual
2022-23,Cleveland,Mandarin,2022-23,127,forecast
2022-23,Cleveland,Mandarin,2023-24,132,forecast
2022-23,Cleveland,Mandarin,2024-25,130,forecast
2022-23,Cleveland,Mandarin,2025-26,121,forecast
2022-23,Cleveland,Mandarin,2026-27,114,forecast
2022-23,Cleveland,Mandarin,2027-28,114,forecast
2022-23,Cleveland,Mandarin,2028-29,114,forecast
2022-23,Cleveland,Mandarin,2029-30,114,forecast
2022-23,Cleveland,Mandarin,2030-31,114,forecast
2022-23,Cleveland,Mandarin,2031-32,114,forecast
2022-23,Cleveland,Neighborhood,2019-20,1427,actual
2022-23,Cleveland,Neighborhood,2020-21,1457,actual
2022-23,Cleveland,Neighborhood,2021-22,1493,actual
2022-23,Cleveland,Neighborhood,2022-23,1478,forecast
2022-23,Cleveland,Neighborhood,2023-24,1464,forecast
2022-23,Cleveland,Neighborhood,2024-25,1424,forecast
2022-23,Cleveland,Neighborhood,2025-26,1384,forecast
2022-23,Cleveland,Neighborhood,2026-27,1335,forecast
2022-23,Cleveland,Neighborhood,2027-28,1303,forecast
2022-23,Cleveland,Neighborhood,2028-29,1285,forecast
2022-23,Cleveland,Neighborhood,2029-30,1231,forecast
2022-23,Cleveland,Neighborhood,2030-31,1210,forecast
2022-23,Cleveland,Neighborhood,2031-32,1198,forecast
2022-23,Cleveland,Total,2019-20,1560,actual
2022-23,Cleveland,Total,2020-21,1581,actual
2022-23,Cleveland,Total,2021-22,1623,actual
2022-23,Cleveland,Total,2022-23,1605,forecast
2022-23,Cleveland,Total,2023-24,1596,forecast
2022-23,Cleveland,Total,2024-25,1554,forecast
2022-23,Cleveland,Total,2025-26,1505,forecast
2022-23,Cleveland,Total,2026-27,1449,forecast
2022-23,Cleveland,Total,2027-28,1417,forecast
2022-23,Cleveland,Total,2028-29,1399,forecast
2022-23,Cleveland,Total,2029-30,1345,forecast
2022-23,Cleveland,Total,2030-31,1324,forecast
2022-23,Cleveland,Total,2031-32,1312,forecast
2022-23,Franklin,Spanish,2019-20,132,actual
2022-23,Franklin,Spanish,2020-21,135,actual
2022-23,Franklin,Spanish,2021-22,139,actual
2022-23,Franklin,Spanish,2022-23,133,forecast
2022-23,Franklin,Spanish,2023-24,134,forecast
2022-23,Franklin,Spanish,2024-25,136,forecast
2022-23,Franklin,Spanish,2025-26,142,forecast
2022-23,Franklin,Spanish,2026-27,143,forecast
2022-23,Franklin,Spanish,2027-28,140,forecast
2022-23,Franklin,Spanish,2028-29,140,forecast
2022-23,Franklin,Spanish,2029-30,139,forecast
2022-23,Franklin,Spanish,2030-31,138,forecast
2022-23,Franklin,Spanish,2031-32,137,forecast
2022-23,Franklin,Russian,2019-20,35,actual
2022-23,Franklin,Russian,2020-21,39,actual
2022-23,Franklin,Russian,2021-22,40,actual
2022-23,Franklin,Russian,2022-23,41,forecast
2022-23,Franklin,Russian,2023-24,43,forecast
2022-23,Franklin,Russian,2024-25,35,forecast
2022-23,Franklin,Russian,2025-26,35,forecast
2022-23,Franklin,Russian,2026-27,37,forecast
2022-23,Franklin,Russian,2027-28,36,forecast
2022-23,Franklin,Russian,2028-29,40,forecast
2022-23,Franklin,Russian,2029-30,40,forecast
2022-23,Franklin,Russian,2030-31,40,forecast
2022-23,Franklin,Russian,2031-32,40,forecast
2022-23,Franklin,Neighborhood,2019-20,1769,actual
2022-23,Franklin,Neighborhood,2020-21,1836,actual
2022-23,Franklin,Neighborhood,2021-22,1835,actual
2022-23,Franklin,Neighborhood,2022-23,1841,forecast
2022-23,Franklin,Neighborhood,2023-24,1763,forecast
2022-23,Franklin,Neighborhood,2024-25,1723,forecast
2022-23,Franklin,Neighborhood,2025-26,1665,forecast
2022-23,Franklin,Neighborhood,2026-27,1601,forecast
2022-23,Franklin,Neighborhood,2027-28,1602,forecast
2022-23,Franklin,Neighborhood,2028-29,1561,forecast
2022-23,Franklin,Neighborhood,2029-30,1560,forecast
2022-23,Franklin,Neighborhood,2030-31,1521,forecast
2022-23,Franklin,Neighborhood,2031-32,1504,forecast
2022-23,Franklin,Total,2019-20,1936,actual
2022-23,Franklin,Total,2020-21,2010,actual
2022-23,Franklin,Total,2021-22,2014,actual
2022-23,Franklin,Total,2022-23,2015,forecast
2022-23,Franklin,Total,2023-24,1940,forecast
2022-23,Franklin,Total,2024-25,1894,forecast
2022-23,Franklin,Total,2025-26,1842,forecast
2022-23,Franklin,Total,2026-27,1781,forecast
2022-23,Franklin,Total,2027-28,1778,forecast
2022-23,Franklin,Total,2028-29,1741,forecast
2022-23,Franklin,Total,2029-30,1739,forecast
2022-23,Franklin,Total,2030-31,1699,forecast
2022-23,Franklin,Total,2031-32,1681,forecast
2022-23,Grant,Japanese,2019-20,224,actual
2022-23,Grant,Japanese,2020-21,264,actual
2022-23,Grant,Japanese,2021-22,277,actual
2022-23,Grant,Japanese,2022-23,277,forecast
2022-23,Grant,Japanese,2023-24,265,forecast
2022-23,Grant,Japanese,2024-25,244,forecast
2022-23,Grant,Japanese,2025-26,228,forecast
2022-23,Grant,Japanese,2026-27,218,forecast
2022-23,Grant,Japanese,2027-28,223,forecast
2022-23,Grant,Japanese,2028-29,222,forecast
2022-23,Grant,Japanese,2029-30,221,forecast
2022-23,Grant,Japanese,2030-31,221,forecast
2022-23,Grant,Japanese,2031-32,220,forecast
2022-23,Grant,Neighborhood,2019-20,1589,actual
2022-23,Grant,Neighborhood,2020-21,1701,actual
2022-23,Grant,Neighborhood,2021-22,1849,actual
2022-23,Grant,Neighborhood,2022-23,1901,forecast
2022-23,Grant,Neighborhood,2023-24,1877,forecast
2022-23,Grant,Neighborhood,2024-25,1868,forecast
2022-23,Grant,Neighborhood,2025-26,1763,forecast
2022-23,Grant,Neighborhood,2026-27,1696,forecast
2022-23,Grant,Neighborhood,2027-28,1665,forecast
2022-23,Grant,Neighborhood,2028-29,1618,forecast
2022-23,Grant,Neighborhood,2029-30,1594,forecast
2022-23,Grant,Neighborhood,2030-31,1596,forecast
2022-23,Grant,Neighborhood,2031-32,1554,forecast
2022-23,Grant,Total,2019-20,1813,actual
2022-23,Grant,Total,2020-21,1965,actual
2022-23,Grant,Total,2021-22,2126,actual
2022-23,Grant,Total,2022-23,2178,forecast
2022-23,Grant,Total,2023-24,2142,forecast
2022-23,Grant,Total,2024-25,2112,forecast
2022-23,Grant,Total,2025-26,1991,forecast
2022-23,Grant,Total,2026-27,1914,forecast
2022-23,Grant,Total,2027-28,1888,forecast
2022-23,Grant,Total,2028-29,1840,forecast
2022-23,Grant,Total,2029-30,1815,forecast
2022-23,Grant,Total,2030-31,1817,forecast
2022-23,Grant,Total,2031-32,1774,forecast
2022-23,Ida B. Wells-Barnett,Total,2019-20,1558,actual
2022-23,Ida B. Wells-Barnett,Total,2020-21,1540,actual
2022-23,Ida B. Wells-Barnett,Total,2021-22,1597,actual
2022-23,Ida B. Wells-Barnett,Total,2022-23,1603,forecast
2022-23,Ida B. Wells-Barnett,Total,2023-24,1692,forecast
2022-23,Ida B. Wells-Barnett,Total,2024-25,1742,forecast
2022-23,Ida B. Wells-Barnett,Total,2025-26,1755,forecast
2022-23,Ida B. Wells-Barnett,Total,2026-27,1729,forecast
2022-23,Ida B. Wells-Barnett,Total,2027-28,1669,forecast
2022-23,Ida B. Wells-Barnett,Total,2028-29,1645,forecast
2022-23,Ida B. Wells-Barnett,Total,2029-30,1575,forecast
2022-23,Ida B. Wells-Barnett,Total,2030-31,1575,forecast
2022-23,Ida B. Wells-Barnett,Total,2031-32,1584,forecast
2022-23,Jefferson,Total,2019-20,641,actual
2022-23,Jefferson,Total,2020-21,620,actual
2022-23,Jefferson,Total,2021-22,588,actual
2022-23,Jefferson,Total,2022-23,607,forecast
2022-23,Jefferson,Total,2023-24,604,forecast
2022-23,Jefferson,Total,2024-25,577,forecast
2022-23,Jefferson,Total,2025-26,546,forecast
2022-23,Jefferson,Total,2026-27,524,forecast
2022-23,Jefferson,Total,2027-28,524,forecast
2022-23,Jefferson,Total,2028-29,532,forecast
2022-23,Jefferson,Total,2029-30,515,forecast
2022-23,Jefferson,Total,2030-31,502,forecast
2022-23,Jefferson,Total,2031-32,490,forecast
2022-23,Leodis V. McDaniel,Portland Int'l Scholars,2019-20,0,actual
2022-23,Leodis V. McDaniel,Portland Int'l Scholars,2020-21,0,actual
2022-23,Leodis V. McDaniel,Portland Int'l Scholars,2021-22,40,actual
2022-23,Leodis V. McDaniel,Portland Int'l Scholars,2022-23,44,forecast
2022-23,Leodis V. McDaniel,Portland Int'l Scholars,2023-24,43,forecast
2022-23,Leodis V. McDaniel,Portland Int'l Scholars,2024-25,40,forecast
2022-23,Leodis V. McDaniel,Portland Int'l Scholars,2025-26,40,forecast
2022-23,Leodis V. McDaniel,Portland Int'l Scholars,2026-27,40,forecast
2022-23,Leodis V. McDaniel,Portland Int'l Scholars,2027-28,40,forecast
2022-23,Leodis V. McDaniel,Portland Int'l Scholars,2028-29,40,forecast
2022-23,Leodis V. McDaniel,Portland Int'l Scholars,2029-30,40,forecast
2022-23,Leodis V. McDaniel,Portland Int'l Scholars,2030-31,40,forecast
2022-23,Leodis V. McDaniel,Portland Int'l Scholars,2031-32,40,forecast
2022-23,Leodis V. McDaniel,Spanish,2019-20,68,actual
2022-23,Leodis V. McDaniel,Spanish,2020-21,87,actual
2022-23,Leodis V. McDaniel,Spanish,2021-22,130,actual
2022-23,Leodis V. McDaniel,Spanish,2022-23,142,forecast
2022-23,Leodis V. McDaniel,Spanish,2023-24,165,forecast
2022-23,Leodis V. McDaniel,Spanish,2024-25,182,forecast
2022-23,Leodis V. McDaniel,Spanish,2025-26,174,forecast
2022-23,Leodis V. McDaniel,Spanish,2026-27,175,forecast
2022-23,Leodis V. McDaniel,Spanish,2027-28,172,forecast
2022-23,Leodis V. McDaniel,Spanish,2028-29,168,forecast
2022-23,Leodis V. McDaniel,Spanish,2029-30,164,forecast
2022-23,Leodis V. McDaniel,Spanish,2030-31,164,forecast
2022-23,Leodis V. McDaniel,Spanish,2031-32,166,forecast
2022-23,Leodis V. McDaniel,Vietnamese,2019-20,0,actual
2022-23,Leodis V. McDaniel,Vietnamese,2020-21,0,actual
2022-23,Leodis V. McDaniel,Vietnamese,2021-22,0,actual
2022-23,Leodis V. McDaniel,Vietnamese,2022-23,0,forecast
2022-23,Leodis V. McDaniel,Vietnamese,2023-24,10,forecast
2022-23,Leodis V. McDaniel,Vietnamese,2024-25,20,forecast
2022-23,Leodis V. McDaniel,Vietnamese,2025-26,30,forecast
2022-23,Leodis V. McDaniel,Vietnamese,2026-27,42,forecast
2022-23,Leodis V. McDaniel,Vietnamese,2027-28,51,forecast
2022-23,Leodis V. McDaniel,Vietnamese,2028-29,56,forecast
2022-23,Leodis V. McDaniel,Vietnamese,2029-30,62,forecast
2022-23,Leodis V. McDaniel,Vietnamese,2030-31,63,forecast
2022-23,Leodis V. McDaniel,Vietnamese,2031-32,57,forecast
2022-23,Leodis V. McDaniel,Neighborhood,2019-20,1011,actual
2022-23,Leodis V. McDaniel,Neighborhood,2020-21,1086,actual
2022-23,Leodis V. McDaniel,Neighborhood,2021-22,1199,actual
2022-23,Leodis V. McDaniel,Neighborhood,2022-23,1221,forecast
2022-23,Leodis V. McDaniel,Neighborhood,2023-24,1234,forecast
2022-23,Leodis V. McDaniel,Neighborhood,2024-25,1171,forecast
2022-23,Leodis V. McDaniel,Neighborhood,2025-26,1084,forecast
2022-23,Leodis V. McDaniel,Neighborhood,2026-27,1042,forecast
2022-23,Leodis V. McDaniel,Neighborhood,2027-28,1029,forecast
2022-23,Leodis V. McDaniel,Neighborhood,2028-29,1025,forecast
2022-23,Leodis V. McDaniel,Neighborhood,2029-30,986,forecast
2022-23,Leodis V. McDaniel,Neighborhood,2030-31,970,forecast
2022-23,Leodis V. McDaniel,Neighborhood,2031-32,957,forecast
2022-23,Leodis V. McDaniel,Total,2019-20,1079,actual
2022-23,Leodis V. McDaniel,Total,2020-21,1173,actual
2022-23,Leodis V. McDaniel,Total,2021-22,1369,actual
2022-23,Leodis V. McDaniel,Total,2022-23,1407,forecast
2022-23,Leodis V. McDaniel,Total,2023-24,1452,forecast
2022-23,Leodis V. McDaniel,Total,2024-25,1413,forecast
2022-23,Leodis V. McDaniel,Total,2025-26,1328,forecast
2022-23,Leodis V. McDaniel,Total,2026-27,1299,forecast
2022-23,Leodis V. McDaniel,Total,2027-28,1292,forecast
2022-23,Leodis V. McDaniel,Total,2028-29,1289,forecast
2022-23,Leodis V. McDaniel,Total,2029-30,1252,forecast
2022-23,Leodis V. McDaniel,Total,2030-31,1237,forecast
2022-23,Leodis V. McDaniel,Total,2031-32,1220,forecast
2022-23,Lincoln,Spanish,2019-20,159,actual
2022-23,Lincoln,Spanish,2020-21,163,actual
2022-23,Lincoln,Spanish,2021-22,178,actual
2022-23,Lincoln,Spanish,2022-23,178,forecast
2022-23,Lincoln,Spanish,2023-24,173,forecast
2022-23,Lincoln,Spanish,2024-25,162,forecast
2022-23,Lincoln,Spanish,2025-26,149,forecast
2022-23,Lincoln,Spanish,2026-27,146,forecast
2022-23,Lincoln,Spanish,2027-28,143,forecast
2022-23,Lincoln,Spanish,2028-29,139,forecast
2022-23,Lincoln,Spanish,2029-30,133,forecast
2022-23,Lincoln,Spanish,2030-31,131,forecast
2022-23,Lincoln,Spanish,2031-32,133,forecast
2022-23,Lincoln,Neighborhood,2019-20,1429,actual
2022-23,Lincoln,Neighborhood,2020-21,1318,actual
2022-23,Lincoln,Neighborhood,2021-22,1284,actual
2022-23,Lincoln,Neighborhood,2022-23,1285,forecast
2022-23,Lincoln,Neighborhood,2023-24,1292,forecast
2022-23,Lincoln,Neighborhood,2024-25,1247,forecast
2022-23,Lincoln,Neighborhood,2025-26,1212,forecast
2022-23,Lincoln,Neighborhood,2026-27,1155,forecast
2022-23,Lincoln,Neighborhood,2027-28,1141,forecast
2022-23,Lincoln,Neighborhood,2028-29,1150,forecast
2022-23,Lincoln,Neighborhood,2029-30,1128,forecast
2022-23,Lincoln,Neighborhood,2030-31,1131,forecast
2022-23,Lincoln,Neighborhood,2031-32,1126,forecast
2022-23,Lincoln,Total,2019-20,1588,actual
2022-23,Lincoln,Total,2020-21,1481,actual
2022-23,Lincoln,Total,2021-22,1462,actual
2022-23,Lincoln,Total,2022-23,1463,forecast
2022-23,Lincoln,Total,2023-24,1465,forecast
2022-23,Lincoln,Total,2024-25,1409,forecast
2022-23,Lincoln,Total,2025-26,1361,forecast
2022-23,Lincoln,Total,2026-27,1301,forecast
2022-23,Lincoln,Total,2027-28,1284,forecast
2022-23,Lincoln,Total,2028-29,1289,forecast
2022-23,Lincoln,Total,2029-30,1261,forecast
2022-23,Lincoln,Total,2030-31,1262,forecast
2022-23,Lincoln,Total,2031-32,1259,forecast
2022-23,Roosevelt,Portland Int'l Scholars,2019-20,0,actual
2022-23,Roosevelt,Portland Int'l Scholars,2020-21,0,actual
2022-23,Roosevelt,Portland Int'l Scholars,2021-22,39,actual
2022-23,Roosevelt,Portland Int'l Scholars,2022-23,38,forecast
2022-23,Roosevelt,Portland Int'l Scholars,2023-24,34,forecast
2022-23,Roosevelt,Portland Int'l Scholars,2024-25,36,forecast
2022-23,Roosevelt,Portland Int'l Scholars,2025-26,39,forecast
2022-23,Roosevelt,Portland Int'l Scholars,2026-27,39,forecast
2022-23,Roosevelt,Portland Int'l Scholars,2027-28,39,forecast
2022-23,Roosevelt,Portland Int'l Scholars,2028-29,39,forecast
2022-23,Roosevelt,Portland Int'l Scholars,2029-30,39,forecast
2022-23,Roosevelt,Portland Int'l Scholars,2030-31,39,forecast
2022-23,Roosevelt,Portland Int'l Scholars,2031-32,39,forecast
2022-23,Roosevelt,Spanish,2019-20,179,actual
2022-23,Roosevelt,Spanish,2020-21,218,actual
2022-23,Roosevelt,Spanish,2021-22,200,actual
2022-23,Roosevelt,Spanish,2022-23,211,forecast
2022-23,Roosevelt,Spanish,2023-24,213,forecast
2022-23,Roosevelt,Spanish,2024-25,235,forecast
2022-23,Roosevelt,Spanish,2025-26,282,forecast
2022-23,Roosevelt,Spanish,2026-27,295,forecast
2022-23,Roosevelt,Spanish,2027-28,293,forecast
2022-23,Roosevelt,Spanish,2028-29,284,forecast
2022-23,Roosevelt,Spanish,2029-30,276,forecast
2022-23,Roosevelt,Spanish,2030-31,267,forecast
2022-23,Roosevelt,Spanish,2031-32,256,forecast
2022-23,Roosevelt,Neighborhood,2019-20,1016,actual
2022-23,Roosevelt,Neighborhood,2020-21,1074,actual
2022-23,Roosevelt,Neighborhood,2021-22,1137,actual
2022-23,Roosevelt,Neighborhood,2022-23,1199,forecast
2022-23,Roosevelt,Neighborhood,2023-24,1127,forecast
2022-23,Roosevelt,Neighborhood,2024-25,1045,forecast
2022-23,Roosevelt,Neighborhood,2025-26,963,forecast
2022-23,Roosevelt,Neighborhood,2026-27,874,forecast
2022-23,Roosevelt,Neighborhood,2027-28,868,forecast
2022-23,Roosevelt,Neighborhood,2028-29,847,forecast
2022-23,Roosevelt,Neighborhood,2029-30,801,forecast
2022-23,Roosevelt,Neighborhood,2030-31,799,forecast
2022-23,Roosevelt,Neighborhood,2031-32,792,forecast
2022-23,Roosevelt,Total,2019-20,1195,actual
2022-23,Roosevelt,Total,2020-21,1292,actual
2022-23,Roosevelt,Total,2021-22,1376,actual
2022-23,Roosevelt,Total,2022-23,1448,forecast
2022-23,Roosevelt,Total,2023-24,1374,forecast
2022-23,Roosevelt,Total,2024-25,1316,forecast
2022-23,Roosevelt,Total,2025-26,1284,forecast
2022-23,Roosevelt,Total,2026-27,1208,forecast
2022-23,Roosevelt,Total,2027-28,1200,forecast
2022-23,Roosevelt,Total,2028-29,1170,forecast
2022-23,Roosevelt,Total,2029-30,1116,forecast
2022-23,Roosevelt,Total,2030-31,1105,forecast
2022-23,Roosevelt,Total,2031-32,1087,forecast
2022-23,ACCESS,Total,2019-20,300,actual
2022-23,ACCESS,Total,2020-21,318,actual
2022-23,ACCESS,Total,2021-22,314,actual
2022-23,ACCESS,Total,2022-23,307,forecast
2022-23,ACCESS,Total,2023-24,297,forecast
2022-23,ACCESS,Total,2024-25,290,forecast
2022-23,ACCESS,Total,2025-26,280,forecast
2022-23,ACCESS,Total,2026-27,276,forecast
2022-23,ACCESS,Total,2027-28,287,forecast
2022-23,ACCESS,Total,2028-29,286,forecast
2022-23,ACCESS,Total,2029-30,298,forecast
2022-23,ACCESS,Total,2030-31,298,forecast
2022-23,ACCESS,Total,2031-32,298,forecast
2022-23,Metro. Learning Center,Total,2019-20,390,actual
2022-23,Metro. Learning Center,Total,2020-21,377,actual
2022-23,Metro. Learning Center,Total,2021-22,341,actual
2022-23,Metro. Learning Center,Total,2022-23,361,forecast
2022-23,Metro. Learning Center,Total,2023-24,365,forecast
2022-23,Metro. Learning Center,Total,2024-25,372,forecast
2022-23,Metro. Learning Center,Total,2025-26,371,forecast
2022-23,Metro. Learning Center,Total,2026-27,370,forecast
2022-23,Metro. Learning Center,Total,2027-28,373,forecast
2022-23,Metro. Learning Center,Total,2028-29,376,forecast
2022-23,Metro. Learning Center,Total,2029-30,379,forecast
2022-23,Metro. Learning Center,Total,2030-31,382,forecast
2022-23,Metro. Learning Center,Total,2031-32,384,forecast
2022-23,Online Learning Academy,Total,2019-20,0,actual
2022-23,Online Learning Academy,Total,2020-21,0,actual
2022-23,Online Learning Academy,Total,2021-22,592,actual
2022-23,Online Learning Academy,Total,2022-23,410,forecast
2022-23,Online Learning Academy,Total,2023-24,382,forecast
2022-23,Online Learning Academy,Total,2024-25,353,forecast
2022-23,Online Learning Academy,Total,2025-26,310,forecast
2022-23,Online Learning Academy,Total,2026-27,290,forecast
2022-23,Online Learning Academy,Total,2027-28,278,forecast
2022-23,Online Learning Academy,Total,2028-29,267,forecast
2022-23,Online Learning Academy,Total,2029-30,256,forecast
2022-23,Online Learning Academy,Total,2030-31,253,forecast
2022-23,Online Learning Academy,Total,2031-32,252,forecast
2022-23,Other Schools and Programs,Total,2019-20,3113,actual
2022-23,Other Schools and Programs,Total,2020-21,2949,actual
2022-23,Other Schools and Programs,Total,2021-22,2556,actual
2022-23,Other Schools and Programs,Total,2022-23,2597,forecast
2022-23,Other Schools and Programs,Total,2023-24,2611,forecast
2022-23,Other Schools and Programs,Total,2024-25,2673,forecast
2022-23,Other Schools and Programs,Total,2025-26,2692,forecast
2022-23,Other Schools and Programs,Total,2026-27,2652,forecast
2022-23,Other Schools and Programs,Total,2027-28,2566,forecast
2022-23,Other Schools and Programs,Total,2028-29,2503,forecast
2022-23,Other Schools and Programs,Total,2029-30,2426,forecast
2022-23,Other Schools and Programs,Total,2030-31,2437,forecast
2022-23,Other Schools and Programs,Total,2031-32,2398,forecast
2022-23,District,Total,2019-20,48653,actual
2022-23,District,Total,2020-21,46937,actual
2022-23,District,Total,2021-22,45005,actual
2022-23,District,Total,2022-23,44813,forecast
2022-23,District,Total,2023-24,44405,forecast
2022-23,District,Total,2024-25,43789,forecast
2022-23,District,Total,2025-26,42885,forecast
2022-23,District,Total,2026-27,42047,forecast
2022-23,District,Total,2027-28,41387,forecast
2022-23,District,Total,2028-29,40798,forecast
2022-23,District,Total,2029-30,40249,forecast
2022-23,District,Total,2030-31,39917,forecast
2022-23,District,Total,2031-32,39561,forecast
2023-24,Abernethy,Total,2020-21,451,actual
2023-24,Abernethy,Total,2021-22,374,actual
2023-24,Abernethy,Total,2022-23,353,actual
2023-24,Abernethy,Total,2023-24,320,forecast
2023-24,Abernethy,Total,2024-25,285,forecast
2023-24,Abernethy,Total,2025-26,262,forecast
2023-24,Abernethy,Total,2026-27,250,forecast
2023-24,Abernethy,Total,2027-28,251,forecast
2023-24,Abernethy,Total,2028-29,261,forecast
2023-24,Abernethy,Total,2029-30,268,forecast
2023-24,Abernethy,Total,2030-31,270,forecast
2023-24,Abernethy,Total,2031-32,276,forecast
2023-24,Abernethy,Total,2032-33,285,forecast
2023-24,Ainsworth,Total,2020-21,594,actual
2023-24,Ainsworth,Total,2021-22,553,actual
2023-24,Ainsworth,Total,2022-23,563,actual
2023-24,Ainsworth,Total,2023-24,557,forecast
2023-24,Ainsworth,Total,2024-25,554,forecast
2023-24,Ainsworth,Total,2025-26,531,forecast
2023-24,Ainsworth,Total,2026-27,517,forecast
2023-24,Ainsworth,Total,2027-28,511,forecast
2023-24,Ainsworth,Total,2028-29,506,forecast
2023-24,Ainsworth,Total,2029-30,501,forecast
2023-24,Ainsworth,Total,2030-31,508,forecast
2023-24,Ainsworth,Total,2031-32,508,forecast
2023-24,Ainsworth,Total,2032-33,522,forecast
2023-24,Ainsworth,Neighborhood,2020-21,297,actual
2023-24,Ainsworth,Neighborhood,2021-22,281,actual
2023-24,Ainsworth,Neighborhood,2022-23,287,actual
2023-24,Ainsworth,Neighborhood,2023-24,283,forecast
2023-24,Ainsworth,Neighborhood,2024-25,281,forecast
2023-24,Ainsworth,Neighborhood,2025-26,272,forecast
2023-24,Ainsworth,Neighborhood,2026-27,266,forecast
2023-24,Ainsworth,Neighborhood,2027-28,267,forecast
2023-24,Ainsworth,Neighborhood,2028-29,267,forecast
2023-24,Ainsworth,Neighborhood,2029-30,264,forecast
2023-24,Ainsworth,Neighborhood,2030-31,266,forecast
2023-24,Ainsworth,Neighborhood,2031-32,263,forecast
2023-24,Ainsworth,Neighborhood,2032-33,269,forecast
2023-24,Ainsworth,Spanish,2020-21,297,actual
2023-24,Ainsworth,Spanish,2021-22,272,actual
2023-24,Ainsworth,Spanish,2022-23,276,actual
2023-24,Ainsworth,Spanish,2023-24,274,forecast
2023-24,Ainsworth,Spanish,2024-25,273,forecast
2023-24,Ainsworth,Spanish,2025-26,259,forecast
2023-24,Ainsworth,Spanish,2026-27,251,forecast
2023-24,Ainsworth,Spanish,2027-28,244,forecast
2023-24,Ainsworth,Spanish,2028-29,239,forecast
2023-24,Ainsworth,Spanish,2029-30,237,forecast
2023-24,Ainsworth,Spanish,2030-31,242,forecast
2023-24,Ainsworth,Spanish,2031-32,245,forecast
2023-24,Ainsworth,Spanish,2032-33,253,forecast
2023-24,Alameda,Total,2020-21,623,actual
2023-24,Alameda,Total,2021-22,525,actual
2023-24,Alameda,Total,2022-23,538,actual
2023-24,Alameda,Total,2023-24,517,forecast
2023-24,Alameda,Total,2024-25,490,forecast
2023-24,Alameda,Total,2025-26,478,forecast
2023-24,Alameda,Total,2026-27,450,forecast
2023-24,Alameda,Total,2027-28,439,forecast
2023-24,Alameda,Total,2028-29,431,forecast
2023-24,Alameda,Total,2029-30,427,forecast
2023-24,Alameda,Total,2030-31,433,forecast
2023-24,Alameda,Total,2031-32,439,forecast
2023-24,Alameda,Total,2032-33,447,forecast
2023-24,Arleta,Total,2020-21,485,actual
2023-24,Arleta,Total,2021-22,269,actual
2023-24,Arleta,Total,2022-23,256,actual
2023-24,Arleta,Total,2023-24,241,forecast
2023-24,Arleta,Total,2024-25,210,forecast
2023-24,Arleta,Total,2025-26,195,forecast
2023-24,Arleta,Total,2026-27,169,forecast
2023-24,Arleta,Total,2027-28,166,forecast
2023-24,Arleta,Total,2028-29,172,forecast
2023-24,Arleta,Total,2029-30,169,forecast
2023-24,Arleta,Total,2030-31,176,forecast
2023-24,Arleta,Total,2031-32,179,forecast
2023-24,Arleta,Total,2032-33,182,forecast
2023-24,Atkinson,Total,2020-21,390,actual
2023-24,Atkinson,Total,2021-22,342,actual
2023-24,Atkinson,Total,2022-23,337,actual
2023-24,Atkinson,Total,2023-24,333,forecast
2023-24,Atkinson,Total,2024-25,339,forecast
2023-24,Atkinson,Total,2025-26,345,forecast
2023-24,Atkinson,Total,2026-27,336,forecast
2023-24,Atkinson,Total,2027-28,336,forecast
2023-24,Atkinson,Total,2028-29,344,forecast
2023-24,Atkinson,Total,2029-30,347,forecast
2023-24,Atkinson,Total,2030-31,349,forecast
2023-24,Atkinson,Total,2031-32,362,forecast
2023-24,Atkinson,Total,2032-33,369,forecast
2023-24,Atkinson,Neighborhood,2020-21,246,actual
2023-24,Atkinson,Neighborhood,2021-22,206,actual
2023-24,Atkinson,Neighborhood,2022-23,196,actual
2023-24,Atkinson,Neighborhood,2023-24,193,forecast
2023-24,Atkinson,Neighborhood,2024-25,196,forecast
2023-24,Atkinson,Neighborhood,2025-26,199,forecast
2023-24,Atkinson,Neighborhood,2026-27,195,forecast
2023-24,Atkinson,Neighborhood,2027-28,200,forecast
2023-24,Atkinson,Neighborhood,2028-29,211,forecast
2023-24,Atkinson,Neighborhood,2029-30,214,forecast
2023-24,Atkinson,Neighborhood,2030-31,217,forecast
2023-24,Atkinson,Neighborhood,2031-32,225,forecast
2023-24,Atkinson,Neighborhood,2032-33,228,forecast
2023-24,Atkinson,Spanish,2020-21,144,actual
2023-24,Atkinson,Spanish,2021-22,136,actual
2023-24,Atkinson,Spanish,2022-23,141,actual
2023-24,Atkinson,Spanish,2023-24,140,forecast
2023-24,Atkinson,Spanish,2024-25,143,forecast
2023-24,Atkinson,Spanish,2025-26,146,forecast
2023-24,Atkinson,Spanish,2026-27,141,forecast
2023-24,Atkinson,Spanish,2027-28,136,forecast
2023-24,Atkinson,Spanish,2028-29,133,forecast
2023-24,Atkinson,Spanish,2029-30,133,forecast
2023-24,Atkinson,Spanish,2030-31,132,forecast
2023-24,Atkinson,Spanish,2031-32,137,forecast
2023-24,Atkinson,Spanish,2032-33,141,forecast
2023-24,Beach,Total,2020-21,382,actual
2023-24,Beach,Total,2021-22,351,actual
2023-24,Beach,Total,2022-23,346,actual
2023-24,Beach,Total,2023-24,339,forecast
2023-24,Beach,Total,2024-25,332,forecast
2023-24,Beach,Total,2025-26,316,forecast
2023-24,Beach,Total,2026-27,301,forecast
2023-24,Beach,Total,2027-28,294,forecast
2023-24,Beach,Total,2028-29,289,forecast
2023-24,Beach,Total,2029-30,276,forecast
2023-24,Beach,Total,2030-31,270,forecast
2023-24,Beach,Total,2031-32,268,forecast
2023-24,Beach,Total,2032-33,275,forecast
2023-24,Beach,Neighborhood,2020-21,130,actual
2023-24,Beach,Neighborhood,2021-22,127,actual
2023-24,Beach,Neighborhood,2022-23,145,actual
2023-24,Beach,Neighborhood,2023-24,155,forecast
2023-24,Beach,Neighborhood,2024-25,156,forecast
2023-24,Beach,Neighborhood,2025-26,147,forecast
2023-24,Beach,Neighborhood,2026-27,153,forecast
2023-24,Beach,Neighborhood,2027-28,158,forecast
2023-24,Beach,Neighborhood,2028-29,151,forecast
2023-24,Beach,Neighborhood,2029-30,138,forecast
2023-24,Beach,Neighborhood,2030-31,134,forecast
2023-24,Beach,Neighborhood,2031-32,130,forecast
2023-24,Beach,Neighborhood,2032-33,132,forecast
2023-24,Beach,Spanish,2020-21,252,actual
2023-24,Beach,Spanish,2021-22,224,actual
2023-24,Beach,Spanish,2022-23,201,actual
2023-24,Beach,Spanish,2023-24,184,forecast
2023-24,Beach,Spanish,2024-25,176,forecast
2023-24,Beach,Spanish,2025-26,169,forecast
2023-24,Beach,Spanish,2026-27,148,forecast
2023-24,Beach,Spanish,2027-28,136,forecast
2023-24,Beach,Spanish,2028-29,138,forecast
2023-24,Beach,Spanish,2029-30,138,forecast
2023-24,Beach,Spanish,2030-31,136,forecast
2023-24,Beach,Spanish,2031-32,138,forecast
2023-24,Beach,Spanish,2032-33,143,forecast
2023-24,Boise-Eliot/Humboldt,Total,2020-21,327,actual
2023-24,Boise-Eliot/Humboldt,Total,2021-22,321,actual
2023-24,Boise-Eliot/Humboldt,Total,2022-23,327,actual
2023-24,Boise-Eliot/Humboldt,Total,2023-24,322,forecast
2023-24,Boise-Eliot/Humboldt,Total,2024-25,317,forecast
2023-24,Boise-Eliot/Humboldt,Total,2025-26,297,forecast
2023-24,Boise-Eliot/Humboldt,Total,2026-27,288,forecast
2023-24,Boise-Eliot/Humboldt,Total,2027-28,294,forecast
2023-24,Boise-Eliot/Humboldt,Total,2028-29,296,forecast
2023-24,Boise-Eliot/Humboldt,Total,2029-30,305,forecast
2023-24,Boise-Eliot/Humboldt,Total,2030-31,315,forecast
2023-24,Boise-Eliot/Humboldt,Total,2031-32,321,forecast
2023-24,Boise-Eliot/Humboldt,Total,2032-33,325,forecast
2023-24,Bridlemile,Total,2020-21,437,actual
2023-24,Bridlemile,Total,2021-22,435,actual
2023-24,Bridlemile,Total,2022-23,458,actual
2023-24,Bridlemile,Total,2023-24,467,forecast
2023-24,Bridlemile,Total,2024-25,484,forecast
2023-24,Bridlemile,Total,2025-26,494,forecast
2023-24,Bridlemile,Total,2026-27,499,forecast
2023-24,Bridlemile,Total,2027-28,491,forecast
2023-24,Bridlemile,Total,2028-29,490,forecast
2023-24,Bridlemile,Total,2029-30,482,forecast
2023-24,Bridlemile,Total,2030-31,487,forecast
2023-24,Bridlemile,Total,2031-32,491,forecast
2023-24,Bridlemile,Total,2032-33,499,forecast
2023-24,Buckman,Total,2020-21,446,actual
2023-24,Buckman,Total,2021-22,400,actual
2023-24,Buckman,Total,2022-23,395,actual
2023-24,Buckman,Total,2023-24,383,forecast
2023-24,Buckman,Total,2024-25,369,forecast
2023-24,Buckman,Total,2025-26,352,forecast
2023-24,Buckman,Total,2026-27,334,forecast
2023-24,Buckman,Total,2027-28,322,forecast
2023-24,Buckman,Total,2028-29,332,forecast
2023-24,Buckman,Total,2029-30,336,forecast
2023-24,Buckman,Total,2030-31,339,forecast
2023-24,Buckman,Total,2031-32,344,forecast
2023-24,Buckman,Total,2032-33,350,forecast
2023-24,Capitol Hill,Total,2020-21,346,actual
2023-24,Capitol Hill,Total,2021-22,324,actual
2023-24,Capitol Hill,Total,2022-23,333,actual
2023-24,Capitol Hill,Total,2023-24,346,forecast
2023-24,Capitol Hill,Total,2024-25,341,forecast
2023-24,Capitol Hill,Total,2025-26,329,forecast
2023-24,Capitol Hill,Total,2026-27,330,forecast
2023-24,Capitol Hill,Total,2027-28,326,forecast
2023-24,Capitol Hill,Total,2028-29,321,forecast
2023-24,Capitol Hill,Total,2029-30,319,forecast
2023-24,Capitol Hill,Total,2030-31,323,forecast
2023-24,Capitol Hill,Total,2031-32,326,forecast
2023-24,Capitol Hill,Total,2032-33,336,forecast
2023-24,Chapman,Total,2020-21,375,actual
2023-24,Chapman,Total,2021-22,341,actual
2023-24,Chapman,Total,2022-23,350,actual
2023-24,Chapman,Total,2023-24,339,forecast
2023-24,Chapman,Total,2024-25,345,forecast
2023-24,Chapman,Total,2025-26,342,forecast
2023-24,Chapman,Total,2026-27,343,forecast
2023-24,Chapman,Total,2027-28,333,forecast
2023-24,Chapman,Total,2028-29,337,forecast
2023-24,Chapman,Total,2029-30,334,forecast
2023-24,Chapman,Total,2030-31,335,forecast
2023-24,Chapman,Total,2031-32,342,forecast
2023-24,Chapman,Total,2032-33,345,forecast
2023-24,Chief Joseph,Total,2020-21,305,actual
2023-24,Chief Joseph,Total,2021-22,269,actual
2023-24,Chief Joseph,Total,2022-23,261,actual
2023-24,Chief Joseph,Total,2023-24,250,forecast
2023-24,Chief Joseph,Total,2024-25,244,forecast
2023-24,Chief Joseph,Total,2025-26,221,forecast
2023-24,Chief Joseph,Total,2026-27,213,forecast
2023-24,Chief Joseph,Total,2027-28,203,forecast
2023-24,Chief Joseph,Total,2028-29,199,forecast
2023-24,Chief Joseph,Total,2029-30,193,forecast
2023-24,Chief Joseph,Total,2030-31,194,forecast
2023-24,Chief Joseph,Total,2031-32,197,forecast
2023-24,Chief Joseph,Total,2032-33,200,forecast
2023-24,Clark,Total,2020-21,0,actual
2023-24,Clark,Total,2021-22,0,actual
2023-24,Clark,Total,2022-23,0,actual
2023-24,Clark,Total,2023-24,377,forecast
2023-24,Clark,Total,2024-25,386,forecast
2023-24,Clark,Total,2025-26,383,forecast
2023-24,Clark,Total,2026-27,376,forecast
2023-24,Clark,Total,2027-28,381,forecast
2023-24,Clark,Total,2028-29,379,forecast
2023-24,Clark,Total,2029-30,367,forecast
2023-24,Clark,Total,2030-31,356,forecast
2023-24,Clark,Total,2031-32,347,forecast
2023-24,Clark,Total,2032-33,354,forecast
2023-24,Clark,Neighborhood,2020-21,0,actual
2023-24,Clark,Neighborhood,2021-22,0,actual
2023-24,Clark,Neighborhood,2022-23,0,actual
2023-24,Clark,Neighborhood,2023-24,271,forecast
2023-24,Clark,Neighborhood,2024-25,269,forecast
2023-24,Clark,Neighborhood,2025-26,260,forecast
2023-24,Clark,Neighborhood,2026-27,254,forecast
2023-24,Clark,Neighborhood,2027-28,254,forecast
2023-24,Clark,Neighborhood,2028-29,257,forecast
2023-24,Clark,Neighborhood,2029-30,254,forecast
2023-24,Clark,Neighborhood,2030-31,256,forecast
2023-24,Clark,Neighborhood,2031-32,259,forecast
2023-24,Clark,Neighborhood,2032-33,263,forecast
2023-24,Clark,Mandarin,2020-21,0,actual
2023-24,Clark,Mandarin,2021-22,0,actual
2023-24,Clark,Mandarin,2022-23,0,actual
2023-24,Clark,Mandarin,2023-24,106,forecast
2023-24,Clark,Mandarin,2024-25,117,forecast
2023-24,Clark,Mandarin,2025-26,123,forecast
2023-24,Clark,Mandarin,2026-27,122,forecast
2023-24,Clark,Mandarin,2027-28,127,forecast
2023-24,Clark,Mandarin,2028-29,122,forecast
2023-24,Clark,Mandarin,2029-30,113,forecast
2023-24,Clark,Mandarin,2030-31,100,forecast
2023-24,Clark,Mandarin,2031-32,88,forecast
2023-24,Clark,Mandarin,2032-33,91,forecast
2023-24,Creston,Total,2020-21,385,actual
2023-24,Creston,Total,2021-22,250,actual
2023-24,Creston,Total,2022-23,260,actual
2023-24,Creston,Total,2023-24,255,forecast
2023-24,Creston,Total,2024-25,256,forecast
2023-24,Creston,Total,2025-26,240,forecast
2023-24,Creston,Total,2026-27,223,forecast
2023-24,Creston,Total,2027-28,224,forecast
2023-24,Creston,Total,2028-29,215,forecast
2023-24,Creston,Total,2029-30,214,forecast
2023-24,Creston,Total,2030-31,213,forecast
2023-24,Creston,Total,2031-32,214,forecast
2023-24,Creston,Total,2032-33,223,forecast
2023-24,Duniway,Total,2020-21,468,actual
2023-24,Duniway,Total,2021-22,436,actual
2023-24,Duniway,Total,2022-23,422,actual
2023-24,Duniway,Total,2023-24,395,forecast
2023-24,Duniway,Total,2024-25,364,forecast
2023-24,Duniway,Total,2025-26,358,forecast
2023-24,Duniway,Total,2026-27,349,forecast
2023-24,Duniway,Total,2027-28,337,forecast
2023-24,Duniway,Total,2028-29,347,forecast
2023-24,Duniway,Total,2029-30,354,forecast
2023-24,Duniway,Total,2030-31,362,forecast
2023-24,Duniway,Total,2031-32,372,forecast
2023-24,Duniway,Total,2032-33,390,forecast
2023-24,Forest Park,Total,2020-21,348,actual
2023-24,Forest Park,Total,2021-22,333,actual
2023-24,Forest Park,Total,2022-23,328,actual
2023-24,Forest Park,Total,2023-24,327,forecast
2023-24,Forest Park,Total,2024-25,323,forecast
2023-24,Forest Park,Total,2025-26,304,forecast
2023-24,Forest Park,Total,2026-27,293,forecast
2023-24,Forest Park,Total,2027-28,295,forecast
2023-24,Forest Park,Total,2028-29,280,forecast
2023-24,Forest Park,Total,2029-30,276,forecast
2023-24,Forest Park,Total,2030-31,274,forecast
2023-24,Forest Park,Total,2031-32,275,forecast
2023-24,Forest Park,Total,2032-33,285,forecast
2023-24,Glencoe,Total,2020-21,395,actual
2023-24,Glencoe,Total,2021-22,373,actual
2023-24,Glencoe,Total,2022-23,394,actual
2023-24,Glencoe,Total,2023-24,385,forecast
2023-24,Glencoe,Total,2024-25,374,forecast
2023-24,Glencoe,Total,2025-26,355,forecast
2023-24,Glencoe,Total,2026-27,339,forecast
2023-24,Glencoe,Total,2027-28,323,forecast
2023-24,Glencoe,Total,2028-29,301,forecast
2023-24,Glencoe,Total,2029-30,304,forecast
2023-24,Glencoe,Total,2030-31,310,forecast
2023-24,Glencoe,Total,2031-32,318,forecast
2023-24,Glencoe,Total,2032-33,330,forecast
2023-24,Grout,Total,2020-21,350,actual
2023-24,Grout,Total,2021-22,340,actual
2023-24,Grout,Total,2022-23,316,actual
2023-24,Grout,Total,2023-24,316,forecast
2023-24,Grout,Total,2024-25,323,forecast
2023-24,Grout,Total,2025-26,332,forecast
2023-24,Grout,Total,2026-27,335,forecast
2023-24,Grout,Total,2027-28,356,forecast
2023-24,Grout,Total,2028-29,358,forecast
2023-24,Grout,Total,2029-30,366,forecast
2023-24,Grout,Total,2030-31,372,forecast
2023-24,Grout,Total,2031-32,377,forecast
2023-24,Grout,Total,2032-33,389,forecast
2023-24,Hayhurst,Total,2020-21,380,actual
2023-24,Hayhurst,Total,2021-22,351,actual
2023-24,Hayhurst,Total,2022-23,350,actual
2023-24,Hayhurst,Total,2023-24,345,forecast
2023-24,Hayhurst,Total,2024-25,341,forecast
2023-24,Hayhurst,Total,2025-26,320,forecast
2023-24,Hayhurst,Total,2026-27,306,forecast
2023-24,Hayhurst,Total,2027-28,300,forecast
2023-24,Hayhurst,Total,2028-29,292,forecast
2023-24,Hayhurst,Total,2029-30,290,forecast
2023-24,Hayhurst,Total,2030-31,291,forecast
2023-24,Hayhurst,Total,2031-32,295,forecast
2023-24,Hayhurst,Total,2032-33,303,forecast
2023-24,Irvington,Total,2020-21,319,actual
2023-24,Irvington,Total,2021-22,248,actual
2023-24,Irvington,Total,2022-23,228,actual
2023-24,Irvington,Total,2023-24,220,forecast
2023-24,Irvington,Total,2024-25,218,forecast
2023-24,Irvington,Total,2025-26,210,forecast
2023-24,Irvington,Total,2026-27,206,forecast
2023-24,Irvington,Total,2027-28,203,forecast
2023-24,Irvington,Total,2028-29,203,forecast
2023-24,Irvington,Total,2029-30,209,forecast
2023-24,Irvington,Total,2030-31,217,forecast
2023-24,Irvington,Total,2031-32,221,forecast
2023-24,Irvington,Total,2032-33,233,forecast
2023-24,James John,Total,2020-21,316,actual
2023-24,James John,Total,2021-22,332,actual
2023-24,James John,Total,2022-23,337,actual
2023-24,James John,Total,2023-24,333,forecast
2023-24,James John,Total,2024-25,341,forecast
2023-24,James John,Total,2025-26,328,forecast
2023-24,James John,Total,2026-27,326,forecast
2023-24,James John,Total,2027-28,328,forecast
2023-24,James John,Total,2028-29,320,forecast
2023-24,James John,Total,2029-30,319,forecast
2023-24,James John,Total,2030-31,319,forecast
2023-24,James John,Total,2031-32,323,forecast
2023-24,James John,Total,2032-33,326,forecast
2023-24,James John,Neighborhood,2020-21,191,actual
2023-24,James John,Neighborhood,2021-22,208,actual
2023-24,James John,Neighborhood,2022-23,208,actual
2023-24,James John,Neighborhood,2023-24,204,forecast
2023-24,James John,Neighborhood,2024-25,197,forecast
2023-24,James John,Neighborhood,2025-26,187,forecast
2023-24,James John,Neighborhood,2026-27,183,forecast
2023-24,James John,Neighborhood,2027-28,183,forecast
2023-24,James John,Neighborhood,2028-29,178,forecast
2023-24,James John,Neighborhood,2029-30,176,forecast
2023-24,James John,Neighborhood,2030-31,177,forecast
2023-24,James John,Neighborhood,2031-32,184,forecast
2023-24,James John,Neighborhood,2032-33,185,forecast
2023-24,James John,Spanish,2020-21,125,actual
2023-24,James John,Spanish,2021-22,124,actual
2023-24,James John,Spanish,2022-23,129,actual
2023-24,James John,Spanish,2023-24,129,forecast
2023-24,James John,Spanish,2024-25,144,forecast
2023-24,James John,Spanish,2025-26,141,forecast
2023-24,James John,Spanish,2026-27,143,forecast
2023-24,James John,Spanish,2027-28,145,forecast
2023-24,James John,Spanish,2028-29,142,forecast
2023-24,James John,Spanish,2029-30,143,forecast
2023-24,James John,Spanish,2030-31,142,forecast
2023-24,James John,Spanish,2031-32,139,forecast
2023-24,James John,Spanish,2032-33,141,forecast
2023-24,Kelly,Total,2020-21,419,actual
2023-24,Kelly,Total,2021-22,372,actual
2023-24,Kelly,Total,2022-23,356,actual
2023-24,Kelly,Total,2023-24,356,forecast
2023-24,Kelly,Total,2024-25,337,forecast
2023-24,Kelly,Total,2025-26,319,forecast
2023-24,Kelly,Total,2026-27,305,forecast
2023-24,Kelly,Total,2027-28,298,forecast
2023-24,Kelly,Total,2028-29,295,forecast
2023-24,Kelly,Total,2029-30,297,forecast
2023-24,Kelly,Total,2030-31,304,forecast
2023-24,Kelly,Total,2031-32,304,forecast
2023-24,Kelly,Total,2032-33,310,forecast
2023-24,Kelly,Neighborhood,2020-21,243,actual
2023-24,Kelly,Neighborhood,2021-22,238,actual
2023-24,Kelly,Neighborhood,2022-23,213,actual
2023-24,Kelly,Neighborhood,2023-24,213,forecast
2023-24,Kelly,Neighborhood,2024-25,210,forecast
2023-24,Kelly,Neighborhood,2025-26,201,forecast
2023-24,Kelly,Neighborhood,2026-27,194,forecast
2023-24,Kelly,Neighborhood,2027-28,191,forecast
2023-24,Kelly,Neighborhood,2028-29,189,forecast
2023-24,Kelly,Neighborhood,2029-30,190,forecast
2023-24,Kelly,Neighborhood,2030-31,194,forecast
2023-24,Kelly,Neighborhood,2031-32,193,forecast
2023-24,Kelly,Neighborhood,2032-33,197,forecast
2023-24,Kelly,Russian,2020-21,176,actual
2023-24,Kelly,Russian,2021-22,134,actual
2023-24,Kelly,Russian,2022-23,143,actual
2023-24,Kelly,Russian,2023-24,143,forecast
2023-24,Kelly,Russian,2024-25,127,forecast
2023-24,Kelly,Russian,2025-26,118,forecast
2023-24,Kelly,Russian,2026-27,111,forecast
2023-24,Kelly,Russian,2027-28,107,forecast
2023-24,Kelly,Russian,2028-29,106,forecast
2023-24,Kelly,Russian,2029-30,107,forecast
2023-24,Kelly,Russian,2030-31,110,forecast
2023-24,Kelly,Russian,2031-32,111,forecast
2023-24,Kelly,Russian,2032-33,113,forecast
2023-24,Lee,Total,2020-21,262,actual
2023-24,Lee,Total,2021-22,236,actual
2023-24,Lee,Total,2022-23,276,actual
2023-24,Lee,Total,2023-24,279,forecast
2023-24,Lee,Total,2024-25,290,forecast
2023-24,Lee,Total,2025-26,286,forecast
2023-24,Lee,Total,2026-27,275,forecast
2023-24,Lee,Total,2027-28,272,forecast
2023-24,Lee,Total,2028-29,266,forecast
2023-24,Lee,Total,2029-30,266,forecast
2023-24,Lee,Total,2030-31,268,forecast
2023-24,Lee,Total,2031-32,271,forecast
2023-24,Lee,Total,2032-33,277,forecast
2023-24,Lent,Total,2020-21,476,actual
2023-24,Lent,Total,2021-22,277,actual
2023-24,Lent,Total,2022-23,251,actual
2023-24,Lent,Total,2023-24,314,forecast
2023-24,Lent,Total,2024-25,298,forecast
2023-24,Lent,Total,2025-26,291,forecast
2023-24,Lent,Total,2026-27,267,forecast
2023-24,Lent,Total,2027-28,263,forecast
2023-24,Lent,Total,2028-29,268,forecast
2023-24,Lent,Total,2029-30,261,forecast
2023-24,Lent,Total,2030-31,267,forecast
2023-24,Lent,Total,2031-32,270,forecast
2023-24,Lent,Total,2032-33,274,forecast
2023-24,Lent,Spanish,2020-21,207,actual
2023-24,Lent,Spanish,2021-22,126,actual
2023-24,Lent,Spanish,2022-23,129,actual
2023-24,Lent,Spanish,2023-24,314,forecast
2023-24,Lent,Spanish,2024-25,298,forecast
2023-24,Lent,Spanish,2025-26,291,forecast
2023-24,Lent,Spanish,2026-27,267,forecast
2023-24,Lent,Spanish,2027-28,263,forecast
2023-24,Lent,Spanish,2028-29,268,forecast
2023-24,Lent,Spanish,2029-30,261,forecast
2023-24,Lent,Spanish,2030-31,267,forecast
2023-24,Lent,Spanish,2031-32,270,forecast
2023-24,Lent,Spanish,2032-33,274,forecast
2023-24,Lent,Neighborhood,2020-21,269,actual
2023-24,Lent,Neighborhood,2021-22,151,actual
2023-24,Lent,Neighborhood,2022-23,122,actual
2023-24,Lent,Neighborhood,2023-24,0,forecast
2023-24,Lent,Neighborhood,2024-25,0,forecast
2023-24,Lent,Neighborhood,2025-26,0,forecast
2023-24,Lent,Neighborhood,2026-27,0,forecast
2023-24,Lent,Neighborhood,2027-28,0,forecast
2023-24,Lent,Neighborhood,2028-29,0,forecast
2023-24,Lent,Neighborhood,2029-30,0,forecast
2023-24,Lent,Neighborhood,2030-31,0,forecast
2023-24,Lent,Neighborhood,2031-32,0,forecast
2023-24,Lent,Neighborhood,2032-33,0,forecast
2023-24,Lewis,Total,2020-21,368,actual
2023-24,Lewis,Total,2021-22,337,actual
2023-24,Lewis,Total,2022-23,320,actual
2023-24,Lewis,Total,2023-24,295,forecast
2023-24,Lewis,Total,2024-25,266,forecast
2023-24,Lewis,Total,2025-26,267,forecast
2023-24,Lewis,Total,2026-27,255,forecast
2023-24,Lewis,Total,2027-28,252,forecast
2023-24,Lewis,Total,2028-29,246,forecast
2023-24,Lewis,Total,2029-30,253,forecast
2023-24,Lewis,Total,2030-31,260,forecast
2023-24,Lewis,Total,2031-32,272,forecast
2023-24,Lewis,Total,2032-33,274,forecast
2023-24,Llewellyn,Total,2020-21,460,actual
2023-24,Llewellyn,Total,2021-22,395,actual
2023-24,Llewellyn,Total,2022-23,415,actual
2023-24,Llewellyn,Total,2023-24,424,forecast
2023-24,Llewellyn,Total,2024-25,427,forecast
2023-24,Llewellyn,Total,2025-26,423,forecast
2023-24,Llewellyn,Total,2026-27,429,forecast
2023-24,Llewellyn,Total,2027-28,430,forecast
2023-24,Llewellyn,Total,2028-29,430,forecast
2023-24,Llewellyn,Total,2029-30,437,forecast
2023-24,Llewellyn,Total,2030-31,448,forecast
2023-24,Llewellyn,Total,2031-32,463,forecast
2023-24,Llewellyn,Total,2032-33,477,forecast
2023-24,Maplewood,Total,2020-21,347,actual
2023-24,Maplewood,Total,2021-22,291,actual
2023-24,Maplewood,Total,2022-23,310,actual
2023-24,Maplewood,Total,2023-24,307,forecast
2023-24,Maplewood,Total,2024-25,299,forecast
2023-24,Maplewood,Total,2025-26,288,forecast
2023-24,Maplewood,Total,2026-27,282,forecast
2023-24,Maplewood,Total,2027-28,280,forecast
2023-24,Maplewood,Total,2028-29,267,forecast
2023-24,Maplewood,Total,2029-30,265,forecast
2023-24,Maplewood,Total,2030-31,267,forecast
2023-24,Maplewood,Total,2031-32,270,forecast
2023-24,Maplewood,Total,2032-33,275,forecast
2023-24,Markham,Total,2020-21,416,actual
2023-24,Markham,Total,2021-22,424,actual
2023-24,Markham,Total,2022-23,426,actual
2023-24,Markham,Total,2023-24,432,forecast
2023-24,Markham,Total,2024-25,448,forecast
2023-24,Markham,Total,2025-26,446,forecast
2023-24,Markham,Total,2026-27,435,forecast
2023-24,Markham,Total,2027-28,420,forecast
2023-24,Markham,Total,2028-29,425,forecast
2023-24,Markham,Total,2029-30,425,forecast
2023-24,Markham,Total,2030-31,430,forecast
2023-24,Markham,Total,2031-32,436,forecast
2023-24,Markham,Total,2032-33,444,forecast
2023-24,Marysville,Total,2020-21,402,actual
2023-24,Marysville,Total,2021-22,248,actual
2023-24,Marysville,Total,2022-23,286,actual
2023-24,Marysville,Total,2023-24,406,forecast
2023-24,Marysville,Total,2024-25,401,forecast
2023-24,Marysville,Total,2025-26,397,forecast
2023-24,Marysville,Total,2026-27,387,forecast
2023-24,Marysville,Total,2027-28,376,forecast
2023-24,Marysville,Total,2028-29,376,forecast
2023-24,Marysville,Total,2029-30,385,forecast
2023-24,Marysville,Total,2030-31,390,forecast
2023-24,Marysville,Total,2031-32,399,forecast
2023-24,Marysville,Total,2032-33,402,forecast
2023-24,MLK Jr,Total,2020-21,319,actual
2023-24,MLK Jr,Total,2021-22,297,actual
2023-24,MLK Jr,Total,2022-23,302,actual
2023-24,MLK Jr,Total,2023-24,300,forecast
2023-24,MLK Jr,Total,2024-25,296,forecast
2023-24,MLK Jr,Total,2025-26,289,forecast
2023-24,MLK Jr,Total,2026-27,274,forecast
2023-24,MLK Jr,Total,2027-28,283,forecast
2023-24,MLK Jr,Total,2028-29,278,forecast
2023-24,MLK Jr,Total,2029-30,282,forecast
2023-24,MLK Jr,Total,2030-31,289,forecast
2023-24,MLK Jr,Total,2031-32,295,forecast
2023-24,MLK Jr,Total,2032-33,306,forecast
2023-24,MLK Jr,Neighborhood,2020-21,138,actual
2023-24,MLK Jr,Neighborhood,2021-22,128,actual
2023-24,MLK Jr,Neighborhood,2022-23,116,actual
2023-24,MLK Jr,Neighborhood,2023-24,109,forecast
2023-24,MLK Jr,Neighborhood,2024-25,104,forecast
2023-24,MLK Jr,Neighborhood,2025-26,98,forecast
2023-24,MLK Jr,Neighborhood,2026-27,91,forecast
2023-24,MLK Jr,Neighborhood,2027-28,93,forecast
2023-24,MLK Jr,Neighborhood,2028-29,90,forecast
2023-24,MLK Jr,Neighborhood,2029-30,93,forecast
2023-24,MLK Jr,Neighborhood,2030-31,93,forecast
2023-24,MLK Jr,Neighborhood,2031-32,94,forecast
2023-24,MLK Jr,Neighborhood,2032-33,98,forecast
2023-24,MLK Jr,Mandarin,2020-21,181,actual
2023-24,MLK Jr,Mandarin,2021-22,169,actual
2023-24,MLK Jr,Mandarin,2022-23,186,actual
2023-24,MLK Jr,Mandarin,2023-24,191,forecast
2023-24,MLK Jr,Mandarin,2024-25,192,forecast
2023-24,MLK Jr,Mandarin,2025-26,191,forecast
2023-24,MLK Jr,Mandarin,2026-27,183,forecast
2023-24,MLK Jr,Mandarin,2027-28,190,forecast
2023-24,MLK Jr,Mandarin,2028-29,188,forecast
2023-24,MLK Jr,Mandarin,2029-30,189,forecast
2023-24,MLK Jr,Mandarin,2030-31,196,forecast
2023-24,MLK Jr,Mandarin,2031-32,201,forecast
2023-24,MLK Jr,Mandarin,2032-33,208,forecast
2023-24,Peninsula,Total,2020-21,237,actual
2023-24,Peninsula,Total,2021-22,201,actual
2023-24,Peninsula,Total,2022-23,225,actual
2023-24,Peninsula,Total,2023-24,224,forecast
2023-24,Peninsula,Total,2024-25,211,forecast
2023-24,Peninsula,Total,2025-26,215,forecast
2023-24,Peninsula,Total,2026-27,215,forecast
2023-24,Peninsula,Total,2027-28,203,forecast
2023-24,Peninsula,Total,2028-29,196,forecast
2023-24,Peninsula,Total,2029-30,191,forecast
2023-24,Peninsula,Total,2030-31,185,forecast
2023-24,Peninsula,Total,2031-32,183,forecast
2023-24,Peninsula,Total,2032-33,187,forecast
2023-24,Richmond,Total,2020-21,600,actual
2023-24,Richmond,Total,2021-22,551,actual
2023-24,Richmond,Total,2022-23,539,actual
2023-24,Richmond,Total,2023-24,521,forecast
2023-24,Richmond,Total,2024-25,515,forecast
2023-24,Richmond,Total,2025-26,504,forecast
2023-24,Richmond,Total,2026-27,500,forecast
2023-24,Richmond,Total,2027-28,496,forecast
2023-24,Richmond,Total,2028-29,503,forecast
2023-24,Richmond,Total,2029-30,507,forecast
2023-24,Richmond,Total,2030-31,512,forecast
2023-24,Richmond,Total,2031-32,509,forecast
2023-24,Richmond,Total,2032-33,506,forecast
2023-24,Rieke,Total,2020-21,329,actual
2023-24,Rieke,Total,2021-22,313,actual
2023-24,Rieke,Total,2022-23,300,actual
2023-24,Rieke,Total,2023-24,284,forecast
2023-24,Rieke,Total,2024-25,276,forecast
2023-24,Rieke,Total,2025-26,263,forecast
2023-24,Rieke,Total,2026-27,247,forecast
2023-24,Rieke,Total,2027-28,233,forecast
2023-24,Rieke,Total,2028-29,234,forecast
2023-24,Rieke,Total,2029-30,236,forecast
2023-24,Rieke,Total,2030-31,239,forecast
2023-24,Rieke,Total,2031-32,246,forecast
2023-24,Rieke,Total,2032-33,254,forecast
2023-24,Rigler,Total,2020-21,268,actual
2023-24,Rigler,Total,2021-22,237,actual
2023-24,Rigler,Total,2022-23,223,actual
2023-24,Rigler,Total,2023-24,224,forecast
2023-24,Rigler,Total,2024-25,220,forecast
2023-24,Rigler,Total,2025-26,214,forecast
2023-24,Rigler,Total,2026-27,217,forecast
2023-24,Rigler,Total,2027-28,213,forecast
2023-24,Rigler,Total,2028-29,215,forecast
2023-24,Rigler,Total,2029-30,218,forecast
2023-24,Rigler,Total,2030-31,221,forecast
2023-24,Rigler,Total,2031-32,222,forecast
2023-24,Rigler,Total,2032-33,224,forecast
2023-24,Rigler,Spanish,2020-21,0,actual
2023-24,Rigler,Spanish,2021-22,0,actual
2023-24,Rigler,Spanish,2022-23,0,actual
2023-24,Rigler,Spanish,2023-24,224,forecast
2023-24,Rigler,Spanish,2024-25,220,forecast
2023-24,Rigler,Spanish,2025-26,214,forecast
2023-24,Rigler,Spanish,2026-27,217,forecast
2023-24,Rigler,Spanish,2027-28,213,forecast
2023-24,Rigler,Spanish,2028-29,215,forecast
2023-24,Rigler,Spanish,2029-30,218,forecast
2023-24,Rigler,Spanish,2030-31,221,forecast
2023-24,Rigler,Spanish,2031-32,222,forecast
2023-24,Rigler,Spanish,2032-33,224,forecast
2023-24,Rigler,Neighborhood,2020-21,0,actual
2023-24,Rigler,Neighborhood,2021-22,0,actual
2023-24,Rigler,Neighborhood,2022-23,0,actual
2023-24,Rigler,Neighborhood,2023-24,0,forecast
2023-24,Rigler,Neighborhood,2024-25,0,forecast
2023-24,Rigler,Neighborhood,2025-26,0,forecast
2023-24,Rigler,Neighborhood,2026-27,0,forecast
2023-24,Rigler,Neighborhood,2027-28,0,forecast
2023-24,Rigler,Neighborhood,2028-29,0,forecast
2023-24,Rigler,Neighborhood,2029-30,0,forecast
2023-24,Rigler,Neighborhood,2030-31,0,forecast
2023-24,Rigler,Neighborhood,2031-32,0,forecast
2023-24,Rigler,Neighborhood,2032-33,0,forecast
2023-24,Rosa Parks,Total,2020-21,266,actual
2023-24,Rosa Parks,Total,2021-22,214,actual
2023-24,Rosa Parks,Total,2022-23,197,actual
2023-24,Rosa Parks,Total,2023-24,183,forecast
2023-24,Rosa Parks,Total,2024-25,168,forecast
2023-24,Rosa Parks,Total,2025-26,159,forecast
2023-24,Rosa Parks,Total,2026-27,147,forecast
2023-24,Rosa Parks,Total,2027-28,136,forecast
2023-24,Rosa Parks,Total,2028-29,135,forecast
2023-24,Rosa Parks,Total,2029-30,139,forecast
2023-24,Rosa Parks,Total,2030-31,137,forecast
2023-24,Rosa Parks,Total,2031-32,137,forecast
2023-24,Rosa Parks,Total,2032-33,139,forecast
2023-24,Rose City Park,Total,2020-21,529,actual
2023-24,Rose City Park,Total,2021-22,464,actual
2023-24,Rose City Park,Total,2022-23,468,actual
2023-24,Rose City Park,Total,2023-24,465,forecast
2023-24,Rose City Park,Total,2024-25,457,forecast
2023-24,Rose City Park,Total,2025-26,446,forecast
2023-24,Rose City Park,Total,2026-27,442,forecast
2023-24,Rose City Park,Total,2027-28,439,forecast
2023-24,Rose City Park,Total,2028-29,422,forecast
2023-24,Rose City Park,Total,2029-30,414,forecast
2023-24,Rose City Park,Total,2030-31,420,forecast
2023-24,Rose City Park,Total,2031-32,428,forecast
2023-24,Rose City Park,Total,2032-33,442,forecast
2023-24,Rose City Park,Neighborhood,2020-21,329,actual
2023-24,Rose City Park,Neighborhood,2021-22,285,actual
2023-24,Rose City Park,Neighborhood,2022-23,285,actual
2023-24,Rose City Park,Neighborhood,2023-24,273,forecast
2023-24,Rose City Park,Neighborhood,2024-25,270,forecast
2023-24,Rose City Park,Neighborhood,2025-26,259,forecast
2023-24,Rose City Park,Neighborhood,2026-27,262,forecast
2023-24,Rose City Park,Neighborhood,2027-28,261,forecast
2023-24,Rose City Park,Neighborhood,2028-29,249,forecast
2023-24,Rose City Park,Neighborhood,2029-30,241,forecast
2023-24,Rose City Park,Neighborhood,2030-31,245,forecast
2023-24,Rose City Park,Neighborhood,2031-32,249,forecast
2023-24,Rose City Park,Neighborhood,2032-33,254,forecast
2023-24,Rose City Park,Vietnamese,2020-21,200,actual
2023-24,Rose City Park,Vietnamese,2021-22,179,actual
2023-24,Rose City Park,Vietnamese,2022-23,183,actual
2023-24,Rose City Park,Vietnamese,2023-24,192,forecast
2023-24,Rose City Park,Vietnamese,2024-25,187,forecast
2023-24,Rose City Park,Vietnamese,2025-26,187,forecast
2023-24,Rose City Park,Vietnamese,2026-27,180,forecast
2023-24,Rose City Park,Vietnamese,2027-28,178,forecast
2023-24,Rose City Park,Vietnamese,2028-29,173,forecast
2023-24,Rose City Park,Vietnamese,2029-30,173,forecast
2023-24,Rose City Park,Vietnamese,2030-31,175,forecast
2023-24,Rose City Park,Vietnamese,2031-32,179,forecast
2023-24,Rose City Park,Vietnamese,2032-33,188,forecast
2023-24,Sabin,Total,2020-21,360,actual
2023-24,Sabin,Total,2021-22,340,actual
2023-24,Sabin,Total,2022-23,312,actual
2023-24,Sabin,Total,2023-24,303,forecast
2023-24,Sabin,Total,2024-25,298,forecast
2023-24,Sabin,Total,2025-26,289,forecast
2023-24,Sabin,Total,2026-27,291,forecast
2023-24,Sabin,Total,2027-28,286,forecast
2023-24,Sabin,Total,2028-29,299,forecast
2023-24,Sabin,Total,2029-30,304,forecast
2023-24,Sabin,Total,2030-31,311,forecast
2023-24,Sabin,Total,2031-32,317,forecast
2023-24,Sabin,Total,2032-33,327,forecast
2023-24,Scott,Total,2020-21,460,actual
2023-24,Scott,Total,2021-22,429,actual
2023-24,Scott,Total,2022-23,453,actual
2023-24,Scott,Total,2023-24,468,forecast
2023-24,Scott,Total,2024-25,484,forecast
2023-24,Scott,Total,2025-26,466,forecast
2023-24,Scott,Total,2026-27,480,forecast
2023-24,Scott,Total,2027-28,482,forecast
2023-24,Scott,Total,2028-29,479,forecast
2023-24,Scott,Total,2029-30,468,forecast
2023-24,Scott,Total,2030-31,464,forecast
2023-24,Scott,Total,2031-32,469,forecast
2023-24,Scott,Total,2032-33,482,forecast
2023-24,Scott,Neighborhood,2020-21,234,actual
2023-24,Scott,Neighborhood,2021-22,215,actual
2023-24,Scott,Neighborhood,2022-23,236,actual
2023-24,Scott,Neighborhood,2023-24,243,forecast
2023-24,Scott,Neighborhood,2024-25,253,forecast
2023-24,Scott,Neighborhood,2025-26,236,forecast
2023-24,Scott,Neighborhood,2026-27,249,forecast
2023-24,Scott,Neighborhood,2027-28,243,forecast
2023-24,Scott,Neighborhood,2028-29,248,forecast
2023-24,Scott,Neighborhood,2029-30,238,forecast
2023-24,Scott,Neighborhood,2030-31,238,forecast
2023-24,Scott,Neighborhood,2031-32,240,forecast
2023-24,Scott,Neighborhood,2032-33,245,forecast
2023-24,Scott,Spanish,2020-21,226,actual
2023-24,Scott,Spanish,2021-22,214,actual
2023-24,Scott,Spanish,2022-23,217,actual
2023-24,Scott,Spanish,2023-24,225,forecast
2023-24,Scott,Spanish,2024-25,231,forecast
2023-24,Scott,Spanish,2025-26,230,forecast
2023-24,Scott,Spanish,2026-27,231,forecast
2023-24,Scott,Spanish,2027-28,239,forecast
2023-24,Scott,Spanish,2028-29,231,forecast
2023-24,Scott,Spanish,2029-30,230,forecast
2023-24,Scott,Spanish,2030-31,226,forecast
2023-24,Scott,Spanish,2031-32,229,forecast
2023-24,Scott,Spanish,2032-33,237,forecast
2023-24,Sitton,Total,2020-21,337,actual
2023-24,Sitton,Total,2021-22,307,actual
2023-24,Sitton,Total,2022-23,346,actual
2023-24,Sitton,Total,2023-24,369,forecast
2023-24,Sitton,Total,2024-25,375,forecast
2023-24,Sitton,Total,2025-26,382,forecast
2023-24,Sitton,Total,2026-27,380,forecast
2023-24,Sitton,Total,2027-28,361,forecast
2023-24,Sitton,Total,2028-29,354,forecast
2023-24,Sitton,Total,2029-30,349,forecast
2023-24,Sitton,Total,2030-31,351,forecast
2023-24,Sitton,Total,2031-32,358,forecast
2023-24,Sitton,Total,2032-33,365,forecast
2023-24,Sitton,Neighborhood,2020-21,204,actual
2023-24,Sitton,Neighborhood,2021-22,190,actual
2023-24,Sitton,Neighborhood,2022-23,226,actual
2023-24,Sitton,Neighborhood,2023-24,245,forecast
2023-24,Sitton,Neighborhood,2024-25,253,forecast
2023-24,Sitton,Neighborhood,2025-26,260,forecast
2023-24,Sitton,Neighborhood,2026-27,264,forecast
2023-24,Sitton,Neighborhood,2027-28,245,forecast
2023-24,Sitton,Neighborhood,2028-29,240,forecast
2023-24,Sitton,Neighborhood,2029-30,237,forecast
2023-24,Sitton,Neighborhood,2030-31,239,forecast
2023-24,Sitton,Neighborhood,2031-32,246,forecast
2023-24,Sitton,Neighborhood,2032-33,252,forecast
2023-24,Sitton,Spanish,2020-21,133,actual
2023-24,Sitton,Spanish,2021-22,117,actual
2023-24,Sitton,Spanish,2022-23,120,actual
2023-24,Sitton,Spanish,2023-24,124,forecast
2023-24,Sitton,Spanish,2024-25,122,forecast
2023-24,Sitton,Spanish,2025-26,122,forecast
2023-24,Sitton,Spanish,2026-27,116,forecast
2023-24,Sitton,Spanish,2027-28,116,forecast
2023-24,Sitton,Spanish,2028-29,114,forecast
2023-24,Sitton,Spanish,2029-30,112,forecast
2023-24,Sitton,Spanish,2030-31,112,forecast
2023-24,Sitton,Spanish,2031-32,112,forecast
2023-24,Sitton,Spanish,2032-33,113,forecast
2023-24,Stephenson,Total,2020-21,322,actual
2023-24,Stephenson,Total,2021-22,320,actual
2023-24,Stephenson,Total,2022-23,307,actual
2023-24,Stephenson,Total,2023-24,297,forecast
2023-24,Stephenson,Total,2024-25,280,forecast
2023-24,Stephenson,Total,2025-26,278,forecast
2023-24,Stephenson,Total,2026-27,268,forecast
2023-24,Stephenson,Total,2027-28,268,forecast
2023-24,Stephenson,Total,2028-29,266,forecast
2023-24,Stephenson,Total,2029-30,265,forecast
2023-24,Stephenson,Total,2030-31,268,forecast
2023-24,Stephenson,Total,2031-32,273,forecast
2023-24,Stephenson,Total,2032-33,279,forecast
2023-24,Vestal,Total,2020-21,228,actual
2023-24,Vestal,Total,2021-22,207,actual
2023-24,Vestal,Total,2022-23,232,actual
2023-24,Vestal,Total,2023-24,242,forecast
2023-24,Vestal,Total,2024-25,246,forecast
2023-24,Vestal,Total,2025-26,245,forecast
2023-24,Vestal,Total,2026-27,259,forecast
2023-24,Vestal,Total,2027-28,280,forecast
2023-24,Vestal,Total,2028-29,284,forecast
2023-24,Vestal,Total,2029-30,288,forecast
2023-24,Vestal,Total,2030-31,293,forecast
2023-24,Vestal,Total,2031-32,295,forecast
2023-24,Vestal,Total,2032-33,300,forecast
2023-24,Whitman,Total,2020-21,185,actual
2023-24,Whitman,Total,2021-22,152,actual
2023-24,Whitman,Total,2022-23,153,actual
2023-24,Whitman,Total,2023-24,149,forecast
2023-24,Whitman,Total,2024-25,153,forecast
2023-24,Whitman,Total,2025-26,164,forecast
2023-24,Whitman,Total,2026-27,176,forecast
2023-24,Whitman,Total,2027-28,192,forecast
2023-24,Whitman,Total,2028-29,215,forecast
2023-24,Whitman,Total,2029-30,217,forecast
2023-24,Whitman,Total,2030-31,222,forecast
2023-24,Whitman,Total,2031-32,226,forecast
2023-24,Whitman,Total,2032-33,235,forecast
2023-24,Woodlawn,Total,2020-21,315,actual
2023-24,Woodlawn,Total,2021-22,283,actual
2023-24,Woodlawn,Total,2022-23,288,actual
2023-24,Woodlawn,Total,2023-24,282,forecast
2023-24,Woodlawn,Total,2024-25,268,forecast
2023-24,Woodlawn,Total,2025-26,262,forecast
2023-24,Woodlawn,Total,2026-27,245,forecast
2023-24,Woodlawn,Total,2027-28,223,forecast
2023-24,Woodlawn,Total,2028-29,229,forecast
2023-24,Woodlawn,Total,2029-30,225,forecast
2023-24,Woodlawn,Total,2030-31,228,forecast
2023-24,Woodlawn,Total,2031-32,231,forecast
2023-24,Woodlawn,Total,2032-33,234,forecast
2023-24,Woodmere,Total,2020-21,269,actual
2023-24,Woodmere,Total,2021-22,253,actual
2023-24,Woodmere,Total,2022-23,235,actual
2023-24,Woodmere,Total,2023-24,257,forecast
2023-24,Woodmere,Total,2024-25,274,forecast
2023-24,Woodmere,Total,2025-26,282,forecast
2023-24,Woodmere,Total,2026-27,286,forecast
2023-24,Woodmere,Total,2027-28,280,forecast
2023-24,Woodmere,Total,2028-29,285,forecast
2023-24,Woodmere,Total,2029-30,284,forecast
2023-24,Woodmere,Total,2030-31,279,forecast
2023-24,Woodmere,Total,2031-32,281,forecast
2023-24,Woodmere,Total,2032-33,286,forecast
2023-24,Woodstock,Total,2020-21,526,actual
2023-24,Woodstock,Total,2021-22,479,actual
2023-24,Woodstock,Total,2022-23,491,actual
2023-24,Woodstock,Total,2023-24,472,forecast
2023-24,Woodstock,Total,2024-25,445,forecast
2023-24,Woodstock,Total,2025-26,436,forecast
2023-24,Woodstock,Total,2026-27,416,forecast
2023-24,Woodstock,Total,2027-28,385,forecast
2023-24,Woodstock,Total,2028-29,387,forecast
2023-24,Woodstock,Total,2029-30,391,forecast
2023-24,Woodstock,Total,2030-31,401,forecast
2023-24,Woodstock,Total,2031-32,404,forecast
2023-24,Woodstock,Total,2032-33,413,forecast
2023-24,Woodstock,Neighborhood,2020-21,242,actual
2023-24,Woodstock,Neighborhood,2021-22,224,actual
2023-24,Woodstock,Neighborhood,2022-23,242,actual
2023-24,Woodstock,Neighborhood,2023-24,231,forecast
2023-24,Woodstock,Neighborhood,2024-25,217,forecast
2023-24,Woodstock,Neighborhood,2025-26,214,forecast
2023-24,Woodstock,Neighborhood,2026-27,200,forecast
2023-24,Woodstock,Neighborhood,2027-28,177,forecast
2023-24,Woodstock,Neighborhood,2028-29,171,forecast
2023-24,Woodstock,Neighborhood,2029-30,174,forecast
2023-24,Woodstock,Neighborhood,2030-31,178,forecast
2023-24,Woodstock,Neighborhood,2031-32,178,forecast
2023-24,Woodstock,Neighborhood,2032-33,181,forecast
2023-24,Woodstock,Mandarin,2020-21,284,actual
2023-24,Woodstock,Mandarin,2021-22,255,actual
2023-24,Woodstock,Mandarin,2022-23,249,actual
2023-24,Woodstock,Mandarin,2023-24,241,forecast
2023-24,Woodstock,Mandarin,2024-25,228,forecast
2023-24,Woodstock,Mandarin,2025-26,222,forecast
2023-24,Woodstock,Mandarin,2026-27,216,forecast
2023-24,Woodstock,Mandarin,2027-28,208,forecast
2023-24,Woodstock,Mandarin,2028-29,216,forecast
2023-24,Woodstock,Mandarin,2029-30,217,forecast
2023-24,Woodstock,Mandarin,2030-31,223,forecast
2023-24,Woodstock,Mandarin,2031-32,226,forecast
2023-24,Woodstock,Mandarin,2032-33,232,forecast
2023-24,Astor,Total,2020-21,394,actual
2023-24,Astor,Total,2021-22,393,actual
2023-24,Astor,Total,2022-23,368,actual
2023-24,Astor,Total,2023-24,371,forecast
2023-24,Astor,Total,2024-25,375,forecast
2023-24,Astor,Total,2025-26,352,forecast
2023-24,Astor,Total,2026-27,360,forecast
2023-24,Astor,Total,2027-28,367,forecast
2023-24,Astor,Total,2028-29,379,forecast
2023-24,Astor,Total,2029-30,384,forecast
2023-24,Astor,Total,2030-31,368,forecast
2023-24,Astor,Total,2031-32,374,forecast
2023-24,Astor,Total,2032-33,379,forecast
2023-24,Beverly Cleary,Total,2020-21,692,actual
2023-24,Beverly Cleary,Total,2021-22,657,actual
2023-24,Beverly Cleary,Total,2022-23,604,actual
2023-24,Beverly Cleary,Total,2023-24,568,forecast
2023-24,Beverly Cleary,Total,2024-25,544,forecast
2023-24,Beverly Cleary,Total,2025-26,493,forecast
2023-24,Beverly Cleary,Total,2026-27,485,forecast
2023-24,Beverly Cleary,Total,2027-28,448,forecast
2023-24,Beverly Cleary,Total,2028-29,431,forecast
2023-24,Beverly Cleary,Total,2029-30,425,forecast
2023-24,Beverly Cleary,Total,2030-31,424,forecast
2023-24,Beverly Cleary,Total,2031-32,425,forecast
2023-24,Beverly Cleary,Total,2032-33,427,forecast
2023-24,Bridger Creative Science,Total,2020-21,964,actual
2023-24,Bridger Creative Science,Total,2021-22,756,actual
2023-24,Bridger Creative Science,Total,2022-23,752,actual
2023-24,Bridger Creative Science,Total,2023-24,561,forecast
2023-24,Bridger Creative Science,Total,2024-25,557,forecast
2023-24,Bridger Creative Science,Total,2025-26,537,forecast
2023-24,Bridger Creative Science,Total,2026-27,514,forecast
2023-24,Bridger Creative Science,Total,2027-28,489,forecast
2023-24,Bridger Creative Science,Total,2028-29,466,forecast
2023-24,Bridger Creative Science,Total,2029-30,454,forecast
2023-24,Bridger Creative Science,Total,2030-31,455,forecast
2023-24,Bridger Creative Science,Total,2031-32,449,forecast
2023-24,Bridger Creative Science,Total,2032-33,452,forecast
2023-24,Bridger Creative Science,Neighborhood,2020-21,645,actual
2023-24,Bridger Creative Science,Neighborhood,2021-22,545,actual
2023-24,Bridger Creative Science,Neighborhood,2022-23,562,actual
2023-24,Bridger Creative Science,Neighborhood,2023-24,0,forecast
2023-24,Bridger Creative Science,Neighborhood,2024-25,0,forecast
2023-24,Bridger Creative Science,Neighborhood,2025-26,0,forecast
2023-24,Bridger Creative Science,Neighborhood,2026-27,0,forecast
2023-24,Bridger Creative Science,Neighborhood,2027-28,0,forecast
2023-24,Bridger Creative Science,Neighborhood,2028-29,0,forecast
2023-24,Bridger Creative Science,Neighborhood,2029-30,0,forecast
2023-24,Bridger Creative Science,Neighborhood,2030-31,0,forecast
2023-24,Bridger Creative Science,Neighborhood,2031-32,0,forecast
2023-24,Bridger Creative Science,Neighborhood,2032-33,0,forecast
2023-24,Bridger Creative Science,Spanish,2020-21,319,actual
2023-24,Bridger Creative Science,Spanish,2021-22,211,actual
2023-24,Bridger Creative Science,Spanish,2022-23,190,actual
2023-24,Bridger Creative Science,Spanish,2023-24,0,forecast
2023-24,Bridger Creative Science,Spanish,2024-25,0,forecast
2023-24,Bridger Creative Science,Spanish,2025-26,0,forecast
2023-24,Bridger Creative Science,Spanish,2026-27,0,forecast
2023-24,Bridger Creative Science,Spanish,2027-28,0,forecast
2023-24,Bridger Creative Science,Spanish,2028-29,0,forecast
2023-24,Bridger Creative Science,Spanish,2029-30,0,forecast
2023-24,Bridger Creative Science,Spanish,2030-31,0,forecast
2023-24,Bridger Creative Science,Spanish,2031-32,0,forecast
2023-24,Bridger Creative Science,Spanish,2032-33,0,forecast
2023-24,César Chávez,Total,2020-21,544,actual
2023-24,César Chávez,Total,2021-22,485,actual
2023-24,César Chávez,Total,2022-23,467,actual
2023-24,César Chávez,Total,2023-24,452,forecast
2023-24,César Chávez,Total,2024-25,440,forecast
2023-24,César Chávez,Total,2025-26,435,forecast
2023-24,César Chávez,Total,2026-27,413,forecast
2023-24,César Chávez,Total,2027-28,388,forecast
2023-24,César Chávez,Total,2028-29,377,forecast
2023-24,César Chávez,Total,2029-30,368,forecast
2023-24,César Chávez,Total,2030-31,367,forecast
2023-24,César Chávez,Total,2031-32,361,forecast
2023-24,César Chávez,Total,2032-33,359,forecast
2023-24,César Chávez,Neighborhood,2020-21,236,actual
2023-24,César Chávez,Neighborhood,2021-22,176,actual
2023-24,César Chávez,Neighborhood,2022-23,169,actual
2023-24,César Chávez,Neighborhood,2023-24,150,forecast
2023-24,César Chávez,Neighborhood,2024-25,145,forecast
2023-24,César Chávez,Neighborhood,2025-26,138,forecast
2023-24,César Chávez,Neighborhood,2026-27,130,forecast
2023-24,César Chávez,Neighborhood,2027-28,115,forecast
2023-24,César Chávez,Neighborhood,2028-29,106,forecast
2023-24,César Chávez,Neighborhood,2029-30,95,forecast
2023-24,César Chávez,Neighborhood,2030-31,89,forecast
2023-24,César Chávez,Neighborhood,2031-32,92,forecast
2023-24,César Chávez,Neighborhood,2032-33,90,forecast
2023-24,César Chávez,Spanish,2020-21,308,actual
2023-24,César Chávez,Spanish,2021-22,309,actual
2023-24,César Chávez,Spanish,2022-23,298,actual
2023-24,César Chávez,Spanish,2023-24,302,forecast
2023-24,César Chávez,Spanish,2024-25,295,forecast
2023-24,César Chávez,Spanish,2025-26,297,forecast
2023-24,César Chávez,Spanish,2026-27,283,forecast
2023-24,César Chávez,Spanish,2027-28,273,forecast
2023-24,César Chávez,Spanish,2028-29,271,forecast
2023-24,César Chávez,Spanish,2029-30,273,forecast
2023-24,César Chávez,Spanish,2030-31,278,forecast
2023-24,César Chávez,Spanish,2031-32,269,forecast
2023-24,César Chávez,Spanish,2032-33,269,forecast
2023-24,Faubion,Total,2020-21,697,actual
2023-24,Faubion,Total,2021-22,627,actual
2023-24,Faubion,Total,2022-23,615,actual
2023-24,Faubion,Total,2023-24,600,forecast
2023-24,Faubion,Total,2024-25,608,forecast
2023-24,Faubion,Total,2025-26,609,forecast
2023-24,Faubion,Total,2026-27,596,forecast
2023-24,Faubion,Total,2027-28,582,forecast
2023-24,Faubion,Total,2028-29,580,forecast
2023-24,Faubion,Total,2029-30,594,forecast
2023-24,Faubion,Total,2030-31,617,forecast
2023-24,Faubion,Total,2031-32,624,forecast
2023-24,Faubion,Total,2032-33,634,forecast
2023-24,Laurelhurst,Total,2020-21,688,actual
2023-24,Laurelhurst,Total,2021-22,649,actual
2023-24,Laurelhurst,Total,2022-23,674,actual
2023-24,Laurelhurst,Total,2023-24,669,forecast
2023-24,Laurelhurst,Total,2024-25,661,forecast
2023-24,Laurelhurst,Total,2025-26,640,forecast
2023-24,Laurelhurst,Total,2026-27,616,forecast
2023-24,Laurelhurst,Total,2027-28,588,forecast
2023-24,Laurelhurst,Total,2028-29,549,forecast
2023-24,Laurelhurst,Total,2029-30,533,forecast
2023-24,Laurelhurst,Total,2030-31,533,forecast
2023-24,Laurelhurst,Total,2031-32,532,forecast
2023-24,Laurelhurst,Total,2032-33,538,forecast
2023-24,Odyssey,Total,2020-21,244,actual
2023-24,Odyssey,Total,2021-22,219,actual
2023-24,Odyssey,Total,2022-23,225,actual
2023-24,Odyssey,Total,2023-24,230,forecast
2023-24,Odyssey,Total,2024-25,227,forecast
2023-24,Odyssey,Total,2025-26,226,forecast
2023-24,Odyssey,Total,2026-27,225,forecast
2023-24,Odyssey,Total,2027-28,225,forecast
2023-24,Odyssey,Total,2028-29,225,forecast
2023-24,Odyssey,Total,2029-30,225,forecast
2023-24,Odyssey,Total,2030-31,225,forecast
2023-24,Odyssey,Total,2031-32,225,forecast
2023-24,Odyssey,Total,2032-33,225,forecast
2023-24,Skyline,Total,2020-21,181,actual
2023-24,Skyline,Total,2021-22,205,actual
2023-24,Skyline,Total,2022-23,215,actual
2023-24,Skyline,Total,2023-24,223,forecast
2023-24,Skyline,Total,2024-25,226,forecast
2023-24,Skyline,Total,2025-26,233,forecast
2023-24,Skyline,Total,2026-27,236,forecast
2023-24,Skyline,Total,2027-28,235,forecast
2023-24,Skyline,Total,2028-29,236,forecast
2023-24,Skyline,Total,2029-30,231,forecast
2023-24,Skyline,Total,2030-31,220,forecast
2023-24,Skyline,Total,2031-32,217,forecast
2023-24,Skyline,Total,2032-33,220,forecast
2023-24,Sunnyside,Total,2020-21,522,actual
2023-24,Sunnyside,Total,2021-22,469,actual
2023-24,Sunnyside,Total,2022-23,465,actual
2023-24,Sunnyside,Total,2023-24,467,forecast
2023-24,Sunnyside,Total,2024-25,459,forecast
2023-24,Sunnyside,Total,2025-26,444,forecast
2023-24,Sunnyside,Total,2026-27,448,forecast
2023-24,Sunnyside,Total,2027-28,458,forecast
2023-24,Sunnyside,Total,2028-29,479,forecast
2023-24,Sunnyside,Total,2029-30,491,forecast
2023-24,Sunnyside,Total,2030-31,498,forecast
2023-24,Sunnyside,Total,2031-32,490,forecast
2023-24,Sunnyside,Total,2032-33,489,forecast
2023-24,Vernon,Total,2020-21,569,actual
2023-24,Vernon,Total,2021-22,517,actual
2023-24,Vernon,Total,2022-23,555,actual
2023-24,Vernon,Total,2023-24,554,forecast
2023-24,Vernon,Total,2024-25,551,forecast
2023-24,Vernon,Total,2025-26,564,forecast
2023-24,Vernon,Total,2026-27,569,forecast
2023-24,Vernon,Total,2027-28,568,forecast
2023-24,Vernon,Total,2028-29,565,forecast
2023-24,Vernon,Total,2029-30,581,forecast
2023-24,Vernon,Total,2030-31,577,forecast
2023-24,Vernon,Total,2031-32,588,forecast
2023-24,Vernon,Total,2032-33,594,forecast
2023-24,Winterhaven,Total,2020-21,291,actual
2023-24,Winterhaven,Total,2021-22,292,actual
2023-24,Winterhaven,Total,2022-23,313,actual
2023-24,Winterhaven,Total,2023-24,317,forecast
2023-24,Winterhaven,Total,2024-25,321,forecast
2023-24,Winterhaven,Total,2025-26,322,forecast
2023-24,Winterhaven,Total,2026-27,318,forecast
2023-24,Winterhaven,Total,2027-28,317,forecast
2023-24,Winterhaven,Total,2028-29,316,forecast
2023-24,Winterhaven,Total,2029-30,316,forecast
2023-24,Winterhaven,Total,2030-31,313,forecast
2023-24,Winterhaven,Total,2031-32,316,forecast
2023-24,Winterhaven,Total,2032-33,318,forecast
2023-24,Beaumont,Total,2020-21,518,actual
2023-24,Beaumont,Total,2021-22,467,actual
2023-24,Beaumont,Total,2022-23,448,actual
2023-24,Beaumont,Total,2023-24,414,forecast
2023-24,Beaumont,Total,2024-25,417,forecast
2023-24,Beaumont,Total,2025-26,395,forecast
2023-24,Beaumont,Total,2026-27,391,forecast
2023-24,Beaumont,Total,2027-28,383,forecast
2023-24,Beaumont,Total,2028-29,374,forecast
2023-24,Beaumont,Total,2029-30,372,forecast
2023-24,Beaumont,Total,2030-31,362,forecast
2023-24,Beaumont,Total,2031-32,355,forecast
2023-24,Beaumont,Total,2032-33,340,forecast
2023-24,Beaumont,Neighborhood,2020-21,392,actual
2023-24,Beaumont,Neighborhood,2021-22,344,actual
2023-24,Beaumont,Neighborhood,2022-23,317,actual
2023-24,Beaumont,Neighborhood,2023-24,302,forecast
2023-24,Beaumont,Neighborhood,2024-25,303,forecast
2023-24,Beaumont,Neighborhood,2025-26,286,forecast
2023-24,Beaumont,Neighborhood,2026-27,283,forecast
2023-24,Beaumont,Neighborhood,2027-28,270,forecast
2023-24,Beaumont,Neighborhood,2028-29,269,forecast
2023-24,Beaumont,Neighborhood,2029-30,265,forecast
2023-24,Beaumont,Neighborhood,2030-31,259,forecast
2023-24,Beaumont,Neighborhood,2031-32,253,forecast
2023-24,Beaumont,Neighborhood,2032-33,239,forecast
2023-24,Beaumont,Spanish,2020-21,126,actual
2023-24,Beaumont,Spanish,2021-22,123,actual
2023-24,Beaumont,Spanish,2022-23,131,actual
2023-24,Beaumont,Spanish,2023-24,112,forecast
2023-24,Beaumont,Spanish,2024-25,114,forecast
2023-24,Beaumont,Spanish,2025-26,109,forecast
2023-24,Beaumont,Spanish,2026-27,108,forecast
2023-24,Beaumont,Spanish,2027-28,113,forecast
2023-24,Beaumont,Spanish,2028-29,105,forecast
2023-24,Beaumont,Spanish,2029-30,107,forecast
2023-24,Beaumont,Spanish,2030-31,103,forecast
2023-24,Beaumont,Spanish,2031-32,102,forecast
2023-24,Beaumont,Spanish,2032-33,101,forecast
2023-24,da Vinci,Total,2020-21,443,actual
2023-24,da Vinci,Total,2021-22,415,actual
2023-24,da Vinci,Total,2022-23,435,actual
2023-24,da Vinci,Total,2023-24,431,forecast
2023-24,da Vinci,Total,2024-25,427,forecast
2023-24,da Vinci,Total,2025-26,425,forecast
2023-24,da Vinci,Total,2026-27,423,forecast
2023-24,da Vinci,Total,2027-28,419,forecast
2023-24,da Vinci,Total,2028-29,412,forecast
2023-24,da Vinci,Total,2029-30,416,forecast
2023-24,da Vinci,Total,2030-31,414,forecast
2023-24,da Vinci,Total,2031-32,414,forecast
2023-24,da Vinci,Total,2032-33,414,forecast
2023-24,George,Total,2020-21,432,actual
2023-24,George,Total,2021-22,385,actual
2023-24,George,Total,2022-23,387,actual
2023-24,George,Total,2023-24,376,forecast
2023-24,George,Total,2024-25,372,forecast
2023-24,George,Total,2025-26,355,forecast
2023-24,George,Total,2026-27,344,forecast
2023-24,George,Total,2027-28,339,forecast
2023-24,George,Total,2028-29,329,forecast
2023-24,George,Total,2029-30,325,forecast
2023-24,George,Total,2030-31,315,forecast
2023-24,George,Total,2031-32,307,forecast
2023-24,George,Total,2032-33,296,forecast
2023-24,George,Neighborhood,2020-21,396,actual
2023-24,George,Neighborhood,2021-22,315,actual
2023-24,George,Neighborhood,2022-23,268,actual
2023-24,George,Neighborhood,2023-24,256,forecast
2023-24,George,Neighborhood,2024-25,257,forecast
2023-24,George,Neighborhood,2025-26,244,forecast
2023-24,George,Neighborhood,2026-27,231,forecast
2023-24,George,Neighborhood,2027-28,221,forecast
2023-24,George,Neighborhood,2028-29,210,forecast
2023-24,George,Neighborhood,2029-30,205,forecast
2023-24,George,Neighborhood,2030-31,191,forecast
2023-24,George,Neighborhood,2031-32,188,forecast
2023-24,George,Neighborhood,2032-33,180,forecast
2023-24,George,Spanish,2020-21,36,actual
2023-24,George,Spanish,2021-22,70,actual
2023-24,George,Spanish,2022-23,119,actual
2023-24,George,Spanish,2023-24,120,forecast
2023-24,George,Spanish,2024-25,115,forecast
2023-24,George,Spanish,2025-26,111,forecast
2023-24,George,Spanish,2026-27,113,forecast
2023-24,George,Spanish,2027-28,118,forecast
2023-24,George,Spanish,2028-29,119,forecast
2023-24,George,Spanish,2029-30,120,forecast
2023-24,George,Spanish,2030-31,124,forecast
2023-24,George,Spanish,2031-32,119,forecast
2023-24,George,Spanish,2032-33,116,forecast
2023-24,Gray,Total,2020-21,509,actual
2023-24,Gray,Total,2021-22,478,actual
2023-24,Gray,Total,2022-23,483,actual
2023-24,Gray,Total,2023-24,454,forecast
2023-24,Gray,Total,2024-25,441,forecast
2023-24,Gray,Total,2025-26,429,forecast
2023-24,Gray,Total,2026-27,428,forecast
2023-24,Gray,Total,2027-28,416,forecast
2023-24,Gray,Total,2028-29,385,forecast
2023-24,Gray,Total,2029-30,381,forecast
2023-24,Gray,Total,2030-31,382,forecast
2023-24,Gray,Total,2031-32,388,forecast
2023-24,Gray,Total,2032-33,380,forecast
2023-24,Harriet Tubman,Total,2020-21,443,actual
2023-24,Harriet Tubman,Total,2021-22,388,actual
2023-24,Harriet Tubman,Total,2022-23,361,actual
2023-24,Harriet Tubman,Total,2023-24,327,forecast
2023-24,Harriet Tubman,Total,2024-25,320,forecast
2023-24,Harriet Tubman,Total,2025-26,342,forecast
2023-24,Harriet Tubman,Total,2026-27,334,forecast
2023-24,Harriet Tubman,Total,2027-28,342,forecast
2023-24,Harriet Tubman,Total,2028-29,311,forecast
2023-24,Harriet Tubman,Total,2029-30,289,forecast
2023-24,Harriet Tubman,Total,2030-31,270,forecast
2023-24,Harriet Tubman,Total,2031-32,271,forecast
2023-24,Harriet Tubman,Total,2032-33,272,forecast
2023-24,Harriet Tubman,Neighborhood,2020-21,417,actual
2023-24,Harriet Tubman,Neighborhood,2021-22,353,actual
2023-24,Harriet Tubman,Neighborhood,2022-23,332,actual
2023-24,Harriet Tubman,Neighborhood,2023-24,294,forecast
2023-24,Harriet Tubman,Neighborhood,2024-25,285,forecast
2023-24,Harriet Tubman,Neighborhood,2025-26,305,forecast
2023-24,Harriet Tubman,Neighborhood,2026-27,297,forecast
2023-24,Harriet Tubman,Neighborhood,2027-28,306,forecast
2023-24,Harriet Tubman,Neighborhood,2028-29,276,forecast
2023-24,Harriet Tubman,Neighborhood,2029-30,260,forecast
2023-24,Harriet Tubman,Neighborhood,2030-31,242,forecast
2023-24,Harriet Tubman,Neighborhood,2031-32,243,forecast
2023-24,Harriet Tubman,Neighborhood,2032-33,245,forecast
2023-24,Harriet Tubman,Mandarin,2020-21,26,actual
2023-24,Harriet Tubman,Mandarin,2021-22,35,actual
2023-24,Harriet Tubman,Mandarin,2022-23,29,actual
2023-24,Harriet Tubman,Mandarin,2023-24,33,forecast
2023-24,Harriet Tubman,Mandarin,2024-25,35,forecast
2023-24,Harriet Tubman,Mandarin,2025-26,37,forecast
2023-24,Harriet Tubman,Mandarin,2026-27,37,forecast
2023-24,Harriet Tubman,Mandarin,2027-28,36,forecast
2023-24,Harriet Tubman,Mandarin,2028-29,35,forecast
2023-24,Harriet Tubman,Mandarin,2029-30,29,forecast
2023-24,Harriet Tubman,Mandarin,2030-31,28,forecast
2023-24,Harriet Tubman,Mandarin,2031-32,28,forecast
2023-24,Harriet Tubman,Mandarin,2032-33,27,forecast
2023-24,Harrison Park,Total,2020-21,601,actual
2023-24,Harrison Park,Total,2021-22,529,actual
2023-24,Harrison Park,Total,2022-23,575,actual
2023-24,Harrison Park,Total,2023-24,345,forecast
2023-24,Harrison Park,Total,2024-25,410,forecast
2023-24,Harrison Park,Total,2025-26,480,forecast
2023-24,Harrison Park,Total,2026-27,478,forecast
2023-24,Harrison Park,Total,2027-28,450,forecast
2023-24,Harrison Park,Total,2028-29,431,forecast
2023-24,Harrison Park,Total,2029-30,434,forecast
2023-24,Harrison Park,Total,2030-31,459,forecast
2023-24,Harrison Park,Total,2031-32,459,forecast
2023-24,Harrison Park,Total,2032-33,442,forecast
2023-24,Harrison Park,Neighborhood,2020-21,517,actual
2023-24,Harrison Park,Neighborhood,2021-22,457,actual
2023-24,Harrison Park,Neighborhood,2022-23,474,actual
2023-24,Harrison Park,Neighborhood,2023-24,243,forecast
2023-24,Harrison Park,Neighborhood,2024-25,290,forecast
2023-24,Harrison Park,Neighborhood,2025-26,350,forecast
2023-24,Harrison Park,Neighborhood,2026-27,354,forecast
2023-24,Harrison Park,Neighborhood,2027-28,340,forecast
2023-24,Harrison Park,Neighborhood,2028-29,324,forecast
2023-24,Harrison Park,Neighborhood,2029-30,319,forecast
2023-24,Harrison Park,Neighborhood,2030-31,324,forecast
2023-24,Harrison Park,Neighborhood,2031-32,318,forecast
2023-24,Harrison Park,Neighborhood,2032-33,316,forecast
2023-24,Harrison Park,Mandarin,2020-21,84,actual
2023-24,Harrison Park,Mandarin,2021-22,72,actual
2023-24,Harrison Park,Mandarin,2022-23,101,actual
2023-24,Harrison Park,Mandarin,2023-24,102,forecast
2023-24,Harrison Park,Mandarin,2024-25,120,forecast
2023-24,Harrison Park,Mandarin,2025-26,130,forecast
2023-24,Harrison Park,Mandarin,2026-27,124,forecast
2023-24,Harrison Park,Mandarin,2027-28,110,forecast
2023-24,Harrison Park,Mandarin,2028-29,107,forecast
2023-24,Harrison Park,Mandarin,2029-30,115,forecast
2023-24,Harrison Park,Mandarin,2030-31,135,forecast
2023-24,Harrison Park,Mandarin,2031-32,141,forecast
2023-24,Harrison Park,Mandarin,2032-33,126,forecast
2023-24,Hosford,Total,2020-21,676,actual
2023-24,Hosford,Total,2021-22,629,actual
2023-24,Hosford,Total,2022-23,566,actual
2023-24,Hosford,Total,2023-24,483,forecast
2023-24,Hosford,Total,2024-25,489,forecast
2023-24,Hosford,Total,2025-26,487,forecast
2023-24,Hosford,Total,2026-27,471,forecast
2023-24,Hosford,Total,2027-28,450,forecast
2023-24,Hosford,Total,2028-29,417,forecast
2023-24,Hosford,Total,2029-30,391,forecast
2023-24,Hosford,Total,2030-31,386,forecast
2023-24,Hosford,Total,2031-32,392,forecast
2023-24,Hosford,Total,2032-33,392,forecast
2023-24,Hosford,Mandarin,2020-21,139,actual
2023-24,Hosford,Mandarin,2021-22,116,actual
2023-24,Hosford,Mandarin,2022-23,96,actual
2023-24,Hosford,Mandarin,2023-24,0,forecast
2023-24,Hosford,Mandarin,2024-25,0,forecast
2023-24,Hosford,Mandarin,2025-26,0,forecast
2023-24,Hosford,Mandarin,2026-27,0,forecast
2023-24,Hosford,Mandarin,2027-28,0,forecast
2023-24,Hosford,Mandarin,2028-29,0,forecast
2023-24,Hosford,Mandarin,2029-30,0,forecast
2023-24,Hosford,Mandarin,2030-31,0,forecast
2023-24,Hosford,Mandarin,2031-32,0,forecast
2023-24,Hosford,Mandarin,2032-33,0,forecast
2023-24,Hosford,Neighborhood,2020-21,537,actual
2023-24,Hosford,Neighborhood,2021-22,513,actual
2023-24,Hosford,Neighborhood,2022-23,470,actual
2023-24,Hosford,Neighborhood,2023-24,0,forecast
2023-24,Hosford,Neighborhood,2024-25,0,forecast
2023-24,Hosford,Neighborhood,2025-26,0,forecast
2023-24,Hosford,Neighborhood,2026-27,0,forecast
2023-24,Hosford,Neighborhood,2027-28,0,forecast
2023-24,Hosford,Neighborhood,2028-29,0,forecast
2023-24,Hosford,Neighborhood,2029-30,0,forecast
2023-24,Hosford,Neighborhood,2030-31,0,forecast
2023-24,Hosford,Neighborhood,2031-32,0,forecast
2023-24,Hosford,Neighborhood,2032-33,0,forecast
2023-24,Jackson,Total,2020-21,803,actual
2023-24,Jackson,Total,2021-22,752,actual
2023-24,Jackson,Total,2022-23,793,actual
2023-24,Jackson,Total,2023-24,734,forecast
2023-24,Jackson,Total,2024-25,711,forecast
2023-24,Jackson,Total,2025-26,684,forecast
2023-24,Jackson,Total,2026-27,684,forecast
2023-24,Jackson,Total,2027-28,663,forecast
2023-24,Jackson,Total,2028-29,617,forecast
2023-24,Jackson,Total,2029-30,614,forecast
2023-24,Jackson,Total,2030-31,617,forecast
2023-24,Jackson,Total,2031-32,624,forecast
2023-24,Jackson,Total,2032-33,613,forecast
2023-24,Kellogg,Total,2020-21,0,actual
2023-24,Kellogg,Total,2021-22,684,actual
2023-24,Kellogg,Total,2022-23,661,actual
2023-24,Kellogg,Total,2023-24,696,forecast
2023-24,Kellogg,Total,2024-25,649,forecast
2023-24,Kellogg,Total,2025-26,613,forecast
2023-24,Kellogg,Total,2026-27,610,forecast
2023-24,Kellogg,Total,2027-28,588,forecast
2023-24,Kellogg,Total,2028-29,581,forecast
2023-24,Kellogg,Total,2029-30,549,forecast
2023-24,Kellogg,Total,2030-31,529,forecast
2023-24,Kellogg,Total,2031-32,518,forecast
2023-24,Kellogg,Total,2032-33,516,forecast
2023-24,Kellogg,Neighborhood,2020-21,0,actual
2023-24,Kellogg,Neighborhood,2021-22,533,actual
2023-24,Kellogg,Neighborhood,2022-23,502,actual
2023-24,Kellogg,Neighborhood,2023-24,466,forecast
2023-24,Kellogg,Neighborhood,2024-25,408,forecast
2023-24,Kellogg,Neighborhood,2025-26,376,forecast
2023-24,Kellogg,Neighborhood,2026-27,375,forecast
2023-24,Kellogg,Neighborhood,2027-28,358,forecast
2023-24,Kellogg,Neighborhood,2028-29,352,forecast
2023-24,Kellogg,Neighborhood,2029-30,333,forecast
2023-24,Kellogg,Neighborhood,2030-31,317,forecast
2023-24,Kellogg,Neighborhood,2031-32,313,forecast
2023-24,Kellogg,Neighborhood,2032-33,310,forecast
2023-24,Kellogg,Spanish,2020-21,0,actual
2023-24,Kellogg,Spanish,2021-22,151,actual
2023-24,Kellogg,Spanish,2022-23,159,actual
2023-24,Kellogg,Spanish,2023-24,230,forecast
2023-24,Kellogg,Spanish,2024-25,241,forecast
2023-24,Kellogg,Spanish,2025-26,237,forecast
2023-24,Kellogg,Spanish,2026-27,235,forecast
2023-24,Kellogg,Spanish,2027-28,230,forecast
2023-24,Kellogg,Spanish,2028-29,229,forecast
2023-24,Kellogg,Spanish,2029-30,216,forecast
2023-24,Kellogg,Spanish,2030-31,212,forecast
2023-24,Kellogg,Spanish,2031-32,205,forecast
2023-24,Kellogg,Spanish,2032-33,206,forecast
2023-24,Lane,Total,2020-21,416,actual
2023-24,Lane,Total,2021-22,363,actual
2023-24,Lane,Total,2022-23,336,actual
2023-24,Lane,Total,2023-24,390,forecast
2023-24,Lane,Total,2024-25,447,forecast
2023-24,Lane,Total,2025-26,476,forecast
2023-24,Lane,Total,2026-27,474,forecast
2023-24,Lane,Total,2027-28,444,forecast
2023-24,Lane,Total,2028-29,425,forecast
2023-24,Lane,Total,2029-30,386,forecast
2023-24,Lane,Total,2030-31,380,forecast
2023-24,Lane,Total,2031-32,373,forecast
2023-24,Lane,Total,2032-33,376,forecast
2023-24,Lane,Neighborhood,2020-21,367,actual
2023-24,Lane,Neighborhood,2021-22,322,actual
2023-24,Lane,Neighborhood,2022-23,302,actual
2023-24,Lane,Neighborhood,2023-24,359,forecast
2023-24,Lane,Neighborhood,2024-25,415,forecast
2023-24,Lane,Neighborhood,2025-26,441,forecast
2023-24,Lane,Neighborhood,2026-27,434,forecast
2023-24,Lane,Neighborhood,2027-28,405,forecast
2023-24,Lane,Neighborhood,2028-29,389,forecast
2023-24,Lane,Neighborhood,2029-30,356,forecast
2023-24,Lane,Neighborhood,2030-31,348,forecast
2023-24,Lane,Neighborhood,2031-32,343,forecast
2023-24,Lane,Neighborhood,2032-33,345,forecast
2023-24,Lane,Russian,2020-21,49,actual
2023-24,Lane,Russian,2021-22,41,actual
2023-24,Lane,Russian,2022-23,34,actual
2023-24,Lane,Russian,2023-24,31,forecast
2023-24,Lane,Russian,2024-25,32,forecast
2023-24,Lane,Russian,2025-26,35,forecast
2023-24,Lane,Russian,2026-27,40,forecast
2023-24,Lane,Russian,2027-28,39,forecast
2023-24,Lane,Russian,2028-29,36,forecast
2023-24,Lane,Russian,2029-30,30,forecast
2023-24,Lane,Russian,2030-31,32,forecast
2023-24,Lane,Russian,2031-32,30,forecast
2023-24,Lane,Russian,2032-33,31,forecast
2023-24,Mt Tabor,Total,2020-21,721,actual
2023-24,Mt Tabor,Total,2021-22,645,actual
2023-24,Mt Tabor,Total,2022-23,607,actual
2023-24,Mt Tabor,Total,2023-24,509,forecast
2023-24,Mt Tabor,Total,2024-25,475,forecast
2023-24,Mt Tabor,Total,2025-26,444,forecast
2023-24,Mt Tabor,Total,2026-27,447,forecast
2023-24,Mt Tabor,Total,2027-28,424,forecast
2023-24,Mt Tabor,Total,2028-29,405,forecast
2023-24,Mt Tabor,Total,2029-30,374,forecast
2023-24,Mt Tabor,Total,2030-31,367,forecast
2023-24,Mt Tabor,Total,2031-32,363,forecast
2023-24,Mt Tabor,Total,2032-33,354,forecast
2023-24,Mt Tabor,Neighborhood,2020-21,369,actual
2023-24,Mt Tabor,Neighborhood,2021-22,327,actual
2023-24,Mt Tabor,Neighborhood,2022-23,302,actual
2023-24,Mt Tabor,Neighborhood,2023-24,263,forecast
2023-24,Mt Tabor,Neighborhood,2024-25,233,forecast
2023-24,Mt Tabor,Neighborhood,2025-26,206,forecast
2023-24,Mt Tabor,Neighborhood,2026-27,208,forecast
2023-24,Mt Tabor,Neighborhood,2027-28,198,forecast
2023-24,Mt Tabor,Neighborhood,2028-29,189,forecast
2023-24,Mt Tabor,Neighborhood,2029-30,171,forecast
2023-24,Mt Tabor,Neighborhood,2030-31,168,forecast
2023-24,Mt Tabor,Neighborhood,2031-32,166,forecast
2023-24,Mt Tabor,Neighborhood,2032-33,162,forecast
2023-24,Mt Tabor,Japanese,2020-21,274,actual
2023-24,Mt Tabor,Japanese,2021-22,249,actual
2023-24,Mt Tabor,Japanese,2022-23,240,actual
2023-24,Mt Tabor,Japanese,2023-24,246,forecast
2023-24,Mt Tabor,Japanese,2024-25,242,forecast
2023-24,Mt Tabor,Japanese,2025-26,238,forecast
2023-24,Mt Tabor,Japanese,2026-27,239,forecast
2023-24,Mt Tabor,Japanese,2027-28,226,forecast
2023-24,Mt Tabor,Japanese,2028-29,216,forecast
2023-24,Mt Tabor,Japanese,2029-30,203,forecast
2023-24,Mt Tabor,Japanese,2030-31,199,forecast
2023-24,Mt Tabor,Japanese,2031-32,197,forecast
2023-24,Mt Tabor,Japanese,2032-33,192,forecast
2023-24,Mt Tabor,Spanish,2020-21,78,actual
2023-24,Mt Tabor,Spanish,2021-22,69,actual
2023-24,Mt Tabor,Spanish,2022-23,65,actual
2023-24,Mt Tabor,Spanish,2023-24,0,forecast
2023-24,Mt Tabor,Spanish,2024-25,0,forecast
2023-24,Mt Tabor,Spanish,2025-26,0,forecast
2023-24,Mt Tabor,Spanish,2026-27,0,forecast
2023-24,Mt Tabor,Spanish,2027-28,0,forecast
2023-24,Mt Tabor,Spanish,2028-29,0,forecast
2023-24,Mt Tabor,Spanish,2029-30,0,forecast
2023-24,Mt Tabor,Spanish,2030-31,0,forecast
2023-24,Mt Tabor,Spanish,2031-32,0,forecast
2023-24,Mt Tabor,Spanish,2032-33,0,forecast
2023-24,Ockley Green,Total,2020-21,487,actual
2023-24,Ockley Green,Total,2021-22,485,actual
2023-24,Ockley Green,Total,2022-23,483,actual
2023-24,Ockley Green,Total,2023-24,474,forecast
2023-24,Ockley Green,Total,2024-25,451,forecast
2023-24,Ockley Green,Total,2025-26,474,forecast
2023-24,Ockley Green,Total,2026-27,452,forecast
2023-24,Ockley Green,Total,2027-28,432,forecast
2023-24,Ockley Green,Total,2028-29,401,forecast
2023-24,Ockley Green,Total,2029-30,379,forecast
2023-24,Ockley Green,Total,2030-31,363,forecast
2023-24,Ockley Green,Total,2031-32,350,forecast
2023-24,Ockley Green,Total,2032-33,330,forecast
2023-24,Ockley Green,Neighborhood,2020-21,376,actual
2023-24,Ockley Green,Neighborhood,2021-22,381,actual
2023-24,Ockley Green,Neighborhood,2022-23,384,actual
2023-24,Ockley Green,Neighborhood,2023-24,383,forecast
2023-24,Ockley Green,Neighborhood,2024-25,367,forecast
2023-24,Ockley Green,Neighborhood,2025-26,394,forecast
2023-24,Ockley Green,Neighborhood,2026-27,369,forecast
2023-24,Ockley Green,Neighborhood,2027-28,351,forecast
2023-24,Ockley Green,Neighborhood,2028-29,329,forecast
2023-24,Ockley Green,Neighborhood,2029-30,314,forecast
2023-24,Ockley Green,Neighborhood,2030-31,301,forecast
2023-24,Ockley Green,Neighborhood,2031-32,287,forecast
2023-24,Ockley Green,Neighborhood,2032-33,271,forecast
2023-24,Ockley Green,Spanish,2020-21,111,actual
2023-24,Ockley Green,Spanish,2021-22,104,actual
2023-24,Ockley Green,Spanish,2022-23,99,actual
2023-24,Ockley Green,Spanish,2023-24,91,forecast
2023-24,Ockley Green,Spanish,2024-25,84,forecast
2023-24,Ockley Green,Spanish,2025-26,80,forecast
2023-24,Ockley Green,Spanish,2026-27,83,forecast
2023-24,Ockley Green,Spanish,2027-28,81,forecast
2023-24,Ockley Green,Spanish,2028-29,72,forecast
2023-24,Ockley Green,Spanish,2029-30,65,forecast
2023-24,Ockley Green,Spanish,2030-31,62,forecast
2023-24,Ockley Green,Spanish,2031-32,63,forecast
2023-24,Ockley Green,Spanish,2032-33,59,forecast
2023-24,Roseway Heights,Total,2020-21,617,actual
2023-24,Roseway Heights,Total,2021-22,589,actual
2023-24,Roseway Heights,Total,2022-23,583,actual
2023-24,Roseway Heights,Total,2023-24,536,forecast
2023-24,Roseway Heights,Total,2024-25,512,forecast
2023-24,Roseway Heights,Total,2025-26,515,forecast
2023-24,Roseway Heights,Total,2026-27,517,forecast
2023-24,Roseway Heights,Total,2027-28,502,forecast
2023-24,Roseway Heights,Total,2028-29,465,forecast
2023-24,Roseway Heights,Total,2029-30,476,forecast
2023-24,Roseway Heights,Total,2030-31,476,forecast
2023-24,Roseway Heights,Total,2031-32,476,forecast
2023-24,Roseway Heights,Total,2032-33,462,forecast
2023-24,Roseway Heights,Neighborhood,2020-21,509,actual
2023-24,Roseway Heights,Neighborhood,2021-22,483,actual
2023-24,Roseway Heights,Neighborhood,2022-23,471,actual
2023-24,Roseway Heights,Neighborhood,2023-24,420,forecast
2023-24,Roseway Heights,Neighborhood,2024-25,392,forecast
2023-24,Roseway Heights,Neighborhood,2025-26,381,forecast
2023-24,Roseway Heights,Neighborhood,2026-27,378,forecast
2023-24,Roseway Heights,Neighborhood,2027-28,364,forecast
2023-24,Roseway Heights,Neighborhood,2028-29,330,forecast
2023-24,Roseway Heights,Neighborhood,2029-30,337,forecast
2023-24,Roseway Heights,Neighborhood,2030-31,338,forecast
2023-24,Roseway Heights,Neighborhood,2031-32,339,forecast
2023-24,Roseway Heights,Neighborhood,2032-33,329,forecast
2023-24,Roseway Heights,Spanish,2020-21,93,actual
2023-24,Roseway Heights,Spanish,2021-22,106,actual
2023-24,Roseway Heights,Spanish,2022-23,74,actual
2023-24,Roseway Heights,Spanish,2023-24,82,forecast
2023-24,Roseway Heights,Spanish,2024-25,86,forecast
2023-24,Roseway Heights,Spanish,2025-26,101,forecast
2023-24,Roseway Heights,Spanish,2026-27,101,forecast
2023-24,Roseway Heights,Spanish,2027-28,96,forecast
2023-24,Roseway Heights,Spanish,2028-29,93,forecast
2023-24,Roseway Heights,Spanish,2029-30,97,forecast
2023-24,Roseway Heights,Spanish,2030-31,100,forecast
2023-24,Roseway Heights,Spanish,2031-32,98,forecast
2023-24,Roseway Heights,Spanish,2032-33,95,forecast
2023-24,Roseway Heights,Vietnamese,2020-21,15,actual
2023-24,Roseway Heights,Vietnamese,2021-22,0,actual
2023-24,Roseway Heights,Vietnamese,2022-23,38,actual
2023-24,Roseway Heights,Vietnamese,2023-24,34,forecast
2023-24,Roseway Heights,Vietnamese,2024-25,34,forecast
2023-24,Roseway Heights,Vietnamese,2025-26,33,forecast
2023-24,Roseway Heights,Vietnamese,2026-27,38,forecast
2023-24,Roseway Heights,Vietnamese,2027-28,42,forecast
2023-24,Roseway Heights,Vietnamese,2028-29,42,forecast
2023-24,Roseway Heights,Vietnamese,2029-30,42,forecast
2023-24,Roseway Heights,Vietnamese,2030-31,38,forecast
2023-24,Roseway Heights,Vietnamese,2031-32,39,forecast
2023-24,Roseway Heights,Vietnamese,2032-33,38,forecast
2023-24,Sellwood,Total,2020-21,549,actual
2023-24,Sellwood,Total,2021-22,553,actual
2023-24,Sellwood,Total,2022-23,563,actual
2023-24,Sellwood,Total,2023-24,561,forecast
2023-24,Sellwood,Total,2024-25,540,forecast
2023-24,Sellwood,Total,2025-26,539,forecast
2023-24,Sellwood,Total,2026-27,518,forecast
2023-24,Sellwood,Total,2027-28,489,forecast
2023-24,Sellwood,Total,2028-29,457,forecast
2023-24,Sellwood,Total,2029-30,437,forecast
2023-24,Sellwood,Total,2030-31,430,forecast
2023-24,Sellwood,Total,2031-32,436,forecast
2023-24,Sellwood,Total,2032-33,439,forecast
2023-24,West Sylvan,Total,2020-21,802,actual
2023-24,West Sylvan,Total,2021-22,727,actual
2023-24,West Sylvan,Total,2022-23,759,actual
2023-24,West Sylvan,Total,2023-24,743,forecast
2023-24,West Sylvan,Total,2024-25,746,forecast
2023-24,West Sylvan,Total,2025-26,755,forecast
2023-24,West Sylvan,Total,2026-27,744,forecast
2023-24,West Sylvan,Total,2027-28,747,forecast
2023-24,West Sylvan,Total,2028-29,694,forecast
2023-24,West Sylvan,Total,2029-30,664,forecast
2023-24,West Sylvan,Total,2030-31,622,forecast
2023-24,West Sylvan,Total,2031-32,586,forecast
2023-24,West Sylvan,Total,2032-33,567,forecast
2023-24,West Sylvan,Neighborhood,2020-21,655,actual
2023-24,West Sylvan,Neighborhood,2021-22,599,actual
2023-24,West Sylvan,Neighborhood,2022-23,626,actual
2023-24,West Sylvan,Neighborhood,2023-24,617,forecast
2023-24,West Sylvan,Neighborhood,2024-25,619,forecast
2023-24,West Sylvan,Neighborhood,2025-26,622,forecast
2023-24,West Sylvan,Neighborhood,2026-27,619,forecast
2023-24,West Sylvan,Neighborhood,2027-28,622,forecast
2023-24,West Sylvan,Neighborhood,2028-29,578,forecast
2023-24,West Sylvan,Neighborhood,2029-30,547,forecast
2023-24,West Sylvan,Neighborhood,2030-31,510,forecast
2023-24,West Sylvan,Neighborhood,2031-32,480,forecast
2023-24,West Sylvan,Neighborhood,2032-33,464,forecast
2023-24,West Sylvan,Spanish,2020-21,147,actual
2023-24,West Sylvan,Spanish,2021-22,128,actual
2023-24,West Sylvan,Spanish,2022-23,133,actual
2023-24,West Sylvan,Spanish,2023-24,126,forecast
2023-24,West Sylvan,Spanish,2024-25,127,forecast
2023-24,West Sylvan,Spanish,2025-26,133,forecast
2023-24,West Sylvan,Spanish,2026-27,125,forecast
2023-24,West Sylvan,Spanish,2027-28,125,forecast
2023-24,West Sylvan,Spanish,2028-29,116,forecast
2023-24,West Sylvan,Spanish,2029-30,117,forecast
2023-24,West Sylvan,Spanish,2030-31,112,forecast
2023-24,West Sylvan,Spanish,2031-32,106,forecast
2023-24,West Sylvan,Spanish,2032-33,103,forecast
2023-24,Benson Polytechnic,Total,2020-21,1005,actual
2023-24,Benson Polytechnic,Total,2021-22,895,actual
2023-24,Benson Polytechnic,Total,2022-23,827,actual
2023-24,Benson Polytechnic,Total,2023-24,804,forecast
2023-24,Benson Polytechnic,Total,2024-25,802,forecast
2023-24,Benson Polytechnic,Total,2025-26,813,forecast
2023-24,Benson Polytechnic,Total,2026-27,806,forecast
2023-24,Benson Polytechnic,Total,2027-28,802,forecast
2023-24,Benson Polytechnic,Total,2028-29,792,forecast
2023-24,Benson Polytechnic,Total,2029-30,774,forecast
2023-24,Benson Polytechnic,Total,2030-31,770,forecast
2023-24,Benson Polytechnic,Total,2031-32,759,forecast
2023-24,Benson Polytechnic,Total,2032-33,778,forecast
2023-24,Cleveland,Total,2020-21,1581,actual
2023-24,Cleveland,Total,2021-22,1623,actual
2023-24,Cleveland,Total,2022-23,1547,actual
2023-24,Cleveland,Total,2023-24,1555,forecast
2023-24,Cleveland,Total,2024-25,1487,forecast
2023-24,Cleveland,Total,2025-26,1455,forecast
2023-24,Cleveland,Total,2026-27,1435,forecast
2023-24,Cleveland,Total,2027-28,1415,forecast
2023-24,Cleveland,Total,2028-29,1416,forecast
2023-24,Cleveland,Total,2029-30,1353,forecast
2023-24,Cleveland,Total,2030-31,1308,forecast
2023-24,Cleveland,Total,2031-32,1238,forecast
2023-24,Cleveland,Total,2032-33,1159,forecast
2023-24,Cleveland,Neighborhood,2020-21,1457,actual
2023-24,Cleveland,Neighborhood,2021-22,1493,actual
2023-24,Cleveland,Neighborhood,2022-23,1415,actual
2023-24,Cleveland,Neighborhood,2023-24,1406,forecast
2023-24,Cleveland,Neighborhood,2024-25,1341,forecast
2023-24,Cleveland,Neighborhood,2025-26,1312,forecast
2023-24,Cleveland,Neighborhood,2026-27,1296,forecast
2023-24,Cleveland,Neighborhood,2027-28,1284,forecast
2023-24,Cleveland,Neighborhood,2028-29,1282,forecast
2023-24,Cleveland,Neighborhood,2029-30,1227,forecast
2023-24,Cleveland,Neighborhood,2030-31,1186,forecast
2023-24,Cleveland,Neighborhood,2031-32,1123,forecast
2023-24,Cleveland,Neighborhood,2032-33,1057,forecast
2023-24,Cleveland,Mandarin,2020-21,124,actual
2023-24,Cleveland,Mandarin,2021-22,130,actual
2023-24,Cleveland,Mandarin,2022-23,132,actual
2023-24,Cleveland,Mandarin,2023-24,149,forecast
2023-24,Cleveland,Mandarin,2024-25,146,forecast
2023-24,Cleveland,Mandarin,2025-26,143,forecast
2023-24,Cleveland,Mandarin,2026-27,139,forecast
2023-24,Cleveland,Mandarin,2027-28,131,forecast
2023-24,Cleveland,Mandarin,2028-29,134,forecast
2023-24,Cleveland,Mandarin,2029-30,126,forecast
2023-24,Cleveland,Mandarin,2030-31,122,forecast
2023-24,Cleveland,Mandarin,2031-32,115,forecast
2023-24,Cleveland,Mandarin,2032-33,102,forecast
2023-24,Franklin,Total,2020-21,2010,actual
2023-24,Franklin,Total,2021-22,2014,actual
2023-24,Franklin,Total,2022-23,1968,actual
2023-24,Franklin,Total,2023-24,1853,forecast
2023-24,Franklin,Total,2024-25,1814,forecast
2023-24,Franklin,Total,2025-26,1716,forecast
2023-24,Franklin,Total,2026-27,1697,forecast
2023-24,Franklin,Total,2027-28,1716,forecast
2023-24,Franklin,Total,2028-29,1698,forecast
2023-24,Franklin,Total,2029-30,1719,forecast
2023-24,Franklin,Total,2030-31,1650,forecast
2023-24,Franklin,Total,2031-32,1563,forecast
2023-24,Franklin,Total,2032-33,1513,forecast
2023-24,Franklin,Neighborhood,2020-21,1836,actual
2023-24,Franklin,Neighborhood,2021-22,1835,actual
2023-24,Franklin,Neighborhood,2022-23,1788,actual
2023-24,Franklin,Neighborhood,2023-24,1684,forecast
2023-24,Franklin,Neighborhood,2024-25,1633,forecast
2023-24,Franklin,Neighborhood,2025-26,1534,forecast
2023-24,Franklin,Neighborhood,2026-27,1518,forecast
2023-24,Franklin,Neighborhood,2027-28,1531,forecast
2023-24,Franklin,Neighborhood,2028-29,1512,forecast
2023-24,Franklin,Neighborhood,2029-30,1528,forecast
2023-24,Franklin,Neighborhood,2030-31,1463,forecast
2023-24,Franklin,Neighborhood,2031-32,1380,forecast
2023-24,Franklin,Neighborhood,2032-33,1324,forecast
2023-24,Franklin,Spanish,2020-21,135,actual
2023-24,Franklin,Spanish,2021-22,139,actual
2023-24,Franklin,Spanish,2022-23,140,actual
2023-24,Franklin,Spanish,2023-24,135,forecast
2023-24,Franklin,Spanish,2024-25,147,forecast
2023-24,Franklin,Spanish,2025-26,152,forecast
2023-24,Franklin,Spanish,2026-27,148,forecast
2023-24,Franklin,Spanish,2027-28,152,forecast
2023-24,Franklin,Spanish,2028-29,152,forecast
2023-24,Franklin,Spanish,2029-30,152,forecast
2023-24,Franklin,Spanish,2030-31,147,forecast
2023-24,Franklin,Spanish,2031-32,146,forecast
2023-24,Franklin,Spanish,2032-33,154,forecast
2023-24,Franklin,Russian,2020-21,39,actual
2023-24,Franklin,Russian,2021-22,40,actual
2023-24,Franklin,Russian,2022-23,40,actual
2023-24,Franklin,Russian,2023-24,34,forecast
2023-24,Franklin,Russian,2024-25,34,forecast
2023-24,Franklin,Russian,2025-26,30,forecast
2023-24,Franklin,Russian,2026-27,31,forecast
2023-24,Franklin,Russian,2027-28,33,forecast
2023-24,Franklin,Russian,2028-29,34,forecast
2023-24,Franklin,Russian,2029-30,39,forecast
2023-24,Franklin,Russian,2030-31,40,forecast
2023-24,Franklin,Russian,2031-32,37,forecast
2023-24,Franklin,Russian,2032-33,35,forecast
2023-24,Grant,Total,2020-21,1965,actual
2023-24,Grant,Total,2021-22,2126,actual
2023-24,Grant,Total,2022-23,2159,actual
2023-24,Grant,Total,2023-24,2181,forecast
2023-24,Grant,Total,2024-25,2176,forecast
2023-24,Grant,Total,2025-26,2076,forecast
2023-24,Grant,Total,2026-27,1939,forecast
2023-24,Grant,Total,2027-28,1896,forecast
2023-24,Grant,Total,2028-29,1804,forecast
2023-24,Grant,Total,2029-30,1718,forecast
2023-24,Grant,Total,2030-31,1692,forecast
2023-24,Grant,Total,2031-32,1627,forecast
2023-24,Grant,Total,2032-33,1607,forecast
2023-24,Grant,Neighborhood,2020-21,1701,actual
2023-24,Grant,Neighborhood,2021-22,1849,actual
2023-24,Grant,Neighborhood,2022-23,1873,actual
2023-24,Grant,Neighborhood,2023-24,1883,forecast
2023-24,Grant,Neighborhood,2024-25,1891,forecast
2023-24,Grant,Neighborhood,2025-26,1804,forecast
2023-24,Grant,Neighborhood,2026-27,1686,forecast
2023-24,Grant,Neighborhood,2027-28,1646,forecast
2023-24,Grant,Neighborhood,2028-29,1566,forecast
2023-24,Grant,Neighborhood,2029-30,1491,forecast
2023-24,Grant,Neighborhood,2030-31,1465,forecast
2023-24,Grant,Neighborhood,2031-32,1411,forecast
2023-24,Grant,Neighborhood,2032-33,1394,forecast
2023-24,Grant,Japanese,2020-21,264,actual
2023-24,Grant,Japanese,2021-22,277,actual
2023-24,Grant,Japanese,2022-23,286,actual
2023-24,Grant,Japanese,2023-24,298,forecast
2023-24,Grant,Japanese,2024-25,285,forecast
2023-24,Grant,Japanese,2025-26,272,forecast
2023-24,Grant,Japanese,2026-27,253,forecast
2023-24,Grant,Japanese,2027-28,250,forecast
2023-24,Grant,Japanese,2028-29,238,forecast
2023-24,Grant,Japanese,2029-30,227,forecast
2023-24,Grant,Japanese,2030-31,227,forecast
2023-24,Grant,Japanese,2031-32,216,forecast
2023-24,Grant,Japanese,2032-33,213,forecast
2023-24,Ida B Wells-Barnett,Total,2020-21,1540,actual
2023-24,Ida B Wells-Barnett,Total,2021-22,1597,actual
2023-24,Ida B Wells-Barnett,Total,2022-23,1558,actual
2023-24,Ida B Wells-Barnett,Total,2023-24,1653,forecast
2023-24,Ida B Wells-Barnett,Total,2024-25,1656,forecast
2023-24,Ida B Wells-Barnett,Total,2025-26,1620,forecast
2023-24,Ida B Wells-Barnett,Total,2026-27,1607,forecast
2023-24,Ida B Wells-Barnett,Total,2027-28,1548,forecast
2023-24,Ida B Wells-Barnett,Total,2028-29,1561,forecast
2023-24,Ida B Wells-Barnett,Total,2029-30,1513,forecast
2023-24,Ida B Wells-Barnett,Total,2030-31,1494,forecast
2023-24,Ida B Wells-Barnett,Total,2031-32,1443,forecast
2023-24,Ida B Wells-Barnett,Total,2032-33,1404,forecast
2023-24,Jefferson,Total,2020-21,620,actual
2023-24,Jefferson,Total,2021-22,588,actual
2023-24,Jefferson,Total,2022-23,607,actual
2023-24,Jefferson,Total,2023-24,627,forecast
2023-24,Jefferson,Total,2024-25,623,forecast
2023-24,Jefferson,Total,2025-26,601,forecast
2023-24,Jefferson,Total,2026-27,619,forecast
2023-24,Jefferson,Total,2027-28,594,forecast
2023-24,Jefferson,Total,2028-29,585,forecast
2023-24,Jefferson,Total,2029-30,564,forecast
2023-24,Jefferson,Total,2030-31,537,forecast
2023-24,Jefferson,Total,2031-32,513,forecast
2023-24,Jefferson,Total,2032-33,486,forecast
2023-24,Jefferson,Neighborhood,2020-21,620,actual
2023-24,Jefferson,Neighborhood,2021-22,588,actual
2023-24,Jefferson,Neighborhood,2022-23,595,actual
2023-24,Jefferson,Neighborhood,2023-24,598,forecast
2023-24,Jefferson,Neighborhood,2024-25,585,forecast
2023-24,Jefferson,Neighborhood,2025-26,553,forecast
2023-24,Jefferson,Neighborhood,2026-27,568,forecast
2023-24,Jefferson,Neighborhood,2027-28,545,forecast
2023-24,Jefferson,Neighborhood,2028-29,534,forecast
2023-24,Jefferson,Neighborhood,2029-30,509,forecast
2023-24,Jefferson,Neighborhood,2030-31,487,forecast
2023-24,Jefferson,Neighborhood,2031-32,464,forecast
2023-24,Jefferson,Neighborhood,2032-33,440,forecast
2023-24,Jefferson,Mandarin,2020-21,0,actual
2023-24,Jefferson,Mandarin,2021-22,0,actual
2023-24,Jefferson,Mandarin,2022-23,12,actual
2023-24,Jefferson,Mandarin,2023-24,29,forecast
2023-24,Jefferson,Mandarin,2024-25,38,forecast
2023-24,Jefferson,Mandarin,2025-26,48,forecast
2023-24,Jefferson,Mandarin,2026-27,51,forecast
2023-24,Jefferson,Mandarin,2027-28,49,forecast
2023-24,Jefferson,Mandarin,2028-29,51,forecast
2023-24,Jefferson,Mandarin,2029-30,55,forecast
2023-24,Jefferson,Mandarin,2030-31,50,forecast
2023-24,Jefferson,Mandarin,2031-32,49,forecast
2023-24,Jefferson,Mandarin,2032-33,46,forecast
2023-24,Lincoln,Total,2020-21,1481,actual
2023-24,Lincoln,Total,2021-22,1462,actual
2023-24,Lincoln,Total,2022-23,1528,actual
2023-24,Lincoln,Total,2023-24,1551,forecast
2023-24,Lincoln,Total,2024-25,1533,forecast
2023-24,Lincoln,Total,2025-26,1520,forecast
2023-24,Lincoln,Total,2026-27,1466,forecast
2023-24,Lincoln,Total,2027-28,1400,forecast
2023-24,Lincoln,Total,2028-29,1402,forecast
2023-24,Lincoln,Total,2029-30,1350,forecast
2023-24,Lincoln,Total,2030-31,1354,forecast
2023-24,Lincoln,Total,2031-32,1348,forecast
2023-24,Lincoln,Total,2032-33,1273,forecast
2023-24,Lincoln,Neighborhood,2020-21,1318,actual
2023-24,Lincoln,Neighborhood,2021-22,1284,actual
2023-24,Lincoln,Neighborhood,2022-23,1342,actual
2023-24,Lincoln,Neighborhood,2023-24,1358,forecast
2023-24,Lincoln,Neighborhood,2024-25,1346,forecast
2023-24,Lincoln,Neighborhood,2025-26,1351,forecast
2023-24,Lincoln,Neighborhood,2026-27,1295,forecast
2023-24,Lincoln,Neighborhood,2027-28,1236,forecast
2023-24,Lincoln,Neighborhood,2028-29,1239,forecast
2023-24,Lincoln,Neighborhood,2029-30,1193,forecast
2023-24,Lincoln,Neighborhood,2030-31,1198,forecast
2023-24,Lincoln,Neighborhood,2031-32,1196,forecast
2023-24,Lincoln,Neighborhood,2032-33,1130,forecast
2023-24,Lincoln,Spanish,2020-21,163,actual
2023-24,Lincoln,Spanish,2021-22,178,actual
2023-24,Lincoln,Spanish,2022-23,186,actual
2023-24,Lincoln,Spanish,2023-24,193,forecast
2023-24,Lincoln,Spanish,2024-25,187,forecast
2023-24,Lincoln,Spanish,2025-26,169,forecast
2023-24,Lincoln,Spanish,2026-27,171,forecast
2023-24,Lincoln,Spanish,2027-28,164,forecast
2023-24,Lincoln,Spanish,2028-29,163,forecast
2023-24,Lincoln,Spanish,2029-30,157,forecast
2023-24,Lincoln,Spanish,2030-31,156,forecast
2023-24,Lincoln,Spanish,2031-32,152,forecast
2023-24,Lincoln,Spanish,2032-33,143,forecast
2023-24,McDaniel,Total,2020-21,1173,actual
2023-24,McDaniel,Total,2021-22,1369,actual
2023-24,McDaniel,Total,2022-23,1443,actual
2023-24,McDaniel,Total,2023-24,1609,forecast
2023-24,McDaniel,Total,2024-25,1596,forecast
2023-24,McDaniel,Total,2025-26,1511,forecast
2023-24,McDaniel,Total,2026-27,1418,forecast
2023-24,McDaniel,Total,2027-28,1330,forecast
2023-24,McDaniel,Total,2028-29,1351,forecast
2023-24,McDaniel,Total,2029-30,1301,forecast
2023-24,McDaniel,Total,2030-31,1289,forecast
2023-24,McDaniel,Total,2031-32,1278,forecast
2023-24,McDaniel,Total,2032-33,1240,forecast
2023-24,McDaniel,Neighborhood,2020-21,1086,actual
2023-24,McDaniel,Neighborhood,2021-22,1199,actual
2023-24,McDaniel,Neighborhood,2022-23,1228,actual
2023-24,McDaniel,Neighborhood,2023-24,1344,forecast
2023-24,McDaniel,Neighborhood,2024-25,1302,forecast
2023-24,McDaniel,Neighborhood,2025-26,1225,forecast
2023-24,McDaniel,Neighborhood,2026-27,1135,forecast
2023-24,McDaniel,Neighborhood,2027-28,1052,forecast
2023-24,McDaniel,Neighborhood,2028-29,1059,forecast
2023-24,McDaniel,Neighborhood,2029-30,1022,forecast
2023-24,McDaniel,Neighborhood,2030-31,1003,forecast
2023-24,McDaniel,Neighborhood,2031-32,990,forecast
2023-24,McDaniel,Neighborhood,2032-33,950,forecast
2023-24,McDaniel,Spanish,2020-21,87,actual
2023-24,McDaniel,Spanish,2021-22,130,actual
2023-24,McDaniel,Spanish,2022-23,161,actual
2023-24,McDaniel,Spanish,2023-24,207,forecast
2023-24,McDaniel,Spanish,2024-25,229,forecast
2023-24,McDaniel,Spanish,2025-26,213,forecast
2023-24,McDaniel,Spanish,2026-27,193,forecast
2023-24,McDaniel,Spanish,2027-28,183,forecast
2023-24,McDaniel,Spanish,2028-29,190,forecast
2023-24,McDaniel,Spanish,2029-30,178,forecast
2023-24,McDaniel,Spanish,2030-31,183,forecast
2023-24,McDaniel,Spanish,2031-32,182,forecast
2023-24,McDaniel,Spanish,2032-33,178,forecast
2023-24,McDaniel,Vietnamese,2020-21,0,actual
2023-24,McDaniel,Vietnamese,2021-22,0,actual
2023-24,McDaniel,Vietnamese,2022-23,0,actual
2023-24,McDaniel,Vietnamese,2023-24,13,forecast
2023-24,McDaniel,Vietnamese,2024-25,26,forecast
2023-24,McDaniel,Vietnamese,2025-26,39,forecast
2023-24,McDaniel,Vietnamese,2026-27,47,forecast
2023-24,McDaniel,Vietnamese,2027-28,45,forecast
2023-24,McDaniel,Vietnamese,2028-29,43,forecast
2023-24,McDaniel,Vietnamese,2029-30,44,forecast
2023-24,McDaniel,Vietnamese,2030-31,53,forecast
2023-24,McDaniel,Vietnamese,2031-32,51,forecast
2023-24,McDaniel,Vietnamese,2032-33,55,forecast
2023-24,McDaniel,Mandarin,2020-21,0,actual
2023-24,McDaniel,Mandarin,2021-22,0,actual
2023-24,McDaniel,Mandarin,2022-23,0,actual
2023-24,McDaniel,Mandarin,2023-24,0,forecast
2023-24,McDaniel,Mandarin,2024-25,0,forecast
2023-24,McDaniel,Mandarin,2025-26,5,forecast
2023-24,McDaniel,Mandarin,2026-27,14,forecast
2023-24,McDaniel,Mandarin,2027-28,22,forecast
2023-24,McDaniel,Mandarin,2028-29,31,forecast
2023-24,McDaniel,Mandarin,2029-30,32,forecast
2023-24,McDaniel,Mandarin,2030-31,25,forecast
2023-24,McDaniel,Mandarin,2031-32,29,forecast
2023-24,McDaniel,Mandarin,2032-33,32,forecast
2023-24,McDaniel,PISA,2020-21,0,actual
2023-24,McDaniel,PISA,2021-22,40,actual
2023-24,McDaniel,PISA,2022-23,54,actual
2023-24,McDaniel,PISA,2023-24,45,forecast
2023-24,McDaniel,PISA,2024-25,39,forecast
2023-24,McDaniel,PISA,2025-26,29,forecast
2023-24,McDaniel,PISA,2026-27,29,forecast
2023-24,McDaniel,PISA,2027-28,28,forecast
2023-24,McDaniel,PISA,2028-29,28,forecast
2023-24,McDaniel,PISA,2029-30,25,forecast
2023-24,McDaniel,PISA,2030-31,25,forecast
2023-24,McDaniel,PISA,2031-32,26,forecast
2023-24,McDaniel,PISA,2032-33,25,forecast
2023-24,Roosevelt,Total,2020-21,1292,actual
2023-24,Roosevelt,Total,2021-22,1376,actual
2023-24,Roosevelt,Total,2022-23,1488,actual
2023-24,Roosevelt,Total,2023-24,1461,forecast
2023-24,Roosevelt,Total,2024-25,1453,forecast
2023-24,Roosevelt,Total,2025-26,1486,forecast
2023-24,Roosevelt,Total,2026-27,1392,forecast
2023-24,Roosevelt,Total,2027-28,1359,forecast
2023-24,Roosevelt,Total,2028-29,1323,forecast
2023-24,Roosevelt,Total,2029-30,1227,forecast
2023-24,Roosevelt,Total,2030-31,1213,forecast
2023-24,Roosevelt,Total,2031-32,1175,forecast
2023-24,Roosevelt,Total,2032-33,1127,forecast
2023-24,Roosevelt,Neighborhood,2020-21,1074,actual
2023-24,Roosevelt,Neighborhood,2021-22,1137,actual
2023-24,Roosevelt,Neighborhood,2022-23,1208,actual
2023-24,Roosevelt,Neighborhood,2023-24,1190,forecast
2023-24,Roosevelt,Neighborhood,2024-25,1172,forecast
2023-24,Roosevelt,Neighborhood,2025-26,1157,forecast
2023-24,Roosevelt,Neighborhood,2026-27,1073,forecast
2023-24,Roosevelt,Neighborhood,2027-28,1043,forecast
2023-24,Roosevelt,Neighborhood,2028-29,996,forecast
2023-24,Roosevelt,Neighborhood,2029-30,927,forecast
2023-24,Roosevelt,Neighborhood,2030-31,922,forecast
2023-24,Roosevelt,Neighborhood,2031-32,862,forecast
2023-24,Roosevelt,Neighborhood,2032-33,829,forecast
2023-24,Roosevelt,Spanish,2020-21,218,actual
2023-24,Roosevelt,Spanish,2021-22,200,actual
2023-24,Roosevelt,Spanish,2022-23,226,actual
2023-24,Roosevelt,Spanish,2023-24,233,forecast
2023-24,Roosevelt,Spanish,2024-25,250,forecast
2023-24,Roosevelt,Spanish,2025-26,303,forecast
2023-24,Roosevelt,Spanish,2026-27,296,forecast
2023-24,Roosevelt,Spanish,2027-28,293,forecast
2023-24,Roosevelt,Spanish,2028-29,305,forecast
2023-24,Roosevelt,Spanish,2029-30,279,forecast
2023-24,Roosevelt,Spanish,2030-31,271,forecast
2023-24,Roosevelt,Spanish,2031-32,293,forecast
2023-24,Roosevelt,Spanish,2032-33,279,forecast
2023-24,Roosevelt,PISA,2020-21,0,actual
2023-24,Roosevelt,PISA,2021-22,39,actual
2023-24,Roosevelt,PISA,2022-23,54,actual
2023-24,Roosevelt,PISA,2023-24,38,forecast
2023-24,Roosevelt,PISA,2024-25,31,forecast
2023-24,Roosevelt,PISA,2025-26,26,forecast
2023-24,Roosevelt,PISA,2026-27,23,forecast
2023-24,Roosevelt,PISA,2027-28,23,forecast
2023-24,Roosevelt,PISA,2028-29,22,forecast
2023-24,Roosevelt,PISA,2029-30,21,forecast
2023-24,Roosevelt,PISA,2030-31,20,forecast
2023-24,Roosevelt,PISA,2031-32,20,forecast
2023-24,Roosevelt,PISA,2032-33,19,forecast
2023-24,ACCESS,Total,2020-21,318,actual
2023-24,ACCESS,Total,2021-22,314,actual
2023-24,ACCESS,Total,2022-23,317,actual
2023-24,ACCESS,Total,2023-24,356,forecast
2023-24,ACCESS,Total,2024-25,359,forecast
2023-24,ACCESS,Total,2025-26,359,forecast
2023-24,ACCESS,Total,2026-27,359,forecast
2023-24,ACCESS,Total,2027-28,359,forecast
2023-24,ACCESS,Total,2028-29,359,forecast
2023-24,ACCESS,Total,2029-30,359,forecast
2023-24,ACCESS,Total,2030-31,359,forecast
2023-24,ACCESS,Total,2031-32,359,forecast
2023-24,ACCESS,Total,2032-33,359,forecast
2023-24,MLC,Total,2020-21,377,actual
2023-24,MLC,Total,2021-22,341,actual
2023-24,MLC,Total,2022-23,348,actual
2023-24,MLC,Total,2023-24,373,forecast
2023-24,MLC,Total,2024-25,379,forecast
2023-24,MLC,Total,2025-26,376,forecast
2023-24,MLC,Total,2026-27,381,forecast
2023-24,MLC,Total,2027-28,378,forecast
2023-24,MLC,Total,2028-29,377,forecast
2023-24,MLC,Total,2029-30,377,forecast
2023-24,MLC,Total,2030-31,375,forecast
2023-24,MLC,Total,2031-32,379,forecast
2023-24,MLC,Total,2032-33,376,forecast
2023-24,Other (incl. Charters),Total,2020-21,2950,actual
2023-24,Other (incl. Charters),Total,2021-22,2556,actual
2023-24,Other (incl. Charters),Total,2022-23,2628,actual
2023-24,Other (incl. Charters),Total,2023-24,2560,forecast
2023-24,Other (incl. Charters),Total,2024-25,2604,forecast
2023-24,Other (incl. Charters),Total,2025-26,2546,forecast
2023-24,Other (incl. Charters),Total,2026-27,2451,forecast
2023-24,Other (incl. Charters),Total,2027-28,2429,forecast
2023-24,Other (incl. Charters),Total,2028-29,2393,forecast
2023-24,Other (incl. Charters),Total,2029-30,2423,forecast
2023-24,Other (incl. Charters),Total,2030-31,2428,forecast
2023-24,Other (incl. Charters),Total,2031-32,2389,forecast
2023-24,Other (incl. Charters),Total,2032-33,2299,forecast
2023-24,OLA,Total,2020-21,0,actual
2023-24,OLA,Total,2021-22,592,actual
2023-24,OLA,Total,2022-23,225,actual
2023-24,OLA,Total,2023-24,0,forecast
2023-24,OLA,Total,2024-25,0,forecast
2023-24,OLA,Total,2025-26,0,forecast
2023-24,OLA,Total,2026-27,0,forecast
2023-24,OLA,Total,2027-28,0,forecast
2023-24,OLA,Total,2028-29,0,forecast
2023-24,OLA,Total,2029-30,0,forecast
2023-24,OLA,Total,2030-31,0,forecast
2023-24,OLA,Total,2031-32,0,forecast
2023-24,OLA,Total,2032-33,0,forecast
2023-24,District,Total,2020-21,46937,actual
2023-24,District,Total,2021-22,45005,actual
2023-24,District,Total,2022-23,44799,actual
2023-24,District,Total,2023-24,44288,forecast
2023-24,District,Total,2024-25,43826,forecast
2023-24,District,Total,2025-26,42950,forecast
2023-24,District,Total,2026-27,41926,forecast
2023-24,District,Total,2027-28,41043,forecast
2023-24,District,Total,2028-29,40395,forecast
2023-24,District,Total,2029-30,39790,forecast
2023-24,District,Total,2030-31,39605,forecast
2023-24,District,Total,2031-32,39338,forecast
2023-24,District,Total,2032-33,39129,forecast
2024-25,Abernethy,Total,2021-22,374,actual
2024-25,Abernethy,Total,2022-23,352,actual
2024-25,Abernethy,Total,2023-24,330,actual
2024-25,Abernethy,Total,2024-25,298,forecast
2024-25,Abernethy,Total,2025-26,277,forecast
2024-25,Abernethy,Total,2026-27,253,forecast
2024-25,Abernethy,Total,2027-28,253,forecast
2024-25,Abernethy,Total,2028-29,248,forecast
2024-25,Abernethy,Total,2029-30,242,forecast
2024-25,Abernethy,Total,2030-31,244,forecast
2024-25,Abernethy,Total,2031-32,255,forecast
2024-25,Abernethy,Total,2032-33,262,forecast
2024-25,Abernethy,Total,2033-34,274,forecast
2024-25,Buckman,Total,2021-22,399,actual
2024-25,Buckman,Total,2022-23,394,actual
2024-25,Buckman,Total,2023-24,371,actual
2024-25,Buckman,Total,2024-25,339,forecast
2024-25,Buckman,Total,2025-26,318,forecast
2024-25,Buckman,Total,2026-27,289,forecast
2024-25,Buckman,Total,2027-28,268,forecast
2024-25,Buckman,Total,2028-29,265,forecast
2024-25,Buckman,Total,2029-30,264,forecast
2024-25,Buckman,Total,2030-31,268,forecast
2024-25,Buckman,Total,2031-32,269,forecast
2024-25,Buckman,Total,2032-33,276,forecast
2024-25,Buckman,Total,2033-34,285,forecast
2024-25,Duniway,Total,2021-22,436,actual
2024-25,Duniway,Total,2022-23,422,actual
2024-25,Duniway,Total,2023-24,409,actual
2024-25,Duniway,Total,2024-25,388,forecast
2024-25,Duniway,Total,2025-26,381,forecast
2024-25,Duniway,Total,2026-27,375,forecast
2024-25,Duniway,Total,2027-28,354,forecast
2024-25,Duniway,Total,2028-29,362,forecast
2024-25,Duniway,Total,2029-30,351,forecast
2024-25,Duniway,Total,2030-31,357,forecast
2024-25,Duniway,Total,2031-32,360,forecast
2024-25,Duniway,Total,2032-33,363,forecast
2024-25,Duniway,Total,2033-34,378,forecast
2024-25,Grout,Total,2021-22,340,actual
2024-25,Grout,Total,2022-23,316,actual
2024-25,Grout,Total,2023-24,302,actual
2024-25,Grout,Total,2024-25,290,forecast
2024-25,Grout,Total,2025-26,296,forecast
2024-25,Grout,Total,2026-27,281,forecast
2024-25,Grout,Total,2027-28,287,forecast
2024-25,Grout,Total,2028-29,285,forecast
2024-25,Grout,Total,2029-30,282,forecast
2024-25,Grout,Total,2030-31,286,forecast
2024-25,Grout,Total,2031-32,287,forecast
2024-25,Grout,Total,2032-33,298,forecast
2024-25,Grout,Total,2033-34,304,forecast
2024-25,Lewis,Total,2021-22,337,actual
2024-25,Lewis,Total,2022-23,320,actual
2024-25,Lewis,Total,2023-24,298,actual
2024-25,Lewis,Total,2024-25,278,forecast
2024-25,Lewis,Total,2025-26,282,forecast
2024-25,Lewis,Total,2026-27,278,forecast
2024-25,Lewis,Total,2027-28,255,forecast
2024-25,Lewis,Total,2028-29,238,forecast
2024-25,Lewis,Total,2029-30,244,forecast
2024-25,Lewis,Total,2030-31,241,forecast
2024-25,Lewis,Total,2031-32,242,forecast
2024-25,Lewis,Total,2032-33,248,forecast
2024-25,Lewis,Total,2033-34,254,forecast
2024-25,Llewellyn,Total,2021-22,395,actual
2024-25,Llewellyn,Total,2022-23,415,actual
2024-25,Llewellyn,Total,2023-24,393,actual
2024-25,Llewellyn,Total,2024-25,392,forecast
2024-25,Llewellyn,Total,2025-26,388,forecast
2024-25,Llewellyn,Total,2026-27,394,forecast
2024-25,Llewellyn,Total,2027-28,384,forecast
2024-25,Llewellyn,Total,2028-29,389,forecast
2024-25,Llewellyn,Total,2029-30,389,forecast
2024-25,Llewellyn,Total,2030-31,390,forecast
2024-25,Llewellyn,Total,2031-32,396,forecast
2024-25,Llewellyn,Total,2032-33,407,forecast
2024-25,Llewellyn,Total,2033-34,418,forecast
2024-25,Whitman,Total,2021-22,152,actual
2024-25,Whitman,Total,2022-23,153,actual
2024-25,Whitman,Total,2023-24,180,actual
2024-25,Whitman,Total,2024-25,202,forecast
2024-25,Whitman,Total,2025-26,230,forecast
2024-25,Whitman,Total,2026-27,259,forecast
2024-25,Whitman,Total,2027-28,290,forecast
2024-25,Whitman,Total,2028-29,317,forecast
2024-25,Whitman,Total,2029-30,326,forecast
2024-25,Whitman,Total,2030-31,338,forecast
2024-25,Whitman,Total,2031-32,341,forecast
2024-25,Whitman,Total,2032-33,346,forecast
2024-25,Whitman,Total,2033-34,355,forecast
2024-25,Woodstock,Total,2021-22,476,actual
2024-25,Woodstock,Total,2022-23,488,actual
2024-25,Woodstock,Total,2023-24,451,actual
2024-25,Woodstock,Total,2024-25,429,forecast
2024-25,Woodstock,Total,2025-26,411,forecast
2024-25,Woodstock,Total,2026-27,391,forecast
2024-25,Woodstock,Total,2027-28,368,forecast
2024-25,Woodstock,Total,2028-29,368,forecast
2024-25,Woodstock,Total,2029-30,364,forecast
2024-25,Woodstock,Total,2030-31,368,forecast
2024-25,Woodstock,Total,2031-32,364,forecast
2024-25,Woodstock,Total,2032-33,377,forecast
2024-25,Woodstock,Total,2033-34,400,forecast
2024-25,Woodstock,Neighborhood,2021-22,222,actual
2024-25,Woodstock,Neighborhood,2022-23,240,actual
2024-25,Woodstock,Neighborhood,2023-24,214,actual
2024-25,Woodstock,Neighborhood,2024-25,200,forecast
2024-25,Woodstock,Neighborhood,2025-26,188,forecast
2024-25,Woodstock,Neighborhood,2026-27,172,forecast
2024-25,Woodstock,Neighborhood,2027-28,152,forecast
2024-25,Woodstock,Neighborhood,2028-29,146,forecast
2024-25,Woodstock,Neighborhood,2029-30,150,forecast
2024-25,Woodstock,Neighborhood,2030-31,153,forecast
2024-25,Woodstock,Neighborhood,2031-32,152,forecast
2024-25,Woodstock,Neighborhood,2032-33,153,forecast
2024-25,Woodstock,Neighborhood,2033-34,165,forecast
2024-25,Woodstock,Mandarin,2021-22,254,actual
2024-25,Woodstock,Mandarin,2022-23,248,actual
2024-25,Woodstock,Mandarin,2023-24,237,actual
2024-25,Woodstock,Mandarin,2024-25,229,forecast
2024-25,Woodstock,Mandarin,2025-26,223,forecast
2024-25,Woodstock,Mandarin,2026-27,219,forecast
2024-25,Woodstock,Mandarin,2027-28,216,forecast
2024-25,Woodstock,Mandarin,2028-29,222,forecast
2024-25,Woodstock,Mandarin,2029-30,214,forecast
2024-25,Woodstock,Mandarin,2030-31,215,forecast
2024-25,Woodstock,Mandarin,2031-32,212,forecast
2024-25,Woodstock,Mandarin,2032-33,224,forecast
2024-25,Woodstock,Mandarin,2033-34,235,forecast
2024-25,Hosford,Total,2021-22,628,actual
2024-25,Hosford,Total,2022-23,565,actual
2024-25,Hosford,Total,2023-24,517,actual
2024-25,Hosford,Total,2024-25,512,forecast
2024-25,Hosford,Total,2025-26,503,forecast
2024-25,Hosford,Total,2026-27,477,forecast
2024-25,Hosford,Total,2027-28,430,forecast
2024-25,Hosford,Total,2028-29,395,forecast
2024-25,Hosford,Total,2029-30,336,forecast
2024-25,Hosford,Total,2030-31,329,forecast
2024-25,Hosford,Total,2031-32,326,forecast
2024-25,Hosford,Total,2032-33,331,forecast
2024-25,Hosford,Total,2033-34,323,forecast
2024-25,Hosford,Neighborhood,2021-22,512,actual
2024-25,Hosford,Neighborhood,2022-23,469,actual
2024-25,Hosford,Neighborhood,2023-24,517,actual
2024-25,Hosford,Neighborhood,2024-25,0,forecast
2024-25,Hosford,Neighborhood,2025-26,0,forecast
2024-25,Hosford,Neighborhood,2026-27,0,forecast
2024-25,Hosford,Neighborhood,2027-28,0,forecast
2024-25,Hosford,Neighborhood,2028-29,0,forecast
2024-25,Hosford,Neighborhood,2029-30,0,forecast
2024-25,Hosford,Neighborhood,2030-31,0,forecast
2024-25,Hosford,Neighborhood,2031-32,0,forecast
2024-25,Hosford,Neighborhood,2032-33,0,forecast
2024-25,Hosford,Neighborhood,2033-34,0,forecast
2024-25,Hosford,Mandarin,2021-22,116,actual
2024-25,Hosford,Mandarin,2022-23,96,actual
2024-25,Hosford,Mandarin,2023-24,0,actual
2024-25,Hosford,Mandarin,2024-25,0,forecast
2024-25,Hosford,Mandarin,2025-26,0,forecast
2024-25,Hosford,Mandarin,2026-27,0,forecast
2024-25,Hosford,Mandarin,2027-28,0,forecast
2024-25,Hosford,Mandarin,2028-29,0,forecast
2024-25,Hosford,Mandarin,2029-30,0,forecast
2024-25,Hosford,Mandarin,2030-31,0,forecast
2024-25,Hosford,Mandarin,2031-32,0,forecast
2024-25,Hosford,Mandarin,2032-33,0,forecast
2024-25,Hosford,Mandarin,2033-34,0,forecast
2024-25,Sellwood,Total,2021-22,553,actual
2024-25,Sellwood,Total,2022-23,563,actual
2024-25,Sellwood,Total,2023-24,567,actual
2024-25,Sellwood,Total,2024-25,544,forecast
2024-25,Sellwood,Total,2025-26,509,forecast
2024-25,Sellwood,Total,2026-27,487,forecast
2024-25,Sellwood,Total,2027-28,474,forecast
2024-25,Sellwood,Total,2028-29,452,forecast
2024-25,Sellwood,Total,2029-30,441,forecast
2024-25,Sellwood,Total,2030-31,412,forecast
2024-25,Sellwood,Total,2031-32,418,forecast
2024-25,Sellwood,Total,2032-33,425,forecast
2024-25,Sellwood,Total,2033-34,423,forecast
2024-25,Cleveland,Total,2021-22,1622,actual
2024-25,Cleveland,Total,2022-23,1546,actual
2024-25,Cleveland,Total,2023-24,1474,actual
2024-25,Cleveland,Total,2024-25,1375,forecast
2024-25,Cleveland,Total,2025-26,1299,forecast
2024-25,Cleveland,Total,2026-27,1223,forecast
2024-25,Cleveland,Total,2027-28,1201,forecast
2024-25,Cleveland,Total,2028-29,1180,forecast
2024-25,Cleveland,Total,2029-30,1146,forecast
2024-25,Cleveland,Total,2030-31,1122,forecast
2024-25,Cleveland,Total,2031-32,1060,forecast
2024-25,Cleveland,Total,2032-33,960,forecast
2024-25,Cleveland,Total,2033-34,914,forecast
2024-25,Cleveland,Neighborhood,2021-22,1492,actual
2024-25,Cleveland,Neighborhood,2022-23,1415,actual
2024-25,Cleveland,Neighborhood,2023-24,1328,actual
2024-25,Cleveland,Neighborhood,2024-25,1238,forecast
2024-25,Cleveland,Neighborhood,2025-26,1183,forecast
2024-25,Cleveland,Neighborhood,2026-27,1135,forecast
2024-25,Cleveland,Neighborhood,2027-28,1126,forecast
2024-25,Cleveland,Neighborhood,2028-29,1092,forecast
2024-25,Cleveland,Neighborhood,2029-30,1045,forecast
2024-25,Cleveland,Neighborhood,2030-31,1019,forecast
2024-25,Cleveland,Neighborhood,2031-32,951,forecast
2024-25,Cleveland,Neighborhood,2032-33,864,forecast
2024-25,Cleveland,Neighborhood,2033-34,819,forecast
2024-25,Cleveland,Mandarin,2021-22,130,actual
2024-25,Cleveland,Mandarin,2022-23,131,actual
2024-25,Cleveland,Mandarin,2023-24,146,actual
2024-25,Cleveland,Mandarin,2024-25,137,forecast
2024-25,Cleveland,Mandarin,2025-26,116,forecast
2024-25,Cleveland,Mandarin,2026-27,88,forecast
2024-25,Cleveland,Mandarin,2027-28,75,forecast
2024-25,Cleveland,Mandarin,2028-29,88,forecast
2024-25,Cleveland,Mandarin,2029-30,101,forecast
2024-25,Cleveland,Mandarin,2030-31,103,forecast
2024-25,Cleveland,Mandarin,2031-32,109,forecast
2024-25,Cleveland,Mandarin,2032-33,96,forecast
2024-25,Cleveland,Mandarin,2033-34,95,forecast
2024-25,Arleta,Total,2021-22,269,actual
2024-25,Arleta,Total,2022-23,256,actual
2024-25,Arleta,Total,2023-24,274,actual
2024-25,Arleta,Total,2024-25,271,forecast
2024-25,Arleta,Total,2025-26,272,forecast
2024-25,Arleta,Total,2026-27,262,forecast
2024-25,Arleta,Total,2027-28,268,forecast
2024-25,Arleta,Total,2028-29,269,forecast
2024-25,Arleta,Total,2029-30,261,forecast
2024-25,Arleta,Total,2030-31,261,forecast
2024-25,Arleta,Total,2031-32,265,forecast
2024-25,Arleta,Total,2032-33,274,forecast
2024-25,Arleta,Total,2033-34,282,forecast
2024-25,Atkinson,Total,2021-22,342,actual
2024-25,Atkinson,Total,2022-23,337,actual
2024-25,Atkinson,Total,2023-24,366,actual
2024-25,Atkinson,Total,2024-25,375,forecast
2024-25,Atkinson,Total,2025-26,380,forecast
2024-25,Atkinson,Total,2026-27,370,forecast
2024-25,Atkinson,Total,2027-28,378,forecast
2024-25,Atkinson,Total,2028-29,382,forecast
2024-25,Atkinson,Total,2029-30,379,forecast
2024-25,Atkinson,Total,2030-31,381,forecast
2024-25,Atkinson,Total,2031-32,388,forecast
2024-25,Atkinson,Total,2032-33,390,forecast
2024-25,Atkinson,Total,2033-34,396,forecast
2024-25,Atkinson,Neighborhood,2021-22,206,actual
2024-25,Atkinson,Neighborhood,2022-23,196,actual
2024-25,Atkinson,Neighborhood,2023-24,203,actual
2024-25,Atkinson,Neighborhood,2024-25,214,forecast
2024-25,Atkinson,Neighborhood,2025-26,223,forecast
2024-25,Atkinson,Neighborhood,2026-27,222,forecast
2024-25,Atkinson,Neighborhood,2027-28,239,forecast
2024-25,Atkinson,Neighborhood,2028-29,245,forecast
2024-25,Atkinson,Neighborhood,2029-30,248,forecast
2024-25,Atkinson,Neighborhood,2030-31,250,forecast
2024-25,Atkinson,Neighborhood,2031-32,254,forecast
2024-25,Atkinson,Neighborhood,2032-33,255,forecast
2024-25,Atkinson,Neighborhood,2033-34,257,forecast
2024-25,Atkinson,Spanish,2021-22,136,actual
2024-25,Atkinson,Spanish,2022-23,141,actual
2024-25,Atkinson,Spanish,2023-24,163,actual
2024-25,Atkinson,Spanish,2024-25,161,forecast
2024-25,Atkinson,Spanish,2025-26,157,forecast
2024-25,Atkinson,Spanish,2026-27,148,forecast
2024-25,Atkinson,Spanish,2027-28,139,forecast
2024-25,Atkinson,Spanish,2028-29,137,forecast
2024-25,Atkinson,Spanish,2029-30,131,forecast
2024-25,Atkinson,Spanish,2030-31,131,forecast
2024-25,Atkinson,Spanish,2031-32,134,forecast
2024-25,Atkinson,Spanish,2032-33,135,forecast
2024-25,Atkinson,Spanish,2033-34,139,forecast
2024-25,Creston,Total,2021-22,250,actual
2024-25,Creston,Total,2022-23,259,actual
2024-25,Creston,Total,2023-24,238,actual
2024-25,Creston,Total,2024-25,235,forecast
2024-25,Creston,Total,2025-26,222,forecast
2024-25,Creston,Total,2026-27,209,forecast
2024-25,Creston,Total,2027-28,206,forecast
2024-25,Creston,Total,2028-29,200,forecast
2024-25,Creston,Total,2029-30,200,forecast
2024-25,Creston,Total,2030-31,197,forecast
2024-25,Creston,Total,2031-32,202,forecast
2024-25,Creston,Total,2032-33,206,forecast
2024-25,Creston,Total,2033-34,206,forecast
2024-25,Glencoe,Total,2021-22,373,actual
2024-25,Glencoe,Total,2022-23,394,actual
2024-25,Glencoe,Total,2023-24,372,actual
2024-25,Glencoe,Total,2024-25,369,forecast
2024-25,Glencoe,Total,2025-26,355,forecast
2024-25,Glencoe,Total,2026-27,342,forecast
2024-25,Glencoe,Total,2027-28,314,forecast
2024-25,Glencoe,Total,2028-29,288,forecast
2024-25,Glencoe,Total,2029-30,285,forecast
2024-25,Glencoe,Total,2030-31,283,forecast
2024-25,Glencoe,Total,2031-32,281,forecast
2024-25,Glencoe,Total,2032-33,287,forecast
2024-25,Glencoe,Total,2033-34,298,forecast
2024-25,Kelly,Total,2021-22,371,actual
2024-25,Kelly,Total,2022-23,355,actual
2024-25,Kelly,Total,2023-24,376,actual
2024-25,Kelly,Total,2024-25,352,forecast
2024-25,Kelly,Total,2025-26,338,forecast
2024-25,Kelly,Total,2026-27,335,forecast
2024-25,Kelly,Total,2027-28,315,forecast
2024-25,Kelly,Total,2028-29,298,forecast
2024-25,Kelly,Total,2029-30,290,forecast
2024-25,Kelly,Total,2030-31,291,forecast
2024-25,Kelly,Total,2031-32,291,forecast
2024-25,Kelly,Total,2032-33,303,forecast
2024-25,Kelly,Total,2033-34,315,forecast
2024-25,Kelly,Neighborhood,2021-22,238,actual
2024-25,Kelly,Neighborhood,2022-23,213,actual
2024-25,Kelly,Neighborhood,2023-24,232,actual
2024-25,Kelly,Neighborhood,2024-25,220,forecast
2024-25,Kelly,Neighborhood,2025-26,214,forecast
2024-25,Kelly,Neighborhood,2026-27,212,forecast
2024-25,Kelly,Neighborhood,2027-28,204,forecast
2024-25,Kelly,Neighborhood,2028-29,196,forecast
2024-25,Kelly,Neighborhood,2029-30,185,forecast
2024-25,Kelly,Neighborhood,2030-31,186,forecast
2024-25,Kelly,Neighborhood,2031-32,187,forecast
2024-25,Kelly,Neighborhood,2032-33,196,forecast
2024-25,Kelly,Neighborhood,2033-34,205,forecast
2024-25,Kelly,Russian,2021-22,133,actual
2024-25,Kelly,Russian,2022-23,142,actual
2024-25,Kelly,Russian,2023-24,144,actual
2024-25,Kelly,Russian,2024-25,132,forecast
2024-25,Kelly,Russian,2025-26,124,forecast
2024-25,Kelly,Russian,2026-27,123,forecast
2024-25,Kelly,Russian,2027-28,111,forecast
2024-25,Kelly,Russian,2028-29,102,forecast
2024-25,Kelly,Russian,2029-30,105,forecast
2024-25,Kelly,Russian,2030-31,105,forecast
2024-25,Kelly,Russian,2031-32,104,forecast
2024-25,Kelly,Russian,2032-33,107,forecast
2024-25,Kelly,Russian,2033-34,110,forecast
2024-25,Lent,Total,2021-22,277,actual
2024-25,Lent,Total,2022-23,250,actual
2024-25,Lent,Total,2023-24,273,actual
2024-25,Lent,Total,2024-25,267,forecast
2024-25,Lent,Total,2025-26,272,forecast
2024-25,Lent,Total,2026-27,250,forecast
2024-25,Lent,Total,2027-28,235,forecast
2024-25,Lent,Total,2028-29,221,forecast
2024-25,Lent,Total,2029-30,207,forecast
2024-25,Lent,Total,2030-31,206,forecast
2024-25,Lent,Total,2031-32,203,forecast
2024-25,Lent,Total,2032-33,199,forecast
2024-25,Lent,Total,2033-34,200,forecast
2024-25,Lent,Neighborhood,2021-22,151,actual
2024-25,Lent,Neighborhood,2022-23,122,actual
2024-25,Lent,Neighborhood,2023-24,0,actual
2024-25,Lent,Neighborhood,2024-25,0,forecast
2024-25,Lent,Neighborhood,2025-26,0,forecast
2024-25,Lent,Neighborhood,2026-27,0,forecast
2024-25,Lent,Neighborhood,2027-28,0,forecast
2024-25,Lent,Neighborhood,2028-29,0,forecast
2024-25,Lent,Neighborhood,2029-30,0,forecast
2024-25,Lent,Neighborhood,2030-31,0,forecast
2024-25,Lent,Neighborhood,2031-32,0,forecast
2024-25,Lent,Neighborhood,2032-33,0,forecast
2024-25,Lent,Neighborhood,2033-34,0,forecast
2024-25,Lent,Spanish,2021-22,126,actual
2024-25,Lent,Spanish,2022-23,128,actual
2024-25,Lent,Spanish,2023-24,273,actual
2024-25,Lent,Spanish,2024-25,267,forecast
2024-25,Lent,Spanish,2025-26,272,forecast
2024-25,Lent,Spanish,2026-27,250,forecast
2024-25,Lent,Spanish,2027-28,235,forecast
2024-25,Lent,Spanish,2028-29,221,forecast
2024-25,Lent,Spanish,2029-30,207,forecast
2024-25,Lent,Spanish,2030-31,206,forecast
2024-25,Lent,Spanish,2031-32,203,forecast
2024-25,Lent,Spanish,2032-33,199,forecast
2024-25,Lent,Spanish,2033-34,200,forecast
2024-25,Marysville,Total,2021-22,248,actual
2024-25,Marysville,Total,2022-23,286,actual
2024-25,Marysville,Total,2023-24,359,actual
2024-25,Marysville,Total,2024-25,349,forecast
2024-25,Marysville,Total,2025-26,336,forecast
2024-25,Marysville,Total,2026-27,330,forecast
2024-25,Marysville,Total,2027-28,318,forecast
2024-25,Marysville,Total,2028-29,312,forecast
2024-25,Marysville,Total,2029-30,314,forecast
2024-25,Marysville,Total,2030-31,314,forecast
2024-25,Marysville,Total,2031-32,316,forecast
2024-25,Marysville,Total,2032-33,318,forecast
2024-25,Marysville,Total,2033-34,332,forecast
2024-25,Woodmere,Total,2021-22,253,actual
2024-25,Woodmere,Total,2022-23,235,actual
2024-25,Woodmere,Total,2023-24,248,actual
2024-25,Woodmere,Total,2024-25,241,forecast
2024-25,Woodmere,Total,2025-26,236,forecast
2024-25,Woodmere,Total,2026-27,224,forecast
2024-25,Woodmere,Total,2027-28,205,forecast
2024-25,Woodmere,Total,2028-29,194,forecast
2024-25,Woodmere,Total,2029-30,184,forecast
2024-25,Woodmere,Total,2030-31,183,forecast
2024-25,Woodmere,Total,2031-32,181,forecast
2024-25,Woodmere,Total,2032-33,182,forecast
2024-25,Woodmere,Total,2033-34,188,forecast
2024-25,Bridger,Total,2021-22,630,actual
2024-25,Bridger,Total,2022-23,613,actual
2024-25,Bridger,Total,2023-24,0,actual
2024-25,Bridger,Total,2024-25,0,forecast
2024-25,Bridger,Total,2025-26,0,forecast
2024-25,Bridger,Total,2026-27,0,forecast
2024-25,Bridger,Total,2027-28,0,forecast
2024-25,Bridger,Total,2028-29,0,forecast
2024-25,Bridger,Total,2029-30,0,forecast
2024-25,Bridger,Total,2030-31,0,forecast
2024-25,Bridger,Total,2031-32,0,forecast
2024-25,Bridger,Total,2032-33,0,forecast
2024-25,Bridger,Total,2033-34,0,forecast
2024-25,Bridger,Neighborhood,2021-22,419,actual
2024-25,Bridger,Neighborhood,2022-23,423,actual
2024-25,Bridger,Neighborhood,2023-24,0,actual
2024-25,Bridger,Neighborhood,2024-25,0,forecast
2024-25,Bridger,Neighborhood,2025-26,0,forecast
2024-25,Bridger,Neighborhood,2026-27,0,forecast
2024-25,Bridger,Neighborhood,2027-28,0,forecast
2024-25,Bridger,Neighborhood,2028-29,0,forecast
2024-25,Bridger,Neighborhood,2029-30,0,forecast
2024-25,Bridger,Neighborhood,2030-31,0,forecast
2024-25,Bridger,Neighborhood,2031-32,0,forecast
2024-25,Bridger,Neighborhood,2032-33,0,forecast
2024-25,Bridger,Neighborhood,2033-34,0,forecast
2024-25,Bridger,Spanish,2021-22,211,actual
2024-25,Bridger,Spanish,2022-23,190,actual
2024-25,Bridger,Spanish,2023-24,0,actual
2024-25,Bridger,Spanish,2024-25,0,forecast
2024-25,Bridger,Spanish,2025-26,0,forecast
2024-25,Bridger,Spanish,2026-27,0,forecast
2024-25,Bridger,Spanish,2027-28,0,forecast
2024-25,Bridger,Spanish,2028-29,0,forecast
2024-25,Bridger,Spanish,2029-30,0,forecast
2024-25,Bridger,Spanish,2030-31,0,forecast
2024-25,Bridger,Spanish,2031-32,0,forecast
2024-25,Bridger,Spanish,2032-33,0,forecast
2024-25,Bridger,Spanish,2033-34,0,forecast
2024-25,Bridger Creative Science,Total,2021-22,0,actual
2024-25,Bridger Creative Science,Total,2022-23,0,actual
2024-25,Bridger Creative Science,Total,2023-24,515,actual
2024-25,Bridger Creative Science,Total,2024-25,516,forecast
2024-25,Bridger Creative Science,Total,2025-26,509,forecast
2024-25,Bridger Creative Science,Total,2026-27,509,forecast
2024-25,Bridger Creative Science,Total,2027-28,489,forecast
2024-25,Bridger Creative Science,Total,2028-29,471,forecast
2024-25,Bridger Creative Science,Total,2029-30,450,forecast
2024-25,Bridger Creative Science,Total,2030-31,434,forecast
2024-25,Bridger Creative Science,Total,2031-32,423,forecast
2024-25,Bridger Creative Science,Total,2032-33,429,forecast
2024-25,Bridger Creative Science,Total,2033-34,428,forecast
2024-25,Sunnyside Environmental,Total,2021-22,469,actual
2024-25,Sunnyside Environmental,Total,2022-23,464,actual
2024-25,Sunnyside Environmental,Total,2023-24,447,actual
2024-25,Sunnyside Environmental,Total,2024-25,445,forecast
2024-25,Sunnyside Environmental,Total,2025-26,441,forecast
2024-25,Sunnyside Environmental,Total,2026-27,412,forecast
2024-25,Sunnyside Environmental,Total,2027-28,412,forecast
2024-25,Sunnyside Environmental,Total,2028-29,415,forecast
2024-25,Sunnyside Environmental,Total,2029-30,396,forecast
2024-25,Sunnyside Environmental,Total,2030-31,396,forecast
2024-25,Sunnyside Environmental,Total,2031-32,389,forecast
2024-25,Sunnyside Environmental,Total,2032-33,396,forecast
2024-25,Sunnyside Environmental,Total,2033-34,400,forecast
2024-25,Kellogg,Total,2021-22,683,actual
2024-25,Kellogg,Total,2022-23,660,actual
2024-25,Kellogg,Total,2023-24,677,actual
2024-25,Kellogg,Total,2024-25,635,forecast
2024-25,Kellogg,Total,2025-26,615,forecast
2024-25,Kellogg,Total,2026-27,651,forecast
2024-25,Kellogg,Total,2027-28,652,forecast
2024-25,Kellogg,Total,2028-29,640,forecast
2024-25,Kellogg,Total,2029-30,617,forecast
2024-25,Kellogg,Total,2030-31,579,forecast
2024-25,Kellogg,Total,2031-32,565,forecast
2024-25,Kellogg,Total,2032-33,548,forecast
2024-25,Kellogg,Total,2033-34,542,forecast
2024-25,Kellogg,Neighborhood,2021-22,532,actual
2024-25,Kellogg,Neighborhood,2022-23,501,actual
2024-25,Kellogg,Neighborhood,2023-24,449,actual
2024-25,Kellogg,Neighborhood,2024-25,394,forecast
2024-25,Kellogg,Neighborhood,2025-26,363,forecast
2024-25,Kellogg,Neighborhood,2026-27,370,forecast
2024-25,Kellogg,Neighborhood,2027-28,363,forecast
2024-25,Kellogg,Neighborhood,2028-29,353,forecast
2024-25,Kellogg,Neighborhood,2029-30,339,forecast
2024-25,Kellogg,Neighborhood,2030-31,325,forecast
2024-25,Kellogg,Neighborhood,2031-32,315,forecast
2024-25,Kellogg,Neighborhood,2032-33,318,forecast
2024-25,Kellogg,Neighborhood,2033-34,309,forecast
2024-25,Kellogg,Spanish,2021-22,151,actual
2024-25,Kellogg,Spanish,2022-23,159,actual
2024-25,Kellogg,Spanish,2023-24,228,actual
2024-25,Kellogg,Spanish,2024-25,241,forecast
2024-25,Kellogg,Spanish,2025-26,252,forecast
2024-25,Kellogg,Spanish,2026-27,281,forecast
2024-25,Kellogg,Spanish,2027-28,289,forecast
2024-25,Kellogg,Spanish,2028-29,287,forecast
2024-25,Kellogg,Spanish,2029-30,278,forecast
2024-25,Kellogg,Spanish,2030-31,254,forecast
2024-25,Kellogg,Spanish,2031-32,250,forecast
2024-25,Kellogg,Spanish,2032-33,230,forecast
2024-25,Kellogg,Spanish,2033-34,233,forecast
2024-25,Lane,Total,2021-22,363,actual
2024-25,Lane,Total,2022-23,336,actual
2024-25,Lane,Total,2023-24,391,actual
2024-25,Lane,Total,2024-25,425,forecast
2024-25,Lane,Total,2025-26,447,forecast
2024-25,Lane,Total,2026-27,423,forecast
2024-25,Lane,Total,2027-28,415,forecast
2024-25,Lane,Total,2028-29,395,forecast
2024-25,Lane,Total,2029-30,376,forecast
2024-25,Lane,Total,2030-31,354,forecast
2024-25,Lane,Total,2031-32,356,forecast
2024-25,Lane,Total,2032-33,357,forecast
2024-25,Lane,Total,2033-34,363,forecast
2024-25,Lane,Neighborhood,2021-22,322,actual
2024-25,Lane,Neighborhood,2022-23,302,actual
2024-25,Lane,Neighborhood,2023-24,362,actual
2024-25,Lane,Neighborhood,2024-25,393,forecast
2024-25,Lane,Neighborhood,2025-26,410,forecast
2024-25,Lane,Neighborhood,2026-27,382,forecast
2024-25,Lane,Neighborhood,2027-28,376,forecast
2024-25,Lane,Neighborhood,2028-29,356,forecast
2024-25,Lane,Neighborhood,2029-30,343,forecast
2024-25,Lane,Neighborhood,2030-31,325,forecast
2024-25,Lane,Neighborhood,2031-32,331,forecast
2024-25,Lane,Neighborhood,2032-33,332,forecast
2024-25,Lane,Neighborhood,2033-34,338,forecast
2024-25,Lane,Russian,2021-22,41,actual
2024-25,Lane,Russian,2022-23,34,actual
2024-25,Lane,Russian,2023-24,29,actual
2024-25,Lane,Russian,2024-25,32,forecast
2024-25,Lane,Russian,2025-26,37,forecast
2024-25,Lane,Russian,2026-27,41,forecast
2024-25,Lane,Russian,2027-28,39,forecast
2024-25,Lane,Russian,2028-29,39,forecast
2024-25,Lane,Russian,2029-30,33,forecast
2024-25,Lane,Russian,2030-31,29,forecast
2024-25,Lane,Russian,2031-32,25,forecast
2024-25,Lane,Russian,2032-33,25,forecast
2024-25,Lane,Russian,2033-34,25,forecast
2024-25,Mt Tabor,Total,2021-22,645,actual
2024-25,Mt Tabor,Total,2022-23,606,actual
2024-25,Mt Tabor,Total,2023-24,503,actual
2024-25,Mt Tabor,Total,2024-25,456,forecast
2024-25,Mt Tabor,Total,2025-26,415,forecast
2024-25,Mt Tabor,Total,2026-27,402,forecast
2024-25,Mt Tabor,Total,2027-28,401,forecast
2024-25,Mt Tabor,Total,2028-29,390,forecast
2024-25,Mt Tabor,Total,2029-30,363,forecast
2024-25,Mt Tabor,Total,2030-31,354,forecast
2024-25,Mt Tabor,Total,2031-32,341,forecast
2024-25,Mt Tabor,Total,2032-33,346,forecast
2024-25,Mt Tabor,Total,2033-34,342,forecast
2024-25,Mt Tabor,Neighborhood,2021-22,327,actual
2024-25,Mt Tabor,Neighborhood,2022-23,302,actual
2024-25,Mt Tabor,Neighborhood,2023-24,259,actual
2024-25,Mt Tabor,Neighborhood,2024-25,222,forecast
2024-25,Mt Tabor,Neighborhood,2025-26,193,forecast
2024-25,Mt Tabor,Neighborhood,2026-27,188,forecast
2024-25,Mt Tabor,Neighborhood,2027-28,194,forecast
2024-25,Mt Tabor,Neighborhood,2028-29,190,forecast
2024-25,Mt Tabor,Neighborhood,2029-30,171,forecast
2024-25,Mt Tabor,Neighborhood,2030-31,161,forecast
2024-25,Mt Tabor,Neighborhood,2031-32,147,forecast
2024-25,Mt Tabor,Neighborhood,2032-33,149,forecast
2024-25,Mt Tabor,Neighborhood,2033-34,153,forecast
2024-25,Mt Tabor,Japanese,2021-22,249,actual
2024-25,Mt Tabor,Japanese,2022-23,239,actual
2024-25,Mt Tabor,Japanese,2023-24,244,actual
2024-25,Mt Tabor,Japanese,2024-25,234,forecast
2024-25,Mt Tabor,Japanese,2025-26,222,forecast
2024-25,Mt Tabor,Japanese,2026-27,214,forecast
2024-25,Mt Tabor,Japanese,2027-28,207,forecast
2024-25,Mt Tabor,Japanese,2028-29,200,forecast
2024-25,Mt Tabor,Japanese,2029-30,192,forecast
2024-25,Mt Tabor,Japanese,2030-31,193,forecast
2024-25,Mt Tabor,Japanese,2031-32,194,forecast
2024-25,Mt Tabor,Japanese,2032-33,197,forecast
2024-25,Mt Tabor,Japanese,2033-34,189,forecast
2024-25,Mt Tabor,Spanish,2021-22,69,actual
2024-25,Mt Tabor,Spanish,2022-23,65,actual
2024-25,Mt Tabor,Spanish,2023-24,0,actual
2024-25,Mt Tabor,Spanish,2024-25,0,forecast
2024-25,Mt Tabor,Spanish,2025-26,0,forecast
2024-25,Mt Tabor,Spanish,2026-27,0,forecast
2024-25,Mt Tabor,Spanish,2027-28,0,forecast
2024-25,Mt Tabor,Spanish,2028-29,0,forecast
2024-25,Mt Tabor,Spanish,2029-30,0,forecast
2024-25,Mt Tabor,Spanish,2030-31,0,forecast
2024-25,Mt Tabor,Spanish,2031-32,0,forecast
2024-25,Mt Tabor,Spanish,2032-33,0,forecast
2024-25,Mt Tabor,Spanish,2033-34,0,forecast
2024-25,Franklin,Total,2021-22,2011,actual
2024-25,Franklin,Total,2022-23,1966,actual
2024-25,Franklin,Total,2023-24,1811,actual
2024-25,Franklin,Total,2024-25,1736,forecast
2024-25,Franklin,Total,2025-26,1630,forecast
2024-25,Franklin,Total,2026-27,1623,forecast
2024-25,Franklin,Total,2027-28,1640,forecast
2024-25,Franklin,Total,2028-29,1587,forecast
2024-25,Franklin,Total,2029-30,1618,forecast
2024-25,Franklin,Total,2030-31,1562,forecast
2024-25,Franklin,Total,2031-32,1517,forecast
2024-25,Franklin,Total,2032-33,1449,forecast
2024-25,Franklin,Total,2033-34,1401,forecast
2024-25,Franklin,Neighborhood,2021-22,1832,actual
2024-25,Franklin,Neighborhood,2022-23,1786,actual
2024-25,Franklin,Neighborhood,2023-24,1622,actual
2024-25,Franklin,Neighborhood,2024-25,1512,forecast
2024-25,Franklin,Neighborhood,2025-26,1382,forecast
2024-25,Franklin,Neighborhood,2026-27,1366,forecast
2024-25,Franklin,Neighborhood,2027-28,1359,forecast
2024-25,Franklin,Neighborhood,2028-29,1303,forecast
2024-25,Franklin,Neighborhood,2029-30,1327,forecast
2024-25,Franklin,Neighborhood,2030-31,1251,forecast
2024-25,Franklin,Neighborhood,2031-32,1213,forecast
2024-25,Franklin,Neighborhood,2032-33,1147,forecast
2024-25,Franklin,Neighborhood,2033-34,1108,forecast
2024-25,Franklin,Spanish,2021-22,139,actual
2024-25,Franklin,Spanish,2022-23,140,actual
2024-25,Franklin,Spanish,2023-24,148,actual
2024-25,Franklin,Spanish,2024-25,181,forecast
2024-25,Franklin,Spanish,2025-26,211,forecast
2024-25,Franklin,Spanish,2026-27,224,forecast
2024-25,Franklin,Spanish,2027-28,241,forecast
2024-25,Franklin,Spanish,2028-29,243,forecast
2024-25,Franklin,Spanish,2029-30,250,forecast
2024-25,Franklin,Spanish,2030-31,263,forecast
2024-25,Franklin,Spanish,2031-32,259,forecast
2024-25,Franklin,Spanish,2032-33,265,forecast
2024-25,Franklin,Spanish,2033-34,259,forecast
2024-25,Franklin,Russian,2021-22,40,actual
2024-25,Franklin,Russian,2022-23,40,actual
2024-25,Franklin,Russian,2023-24,41,actual
2024-25,Franklin,Russian,2024-25,43,forecast
2024-25,Franklin,Russian,2025-26,37,forecast
2024-25,Franklin,Russian,2026-27,33,forecast
2024-25,Franklin,Russian,2027-28,40,forecast
2024-25,Franklin,Russian,2028-29,41,forecast
2024-25,Franklin,Russian,2029-30,41,forecast
2024-25,Franklin,Russian,2030-31,48,forecast
2024-25,Franklin,Russian,2031-32,45,forecast
2024-25,Franklin,Russian,2032-33,37,forecast
2024-25,Franklin,Russian,2033-34,34,forecast
2024-25,Alameda,Total,2021-22,525,actual
2024-25,Alameda,Total,2022-23,538,actual
2024-25,Alameda,Total,2023-24,521,actual
2024-25,Alameda,Total,2024-25,511,forecast
2024-25,Alameda,Total,2025-26,506,forecast
2024-25,Alameda,Total,2026-27,486,forecast
2024-25,Alameda,Total,2027-28,465,forecast
2024-25,Alameda,Total,2028-29,447,forecast
2024-25,Alameda,Total,2029-30,436,forecast
2024-25,Alameda,Total,2030-31,433,forecast
2024-25,Alameda,Total,2031-32,446,forecast
2024-25,Alameda,Total,2032-33,458,forecast
2024-25,Alameda,Total,2033-34,470,forecast
2024-25,Beverly Cleary,Total,2021-22,657,actual
2024-25,Beverly Cleary,Total,2022-23,602,actual
2024-25,Beverly Cleary,Total,2023-24,560,actual
2024-25,Beverly Cleary,Total,2024-25,511,forecast
2024-25,Beverly Cleary,Total,2025-26,444,forecast
2024-25,Beverly Cleary,Total,2026-27,432,forecast
2024-25,Beverly Cleary,Total,2027-28,391,forecast
2024-25,Beverly Cleary,Total,2028-29,368,forecast
2024-25,Beverly Cleary,Total,2029-30,355,forecast
2024-25,Beverly Cleary,Total,2030-31,338,forecast
2024-25,Beverly Cleary,Total,2031-32,329,forecast
2024-25,Beverly Cleary,Total,2032-33,341,forecast
2024-25,Beverly Cleary,Total,2033-34,343,forecast
2024-25,Laurelhurst,Total,2021-22,649,actual
2024-25,Laurelhurst,Total,2022-23,674,actual
2024-25,Laurelhurst,Total,2023-24,659,actual
2024-25,Laurelhurst,Total,2024-25,657,forecast
2024-25,Laurelhurst,Total,2025-26,644,forecast
2024-25,Laurelhurst,Total,2026-27,648,forecast
2024-25,Laurelhurst,Total,2027-28,624,forecast
2024-25,Laurelhurst,Total,2028-29,611,forecast
2024-25,Laurelhurst,Total,2029-30,604,forecast
2024-25,Laurelhurst,Total,2030-31,610,forecast
2024-25,Laurelhurst,Total,2031-32,604,forecast
2024-25,Laurelhurst,Total,2032-33,599,forecast
2024-25,Laurelhurst,Total,2033-34,605,forecast
2024-25,Beaumont,Total,2021-22,465,actual
2024-25,Beaumont,Total,2022-23,445,actual
2024-25,Beaumont,Total,2023-24,434,actual
2024-25,Beaumont,Total,2024-25,420,forecast
2024-25,Beaumont,Total,2025-26,385,forecast
2024-25,Beaumont,Total,2026-27,365,forecast
2024-25,Beaumont,Total,2027-28,368,forecast
2024-25,Beaumont,Total,2028-29,361,forecast
2024-25,Beaumont,Total,2029-30,360,forecast
2024-25,Beaumont,Total,2030-31,341,forecast
2024-25,Beaumont,Total,2031-32,334,forecast
2024-25,Beaumont,Total,2032-33,326,forecast
2024-25,Beaumont,Total,2033-34,322,forecast
2024-25,Beaumont,Neighborhood,2021-22,343,actual
2024-25,Beaumont,Neighborhood,2022-23,317,actual
2024-25,Beaumont,Neighborhood,2023-24,320,actual
2024-25,Beaumont,Neighborhood,2024-25,307,forecast
2024-25,Beaumont,Neighborhood,2025-26,279,forecast
2024-25,Beaumont,Neighborhood,2026-27,268,forecast
2024-25,Beaumont,Neighborhood,2027-28,260,forecast
2024-25,Beaumont,Neighborhood,2028-29,264,forecast
2024-25,Beaumont,Neighborhood,2029-30,250,forecast
2024-25,Beaumont,Neighborhood,2030-31,244,forecast
2024-25,Beaumont,Neighborhood,2031-32,233,forecast
2024-25,Beaumont,Neighborhood,2032-33,226,forecast
2024-25,Beaumont,Neighborhood,2033-34,223,forecast
2024-25,Beaumont,Spanish,2021-22,122,actual
2024-25,Beaumont,Spanish,2022-23,128,actual
2024-25,Beaumont,Spanish,2023-24,114,actual
2024-25,Beaumont,Spanish,2024-25,113,forecast
2024-25,Beaumont,Spanish,2025-26,106,forecast
2024-25,Beaumont,Spanish,2026-27,97,forecast
2024-25,Beaumont,Spanish,2027-28,108,forecast
2024-25,Beaumont,Spanish,2028-29,97,forecast
2024-25,Beaumont,Spanish,2029-30,110,forecast
2024-25,Beaumont,Spanish,2030-31,97,forecast
2024-25,Beaumont,Spanish,2031-32,101,forecast
2024-25,Beaumont,Spanish,2032-33,100,forecast
2024-25,Beaumont,Spanish,2033-34,99,forecast
2024-25,Grant,Total,2021-22,2122,actual
2024-25,Grant,Total,2022-23,2158,actual
2024-25,Grant,Total,2023-24,2178,actual
2024-25,Grant,Total,2024-25,2182,forecast
2024-25,Grant,Total,2025-26,2082,forecast
2024-25,Grant,Total,2026-27,1946,forecast
2024-25,Grant,Total,2027-28,1837,forecast
2024-25,Grant,Total,2028-29,1733,forecast
2024-25,Grant,Total,2029-30,1657,forecast
2024-25,Grant,Total,2030-31,1626,forecast
2024-25,Grant,Total,2031-32,1535,forecast
2024-25,Grant,Total,2032-33,1462,forecast
2024-25,Grant,Total,2033-34,1413,forecast
2024-25,Grant,Neighborhood,2021-22,1845,actual
2024-25,Grant,Neighborhood,2022-23,1872,actual
2024-25,Grant,Neighborhood,2023-24,1892,actual
2024-25,Grant,Neighborhood,2024-25,1912,forecast
2024-25,Grant,Neighborhood,2025-26,1827,forecast
2024-25,Grant,Neighborhood,2026-27,1694,forecast
2024-25,Grant,Neighborhood,2027-28,1589,forecast
2024-25,Grant,Neighborhood,2028-29,1492,forecast
2024-25,Grant,Neighborhood,2029-30,1431,forecast
2024-25,Grant,Neighborhood,2030-31,1412,forecast
2024-25,Grant,Neighborhood,2031-32,1332,forecast
2024-25,Grant,Neighborhood,2032-33,1266,forecast
2024-25,Grant,Neighborhood,2033-34,1219,forecast
2024-25,Grant,Japanese,2021-22,277,actual
2024-25,Grant,Japanese,2022-23,286,actual
2024-25,Grant,Japanese,2023-24,286,actual
2024-25,Grant,Japanese,2024-25,270,forecast
2024-25,Grant,Japanese,2025-26,255,forecast
2024-25,Grant,Japanese,2026-27,252,forecast
2024-25,Grant,Japanese,2027-28,248,forecast
2024-25,Grant,Japanese,2028-29,241,forecast
2024-25,Grant,Japanese,2029-30,226,forecast
2024-25,Grant,Japanese,2030-31,214,forecast
2024-25,Grant,Japanese,2031-32,203,forecast
2024-25,Grant,Japanese,2032-33,196,forecast
2024-25,Grant,Japanese,2033-34,194,forecast
2024-25,Boise-Eliot/Humboldt,Total,2021-22,321,actual
2024-25,Boise-Eliot/Humboldt,Total,2022-23,324,actual
2024-25,Boise-Eliot/Humboldt,Total,2023-24,308,actual
2024-25,Boise-Eliot/Humboldt,Total,2024-25,303,forecast
2024-25,Boise-Eliot/Humboldt,Total,2025-26,294,forecast
2024-25,Boise-Eliot/Humboldt,Total,2026-27,283,forecast
2024-25,Boise-Eliot/Humboldt,Total,2027-28,284,forecast
2024-25,Boise-Eliot/Humboldt,Total,2028-29,295,forecast
2024-25,Boise-Eliot/Humboldt,Total,2029-30,290,forecast
2024-25,Boise-Eliot/Humboldt,Total,2030-31,289,forecast
2024-25,Boise-Eliot/Humboldt,Total,2031-32,295,forecast
2024-25,Boise-Eliot/Humboldt,Total,2032-33,303,forecast
2024-25,Boise-Eliot/Humboldt,Total,2033-34,311,forecast
2024-25,Irvington,Total,2021-22,248,actual
2024-25,Irvington,Total,2022-23,228,actual
2024-25,Irvington,Total,2023-24,235,actual
2024-25,Irvington,Total,2024-25,235,forecast
2024-25,Irvington,Total,2025-26,230,forecast
2024-25,Irvington,Total,2026-27,231,forecast
2024-25,Irvington,Total,2027-28,234,forecast
2024-25,Irvington,Total,2028-29,231,forecast
2024-25,Irvington,Total,2029-30,226,forecast
2024-25,Irvington,Total,2030-31,231,forecast
2024-25,Irvington,Total,2031-32,243,forecast
2024-25,Irvington,Total,2032-33,250,forecast
2024-25,Irvington,Total,2033-34,263,forecast
2024-25,MLK Jr,Total,2021-22,297,actual
2024-25,MLK Jr,Total,2022-23,301,actual
2024-25,MLK Jr,Total,2023-24,307,actual
2024-25,MLK Jr,Total,2024-25,305,forecast
2024-25,MLK Jr,Total,2025-26,305,forecast
2024-25,MLK Jr,Total,2026-27,299,forecast
2024-25,MLK Jr,Total,2027-28,310,forecast
2024-25,MLK Jr,Total,2028-29,302,forecast
2024-25,MLK Jr,Total,2029-30,303,forecast
2024-25,MLK Jr,Total,2030-31,306,forecast
2024-25,MLK Jr,Total,2031-32,312,forecast
2024-25,MLK Jr,Total,2032-33,329,forecast
2024-25,MLK Jr,Total,2033-34,344,forecast
2024-25,MLK Jr,Neighborhood,2021-22,128,actual
2024-25,MLK Jr,Neighborhood,2022-23,116,actual
2024-25,MLK Jr,Neighborhood,2023-24,124,actual
2024-25,MLK Jr,Neighborhood,2024-25,120,forecast
2024-25,MLK Jr,Neighborhood,2025-26,116,forecast
2024-25,MLK Jr,Neighborhood,2026-27,110,forecast
2024-25,MLK Jr,Neighborhood,2027-28,114,forecast
2024-25,MLK Jr,Neighborhood,2028-29,111,forecast
2024-25,MLK Jr,Neighborhood,2029-30,108,forecast
2024-25,MLK Jr,Neighborhood,2030-31,106,forecast
2024-25,MLK Jr,Neighborhood,2031-32,109,forecast
2024-25,MLK Jr,Neighborhood,2032-33,114,forecast
2024-25,MLK Jr,Neighborhood,2033-34,115,forecast
2024-25,MLK Jr,Mandarin,2021-22,169,actual
2024-25,MLK Jr,Mandarin,2022-23,185,actual
2024-25,MLK Jr,Mandarin,2023-24,183,actual
2024-25,MLK Jr,Mandarin,2024-25,185,forecast
2024-25,MLK Jr,Mandarin,2025-26,189,forecast
2024-25,MLK Jr,Mandarin,2026-27,189,forecast
2024-25,MLK Jr,Mandarin,2027-28,196,forecast
2024-25,MLK Jr,Mandarin,2028-29,191,forecast
2024-25,MLK Jr,Mandarin,2029-30,195,forecast
2024-25,MLK Jr,Mandarin,2030-31,200,forecast
2024-25,MLK Jr,Mandarin,2031-32,203,forecast
2024-25,MLK Jr,Mandarin,2032-33,215,forecast
2024-25,MLK Jr,Mandarin,2033-34,229,forecast
2024-25,Sabin,Total,2021-22,339,actual
2024-25,Sabin,Total,2022-23,311,actual
2024-25,Sabin,Total,2023-24,302,actual
2024-25,Sabin,Total,2024-25,284,forecast
2024-25,Sabin,Total,2025-26,271,forecast
2024-25,Sabin,Total,2026-27,258,forecast
2024-25,Sabin,Total,2027-28,239,forecast
2024-25,Sabin,Total,2028-29,243,forecast
2024-25,Sabin,Total,2029-30,242,forecast
2024-25,Sabin,Total,2030-31,248,forecast
2024-25,Sabin,Total,2031-32,253,forecast
2024-25,Sabin,Total,2032-33,265,forecast
2024-25,Sabin,Total,2033-34,276,forecast
2024-25,Harriet Tubman,Total,2021-22,387,actual
2024-25,Harriet Tubman,Total,2022-23,360,actual
2024-25,Harriet Tubman,Total,2023-24,320,actual
2024-25,Harriet Tubman,Total,2024-25,302,forecast
2024-25,Harriet Tubman,Total,2025-26,317,forecast
2024-25,Harriet Tubman,Total,2026-27,327,forecast
2024-25,Harriet Tubman,Total,2027-28,326,forecast
2024-25,Harriet Tubman,Total,2028-29,298,forecast
2024-25,Harriet Tubman,Total,2029-30,274,forecast
2024-25,Harriet Tubman,Total,2030-31,255,forecast
2024-25,Harriet Tubman,Total,2031-32,253,forecast
2024-25,Harriet Tubman,Total,2032-33,254,forecast
2024-25,Harriet Tubman,Total,2033-34,258,forecast
2024-25,Harriet Tubman,Neighborhood,2021-22,353,actual
2024-25,Harriet Tubman,Neighborhood,2022-23,332,actual
2024-25,Harriet Tubman,Neighborhood,2023-24,288,actual
2024-25,Harriet Tubman,Neighborhood,2024-25,266,forecast
2024-25,Harriet Tubman,Neighborhood,2025-26,277,forecast
2024-25,Harriet Tubman,Neighborhood,2026-27,284,forecast
2024-25,Harriet Tubman,Neighborhood,2027-28,283,forecast
2024-25,Harriet Tubman,Neighborhood,2028-29,253,forecast
2024-25,Harriet Tubman,Neighborhood,2029-30,233,forecast
2024-25,Harriet Tubman,Neighborhood,2030-31,212,forecast
2024-25,Harriet Tubman,Neighborhood,2031-32,212,forecast
2024-25,Harriet Tubman,Neighborhood,2032-33,209,forecast
2024-25,Harriet Tubman,Neighborhood,2033-34,213,forecast
2024-25,Harriet Tubman,Mandarin,2021-22,34,actual
2024-25,Harriet Tubman,Mandarin,2022-23,28,actual
2024-25,Harriet Tubman,Mandarin,2023-24,32,actual
2024-25,Harriet Tubman,Mandarin,2024-25,36,forecast
2024-25,Harriet Tubman,Mandarin,2025-26,40,forecast
2024-25,Harriet Tubman,Mandarin,2026-27,43,forecast
2024-25,Harriet Tubman,Mandarin,2027-28,43,forecast
2024-25,Harriet Tubman,Mandarin,2028-29,45,forecast
2024-25,Harriet Tubman,Mandarin,2029-30,41,forecast
2024-25,Harriet Tubman,Mandarin,2030-31,43,forecast
2024-25,Harriet Tubman,Mandarin,2031-32,41,forecast
2024-25,Harriet Tubman,Mandarin,2032-33,45,forecast
2024-25,Harriet Tubman,Mandarin,2033-34,45,forecast
2024-25,Faubion,Total,2021-22,619,actual
2024-25,Faubion,Total,2022-23,607,actual
2024-25,Faubion,Total,2023-24,571,actual
2024-25,Faubion,Total,2024-25,579,forecast
2024-25,Faubion,Total,2025-26,562,forecast
2024-25,Faubion,Total,2026-27,574,forecast
2024-25,Faubion,Total,2027-28,547,forecast
2024-25,Faubion,Total,2028-29,537,forecast
2024-25,Faubion,Total,2029-30,524,forecast
2024-25,Faubion,Total,2030-31,515,forecast
2024-25,Faubion,Total,2031-32,504,forecast
2024-25,Faubion,Total,2032-33,509,forecast
2024-25,Faubion,Total,2033-34,501,forecast
2024-25,Vernon,Total,2021-22,517,actual
2024-25,Vernon,Total,2022-23,555,actual
2024-25,Vernon,Total,2023-24,578,actual
2024-25,Vernon,Total,2024-25,585,forecast
2024-25,Vernon,Total,2025-26,589,forecast
2024-25,Vernon,Total,2026-27,571,forecast
2024-25,Vernon,Total,2027-28,551,forecast
2024-25,Vernon,Total,2028-29,549,forecast
2024-25,Vernon,Total,2029-30,546,forecast
2024-25,Vernon,Total,2030-31,524,forecast
2024-25,Vernon,Total,2031-32,505,forecast
2024-25,Vernon,Total,2032-33,506,forecast
2024-25,Vernon,Total,2033-34,511,forecast
2024-25,Beach,Total,2021-22,351,actual
2024-25,Beach,Total,2022-23,346,actual
2024-25,Beach,Total,2023-24,325,actual
2024-25,Beach,Total,2024-25,317,forecast
2024-25,Beach,Total,2025-26,302,forecast
2024-25,Beach,Total,2026-27,284,forecast
2024-25,Beach,Total,2027-28,270,forecast
2024-25,Beach,Total,2028-29,262,forecast
2024-25,Beach,Total,2029-30,248,forecast
2024-25,Beach,Total,2030-31,241,forecast
2024-25,Beach,Total,2031-32,241,forecast
2024-25,Beach,Total,2032-33,248,forecast
2024-25,Beach,Total,2033-34,254,forecast
2024-25,Beach,Neighborhood,2021-22,127,actual
2024-25,Beach,Neighborhood,2022-23,145,actual
2024-25,Beach,Neighborhood,2023-24,134,actual
2024-25,Beach,Neighborhood,2024-25,146,forecast
2024-25,Beach,Neighborhood,2025-26,150,forecast
2024-25,Beach,Neighborhood,2026-27,154,forecast
2024-25,Beach,Neighborhood,2027-28,158,forecast
2024-25,Beach,Neighborhood,2028-29,148,forecast
2024-25,Beach,Neighborhood,2029-30,140,forecast
2024-25,Beach,Neighborhood,2030-31,135,forecast
2024-25,Beach,Neighborhood,2031-32,133,forecast
2024-25,Beach,Neighborhood,2032-33,135,forecast
2024-25,Beach,Neighborhood,2033-34,134,forecast
2024-25,Beach,Spanish,2021-22,224,actual
2024-25,Beach,Spanish,2022-23,201,actual
2024-25,Beach,Spanish,2023-24,191,actual
2024-25,Beach,Spanish,2024-25,171,forecast
2024-25,Beach,Spanish,2025-26,152,forecast
2024-25,Beach,Spanish,2026-27,130,forecast
2024-25,Beach,Spanish,2027-28,112,forecast
2024-25,Beach,Spanish,2028-29,114,forecast
2024-25,Beach,Spanish,2029-30,108,forecast
2024-25,Beach,Spanish,2030-31,106,forecast
2024-25,Beach,Spanish,2031-32,108,forecast
2024-25,Beach,Spanish,2032-33,113,forecast
2024-25,Beach,Spanish,2033-34,120,forecast
2024-25,Chief Joseph,Total,2021-22,269,actual
2024-25,Chief Joseph,Total,2022-23,261,actual
2024-25,Chief Joseph,Total,2023-24,265,actual
2024-25,Chief Joseph,Total,2024-25,263,forecast
2024-25,Chief Joseph,Total,2025-26,241,forecast
2024-25,Chief Joseph,Total,2026-27,235,forecast
2024-25,Chief Joseph,Total,2027-28,230,forecast
2024-25,Chief Joseph,Total,2028-29,219,forecast
2024-25,Chief Joseph,Total,2029-30,211,forecast
2024-25,Chief Joseph,Total,2030-31,213,forecast
2024-25,Chief Joseph,Total,2031-32,213,forecast
2024-25,Chief Joseph,Total,2032-33,218,forecast
2024-25,Chief Joseph,Total,2033-34,228,forecast
2024-25,Peninsula,Total,2021-22,201,actual
2024-25,Peninsula,Total,2022-23,224,actual
2024-25,Peninsula,Total,2023-24,234,actual
2024-25,Peninsula,Total,2024-25,253,forecast
2024-25,Peninsula,Total,2025-26,259,forecast
2024-25,Peninsula,Total,2026-27,261,forecast
2024-25,Peninsula,Total,2027-28,251,forecast
2024-25,Peninsula,Total,2028-29,241,forecast
2024-25,Peninsula,Total,2029-30,228,forecast
2024-25,Peninsula,Total,2030-31,221,forecast
2024-25,Peninsula,Total,2031-32,221,forecast
2024-25,Peninsula,Total,2032-33,224,forecast
2024-25,Peninsula,Total,2033-34,225,forecast
2024-25,Woodlawn,Total,2021-22,282,actual
2024-25,Woodlawn,Total,2022-23,285,actual
2024-25,Woodlawn,Total,2023-24,299,actual
2024-25,Woodlawn,Total,2024-25,281,forecast
2024-25,Woodlawn,Total,2025-26,275,forecast
2024-25,Woodlawn,Total,2026-27,264,forecast
2024-25,Woodlawn,Total,2027-28,241,forecast
2024-25,Woodlawn,Total,2028-29,241,forecast
2024-25,Woodlawn,Total,2029-30,219,forecast
2024-25,Woodlawn,Total,2030-31,213,forecast
2024-25,Woodlawn,Total,2031-32,213,forecast
2024-25,Woodlawn,Total,2032-33,218,forecast
2024-25,Woodlawn,Total,2033-34,226,forecast
2024-25,Ockley Green,Total,2021-22,485,actual
2024-25,Ockley Green,Total,2022-23,482,actual
2024-25,Ockley Green,Total,2023-24,428,actual
2024-25,Ockley Green,Total,2024-25,431,forecast
2024-25,Ockley Green,Total,2025-26,458,forecast
2024-25,Ockley Green,Total,2026-27,446,forecast
2024-25,Ockley Green,Total,2027-28,436,forecast
2024-25,Ockley Green,Total,2028-29,416,forecast
2024-25,Ockley Green,Total,2029-30,429,forecast
2024-25,Ockley Green,Total,2030-31,409,forecast
2024-25,Ockley Green,Total,2031-32,410,forecast
2024-25,Ockley Green,Total,2032-33,387,forecast
2024-25,Ockley Green,Total,2033-34,360,forecast
2024-25,Ockley Green,Neighborhood,2021-22,381,actual
2024-25,Ockley Green,Neighborhood,2022-23,383,actual
2024-25,Ockley Green,Neighborhood,2023-24,350,actual
2024-25,Ockley Green,Neighborhood,2024-25,366,forecast
2024-25,Ockley Green,Neighborhood,2025-26,403,forecast
2024-25,Ockley Green,Neighborhood,2026-27,385,forecast
2024-25,Ockley Green,Neighborhood,2027-28,378,forecast
2024-25,Ockley Green,Neighborhood,2028-29,369,forecast
2024-25,Ockley Green,Neighborhood,2029-30,393,forecast
2024-25,Ockley Green,Neighborhood,2030-31,379,forecast
2024-25,Ockley Green,Neighborhood,2031-32,377,forecast
2024-25,Ockley Green,Neighborhood,2032-33,356,forecast
2024-25,Ockley Green,Neighborhood,2033-34,333,forecast
2024-25,Ockley Green,Spanish,2021-22,104,actual
2024-25,Ockley Green,Spanish,2022-23,99,actual
2024-25,Ockley Green,Spanish,2023-24,78,actual
2024-25,Ockley Green,Spanish,2024-25,65,forecast
2024-25,Ockley Green,Spanish,2025-26,55,forecast
2024-25,Ockley Green,Spanish,2026-27,61,forecast
2024-25,Ockley Green,Spanish,2027-28,58,forecast
2024-25,Ockley Green,Spanish,2028-29,47,forecast
2024-25,Ockley Green,Spanish,2029-30,36,forecast
2024-25,Ockley Green,Spanish,2030-31,30,forecast
2024-25,Ockley Green,Spanish,2031-32,33,forecast
2024-25,Ockley Green,Spanish,2032-33,31,forecast
2024-25,Ockley Green,Spanish,2033-34,27,forecast
2024-25,Jefferson,Total,2021-22,583,actual
2024-25,Jefferson,Total,2022-23,597,actual
2024-25,Jefferson,Total,2023-24,525,actual
2024-25,Jefferson,Total,2024-25,530,forecast
2024-25,Jefferson,Total,2025-26,506,forecast
2024-25,Jefferson,Total,2026-27,524,forecast
2024-25,Jefferson,Total,2027-28,566,forecast
2024-25,Jefferson,Total,2028-29,567,forecast
2024-25,Jefferson,Total,2029-30,566,forecast
2024-25,Jefferson,Total,2030-31,567,forecast
2024-25,Jefferson,Total,2031-32,558,forecast
2024-25,Jefferson,Total,2032-33,523,forecast
2024-25,Jefferson,Total,2033-34,515,forecast
2024-25,Jefferson,Neighborhood,2021-22,583,actual
2024-25,Jefferson,Neighborhood,2022-23,585,actual
2024-25,Jefferson,Neighborhood,2023-24,515,actual
2024-25,Jefferson,Neighborhood,2024-25,512,forecast
2024-25,Jefferson,Neighborhood,2025-26,481,forecast
2024-25,Jefferson,Neighborhood,2026-27,500,forecast
2024-25,Jefferson,Neighborhood,2027-28,537,forecast
2024-25,Jefferson,Neighborhood,2028-29,534,forecast
2024-25,Jefferson,Neighborhood,2029-30,529,forecast
2024-25,Jefferson,Neighborhood,2030-31,529,forecast
2024-25,Jefferson,Neighborhood,2031-32,513,forecast
2024-25,Jefferson,Neighborhood,2032-33,482,forecast
2024-25,Jefferson,Neighborhood,2033-34,475,forecast
2024-25,Jefferson,Mandarin,2021-22,0,actual
2024-25,Jefferson,Mandarin,2022-23,12,actual
2024-25,Jefferson,Mandarin,2023-24,10,actual
2024-25,Jefferson,Mandarin,2024-25,18,forecast
2024-25,Jefferson,Mandarin,2025-26,25,forecast
2024-25,Jefferson,Mandarin,2026-27,24,forecast
2024-25,Jefferson,Mandarin,2027-28,29,forecast
2024-25,Jefferson,Mandarin,2028-29,33,forecast
2024-25,Jefferson,Mandarin,2029-30,37,forecast
2024-25,Jefferson,Mandarin,2030-31,38,forecast
2024-25,Jefferson,Mandarin,2031-32,45,forecast
2024-25,Jefferson,Mandarin,2032-33,41,forecast
2024-25,Jefferson,Mandarin,2033-34,40,forecast
2024-25,Ainsworth,Total,2021-22,553,actual
2024-25,Ainsworth,Total,2022-23,563,actual
2024-25,Ainsworth,Total,2023-24,585,actual
2024-25,Ainsworth,Total,2024-25,607,forecast
2024-25,Ainsworth,Total,2025-26,594,forecast
2024-25,Ainsworth,Total,2026-27,578,forecast
2024-25,Ainsworth,Total,2027-28,581,forecast
2024-25,Ainsworth,Total,2028-29,580,forecast
2024-25,Ainsworth,Total,2029-30,554,forecast
2024-25,Ainsworth,Total,2030-31,545,forecast
2024-25,Ainsworth,Total,2031-32,544,forecast
2024-25,Ainsworth,Total,2032-33,553,forecast
2024-25,Ainsworth,Total,2033-34,575,forecast
2024-25,Ainsworth,Neighborhood,2021-22,281,actual
2024-25,Ainsworth,Neighborhood,2022-23,287,actual
2024-25,Ainsworth,Neighborhood,2023-24,294,actual
2024-25,Ainsworth,Neighborhood,2024-25,303,forecast
2024-25,Ainsworth,Neighborhood,2025-26,294,forecast
2024-25,Ainsworth,Neighborhood,2026-27,291,forecast
2024-25,Ainsworth,Neighborhood,2027-28,299,forecast
2024-25,Ainsworth,Neighborhood,2028-29,304,forecast
2024-25,Ainsworth,Neighborhood,2029-30,289,forecast
2024-25,Ainsworth,Neighborhood,2030-31,282,forecast
2024-25,Ainsworth,Neighborhood,2031-32,277,forecast
2024-25,Ainsworth,Neighborhood,2032-33,279,forecast
2024-25,Ainsworth,Neighborhood,2033-34,290,forecast
2024-25,Ainsworth,Spanish,2021-22,272,actual
2024-25,Ainsworth,Spanish,2022-23,276,actual
2024-25,Ainsworth,Spanish,2023-24,291,actual
2024-25,Ainsworth,Spanish,2024-25,304,forecast
2024-25,Ainsworth,Spanish,2025-26,300,forecast
2024-25,Ainsworth,Spanish,2026-27,287,forecast
2024-25,Ainsworth,Spanish,2027-28,282,forecast
2024-25,Ainsworth,Spanish,2028-29,276,forecast
2024-25,Ainsworth,Spanish,2029-30,265,forecast
2024-25,Ainsworth,Spanish,2030-31,263,forecast
2024-25,Ainsworth,Spanish,2031-32,267,forecast
2024-25,Ainsworth,Spanish,2032-33,274,forecast
2024-25,Ainsworth,Spanish,2033-34,285,forecast
2024-25,Chapman,Total,2021-22,341,actual
2024-25,Chapman,Total,2022-23,350,actual
2024-25,Chapman,Total,2023-24,344,actual
2024-25,Chapman,Total,2024-25,349,forecast
2024-25,Chapman,Total,2025-26,343,forecast
2024-25,Chapman,Total,2026-27,349,forecast
2024-25,Chapman,Total,2027-28,330,forecast
2024-25,Chapman,Total,2028-29,326,forecast
2024-25,Chapman,Total,2029-30,308,forecast
2024-25,Chapman,Total,2030-31,309,forecast
2024-25,Chapman,Total,2031-32,310,forecast
2024-25,Chapman,Total,2032-33,315,forecast
2024-25,Chapman,Total,2033-34,322,forecast
2024-25,Forest Park,Total,2021-22,333,actual
2024-25,Forest Park,Total,2022-23,328,actual
2024-25,Forest Park,Total,2023-24,321,actual
2024-25,Forest Park,Total,2024-25,312,forecast
2024-25,Forest Park,Total,2025-26,285,forecast
2024-25,Forest Park,Total,2026-27,279,forecast
2024-25,Forest Park,Total,2027-28,282,forecast
2024-25,Forest Park,Total,2028-29,276,forecast
2024-25,Forest Park,Total,2029-30,271,forecast
2024-25,Forest Park,Total,2030-31,276,forecast
2024-25,Forest Park,Total,2031-32,280,forecast
2024-25,Forest Park,Total,2032-33,285,forecast
2024-25,Forest Park,Total,2033-34,295,forecast
2024-25,Skyline,Total,2021-22,203,actual
2024-25,Skyline,Total,2022-23,214,actual
2024-25,Skyline,Total,2023-24,218,actual
2024-25,Skyline,Total,2024-25,217,forecast
2024-25,Skyline,Total,2025-26,220,forecast
2024-25,Skyline,Total,2026-27,225,forecast
2024-25,Skyline,Total,2027-28,221,forecast
2024-25,Skyline,Total,2028-29,218,forecast
2024-25,Skyline,Total,2029-30,212,forecast
2024-25,Skyline,Total,2030-31,208,forecast
2024-25,Skyline,Total,2031-32,212,forecast
2024-25,Skyline,Total,2032-33,212,forecast
2024-25,Skyline,Total,2033-34,214,forecast
2024-25,West Sylvan,Total,2021-22,725,actual
2024-25,West Sylvan,Total,2022-23,757,actual
2024-25,West Sylvan,Total,2023-24,722,actual
2024-25,West Sylvan,Total,2024-25,695,forecast
2024-25,West Sylvan,Total,2025-26,698,forecast
2024-25,West Sylvan,Total,2026-27,681,forecast
2024-25,West Sylvan,Total,2027-28,681,forecast
2024-25,West Sylvan,Total,2028-29,642,forecast
2024-25,West Sylvan,Total,2029-30,646,forecast
2024-25,West Sylvan,Total,2030-31,654,forecast
2024-25,West Sylvan,Total,2031-32,669,forecast
2024-25,West Sylvan,Total,2032-33,644,forecast
2024-25,West Sylvan,Total,2033-34,629,forecast
2024-25,West Sylvan,Neighborhood,2021-22,597,actual
2024-25,West Sylvan,Neighborhood,2022-23,624,actual
2024-25,West Sylvan,Neighborhood,2023-24,591,actual
2024-25,West Sylvan,Neighborhood,2024-25,576,forecast
2024-25,West Sylvan,Neighborhood,2025-26,577,forecast
2024-25,West Sylvan,Neighborhood,2026-27,555,forecast
2024-25,West Sylvan,Neighborhood,2027-28,547,forecast
2024-25,West Sylvan,Neighborhood,2028-29,512,forecast
2024-25,West Sylvan,Neighborhood,2029-30,518,forecast
2024-25,West Sylvan,Neighborhood,2030-31,524,forecast
2024-25,West Sylvan,Neighborhood,2031-32,542,forecast
2024-25,West Sylvan,Neighborhood,2032-33,526,forecast
2024-25,West Sylvan,Neighborhood,2033-34,513,forecast
2024-25,West Sylvan,Spanish,2021-22,128,actual
2024-25,West Sylvan,Spanish,2022-23,133,actual
2024-25,West Sylvan,Spanish,2023-24,131,actual
2024-25,West Sylvan,Spanish,2024-25,119,forecast
2024-25,West Sylvan,Spanish,2025-26,121,forecast
2024-25,West Sylvan,Spanish,2026-27,126,forecast
2024-25,West Sylvan,Spanish,2027-28,134,forecast
2024-25,West Sylvan,Spanish,2028-29,130,forecast
2024-25,West Sylvan,Spanish,2029-30,128,forecast
2024-25,West Sylvan,Spanish,2030-31,130,forecast
2024-25,West Sylvan,Spanish,2031-32,127,forecast
2024-25,West Sylvan,Spanish,2032-33,118,forecast
2024-25,West Sylvan,Spanish,2033-34,116,forecast
2024-25,Lincoln,Total,2021-22,1459,actual
2024-25,Lincoln,Total,2022-23,1521,actual
2024-25,Lincoln,Total,2023-24,1579,actual
2024-25,Lincoln,Total,2024-25,1570,forecast
2024-25,Lincoln,Total,2025-26,1545,forecast
2024-25,Lincoln,Total,2026-27,1484,forecast
2024-25,Lincoln,Total,2027-28,1374,forecast
2024-25,Lincoln,Total,2028-29,1365,forecast
2024-25,Lincoln,Total,2029-30,1314,forecast
2024-25,Lincoln,Total,2030-31,1315,forecast
2024-25,Lincoln,Total,2031-32,1304,forecast
2024-25,Lincoln,Total,2032-33,1285,forecast
2024-25,Lincoln,Total,2033-34,1286,forecast
2024-25,Lincoln,Neighborhood,2021-22,1281,actual
2024-25,Lincoln,Neighborhood,2022-23,1335,actual
2024-25,Lincoln,Neighborhood,2023-24,1387,actual
2024-25,Lincoln,Neighborhood,2024-25,1388,forecast
2024-25,Lincoln,Neighborhood,2025-26,1375,forecast
2024-25,Lincoln,Neighborhood,2026-27,1307,forecast
2024-25,Lincoln,Neighborhood,2027-28,1215,forecast
2024-25,Lincoln,Neighborhood,2028-29,1198,forecast
2024-25,Lincoln,Neighborhood,2029-30,1148,forecast
2024-25,Lincoln,Neighborhood,2030-31,1152,forecast
2024-25,Lincoln,Neighborhood,2031-32,1137,forecast
2024-25,Lincoln,Neighborhood,2032-33,1118,forecast
2024-25,Lincoln,Neighborhood,2033-34,1123,forecast
2024-25,Lincoln,Spanish,2021-22,178,actual
2024-25,Lincoln,Spanish,2022-23,186,actual
2024-25,Lincoln,Spanish,2023-24,192,actual
2024-25,Lincoln,Spanish,2024-25,182,forecast
2024-25,Lincoln,Spanish,2025-26,170,forecast
2024-25,Lincoln,Spanish,2026-27,177,forecast
2024-25,Lincoln,Spanish,2027-28,159,forecast
2024-25,Lincoln,Spanish,2028-29,167,forecast
2024-25,Lincoln,Spanish,2029-30,166,forecast
2024-25,Lincoln,Spanish,2030-31,163,forecast
2024-25,Lincoln,Spanish,2031-32,167,forecast
2024-25,Lincoln,Spanish,2032-33,167,forecast
2024-25,Lincoln,Spanish,2033-34,163,forecast
2024-25,Clark,Total,2021-22,0,actual
2024-25,Clark,Total,2022-23,0,actual
2024-25,Clark,Total,2023-24,341,actual
2024-25,Clark,Total,2024-25,325,forecast
2024-25,Clark,Total,2025-26,306,forecast
2024-25,Clark,Total,2026-27,284,forecast
2024-25,Clark,Total,2027-28,271,forecast
2024-25,Clark,Total,2028-29,268,forecast
2024-25,Clark,Total,2029-30,261,forecast
2024-25,Clark,Total,2030-31,262,forecast
2024-25,Clark,Total,2031-32,266,forecast
2024-25,Clark,Total,2032-33,267,forecast
2024-25,Clark,Total,2033-34,269,forecast
2024-25,Clark,Neighborhood,2021-22,0,actual
2024-25,Clark,Neighborhood,2022-23,0,actual
2024-25,Clark,Neighborhood,2023-24,261,actual
2024-25,Clark,Neighborhood,2024-25,247,forecast
2024-25,Clark,Neighborhood,2025-26,228,forecast
2024-25,Clark,Neighborhood,2026-27,210,forecast
2024-25,Clark,Neighborhood,2027-28,197,forecast
2024-25,Clark,Neighborhood,2028-29,197,forecast
2024-25,Clark,Neighborhood,2029-30,192,forecast
2024-25,Clark,Neighborhood,2030-31,193,forecast
2024-25,Clark,Neighborhood,2031-32,194,forecast
2024-25,Clark,Neighborhood,2032-33,194,forecast
2024-25,Clark,Neighborhood,2033-34,193,forecast
2024-25,Clark,Mandarin,2021-22,0,actual
2024-25,Clark,Mandarin,2022-23,0,actual
2024-25,Clark,Mandarin,2023-24,80,actual
2024-25,Clark,Mandarin,2024-25,78,forecast
2024-25,Clark,Mandarin,2025-26,78,forecast
2024-25,Clark,Mandarin,2026-27,74,forecast
2024-25,Clark,Mandarin,2027-28,74,forecast
2024-25,Clark,Mandarin,2028-29,71,forecast
2024-25,Clark,Mandarin,2029-30,69,forecast
2024-25,Clark,Mandarin,2030-31,69,forecast
2024-25,Clark,Mandarin,2031-32,72,forecast
2024-25,Clark,Mandarin,2032-33,73,forecast
2024-25,Clark,Mandarin,2033-34,76,forecast
2024-25,Lee,Total,2021-22,234,actual
2024-25,Lee,Total,2022-23,273,actual
2024-25,Lee,Total,2023-24,288,actual
2024-25,Lee,Total,2024-25,292,forecast
2024-25,Lee,Total,2025-26,292,forecast
2024-25,Lee,Total,2026-27,290,forecast
2024-25,Lee,Total,2027-28,290,forecast
2024-25,Lee,Total,2028-29,292,forecast
2024-25,Lee,Total,2029-30,286,forecast
2024-25,Lee,Total,2030-31,286,forecast
2024-25,Lee,Total,2031-32,286,forecast
2024-25,Lee,Total,2032-33,296,forecast
2024-25,Lee,Total,2033-34,301,forecast
2024-25,Rigler,Total,2021-22,232,actual
2024-25,Rigler,Total,2022-23,221,actual
2024-25,Rigler,Total,2023-24,255,actual
2024-25,Rigler,Total,2024-25,253,forecast
2024-25,Rigler,Total,2025-26,248,forecast
2024-25,Rigler,Total,2026-27,256,forecast
2024-25,Rigler,Total,2027-28,243,forecast
2024-25,Rigler,Total,2028-29,242,forecast
2024-25,Rigler,Total,2029-30,236,forecast
2024-25,Rigler,Total,2030-31,236,forecast
2024-25,Rigler,Total,2031-32,239,forecast
2024-25,Rigler,Total,2032-33,244,forecast
2024-25,Rigler,Total,2033-34,254,forecast
2024-25,Rigler,Neighborhood,2021-22,0,actual
2024-25,Rigler,Neighborhood,2022-23,0,actual
2024-25,Rigler,Neighborhood,2023-24,0,actual
2024-25,Rigler,Neighborhood,2024-25,0,forecast
2024-25,Rigler,Neighborhood,2025-26,0,forecast
2024-25,Rigler,Neighborhood,2026-27,0,forecast
2024-25,Rigler,Neighborhood,2027-28,0,forecast
2024-25,Rigler,Neighborhood,2028-29,0,forecast
2024-25,Rigler,Neighborhood,2029-30,0,forecast
2024-25,Rigler,Neighborhood,2030-31,0,forecast
2024-25,Rigler,Neighborhood,2031-32,0,forecast
2024-25,Rigler,Neighborhood,2032-33,0,forecast
2024-25,Rigler,Neighborhood,2033-34,0,forecast
2024-25,Rigler,Spanish,2021-22,232,actual
2024-25,Rigler,Spanish,2022-23,221,actual
2024-25,Rigler,Spanish,2023-24,255,actual
2024-25,Rigler,Spanish,2024-25,253,forecast
2024-25,Rigler,Spanish,2025-26,248,forecast
2024-25,Rigler,Spanish,2026-27,256,forecast
2024-25,Rigler,Spanish,2027-28,243,forecast
2024-25,Rigler,Spanish,2028-29,242,forecast
2024-25,Rigler,Spanish,2029-30,236,forecast
2024-25,Rigler,Spanish,2030-31,236,forecast
2024-25,Rigler,Spanish,2031-32,239,forecast
2024-25,Rigler,Spanish,2032-33,244,forecast
2024-25,Rigler,Spanish,2033-34,254,forecast
2024-25,Rose City Park,Total,2021-22,464,actual
2024-25,Rose City Park,Total,2022-23,468,actual
2024-25,Rose City Park,Total,2023-24,464,actual
2024-25,Rose City Park,Total,2024-25,465,forecast
2024-25,Rose City Park,Total,2025-26,469,forecast
2024-25,Rose City Park,Total,2026-27,488,forecast
2024-25,Rose City Park,Total,2027-28,504,forecast
2024-25,Rose City Park,Total,2028-29,493,forecast
2024-25,Rose City Park,Total,2029-30,502,forecast
2024-25,Rose City Park,Total,2030-31,510,forecast
2024-25,Rose City Park,Total,2031-32,513,forecast
2024-25,Rose City Park,Total,2032-33,529,forecast
2024-25,Rose City Park,Total,2033-34,539,forecast
2024-25,Rose City Park,Neighborhood,2021-22,285,actual
2024-25,Rose City Park,Neighborhood,2022-23,285,actual
2024-25,Rose City Park,Neighborhood,2023-24,248,actual
2024-25,Rose City Park,Neighborhood,2024-25,235,forecast
2024-25,Rose City Park,Neighborhood,2025-26,225,forecast
2024-25,Rose City Park,Neighborhood,2026-27,233,forecast
2024-25,Rose City Park,Neighborhood,2027-28,236,forecast
2024-25,Rose City Park,Neighborhood,2028-29,221,forecast
2024-25,Rose City Park,Neighborhood,2029-30,234,forecast
2024-25,Rose City Park,Neighborhood,2030-31,241,forecast
2024-25,Rose City Park,Neighborhood,2031-32,241,forecast
2024-25,Rose City Park,Neighborhood,2032-33,253,forecast
2024-25,Rose City Park,Neighborhood,2033-34,256,forecast
2024-25,Rose City Park,Vietnamese,2021-22,179,actual
2024-25,Rose City Park,Vietnamese,2022-23,183,actual
2024-25,Rose City Park,Vietnamese,2023-24,216,actual
2024-25,Rose City Park,Vietnamese,2024-25,230,forecast
2024-25,Rose City Park,Vietnamese,2025-26,244,forecast
2024-25,Rose City Park,Vietnamese,2026-27,255,forecast
2024-25,Rose City Park,Vietnamese,2027-28,268,forecast
2024-25,Rose City Park,Vietnamese,2028-29,272,forecast
2024-25,Rose City Park,Vietnamese,2029-30,268,forecast
2024-25,Rose City Park,Vietnamese,2030-31,269,forecast
2024-25,Rose City Park,Vietnamese,2031-32,272,forecast
2024-25,Rose City Park,Vietnamese,2032-33,276,forecast
2024-25,Rose City Park,Vietnamese,2033-34,283,forecast
2024-25,Scott,Total,2021-22,415,actual
2024-25,Scott,Total,2022-23,432,actual
2024-25,Scott,Total,2023-24,500,actual
2024-25,Scott,Total,2024-25,500,forecast
2024-25,Scott,Total,2025-26,475,forecast
2024-25,Scott,Total,2026-27,489,forecast
2024-25,Scott,Total,2027-28,493,forecast
2024-25,Scott,Total,2028-29,474,forecast
2024-25,Scott,Total,2029-30,458,forecast
2024-25,Scott,Total,2030-31,456,forecast
2024-25,Scott,Total,2031-32,465,forecast
2024-25,Scott,Total,2032-33,471,forecast
2024-25,Scott,Total,2033-34,487,forecast
2024-25,Scott,Neighborhood,2021-22,206,actual
2024-25,Scott,Neighborhood,2022-23,226,actual
2024-25,Scott,Neighborhood,2023-24,265,actual
2024-25,Scott,Neighborhood,2024-25,261,forecast
2024-25,Scott,Neighborhood,2025-26,233,forecast
2024-25,Scott,Neighborhood,2026-27,247,forecast
2024-25,Scott,Neighborhood,2027-28,242,forecast
2024-25,Scott,Neighborhood,2028-29,228,forecast
2024-25,Scott,Neighborhood,2029-30,223,forecast
2024-25,Scott,Neighborhood,2030-31,217,forecast
2024-25,Scott,Neighborhood,2031-32,217,forecast
2024-25,Scott,Neighborhood,2032-33,215,forecast
2024-25,Scott,Neighborhood,2033-34,220,forecast
2024-25,Scott,Spanish,2021-22,209,actual
2024-25,Scott,Spanish,2022-23,206,actual
2024-25,Scott,Spanish,2023-24,235,actual
2024-25,Scott,Spanish,2024-25,239,forecast
2024-25,Scott,Spanish,2025-26,242,forecast
2024-25,Scott,Spanish,2026-27,242,forecast
2024-25,Scott,Spanish,2027-28,251,forecast
2024-25,Scott,Spanish,2028-29,246,forecast
2024-25,Scott,Spanish,2029-30,235,forecast
2024-25,Scott,Spanish,2030-31,239,forecast
2024-25,Scott,Spanish,2031-32,248,forecast
2024-25,Scott,Spanish,2032-33,256,forecast
2024-25,Scott,Spanish,2033-34,267,forecast
2024-25,Vestal,Total,2021-22,207,actual
2024-25,Vestal,Total,2022-23,230,actual
2024-25,Vestal,Total,2023-24,228,actual
2024-25,Vestal,Total,2024-25,230,forecast
2024-25,Vestal,Total,2025-26,240,forecast
2024-25,Vestal,Total,2026-27,264,forecast
2024-25,Vestal,Total,2027-28,280,forecast
2024-25,Vestal,Total,2028-29,274,forecast
2024-25,Vestal,Total,2029-30,290,forecast
2024-25,Vestal,Total,2030-31,293,forecast
2024-25,Vestal,Total,2031-32,300,forecast
2024-25,Vestal,Total,2032-33,301,forecast
2024-25,Vestal,Total,2033-34,305,forecast
2024-25,Harrison Park,Total,2021-22,527,actual
2024-25,Harrison Park,Total,2022-23,573,actual
2024-25,Harrison Park,Total,2023-24,321,actual
2024-25,Harrison Park,Total,2024-25,390,forecast
2024-25,Harrison Park,Total,2025-26,464,forecast
2024-25,Harrison Park,Total,2026-27,510,forecast
2024-25,Harrison Park,Total,2027-28,486,forecast
2024-25,Harrison Park,Total,2028-29,450,forecast
2024-25,Harrison Park,Total,2029-30,419,forecast
2024-25,Harrison Park,Total,2030-31,424,forecast
2024-25,Harrison Park,Total,2031-32,430,forecast
2024-25,Harrison Park,Total,2032-33,449,forecast
2024-25,Harrison Park,Total,2033-34,442,forecast
2024-25,Harrison Park,Neighborhood,2021-22,455,actual
2024-25,Harrison Park,Neighborhood,2022-23,472,actual
2024-25,Harrison Park,Neighborhood,2023-24,241,actual
2024-25,Harrison Park,Neighborhood,2024-25,286,forecast
2024-25,Harrison Park,Neighborhood,2025-26,342,forecast
2024-25,Harrison Park,Neighborhood,2026-27,388,forecast
2024-25,Harrison Park,Neighborhood,2027-28,374,forecast
2024-25,Harrison Park,Neighborhood,2028-29,348,forecast
2024-25,Harrison Park,Neighborhood,2029-30,310,forecast
2024-25,Harrison Park,Neighborhood,2030-31,319,forecast
2024-25,Harrison Park,Neighborhood,2031-32,322,forecast
2024-25,Harrison Park,Neighborhood,2032-33,345,forecast
2024-25,Harrison Park,Neighborhood,2033-34,340,forecast
2024-25,Harrison Park,Mandarin,2021-22,72,actual
2024-25,Harrison Park,Mandarin,2022-23,101,actual
2024-25,Harrison Park,Mandarin,2023-24,80,actual
2024-25,Harrison Park,Mandarin,2024-25,104,forecast
2024-25,Harrison Park,Mandarin,2025-26,122,forecast
2024-25,Harrison Park,Mandarin,2026-27,122,forecast
2024-25,Harrison Park,Mandarin,2027-28,112,forecast
2024-25,Harrison Park,Mandarin,2028-29,102,forecast
2024-25,Harrison Park,Mandarin,2029-30,109,forecast
2024-25,Harrison Park,Mandarin,2030-31,105,forecast
2024-25,Harrison Park,Mandarin,2031-32,108,forecast
2024-25,Harrison Park,Mandarin,2032-33,104,forecast
2024-25,Harrison Park,Mandarin,2033-34,102,forecast
2024-25,Roseway Heights,Total,2021-22,578,actual
2024-25,Roseway Heights,Total,2022-23,571,actual
2024-25,Roseway Heights,Total,2023-24,551,actual
2024-25,Roseway Heights,Total,2024-25,577,forecast
2024-25,Roseway Heights,Total,2025-26,630,forecast
2024-25,Roseway Heights,Total,2026-27,618,forecast
2024-25,Roseway Heights,Total,2027-28,611,forecast
2024-25,Roseway Heights,Total,2028-29,586,forecast
2024-25,Roseway Heights,Total,2029-30,623,forecast
2024-25,Roseway Heights,Total,2030-31,641,forecast
2024-25,Roseway Heights,Total,2031-32,654,forecast
2024-25,Roseway Heights,Total,2032-33,662,forecast
2024-25,Roseway Heights,Total,2033-34,644,forecast
2024-25,Roseway Heights,Neighborhood,2021-22,475,actual
2024-25,Roseway Heights,Neighborhood,2022-23,462,actual
2024-25,Roseway Heights,Neighborhood,2023-24,432,actual
2024-25,Roseway Heights,Neighborhood,2024-25,441,forecast
2024-25,Roseway Heights,Neighborhood,2025-26,478,forecast
2024-25,Roseway Heights,Neighborhood,2026-27,457,forecast
2024-25,Roseway Heights,Neighborhood,2027-28,464,forecast
2024-25,Roseway Heights,Neighborhood,2028-29,428,forecast
2024-25,Roseway Heights,Neighborhood,2029-30,449,forecast
2024-25,Roseway Heights,Neighborhood,2030-31,443,forecast
2024-25,Roseway Heights,Neighborhood,2031-32,453,forecast
2024-25,Roseway Heights,Neighborhood,2032-33,462,forecast
2024-25,Roseway Heights,Neighborhood,2033-34,450,forecast
2024-25,Roseway Heights,Vietnamese,2021-22,0,actual
2024-25,Roseway Heights,Vietnamese,2022-23,38,actual
2024-25,Roseway Heights,Vietnamese,2023-24,36,actual
2024-25,Roseway Heights,Vietnamese,2024-25,50,forecast
2024-25,Roseway Heights,Vietnamese,2025-26,61,forecast
2024-25,Roseway Heights,Vietnamese,2026-27,74,forecast
2024-25,Roseway Heights,Vietnamese,2027-28,69,forecast
2024-25,Roseway Heights,Vietnamese,2028-29,76,forecast
2024-25,Roseway Heights,Vietnamese,2029-30,83,forecast
2024-25,Roseway Heights,Vietnamese,2030-31,99,forecast
2024-25,Roseway Heights,Vietnamese,2031-32,105,forecast
2024-25,Roseway Heights,Vietnamese,2032-33,107,forecast
2024-25,Roseway Heights,Vietnamese,2033-34,101,forecast
2024-25,Roseway Heights,Spanish,2021-22,103,actual
2024-25,Roseway Heights,Spanish,2022-23,71,actual
2024-25,Roseway Heights,Spanish,2023-24,83,actual
2024-25,Roseway Heights,Spanish,2024-25,86,forecast
2024-25,Roseway Heights,Spanish,2025-26,91,forecast
2024-25,Roseway Heights,Spanish,2026-27,87,forecast
2024-25,Roseway Heights,Spanish,2027-28,78,forecast
2024-25,Roseway Heights,Spanish,2028-29,82,forecast
2024-25,Roseway Heights,Spanish,2029-30,91,forecast
2024-25,Roseway Heights,Spanish,2030-31,99,forecast
2024-25,Roseway Heights,Spanish,2031-32,96,forecast
2024-25,Roseway Heights,Spanish,2032-33,93,forecast
2024-25,Roseway Heights,Spanish,2033-34,93,forecast
2024-25,McDaniel,Total,2021-22,1352,actual
2024-25,McDaniel,Total,2022-23,1430,actual
2024-25,McDaniel,Total,2023-24,1650,actual
2024-25,McDaniel,Total,2024-25,1595,forecast
2024-25,McDaniel,Total,2025-26,1524,forecast
2024-25,McDaniel,Total,2026-27,1448,forecast
2024-25,McDaniel,Total,2027-28,1397,forecast
2024-25,McDaniel,Total,2028-29,1464,forecast
2024-25,McDaniel,Total,2029-30,1438,forecast
2024-25,McDaniel,Total,2030-31,1506,forecast
2024-25,McDaniel,Total,2031-32,1478,forecast
2024-25,McDaniel,Total,2032-33,1412,forecast
2024-25,McDaniel,Total,2033-34,1462,forecast
2024-25,McDaniel,Neighborhood,2021-22,1188,actual
2024-25,McDaniel,Neighborhood,2022-23,1218,actual
2024-25,McDaniel,Neighborhood,2023-24,1380,actual
2024-25,McDaniel,Neighborhood,2024-25,1300,forecast
2024-25,McDaniel,Neighborhood,2025-26,1196,forecast
2024-25,McDaniel,Neighborhood,2026-27,1115,forecast
2024-25,McDaniel,Neighborhood,2027-28,1042,forecast
2024-25,McDaniel,Neighborhood,2028-29,1096,forecast
2024-25,McDaniel,Neighborhood,2029-30,1085,forecast
2024-25,McDaniel,Neighborhood,2030-31,1133,forecast
2024-25,McDaniel,Neighborhood,2031-32,1111,forecast
2024-25,McDaniel,Neighborhood,2032-33,1032,forecast
2024-25,McDaniel,Neighborhood,2033-34,1059,forecast
2024-25,McDaniel,Spanish,2021-22,126,actual
2024-25,McDaniel,Spanish,2022-23,158,actual
2024-25,McDaniel,Spanish,2023-24,204,actual
2024-25,McDaniel,Spanish,2024-25,222,forecast
2024-25,McDaniel,Spanish,2025-26,222,forecast
2024-25,McDaniel,Spanish,2026-27,220,forecast
2024-25,McDaniel,Spanish,2027-28,217,forecast
2024-25,McDaniel,Spanish,2028-29,220,forecast
2024-25,McDaniel,Spanish,2029-30,195,forecast
2024-25,McDaniel,Spanish,2030-31,204,forecast
2024-25,McDaniel,Spanish,2031-32,200,forecast
2024-25,McDaniel,Spanish,2032-33,209,forecast
2024-25,McDaniel,Spanish,2033-34,221,forecast
2024-25,McDaniel,Mandarin,2021-22,0,actual
2024-25,McDaniel,Mandarin,2022-23,0,actual
2024-25,McDaniel,Mandarin,2023-24,0,actual
2024-25,McDaniel,Mandarin,2024-25,0,forecast
2024-25,McDaniel,Mandarin,2025-26,33,forecast
2024-25,McDaniel,Mandarin,2026-27,30,forecast
2024-25,McDaniel,Mandarin,2027-28,32,forecast
2024-25,McDaniel,Mandarin,2028-29,35,forecast
2024-25,McDaniel,Mandarin,2029-30,36,forecast
2024-25,McDaniel,Mandarin,2030-31,36,forecast
2024-25,McDaniel,Mandarin,2031-32,30,forecast
2024-25,McDaniel,Mandarin,2032-33,29,forecast
2024-25,McDaniel,Mandarin,2033-34,31,forecast
2024-25,McDaniel,Vietnamese,2021-22,0,actual
2024-25,McDaniel,Vietnamese,2022-23,0,actual
2024-25,McDaniel,Vietnamese,2023-24,0,actual
2024-25,McDaniel,Vietnamese,2024-25,11,forecast
2024-25,McDaniel,Vietnamese,2025-26,21,forecast
2024-25,McDaniel,Vietnamese,2026-27,30,forecast
2024-25,McDaniel,Vietnamese,2027-28,54,forecast
2024-25,McDaniel,Vietnamese,2028-29,64,forecast
2024-25,McDaniel,Vietnamese,2029-30,74,forecast
2024-25,McDaniel,Vietnamese,2030-31,82,forecast
2024-25,McDaniel,Vietnamese,2031-32,85,forecast
2024-25,McDaniel,Vietnamese,2032-33,90,forecast
2024-25,McDaniel,Vietnamese,2033-34,101,forecast
2024-25,McDaniel,PISA,2021-22,38,actual
2024-25,McDaniel,PISA,2022-23,54,actual
2024-25,McDaniel,PISA,2023-24,66,actual
2024-25,McDaniel,PISA,2024-25,62,forecast
2024-25,McDaniel,PISA,2025-26,52,forecast
2024-25,McDaniel,PISA,2026-27,53,forecast
2024-25,McDaniel,PISA,2027-28,52,forecast
2024-25,McDaniel,PISA,2028-29,49,forecast
2024-25,McDaniel,PISA,2029-30,48,forecast
2024-25,McDaniel,PISA,2030-31,51,forecast
2024-25,McDaniel,PISA,2031-32,52,forecast
2024-25,McDaniel,PISA,2032-33,52,forecast
2024-25,McDaniel,PISA,2033-34,50,forecast
2024-25,James John,Total,2021-22,331,actual
2024-25,James John,Total,2022-23,336,actual
2024-25,James John,Total,2023-24,348,actual
2024-25,James John,Total,2024-25,344,forecast
2024-25,James John,Total,2025-26,335,forecast
2024-25,James John,Total,2026-27,326,forecast
2024-25,James John,Total,2027-28,307,forecast
2024-25,James John,Total,2028-29,287,forecast
2024-25,James John,Total,2029-30,285,forecast
2024-25,James John,Total,2030-31,278,forecast
2024-25,James John,Total,2031-32,280,forecast
2024-25,James John,Total,2032-33,282,forecast
2024-25,James John,Total,2033-34,287,forecast
2024-25,James John,Neighborhood,2021-22,207,actual
2024-25,James John,Neighborhood,2022-23,208,actual
2024-25,James John,Neighborhood,2023-24,220,actual
2024-25,James John,Neighborhood,2024-25,212,forecast
2024-25,James John,Neighborhood,2025-26,204,forecast
2024-25,James John,Neighborhood,2026-27,199,forecast
2024-25,James John,Neighborhood,2027-28,184,forecast
2024-25,James John,Neighborhood,2028-29,170,forecast
2024-25,James John,Neighborhood,2029-30,170,forecast
2024-25,James John,Neighborhood,2030-31,164,forecast
2024-25,James John,Neighborhood,2031-32,167,forecast
2024-25,James John,Neighborhood,2032-33,169,forecast
2024-25,James John,Neighborhood,2033-34,174,forecast
2024-25,James John,Spanish,2021-22,124,actual
2024-25,James John,Spanish,2022-23,128,actual
2024-25,James John,Spanish,2023-24,128,actual
2024-25,James John,Spanish,2024-25,132,forecast
2024-25,James John,Spanish,2025-26,131,forecast
2024-25,James John,Spanish,2026-27,127,forecast
2024-25,James John,Spanish,2027-28,123,forecast
2024-25,James John,Spanish,2028-29,117,forecast
2024-25,James John,Spanish,2029-30,115,forecast
2024-25,James John,Spanish,2030-31,114,forecast
2024-25,James John,Spanish,2031-32,113,forecast
2024-25,James John,Spanish,2032-33,113,forecast
2024-25,James John,Spanish,2033-34,113,forecast
2024-25,Rosa Parks,Total,2021-22,213,actual
2024-25,Rosa Parks,Total,2022-23,192,actual
2024-25,Rosa Parks,Total,2023-24,177,actual
2024-25,Rosa Parks,Total,2024-25,171,forecast
2024-25,Rosa Parks,Total,2025-26,173,forecast
2024-25,Rosa Parks,Total,2026-27,169,forecast
2024-25,Rosa Parks,Total,2027-28,168,forecast
2024-25,Rosa Parks,Total,2028-29,163,forecast
2024-25,Rosa Parks,Total,2029-30,154,forecast
2024-25,Rosa Parks,Total,2030-31,151,forecast
2024-25,Rosa Parks,Total,2031-32,150,forecast
2024-25,Rosa Parks,Total,2032-33,154,forecast
2024-25,Rosa Parks,Total,2033-34,158,forecast
2024-25,Sitton,Total,2021-22,302,actual
2024-25,Sitton,Total,2022-23,342,actual
2024-25,Sitton,Total,2023-24,335,actual
2024-25,Sitton,Total,2024-25,342,forecast
2024-25,Sitton,Total,2025-26,351,forecast
2024-25,Sitton,Total,2026-27,349,forecast
2024-25,Sitton,Total,2027-28,327,forecast
2024-25,Sitton,Total,2028-29,309,forecast
2024-25,Sitton,Total,2029-30,297,forecast
2024-25,Sitton,Total,2030-31,294,forecast
2024-25,Sitton,Total,2031-32,292,forecast
2024-25,Sitton,Total,2032-33,304,forecast
2024-25,Sitton,Total,2033-34,312,forecast
2024-25,Sitton,Neighborhood,2021-22,187,actual
2024-25,Sitton,Neighborhood,2022-23,223,actual
2024-25,Sitton,Neighborhood,2023-24,207,actual
2024-25,Sitton,Neighborhood,2024-25,220,forecast
2024-25,Sitton,Neighborhood,2025-26,234,forecast
2024-25,Sitton,Neighborhood,2026-27,235,forecast
2024-25,Sitton,Neighborhood,2027-28,219,forecast
2024-25,Sitton,Neighborhood,2028-29,211,forecast
2024-25,Sitton,Neighborhood,2029-30,205,forecast
2024-25,Sitton,Neighborhood,2030-31,201,forecast
2024-25,Sitton,Neighborhood,2031-32,198,forecast
2024-25,Sitton,Neighborhood,2032-33,210,forecast
2024-25,Sitton,Neighborhood,2033-34,213,forecast
2024-25,Sitton,Spanish,2021-22,115,actual
2024-25,Sitton,Spanish,2022-23,119,actual
2024-25,Sitton,Spanish,2023-24,128,actual
2024-25,Sitton,Spanish,2024-25,122,forecast
2024-25,Sitton,Spanish,2025-26,117,forecast
2024-25,Sitton,Spanish,2026-27,114,forecast
2024-25,Sitton,Spanish,2027-28,108,forecast
2024-25,Sitton,Spanish,2028-29,98,forecast
2024-25,Sitton,Spanish,2029-30,92,forecast
2024-25,Sitton,Spanish,2030-31,93,forecast
2024-25,Sitton,Spanish,2031-32,94,forecast
2024-25,Sitton,Spanish,2032-33,94,forecast
2024-25,Sitton,Spanish,2033-34,99,forecast
2024-25,Astor,Total,2021-22,393,actual
2024-25,Astor,Total,2022-23,368,actual
2024-25,Astor,Total,2023-24,375,actual
2024-25,Astor,Total,2024-25,362,forecast
2024-25,Astor,Total,2025-26,331,forecast
2024-25,Astor,Total,2026-27,323,forecast
2024-25,Astor,Total,2027-28,312,forecast
2024-25,Astor,Total,2028-29,302,forecast
2024-25,Astor,Total,2029-30,310,forecast
2024-25,Astor,Total,2030-31,290,forecast
2024-25,Astor,Total,2031-32,291,forecast
2024-25,Astor,Total,2032-33,286,forecast
2024-25,Astor,Total,2033-34,285,forecast
2024-25,César Chávez,Total,2021-22,482,actual
2024-25,César Chávez,Total,2022-23,464,actual
2024-25,César Chávez,Total,2023-24,481,actual
2024-25,César Chávez,Total,2024-25,471,forecast
2024-25,César Chávez,Total,2025-26,465,forecast
2024-25,César Chávez,Total,2026-27,437,forecast
2024-25,César Chávez,Total,2027-28,413,forecast
2024-25,César Chávez,Total,2028-29,401,forecast
2024-25,César Chávez,Total,2029-30,388,forecast
2024-25,César Chávez,Total,2030-31,385,forecast
2024-25,César Chávez,Total,2031-32,384,forecast
2024-25,César Chávez,Total,2032-33,383,forecast
2024-25,César Chávez,Total,2033-34,389,forecast
2024-25,César Chávez,Neighborhood,2021-22,174,actual
2024-25,César Chávez,Neighborhood,2022-23,168,actual
2024-25,César Chávez,Neighborhood,2023-24,156,actual
2024-25,César Chávez,Neighborhood,2024-25,147,forecast
2024-25,César Chávez,Neighborhood,2025-26,132,forecast
2024-25,César Chávez,Neighborhood,2026-27,117,forecast
2024-25,César Chávez,Neighborhood,2027-28,106,forecast
2024-25,César Chávez,Neighborhood,2028-29,98,forecast
2024-25,César Chávez,Neighborhood,2029-30,87,forecast
2024-25,César Chávez,Neighborhood,2030-31,76,forecast
2024-25,César Chávez,Neighborhood,2031-32,78,forecast
2024-25,César Chávez,Neighborhood,2032-33,76,forecast
2024-25,César Chávez,Neighborhood,2033-34,74,forecast
2024-25,César Chávez,Spanish,2021-22,308,actual
2024-25,César Chávez,Spanish,2022-23,296,actual
2024-25,César Chávez,Spanish,2023-24,325,actual
2024-25,César Chávez,Spanish,2024-25,324,forecast
2024-25,César Chávez,Spanish,2025-26,333,forecast
2024-25,César Chávez,Spanish,2026-27,320,forecast
2024-25,César Chávez,Spanish,2027-28,307,forecast
2024-25,César Chávez,Spanish,2028-29,303,forecast
2024-25,César Chávez,Spanish,2029-30,301,forecast
2024-25,César Chávez,Spanish,2030-31,309,forecast
2024-25,César Chávez,Spanish,2031-32,306,forecast
2024-25,César Chávez,Spanish,2032-33,307,forecast
2024-25,César Chávez,Spanish,2033-34,315,forecast
2024-25,George,Total,2021-22,385,actual
2024-25,George,Total,2022-23,385,actual
2024-25,George,Total,2023-24,367,actual
2024-25,George,Total,2024-25,371,forecast
2024-25,George,Total,2025-26,363,forecast
2024-25,George,Total,2026-27,380,forecast
2024-25,George,Total,2027-28,376,forecast
2024-25,George,Total,2028-29,370,forecast
2024-25,George,Total,2029-30,377,forecast
2024-25,George,Total,2030-31,358,forecast
2024-25,George,Total,2031-32,352,forecast
2024-25,George,Total,2032-33,328,forecast
2024-25,George,Total,2033-34,318,forecast
2024-25,George,Neighborhood,2021-22,315,actual
2024-25,George,Neighborhood,2022-23,266,actual
2024-25,George,Neighborhood,2023-24,254,actual
2024-25,George,Neighborhood,2024-25,257,forecast
2024-25,George,Neighborhood,2025-26,254,forecast
2024-25,George,Neighborhood,2026-27,256,forecast
2024-25,George,Neighborhood,2027-28,253,forecast
2024-25,George,Neighborhood,2028-29,246,forecast
2024-25,George,Neighborhood,2029-30,253,forecast
2024-25,George,Neighborhood,2030-31,239,forecast
2024-25,George,Neighborhood,2031-32,238,forecast
2024-25,George,Neighborhood,2032-33,216,forecast
2024-25,George,Neighborhood,2033-34,211,forecast
2024-25,George,Spanish,2021-22,70,actual
2024-25,George,Spanish,2022-23,119,actual
2024-25,George,Spanish,2023-24,113,actual
2024-25,George,Spanish,2024-25,114,forecast
2024-25,George,Spanish,2025-26,109,forecast
2024-25,George,Spanish,2026-27,124,forecast
2024-25,George,Spanish,2027-28,123,forecast
2024-25,George,Spanish,2028-29,124,forecast
2024-25,George,Spanish,2029-30,124,forecast
2024-25,George,Spanish,2030-31,119,forecast
2024-25,George,Spanish,2031-32,114,forecast
2024-25,George,Spanish,2032-33,112,forecast
2024-25,George,Spanish,2033-34,107,forecast
2024-25,Roosevelt,Total,2021-22,1368,actual
2024-25,Roosevelt,Total,2022-23,1478,actual
2024-25,Roosevelt,Total,2023-24,1457,actual
2024-25,Roosevelt,Total,2024-25,1489,forecast
2024-25,Roosevelt,Total,2025-26,1522,forecast
2024-25,Roosevelt,Total,2026-27,1460,forecast
2024-25,Roosevelt,Total,2027-28,1476,forecast
2024-25,Roosevelt,Total,2028-29,1460,forecast
2024-25,Roosevelt,Total,2029-30,1422,forecast
2024-25,Roosevelt,Total,2030-31,1446,forecast
2024-25,Roosevelt,Total,2031-32,1402,forecast
2024-25,Roosevelt,Total,2032-33,1384,forecast
2024-25,Roosevelt,Total,2033-34,1374,forecast
2024-25,Roosevelt,Neighborhood,2021-22,1131,actual
2024-25,Roosevelt,Neighborhood,2022-23,1200,actual
2024-25,Roosevelt,Neighborhood,2023-24,1130,actual
2024-25,Roosevelt,Neighborhood,2024-25,1149,forecast
2024-25,Roosevelt,Neighborhood,2025-26,1144,forecast
2024-25,Roosevelt,Neighborhood,2026-27,1067,forecast
2024-25,Roosevelt,Neighborhood,2027-28,1071,forecast
2024-25,Roosevelt,Neighborhood,2028-29,1069,forecast
2024-25,Roosevelt,Neighborhood,2029-30,1053,forecast
2024-25,Roosevelt,Neighborhood,2030-31,1075,forecast
2024-25,Roosevelt,Neighborhood,2031-32,1048,forecast
2024-25,Roosevelt,Neighborhood,2032-33,1029,forecast
2024-25,Roosevelt,Neighborhood,2033-34,1025,forecast
2024-25,Roosevelt,Spanish,2021-22,200,actual
2024-25,Roosevelt,Spanish,2022-23,225,actual
2024-25,Roosevelt,Spanish,2023-24,256,actual
2024-25,Roosevelt,Spanish,2024-25,284,forecast
2024-25,Roosevelt,Spanish,2025-26,321,forecast
2024-25,Roosevelt,Spanish,2026-27,332,forecast
2024-25,Roosevelt,Spanish,2027-28,344,forecast
2024-25,Roosevelt,Spanish,2028-29,326,forecast
2024-25,Roosevelt,Spanish,2029-30,310,forecast
2024-25,Roosevelt,Spanish,2030-31,311,forecast
2024-25,Roosevelt,Spanish,2031-32,295,forecast
2024-25,Roosevelt,Spanish,2032-33,297,forecast
2024-25,Roosevelt,Spanish,2033-34,294,forecast
2024-25,Roosevelt,PISA,2021-22,37,actual
2024-25,Roosevelt,PISA,2022-23,53,actual
2024-25,Roosevelt,PISA,2023-24,71,actual
2024-25,Roosevelt,PISA,2024-25,56,forecast
2024-25,Roosevelt,PISA,2025-26,57,forecast
2024-25,Roosevelt,PISA,2026-27,61,forecast
2024-25,Roosevelt,PISA,2027-28,61,forecast
2024-25,Roosevelt,PISA,2028-29,65,forecast
2024-25,Roosevelt,PISA,2029-30,59,forecast
2024-25,Roosevelt,PISA,2030-31,60,forecast
2024-25,Roosevelt,PISA,2031-32,59,forecast
2024-25,Roosevelt,PISA,2032-33,58,forecast
2024-25,Roosevelt,PISA,2033-34,55,forecast
2024-25,Bridlemile,Total,2021-22,433,actual
2024-25,Bridlemile,Total,2022-23,457,actual
2024-25,Bridlemile,Total,2023-24,446,actual
2024-25,Bridlemile,Total,2024-25,454,forecast
2024-25,Bridlemile,Total,2025-26,456,forecast
2024-25,Bridlemile,Total,2026-27,453,forecast
2024-25,Bridlemile,Total,2027-28,442,forecast
2024-25,Bridlemile,Total,2028-29,440,forecast
2024-25,Bridlemile,Total,2029-30,427,forecast
2024-25,Bridlemile,Total,2030-31,426,forecast
2024-25,Bridlemile,Total,2031-32,427,forecast
2024-25,Bridlemile,Total,2032-33,445,forecast
2024-25,Bridlemile,Total,2033-34,462,forecast
2024-25,Capitol Hill,Total,2021-22,324,actual
2024-25,Capitol Hill,Total,2022-23,333,actual
2024-25,Capitol Hill,Total,2023-24,361,actual
2024-25,Capitol Hill,Total,2024-25,349,forecast
2024-25,Capitol Hill,Total,2025-26,348,forecast
2024-25,Capitol Hill,Total,2026-27,351,forecast
2024-25,Capitol Hill,Total,2027-28,349,forecast
2024-25,Capitol Hill,Total,2028-29,343,forecast
2024-25,Capitol Hill,Total,2029-30,339,forecast
2024-25,Capitol Hill,Total,2030-31,340,forecast
2024-25,Capitol Hill,Total,2031-32,345,forecast
2024-25,Capitol Hill,Total,2032-33,353,forecast
2024-25,Capitol Hill,Total,2033-34,362,forecast
2024-25,Hayhurst,Total,2021-22,350,actual
2024-25,Hayhurst,Total,2022-23,349,actual
2024-25,Hayhurst,Total,2023-24,335,actual
2024-25,Hayhurst,Total,2024-25,336,forecast
2024-25,Hayhurst,Total,2025-26,311,forecast
2024-25,Hayhurst,Total,2026-27,306,forecast
2024-25,Hayhurst,Total,2027-28,298,forecast
2024-25,Hayhurst,Total,2028-29,300,forecast
2024-25,Hayhurst,Total,2029-30,292,forecast
2024-25,Hayhurst,Total,2030-31,286,forecast
2024-25,Hayhurst,Total,2031-32,285,forecast
2024-25,Hayhurst,Total,2032-33,287,forecast
2024-25,Hayhurst,Total,2033-34,299,forecast
2024-25,Maplewood,Total,2021-22,291,actual
2024-25,Maplewood,Total,2022-23,307,actual
2024-25,Maplewood,Total,2023-24,301,actual
2024-25,Maplewood,Total,2024-25,301,forecast
2024-25,Maplewood,Total,2025-26,291,forecast
2024-25,Maplewood,Total,2026-27,291,forecast
2024-25,Maplewood,Total,2027-28,302,forecast
2024-25,Maplewood,Total,2028-29,294,forecast
2024-25,Maplewood,Total,2029-30,297,forecast
2024-25,Maplewood,Total,2030-31,299,forecast
2024-25,Maplewood,Total,2031-32,298,forecast
2024-25,Maplewood,Total,2032-33,301,forecast
2024-25,Maplewood,Total,2033-34,299,forecast
2024-25,Markham,Total,2021-22,424,actual
2024-25,Markham,Total,2022-23,424,actual
2024-25,Markham,Total,2023-24,402,actual
2024-25,Markham,Total,2024-25,388,forecast
2024-25,Markham,Total,2025-26,374,forecast
2024-25,Markham,Total,2026-27,365,forecast
2024-25,Markham,Total,2027-28,340,forecast
2024-25,Markham,Total,2028-29,335,forecast
2024-25,Markham,Total,2029-30,329,forecast
2024-25,Markham,Total,2030-31,332,forecast
2024-25,Markham,Total,2031-32,332,forecast
2024-25,Markham,Total,2032-33,337,forecast
2024-25,Markham,Total,2033-34,346,forecast
2024-25,Rieke,Total,2021-22,312,actual
2024-25,Rieke,Total,2022-23,299,actual
2024-25,Rieke,Total,2023-24,288,actual
2024-25,Rieke,Total,2024-25,279,forecast
2024-25,Rieke,Total,2025-26,266,forecast
2024-25,Rieke,Total,2026-27,257,forecast
2024-25,Rieke,Total,2027-28,249,forecast
2024-25,Rieke,Total,2028-29,250,forecast
2024-25,Rieke,Total,2029-30,248,forecast
2024-25,Rieke,Total,2030-31,242,forecast
2024-25,Rieke,Total,2031-32,239,forecast
2024-25,Rieke,Total,2032-33,244,forecast
2024-25,Rieke,Total,2033-34,251,forecast
2024-25,Stephenson,Total,2021-22,320,actual
2024-25,Stephenson,Total,2022-23,307,actual
2024-25,Stephenson,Total,2023-24,310,actual
2024-25,Stephenson,Total,2024-25,304,forecast
2024-25,Stephenson,Total,2025-26,306,forecast
2024-25,Stephenson,Total,2026-27,300,forecast
2024-25,Stephenson,Total,2027-28,300,forecast
2024-25,Stephenson,Total,2028-29,294,forecast
2024-25,Stephenson,Total,2029-30,283,forecast
2024-25,Stephenson,Total,2030-31,285,forecast
2024-25,Stephenson,Total,2031-32,287,forecast
2024-25,Stephenson,Total,2032-33,288,forecast
2024-25,Stephenson,Total,2033-34,293,forecast
2024-25,Gray,Total,2021-22,476,actual
2024-25,Gray,Total,2022-23,481,actual
2024-25,Gray,Total,2023-24,472,actual
2024-25,Gray,Total,2024-25,441,forecast
2024-25,Gray,Total,2025-26,433,forecast
2024-25,Gray,Total,2026-27,431,forecast
2024-25,Gray,Total,2027-28,445,forecast
2024-25,Gray,Total,2028-29,398,forecast
2024-25,Gray,Total,2029-30,389,forecast
2024-25,Gray,Total,2030-31,380,forecast
2024-25,Gray,Total,2031-32,387,forecast
2024-25,Gray,Total,2032-33,382,forecast
2024-25,Gray,Total,2033-34,368,forecast
2024-25,Jackson,Total,2021-22,751,actual
2024-25,Jackson,Total,2022-23,787,actual
2024-25,Jackson,Total,2023-24,711,actual
2024-25,Jackson,Total,2024-25,715,forecast
2024-25,Jackson,Total,2025-26,697,forecast
2024-25,Jackson,Total,2026-27,712,forecast
2024-25,Jackson,Total,2027-28,707,forecast
2024-25,Jackson,Total,2028-29,674,forecast
2024-25,Jackson,Total,2029-30,637,forecast
2024-25,Jackson,Total,2030-31,609,forecast
2024-25,Jackson,Total,2031-32,592,forecast
2024-25,Jackson,Total,2032-33,612,forecast
2024-25,Jackson,Total,2033-34,611,forecast
2024-25,Ida B Wells-Barnett,Total,2021-22,1594,actual
2024-25,Ida B Wells-Barnett,Total,2022-23,1555,actual
2024-25,Ida B Wells-Barnett,Total,2023-24,1652,actual
2024-25,Ida B Wells-Barnett,Total,2024-25,1618,forecast
2024-25,Ida B Wells-Barnett,Total,2025-26,1554,forecast
2024-25,Ida B Wells-Barnett,Total,2026-27,1484,forecast
2024-25,Ida B Wells-Barnett,Total,2027-28,1421,forecast
2024-25,Ida B Wells-Barnett,Total,2028-29,1453,forecast
2024-25,Ida B Wells-Barnett,Total,2029-30,1396,forecast
2024-25,Ida B Wells-Barnett,Total,2030-31,1416,forecast
2024-25,Ida B Wells-Barnett,Total,2031-32,1383,forecast
2024-25,Ida B Wells-Barnett,Total,2032-33,1297,forecast
2024-25,Ida B Wells-Barnett,Total,2033-34,1257,forecast
2024-25,Odyssey,Total,2021-22,219,actual
2024-25,Odyssey,Total,2022-23,225,actual
2024-25,Odyssey,Total,2023-24,227,actual
2024-25,Odyssey,Total,2024-25,231,forecast
2024-25,Odyssey,Total,2025-26,233,forecast
2024-25,Odyssey,Total,2026-27,234,forecast
2024-25,Odyssey,Total,2027-28,228,forecast
2024-25,Odyssey,Total,2028-29,226,forecast
2024-25,Odyssey,Total,2029-30,227,forecast
2024-25,Odyssey,Total,2030-31,228,forecast
2024-25,Odyssey,Total,2031-32,230,forecast
2024-25,Odyssey,Total,2032-33,228,forecast
2024-25,Odyssey,Total,2033-34,230,forecast
2024-25,ACCESS 2-8,Total,2021-22,313,actual
2024-25,ACCESS 2-8,Total,2022-23,317,actual
2024-25,ACCESS 2-8,Total,2023-24,329,actual
2024-25,ACCESS 2-8,Total,2024-25,324,forecast
2024-25,ACCESS 2-8,Total,2025-26,322,forecast
2024-25,ACCESS 2-8,Total,2026-27,316,forecast
2024-25,ACCESS 2-8,Total,2027-28,316,forecast
2024-25,ACCESS 2-8,Total,2028-29,313,forecast
2024-25,ACCESS 2-8,Total,2029-30,314,forecast
2024-25,ACCESS 2-8,Total,2030-31,314,forecast
2024-25,ACCESS 2-8,Total,2031-32,314,forecast
2024-25,ACCESS 2-8,Total,2032-33,314,forecast
2024-25,ACCESS 2-8,Total,2033-34,313,forecast
2024-25,Creative Science,Total,2021-22,126,actual
2024-25,Creative Science,Total,2022-23,139,actual
2024-25,Creative Science,Total,2023-24,0,actual
2024-25,Creative Science,Total,2024-25,0,forecast
2024-25,Creative Science,Total,2025-26,0,forecast
2024-25,Creative Science,Total,2026-27,0,forecast
2024-25,Creative Science,Total,2027-28,0,forecast
2024-25,Creative Science,Total,2028-29,0,forecast
2024-25,Creative Science,Total,2029-30,0,forecast
2024-25,Creative Science,Total,2030-31,0,forecast
2024-25,Creative Science,Total,2031-32,0,forecast
2024-25,Creative Science,Total,2032-33,0,forecast
2024-25,Creative Science,Total,2033-34,0,forecast
2024-25,MLC,Total,2021-22,340,actual
2024-25,MLC,Total,2022-23,347,actual
2024-25,MLC,Total,2023-24,336,actual
2024-25,MLC,Total,2024-25,330,forecast
2024-25,MLC,Total,2025-26,327,forecast
2024-25,MLC,Total,2026-27,339,forecast
2024-25,MLC,Total,2027-28,333,forecast
2024-25,MLC,Total,2028-29,340,forecast
2024-25,MLC,Total,2029-30,345,forecast
2024-25,MLC,Total,2030-31,346,forecast
2024-25,MLC,Total,2031-32,342,forecast
2024-25,MLC,Total,2032-33,344,forecast
2024-25,MLC,Total,2033-34,341,forecast
2024-25,OLA,Total,2021-22,590,actual
2024-25,OLA,Total,2022-23,223,actual
2024-25,OLA,Total,2023-24,0,actual
2024-25,OLA,Total,2024-25,0,forecast
2024-25,OLA,Total,2025-26,0,forecast
2024-25,OLA,Total,2026-27,0,forecast
2024-25,OLA,Total,2027-28,0,forecast
2024-25,OLA,Total,2028-29,0,forecast
2024-25,OLA,Total,2029-30,0,forecast
2024-25,OLA,Total,2030-31,0,forecast
2024-25,OLA,Total,2031-32,0,forecast
2024-25,OLA,Total,2032-33,0,forecast
2024-25,OLA,Total,2033-34,0,forecast
2024-25,Richmond,Total,2021-22,550,actual
2024-25,Richmond,Total,2022-23,539,actual
2024-25,Richmond,Total,2023-24,537,actual
2024-25,Richmond,Total,2024-25,542,forecast
2024-25,Richmond,Total,2025-26,535,forecast
2024-25,Richmond,Total,2026-27,525,forecast
2024-25,Richmond,Total,2027-28,524,forecast
2024-25,Richmond,Total,2028-29,524,forecast
2024-25,Richmond,Total,2029-30,519,forecast
2024-25,Richmond,Total,2030-31,516,forecast
2024-25,Richmond,Total,2031-32,520,forecast
2024-25,Richmond,Total,2032-33,518,forecast
2024-25,Richmond,Total,2033-34,518,forecast
2024-25,Richmond,Japanese,2021-22,550,actual
2024-25,Richmond,Japanese,2022-23,539,actual
2024-25,Richmond,Japanese,2023-24,537,actual
2024-25,Richmond,Japanese,2024-25,542,forecast
2024-25,Richmond,Japanese,2025-26,535,forecast
2024-25,Richmond,Japanese,2026-27,525,forecast
2024-25,Richmond,Japanese,2027-28,524,forecast
2024-25,Richmond,Japanese,2028-29,524,forecast
2024-25,Richmond,Japanese,2029-30,519,forecast
2024-25,Richmond,Japanese,2030-31,516,forecast
2024-25,Richmond,Japanese,2031-32,520,forecast
2024-25,Richmond,Japanese,2032-33,518,forecast
2024-25,Richmond,Japanese,2033-34,518,forecast
2024-25,Winterhaven,Total,2021-22,292,actual
2024-25,Winterhaven,Total,2022-23,313,actual
2024-25,Winterhaven,Total,2023-24,316,actual
2024-25,Winterhaven,Total,2024-25,313,forecast
2024-25,Winterhaven,Total,2025-26,314,forecast
2024-25,Winterhaven,Total,2026-27,319,forecast
2024-25,Winterhaven,Total,2027-28,317,forecast
2024-25,Winterhaven,Total,2028-29,314,forecast
2024-25,Winterhaven,Total,2029-30,314,forecast
2024-25,Winterhaven,Total,2030-31,310,forecast
2024-25,Winterhaven,Total,2031-32,311,forecast
2024-25,Winterhaven,Total,2032-33,313,forecast
2024-25,Winterhaven,Total,2033-34,310,forecast
2024-25,da Vinci,Total,2021-22,415,actual
2024-25,da Vinci,Total,2022-23,433,actual
2024-25,da Vinci,Total,2023-24,407,actual
2024-25,da Vinci,Total,2024-25,420,forecast
2024-25,da Vinci,Total,2025-26,427,forecast
2024-25,da Vinci,Total,2026-27,438,forecast
2024-25,da Vinci,Total,2027-28,433,forecast
2024-25,da Vinci,Total,2028-29,431,forecast
2024-25,da Vinci,Total,2029-30,431,forecast
2024-25,da Vinci,Total,2030-31,427,forecast
2024-25,da Vinci,Total,2031-32,436,forecast
2024-25,da Vinci,Total,2032-33,439,forecast
2024-25,da Vinci,Total,2033-34,433,forecast
2024-25,Benson Polytechnic,Total,2021-22,893,actual
2024-25,Benson Polytechnic,Total,2022-23,826,actual
2024-25,Benson Polytechnic,Total,2023-24,818,actual
2024-25,Benson Polytechnic,Total,2024-25,924,forecast
2024-25,Benson Polytechnic,Total,2025-26,1026,forecast
2024-25,Benson Polytechnic,Total,2026-27,1099,forecast
2024-25,Benson Polytechnic,Total,2027-28,1165,forecast
2024-25,Benson Polytechnic,Total,2028-29,1158,forecast
2024-25,Benson Polytechnic,Total,2029-30,1145,forecast
2024-25,Benson Polytechnic,Total,2030-31,1150,forecast
2024-25,Benson Polytechnic,Total,2031-32,1156,forecast
2024-25,Benson Polytechnic,Total,2032-33,1144,forecast
2024-25,Benson Polytechnic,Total,2033-34,1143,forecast
2024-25,Other (incl. Charters),Total,2021-22,2538,actual
2024-25,Other (incl. Charters),Total,2022-23,2603,actual
2024-25,Other (incl. Charters),Total,2023-24,2659,actual
2024-25,Other (incl. Charters),Total,2024-25,2665,forecast
2024-25,Other (incl. Charters),Total,2025-26,2665,forecast
2024-25,Other (incl. Charters),Total,2026-27,2554,forecast
2024-25,Other (incl. Charters),Total,2027-28,2461,forecast
2024-25,Other (incl. Charters),Total,2028-29,2467,forecast
2024-25,Other (incl. Charters),Total,2029-30,2410,forecast
2024-25,Other (incl. Charters),Total,2030-31,2326,forecast
2024-25,Other (incl. Charters),Total,2031-32,2250,forecast
2024-25,Other (incl. Charters),Total,2032-33,2273,forecast
2024-25,Other (incl. Charters),Total,2033-34,2182,forecast
2024-25,District,Total,2021-22,44861,actual
2024-25,District,Total,2022-23,44609,actual
2024-25,District,Total,2023-24,44005,actual
2024-25,District,Total,2024-25,43529,forecast
2024-25,District,Total,2025-26,42790,forecast
2024-25,District,Total,2026-27,41944,forecast
2024-25,District,Total,2027-28,41035,forecast
2024-25,District,Total,2028-29,40278,forecast
2024-25,District,Total,2029-30,39436,forecast
2024-25,District,Total,2030-31,39085,forecast
2024-25,District,Total,2031-32,38740,forecast
2024-25,District,Total,2032-33,38562,forecast
2024-25,District,Total,2033-34,38611,forecast
